case_id,cohort,ticker,cutoff,distinctive_tokens,name_token_hits,ticker_hits,ticker_checkable,cover_address,cover_irs_id,issuer_placeholders,chars
c7036dd75632a6ab5aee9510,century,NBR,2009-07-31,NABORS,126,0,True,False,True,29,207354
a4764b20ac3b4b002c859024,century,MAS,2010-07-29,MASCO,67,0,False,True,True,0,80500
de0c308f78e5cdc2bc8ed752,century,RIG,2010-08-04,,0,0,False,True,True,75,135871
e087fb400b2cb3df52d2b683,century,BSX,2010-08-05,,0,0,True,True,True,16,148493
09a05ea3f88ad8e8c33470d7,century,DAL,2011-07-27,LINES,0,0,False,False,True,13,104024
f195f9040b8955b1fee80c3f,century,UIS,2011-07-29,UNISYS,17,0,True,True,True,25,114048
a070d5c633a4ae27aa9a7314,century,TEX,2011-08-01,TEREX,53,0,True,True,True,79,168180
bdfd9582da008068dfd44ef1,century,STRA,2011-08-01,,0,0,False,True,True,13,62703
de8e0b944c70778d0ed75331,century,GNW,2011-08-02,GENWORTH,9,0,True,True,True,117,208369
04e85d6a21ed3911674afe46,century,JBLU,2011-08-03,JETBLUE AIRWAYS,6,0,True,True,True,13,89403
192b7e2a0ff8d40e8e9f46b1,century,AIG,2011-08-04,,0,0,True,True,True,590,221723
2b59e97d2a4d6cc6d7a404fa,century,DLB,2011-08-04,Dolby Laboratories,52,0,True,True,True,25,196513
cbd28b86c8e1420594197f67,century,JOE,2011-08-04,,0,0,False,True,True,21,121960
3bb2a63abf5c071c48df0c38,century,F,2011-08-05,,0,0,False,True,True,40,185725
998dc5599ff140ba1ba59335,century,LAMR,2011-08-05,LAMAR,117,0,True,True,True,0,77874
a12658a3bcdd4e63fe3b231b,century,NKTR,2011-08-05,NEKTAR,6,0,True,True,True,83,147191
b2dd534e0c4572c4ec08f490,century,NTCT,2011-08-05,NETSCOUT,15,0,True,False,True,9,81263
e2a7042dcac556368d847e3d,century,ORA,2011-08-05,ORMAT,65,0,False,True,True,62,208433
ff528975336aa33d867887eb,century,RMBS,2011-08-05,RAMBUS,120,0,True,True,True,11,134994
05e1b4e154c958075f1cb0e2,century,CATY,2011-08-09,,0,0,True,True,True,17,211534
129cb1e585f5ebcb921fee95,century,VLO,2011-08-09,VALERO,30,0,True,True,True,1,154430
1628e0d77a38963bfe40885d,century,MWA,2011-08-09,Mueller Products,57,0,False,True,True,24,93366
228e99e003ab41c2ba8321c5,century,GTE,2011-08-09,GRAN TIERRA,228,0,True,True,True,23,210859
2d4dd133e6cf15ed6d3d0d6f,century,BC,2011-08-09,,0,0,False,True,True,72,158775
36f938357d5834f5b405fd78,century,BRKR,2011-08-09,BRUKER,54,0,True,True,True,30,157811
392caaf749b93f0539a8f2b4,century,SHO,2011-08-09,Investors,8,0,False,True,True,12,202777
3d5c7a7d2dee5b589eb13c82,century,DIOD,2011-08-09,DIODES,14,0,True,True,True,0,83909
430155ccae25ef8021d16ff0,century,MBI,2011-08-09,MBIA,186,0,True,False,True,71,220065
45f2364c0b777502f6fa62a6,century,BKD,2011-08-09,Brookdale,3,0,True,True,True,7,164660
4a2c99b33e38a15b79dfa0b4,century,TTI,2011-08-09,,0,0,True,True,True,14,153812
82187dbe2f59abe10e4cc724,century,BPOP,2011-08-09,,0,0,True,True,True,55,219979
845bdbd976931ea3874da4e9,century,AKAM,2011-08-09,AKAMAI,16,0,True,False,True,10,168473
98678c3b00f503447005e5cb,century,AGO,2011-08-09,,0,0,False,True,True,130,219025
9ec72f2706f220c97f0d0b80,century,SWKS,2011-08-09,SKYWORKS SOLUTIONS,8,0,True,True,True,25,92045
ac7d8d2b5f477cc6fbeedb78,century,MTW,2011-08-09,MANITOWOC,0,0,True,True,True,37,137522
c77abb6d0f0fe213cf5a9440,century,MTG,2011-08-09,MGIC,93,0,True,True,True,12,156377
d5a8156d1a872b0e55236d28,century,RDN,2011-08-09,,0,0,True,True,True,37,203808
e52260d9b405b628af080741,century,HL,2011-08-09,HECLA,107,0,False,True,True,0,142978
dd41f3003e4a4a22ee81d5fe,century,HLIT,2011-08-10,,0,0,True,False,True,116,215185
7a865509ba5ea131e2a0425b,century,MRVL,2011-09-06,MARVELL,6,0,True,False,True,24,186428
1bce5701936b323e71692e63,century,CIEN,2011-09-08,CIENA,237,0,True,True,True,8,194347
31861b2adb41e834806ebd48,century,HPQ,2011-09-09,HEWLETT PACKARD,0,0,True,True,True,32,126563
5af2631905e6e329e14b7c2d,century,AMSC,2011-09-23,,0,0,True,True,True,45,148195
61e659b8157046b9f5c6d17e,century,AIR,2011-09-23,,0,0,False,True,True,30,66963
7eaeef33555a47dda13a0152,century,THO,2011-09-28,THOR,30,0,False,True,True,25,174649
9e04eab5b82e9cc45951ff25,century,BBY,2011-09-30,,0,0,True,True,True,100,154543
09014a180c9490e7fc96028e,century,AMN,2011-10-04,AMERON,15,0,True,True,True,39,97089
9fa3af3ef2e550586e7be44f,century,KBH,2011-10-11,,0,0,True,False,True,53,129511
2047a33efa0d5855bd18109e,century,AA,2011-10-20,ALCOA,297,0,False,True,True,22,170399
27131e402acc154046e3ef79,century,CRUS,2011-10-24,,0,0,False,False,True,15,65129
000933af7b97b4e1549457d7,century,MU,2011-10-25,,0,0,False,True,True,52,219642
47774b0db08788ee01894068,century,LII,2011-10-25,LENNOX,0,0,True,False,True,29,124442
95671e5e70bbea660d3f003d,century,AB,2011-10-26,ALLIANCEBERNSTEIN,150,0,False,True,True,8,59409
436b1802ad1c62577ee5da1d,century,OI,2011-10-27,OWENS,13,0,False,True,True,2,138118
4e198abed52053fa90e11223,century,UTHR,2011-10-27,,0,0,True,True,True,13,193807
a4b513eedfec6a24733a52bd,century,NFLX,2011-10-27,NETFLIX,0,0,True,False,True,17,119008
ecb696023976600441709492,century,IMAX,2011-10-27,IMAX,0,0,True,True,True,176,166301
9fd5614586f17228e15126eb,century,IDCC,2011-10-28,,0,0,True,True,True,178,112584
acd0ea8d7e431a734be3500f,century,CYH,2011-10-28,,0,0,True,True,True,71,151131
30a6262338ce85cf606f16b0,century,VECO,2011-10-31,VEECO INSTRUMENTS,19,0,True,True,True,9,115238
23208851f2e7343863bacb86,century,VSH,2011-11-01,VISHAY INTERTECHNOLOGY,108,0,True,True,True,19,135463
3c47cc05a62e6f249fd8ce61,century,ITRI,2011-11-01,ITRON,80,0,True,False,True,15,177424
24dd053ff6656b9de0cba95b,century,LAZ,2011-11-02,Lazard,199,0,False,True,True,134,160341
59b2ac1451f0f8655d718884,century,HIG,2011-11-02,HARTFORD SERVICES,196,0,True,True,True,0,199060
9d54a92a3b2b9ff6083b5dd8,century,WHR,2011-11-02,,0,0,True,True,True,1,97961
cd95fab3847abf6c20a3f537,century,HUN,2011-11-02,,0,0,False,False,True,280,172013
6befcd31e490470bf8f3ddf4,century,AMKR,2011-11-03,AMKOR,44,0,True,True,True,35,192200
79387b12b4b5cf50120034b6,century,BAC,2011-11-03,,0,0,False,True,True,9,220110
8f03a9a3fec5a4e29787ae4e,century,RF,2011-11-03,REGIONS,274,0,False,True,True,22,194241
a23c5d9827b440d7254d370d,century,LNC,2011-11-03,,0,0,True,True,True,28,196296
1273caf1393a2f1a412ac020,century,ILMN,2011-11-04,ILLUMINA,0,0,True,True,True,11,115190
9eef2e865a281bb0fd06189f,century,CRK,2011-11-04,COMSTOCK,25,0,True,True,True,19,58199
e08b28f3084bb775f3ce750b,century,FSLR,2011-11-04,,0,0,True,True,True,26,214549
01cc698d0e112f25f11514e1,century,MS,2011-11-07,,0,0,False,False,True,127,219411
467fb8c553700ea26517fa3a,century,LOGI,2011-11-07,LOGITECH,82,0,True,True,False,17,203232
6d549f280975fe9545bc2a54,century,RGP,2011-11-07,,0,0,True,True,True,24,133642
e0d0f5dc831a35d6bce208d3,century,LPX,2011-11-07,LOUISIANA-PACIFIC,0,0,True,True,True,14,148398
9fd1899dc749e7856c5e3323,century,SOHU,2011-11-08,SOHU,0,0,True,False,True,271,157156
e8fe1226319c123c534cd1a0,century,FHN,2011-11-08,,0,0,True,True,True,349,221382
95f60b6281abc01f224552f9,century,ENS,2011-11-09,EnerSys,0,0,False,True,True,34,109282
408380d7f8d205241e77848a,century,OSK,2011-11-16,OSHKOSH,0,0,True,True,True,71,174452
cba5a47a000dc14488dccccd,century,SANM,2011-11-22,SANMINA-SCI,0,0,True,True,True,74,183106
029b497a3c13aea0b1f4bec4,century,SHAW,2011-12-21,,0,0,False,True,True,66,189160
24c63918d7d1998ead3b1c3c,century,MOS,2012-01-04,,0,0,True,False,True,32,155010
4581a9fb94f77b2e61b5af5d,century,GSM,2012-02-08,METALS,1,0,True,True,True,21,110869
630e7d2a599484fc688a02aa,century,LRN,2012-02-09,,0,0,True,True,True,32,119760
00fd46c6c14a207e08ec65a6,century,PTEN,2012-02-10,PATTERSON,3,0,True,True,True,72,173351
c41ca9988ddbece5dc13e99e,century,GLW,2012-02-13,,0,0,True,True,True,4,220061
a7891b3db1ccaf93060141a2,century,EXEL,2012-02-22,EXELIXIS,0,0,True,True,True,62,215042
cdbbd38a4153a6c76c32c0a4,century,HL,2012-02-22,HECLA,74,0,False,True,False,0,220065
8c863eb75fd6a7c6a87f586d,century,RMBS,2012-02-24,RAMBUS,197,0,True,True,True,3,204469
c738aebebc8d87fca89d0271,century,UIS,2012-02-24,UNISYS,57,0,True,True,True,40,48882
21e0950006a5cd71fa0fe2e6,century,IART,2012-02-27,INTEGRA LIFESCIENCES,26,0,True,True,True,83,218091
2a15d446d64fd5942b65329b,century,JOE,2012-02-27,,0,0,False,True,True,34,207275
23c31516ed5a05bd30eaa15b,century,MTG,2012-02-29,MGIC,191,0,True,True,True,15,219902
6c1487e21f7c6d68d48d4255,century,QUAD,2012-02-29,,0,0,False,True,True,193,220582
846b9918d9d7870539ba9db4,century,RDN,2012-02-29,,0,0,True,True,True,3,220054
ce711407714ef33540935346,century,BPOP,2012-02-29,,0,0,True,False,True,194,164005
dd0a2f221fc8027682234565,century,AMRN,2012-02-29,,0,0,True,False,False,0,220065
fc9948f9950046d632dcd84c,century,CENX,2012-02-29,,0,0,True,False,True,57,219483
323eaf41155023cc49dd1c27,century,STM,2012-03-05,STMICROELECTRONICS,6,0,True,True,False,9,219950
aaf35b88acf7ea37bb76a2c6,century,CIEN,2012-03-08,CIENA,218,0,True,True,True,9,209789
250e4d3b038a8cca30c62811,century,HPQ,2012-03-12,HEWLETT PACKARD,0,0,True,True,True,30,121063
627fee6be03456327670229b,century,VRA,2012-03-27,,0,0,True,True,True,102,160835
093e9c7dc848d0473b791ae4,century,AEM,2012-03-29,AGNICO,33,0,True,True,False,33,219735
a892b5b111ee355b0f296249,century,HAL,2012-04-24,HALLIBURTON,0,0,False,True,True,27,217756
047e79cf3e1b86bc53420fe6,century,IDCC,2012-04-26,,0,0,True,True,True,174,101798
ea0501ed0090017c75880168,century,AA,2012-04-26,ALCOA,312,0,False,True,True,23,146251
a36cac36fa2feeb187bf4606,century,NFLX,2012-04-27,NETFLIX,0,0,True,False,True,19,105595
2278aebad2cf9677cd731569,century,MTRN,2012-05-01,MATERION,0,0,True,True,True,18,82468
3240e0bf937ba22cd69181e4,century,VSH,2012-05-02,VISHAY INTERTECHNOLOGY,55,0,True,True,True,14,106791
89e8c08543017e4ad3eb5ec2,century,DXCM,2012-05-02,DEXCOM,18,0,True,True,True,2,216723
30fd5436d1244914596f0d7b,century,ILMN,2012-05-03,ILLUMINA,0,0,True,True,True,15,101111
0e2cabc0710dc1d6d011455b,century,CRK,2012-05-04,COMSTOCK,33,0,True,True,True,20,59574
996b95fe48cb7a42336d461a,century,NBR,2012-05-04,NABORS,80,0,True,False,True,22,131483
aa6aae6b093a85a2464d74e9,century,GNW,2012-05-04,GENWORTH,3,0,True,True,True,114,215635
b7433949217b4fa2566388cb,century,FSLR,2012-05-04,,0,0,True,True,True,22,123682
e868008d6ff0994d4ccd6acd,century,SKYW,2012-05-04,SKYWEST,0,0,True,False,True,117,86951
fe0f58a68764fcebb43cb51b,century,ATI,2012-05-04,,0,0,False,True,True,68,104917
58355f2d462b5f9a2ab74505,century,TTMI,2012-05-07,,0,0,True,True,True,16,113709
c828178799155cb097085153,century,TEN,2012-05-08,TENNECO,0,0,False,True,True,88,185494
1f1774f255f56716add3f0ab,century,HLIT,2012-05-09,,0,0,True,False,True,62,171806
3ddc1e1d85f3793c8c858413,century,DECK,2012-05-09,DECKERS,5,0,False,True,True,32,109030
a391c7c858941e864b91a0ea,century,SOHU,2012-05-09,SOHU,0,0,True,False,True,327,149259
0f02a514d40437b8310bb407,century,FOSL,2012-05-10,,0,0,True,True,True,0,102164
8082ced101e0137532d9b6cf,century,TTI,2012-05-10,,0,0,True,True,True,9,99710
cd1fe639ff66ea0befb8ffaf,century,DIOD,2012-05-10,DIODES,17,0,True,True,True,0,72658
cfc2cef34ef6670e0c896bab,century,GDOT,2012-05-10,,0,0,True,True,True,51,159829
c8bb44ae1a15cf5bd1d47b9b,century,ANF,2012-06-05,ABERCROMBIE,50,0,True,True,True,0,136787
ed1f6966355361223dcd15a1,century,AMSC,2012-06-06,,0,0,True,False,True,24,172994
cf5eb78c3c6dd2041b26e8ca,century,NTAP,2012-06-19,NetApp,12,0,True,True,True,25,219973
66e2e33099a2e7865c2ddc5a,century,KFY,2012-06-22,KORN,50,0,True,True,True,1,142099
64fb54d05991b585298f5d49,century,AIR,2012-07-19,,0,0,False,True,True,36,157034
03a79eb37da772bda84fffad,century,KBR,2012-07-25,,0,0,True,True,True,85,171703
98cae0390125c7d6256fb34d,century,DHX,2012-07-25,,0,0,True,True,True,13,120887
af51e4031ae3028865d6c5ef,century,CLF,2012-07-26,CLIFFS,35,0,True,True,True,9,140943
300147c856be7537f8ada618,century,PPC,2012-07-27,PILGRIMS,1,0,True,False,True,3,196252
53bc89f099008d5a7fd05b49,century,B,2012-07-27,BARNES,3,0,False,True,True,13,103775
a3b50d574c8c02147656bb31,century,TZOO,2012-07-30,TRAVELZOO,0,0,True,True,True,167,160299
b7b717ac6a243c9b31726749,century,GPRE,2012-07-31,Plains,0,0,True,True,True,104,161149
cf305c28d77f8945dd603e7c,century,STRA,2012-07-31,,0,0,False,True,True,11,64296
ff5150749d23eb0008df5c31,century,CROX,2012-07-31,Crocs,34,0,True,False,True,2,103936
f08c1fc05f27a6aa3aa97583,century,CNX,2012-08-01,,0,0,True,False,True,215,110253
f9da332672003844177625d9,century,TTWO,2012-08-01,,0,0,True,True,True,21,107288
08d29f4dabeb29370cd74c5a,century,FCN,2012-08-02,,0,0,True,True,True,30,129334
1fb09c15da6bb56ebb888d57,century,AMD,2012-08-02,DEVICES,17,0,True,True,True,50,193787
68d0df1711c1856ead58dc95,century,VC,2012-08-02,VISTEON,0,0,False,True,True,149,179597
968d508e27ecd68f90aefa38,century,GNTX,2012-08-02,GENTEX,1,0,True,True,True,29,69095
ae3c82110b367586202413ef,century,WNC,2012-08-02,WABASH,8,0,True,False,True,13,150756
fac7c30ffbf5db0f3a5eef9d,century,KTOS,2012-08-02,KRATOS SOLUTIONS,39,0,True,False,True,31,164350
0cafb4237a1a94dc073e25f7,century,ADTN,2012-08-03,ADTRAN,18,0,True,True,True,0,107902
2bcf85fc6424261c9d2e53a0,century,SM,2012-08-03,,0,0,False,True,True,21,163362
672e8c6f7625f8b45be569ec,century,GERN,2012-08-03,GERON,19,0,True,True,True,21,155737
ab68a1af1ffac66032c861ca,century,MITK,2012-08-03,MITEK,1,0,True,True,True,16,97827
d83561bd3833b0ae2a42e33e,century,BZH,2012-08-03,BEAZER HOMES,98,0,True,True,True,34,165175
1e875da770da7e8bb5e4e16c,century,KOS,2012-08-06,Kosmos,20,0,False,True,True,45,137444
ded5afdd1c0b18eceed00764,century,CLNE,2012-08-06,Fuels,17,0,True,True,True,16,208927
3bbd2f3176f03c3c173f093f,century,GEVO,2012-08-07,Gevo,0,0,True,False,True,145,174186
4fa3a7f69023df6370987300,century,MOD,2012-08-07,MODINE MANUFACTURING,57,0,False,True,True,26,87441
695a0c611b813a06fbcb6e01,century,LSCC,2012-08-07,,0,0,True,True,True,38,148300
7d6ddbc01ce23431d317fc86,century,CALX,2012-08-07,,0,0,False,True,True,15,165933
c684d797f7cfbebb41af601f,century,CDE,2012-08-07,COEUR ALENE,62,0,True,True,True,32,209339
e9db980d04ffe6aba1f5bbc3,century,STAA,2012-08-07,STAAR,125,0,True,True,True,29,85993
7dcda0cbcce519a91c273841,century,APEI,2012-08-08,,0,0,True,False,True,18,77410
be02d3d05168e9f0d8a31133,century,MUX,2012-08-08,McEwen,16,0,False,True,True,58,136384
636a72813e1e1a2359ff4c9d,century,HALO,2012-08-09,HALOZYME,6,0,False,True,True,11,213826
9b212f792399468cd9260d50,century,MNKD,2012-08-09,MANNKIND,0,0,True,True,True,30,192581
bbce4091010b3bc5e2df9006,century,CEVA,2012-08-09,CEVA,0,0,True,True,True,22,128309
7805d25bcdf2262d64294765,century,GRPN,2012-08-14,Groupon,0,0,True,True,True,72,165471
b1cb684beead240e67eb25f7,century,HLM,2012-08-14,COMPANIES,3,0,True,True,True,62,142729
880932f7808e00342e4bbb8f,century,FN,2012-08-28,Fabrinet,0,0,False,True,False,35,220071
2c84cab266cf968c42d92606,century,MIND,2012-09-06,MITCHAM,10,0,False,True,True,13,83689
d9d7903e456b2203aff9465e,century,FCEL,2012-09-07,FUELCELL,2,0,True,True,True,26,110235
c371f25cfe15506bed71b279,century,SGI,2012-09-10,,0,0,True,True,True,124,217575
e35f31467ad7caafa72df6d3,century,HPQ,2012-09-10,HEWLETT PACKARD,0,0,True,True,True,33,130614
24e366ce46cd72bd27c29abb,century,JVA,2012-09-12,,0,0,True,True,False,0,80229
7dbb0ababfd0951e3d804336,century,LRN,2012-09-12,,0,0,True,True,True,4,181042
05d0948055f2416b221012ff,century,RMBS,2012-10-29,RAMBUS,73,0,True,True,True,18,152762
7ce5f0e752c29078fc5e901b,century,BOOM,2012-10-30,MATERIALS,3,0,False,True,True,15,78064
1ce3fc46f84baf3f2ed54a13,century,ATI,2012-11-02,,0,0,False,True,True,73,118648
49d0af4ef82ba38a669b6b13,century,CVGI,2012-11-02,,0,0,True,True,True,17,91402
c785dc2fa6e3764a7961ebd6,century,TPC,2012-11-02,PERINI,11,0,True,True,True,76,197857
d4d65636ab993f08e14f70dd,century,SCOR,2012-11-02,COMSCORE,0,0,True,True,True,19,153408
e1d71d45d4fde992fb54fb75,century,FSLR,2012-11-02,,0,0,True,True,True,20,135224
7ed305d2908acd736040047a,century,CIG,2012-11-05,,0,0,False,True,True,14,37401
8eee3586c1fe892e48f54708,century,KRO,2012-11-05,KRONOS WORLDWIDE,13,0,True,True,True,13,84919
a6b161e1cc2349733c44ac42,century,MRCY,2012-11-05,,0,0,True,True,True,12,89841
276ea71c7a2f94439043f035,century,SRPT,2012-11-07,Sarepta,3,0,True,True,True,12,171423
8e1674a888fb6c96399d635d,century,LXRX,2012-11-07,,0,0,True,True,True,12,65554
bee6c55ec7e5cb860dc94bfd,century,TWIN,2012-11-07,,0,0,False,True,True,18,65890
794231869c9975cdf949464d,century,BCRX,2012-11-08,BIOCRYST,17,0,True,True,True,10,144086
8a875243f15d2c85b5dad5d7,century,ACTG,2012-11-08,,0,0,True,True,True,29,117653
b6875b87f859e5789fc6d9eb,century,PEGA,2012-11-08,PEGASYSTEMS,0,0,False,True,True,16,70650
d9b766eee9899df43f475e0e,century,NOG,2012-11-08,,0,0,False,True,True,1,156240
ebffe4976b04a86202fa5e45,century,BYD,2012-11-08,,0,0,True,True,True,118,219337
fc749750a5441ec85a7c6cf2,century,DECK,2012-11-08,DECKERS,4,0,False,True,True,35,140668
00e41849f875b4a42ec28eb6,century,MTG,2012-11-09,MGIC,144,0,True,True,True,18,177860
1aff967bdbae53beac5a8ac9,century,MNST,2012-11-09,,0,0,True,True,True,37,157438
22c1e2c0998626aa6f746755,century,TTI,2012-11-09,,0,0,True,False,True,13,138383
5fdffd82e8b6a7b45428b80c,century,OSUR,2012-11-09,ORASURE,36,0,True,True,True,10,97053
6564387a78a5f53aee24b353,century,GDOT,2012-11-09,,0,0,True,True,True,45,181347
79c612f2e590dbe2eab55ed4,century,ANGI,2012-11-09,Angie's,0,0,True,True,True,0,163583
ac2c3b933181d8d20eea8bcd,century,DIOD,2012-11-09,DIODES,22,0,True,True,True,0,94177
a9545bfcaebb6aa698a0cc8a,century,TROX,2012-11-14,Tronox,276,0,True,True,True,2,215026
233c600c3ba2f5cd8bcdfc06,century,PLXS,2012-11-19,,0,0,True,False,True,51,191770
f800ac12293cae84c6608394,century,EZPW,2012-11-20,EZCORP,55,1,True,True,True,1,188937
19f6fa16e2f5033db284b511,century,MRVL,2012-11-29,MARVELL,6,0,True,False,True,23,196132
b3412ff95b3fab7f63e5c5cd,century,ZUMZ,2012-12-05,Zumiez,10,0,True,True,True,10,132425
bdb2d8a3ddea9af0aa1d74b9,century,BBY,2012-12-05,,0,0,True,True,True,101,166026
4d9afa6dbcce8878aa014b92,century,MITK,2013-02-06,MITEK,1,0,True,True,True,14,80977
89c29b7d4aaf81c71170e132,century,LQDT,2013-02-08,SERVICES,24,0,True,True,True,18,100822
a750ee36009471998aa4f2df,century,CLF,2013-02-12,CLIFFS,40,0,True,True,True,17,219786
1cae0a1380f31f88f84ce794,century,HLF,2013-02-19,HERBALIFE,0,0,True,True,True,123,219642
500119860932782f509a2481,century,STRA,2013-02-19,,0,0,False,True,True,18,159174
2b83802ff21521c420731644,century,AMD,2013-02-21,DEVICES,15,0,True,True,True,106,220367
6720e5ce110dc8a7cb86dff9,century,CDE,2013-02-21,COEUR ALENE,99,0,True,True,True,41,219998
2eaa91370fd19709afdf4dd2,century,BJRI,2013-02-25,RESTAURANTS,280,0,True,False,True,1,216649
dcce9a66a3e62d6196e1359f,century,GRPN,2013-02-27,Groupon,0,0,True,True,True,103,220024
ec20af9a9e2ef638ad856d4a,century,AMRN,2013-02-28,,0,0,True,False,False,0,220065
f00076bec77f91f29c8b2c81,century,CLNE,2013-02-28,Fuels,5,0,True,True,True,40,201729
a9a03a7bca23d4ef0934ff90,century,HALO,2013-03-01,HALOZYME,22,0,False,True,True,29,137376
b8cb8b6541b15e0aa22e3199,century,ENPH,2013-03-05,Enphase,11,0,True,True,True,21,197198
675faae660372ab099fba8e0,century,WPRT,2013-03-08,WESTPORT INNOVATIONS,5,0,True,False,False,4,19838
b1ce11b3224104ffe9758860,century,MUX,2013-03-11,McEwen,22,0,False,True,True,110,217234
8a562f2ce42c03061eb30daa,century,UEC,2013-03-12,,0,0,True,True,True,25,107947
3d7e6b8a6700055b7a661d91,century,PACB,2013-03-15,BIOSCIENCES,5,0,True,True,True,26,191291
69e55be7b97f2a8bb65a5231,century,JAKK,2013-03-15,JAKKS,9,0,True,True,True,22,176437
c4becf510258e6251f9c9d30,century,SUPN,2013-03-15,SUPERNUS,7,0,True,False,True,42,219407
338506b0d43c51bfd639363c,century,RMTI,2013-03-18,ROCKWELL,6,0,True,True,True,49,167893
1814c91f80e48ec4a66de18b,century,ALLT,2013-03-21,Communications,6,0,True,True,False,41,194771
64354c16bca1b9217dcd34eb,century,FRO,2013-03-21,FRONTLINE,0,0,False,True,False,138,219957
7b96fddccd4b72d2949aa3f6,century,GEVO,2013-03-26,Gevo,0,0,True,True,True,106,220237
38b4abf3afd74bac66375cb4,century,BIDU,2013-03-27,Baidu,120,0,True,True,False,33,219987
97f2bc5aabd35296116f728d,century,SNFCA,2013-03-29,,0,0,True,True,True,51,218868
b93bfabed37eb813c3608710,century,AAPL,2013-04-24,,0,0,True,True,True,13,176083
676d94a4e0b32209eb4276c8,century,AU,2013-04-26,ANGLOGOLD,11,0,False,True,False,261,217746
38a5f415382e54173f1b221d,century,B,2013-04-29,BARNES,8,0,False,True,True,15,98427
eb6beb997bc7755485a309c1,century,RGLD,2013-05-02,,0,0,True,True,True,60,98954
829acd41f42c74f00ca71abd,century,MSTR,2013-05-03,MICROSTRATEGY,0,0,True,True,True,106,160623
ca14c277c991cf4e0de9d925,century,EW,2013-05-06,Edwards Lifesciences,33,0,False,True,True,33,74555
bbd2e4851067ff51dadaa6fa,century,RIGL,2013-05-07,,0,0,True,True,True,9,164096
7819bc90eae2b64f3693bf7b,century,ACTG,2013-05-08,,0,0,True,True,True,24,91443
0d8a51cc9aa9efe3b54aee81,century,BCRX,2013-05-09,BIOCRYST,7,0,True,True,True,10,185301
6dab347d1d2f6f649322e8d2,century,OSUR,2013-05-09,ORASURE,3,0,True,True,True,33,68740
7b6ab8f3571edf71fe9551a9,century,FFIV,2013-05-09,NETWORKS,6,0,True,True,True,10,131215
d66e60462b107a90344fecaa,century,OMER,2013-05-09,OMEROS,22,0,False,True,True,11,167909
24646ba23f7acd03919c053c,century,VHC,2013-05-10,VirnetX,0,0,True,True,True,30,116281
426ca80b33f61d005b2057ed,century,LPSN,2013-05-10,LIVEPERSON,0,0,True,True,True,48,103799
cf1ef4baf1126a364f49edc9,century,HL,2013-05-10,HECLA,117,0,False,True,True,0,182561
14dfd10d07ca1259cfb0d472,century,GFI,2013-05-14,FIELDS,1,0,True,True,False,448,218737
3b8dd1bf97c7092487fc91c8,century,BVN,2013-05-14,BROADVIEW NETWORKS,1,0,True,True,True,8,69110
c434ffd538f67bf2ba792051,century,CRUS,2013-05-29,,0,0,False,True,True,37,161573
681784d4b294a65e0549d6be,century,AMSC,2013-06-14,,0,0,True,False,True,26,204927
d6f36c6b562457bc46a43e22,century,LEDS,2013-07-12,SemiLEDs,0,0,True,True,True,97,143334
b17bfe4dc534ed840c796cde,century,NEM,2013-07-26,NEWMONT,174,0,True,True,True,0,139167
49c4290ac9a8cc3215249a22,century,IPI,2013-08-01,,0,0,True,True,True,14,138819
0914d07f08c8fc7e9a839f5c,century,PBF,2013-08-08,,0,0,True,True,True,493,174119
65f4e00fcc4118c4c3ed881f,century,LQDT,2013-08-09,SERVICES,25,0,True,True,True,20,109791
9e9312de0b8a69ba1111d91a,century,CPSS,2013-08-09,SERVICES,13,0,True,True,True,24,151572
9cbbdd53bf922b144b01c229,century,DSS,2013-08-13,,0,0,True,True,True,302,155976
8ea39ea63c0a99234946c525,century,STXS,2013-08-14,,0,0,True,True,True,26,115769
5b9926f027a28dbf0203b15d,century,TITN,2013-09-05,,0,0,True,True,True,21,78593
4b3b7c69c2d7bbf5de034a79,century,ANGI,2013-10-24,Angie's,0,0,True,True,True,1,73078
9a8563eb197d8e86ceebc63f,century,CLF,2013-10-25,CLIFFS,32,0,True,True,True,20,125020
57031a735f14d582aa7f6847,century,IRWD,2013-10-28,,0,0,True,True,True,15,208139
4cc7bd43be68a64bff978158,century,TWI,2013-10-29,,0,0,False,True,True,52,123323
cb6ec1d49a1c3374718c9203,century,B,2013-11-01,BARNES,8,0,False,True,True,15,124334
dd17b776a07fd1dc55a0321e,century,CVI,2013-11-04,,0,0,True,True,True,69,216581
13c1acaaddf6ffbae6bd67f7,century,RIGL,2013-11-05,,0,0,True,True,True,9,153972
8abe36a56f6288a67126fd34,century,CYTK,2013-11-06,CYTOKINETICS,0,0,True,True,True,16,125935
a73a5e4f50129bb8425f9af9,century,CDE,2013-11-06,Coeur,34,0,True,True,True,68,190827
04c1aba66859ffedf7f48324,century,EGY,2013-11-07,VAALCO,36,0,True,True,True,1,69839
089cc44f0e896bdc8da543e7,century,LPSN,2013-11-07,LIVEPERSON,0,0,True,True,True,43,120731
7a4025b364a2b0081c2051d2,century,RGLD,2013-11-07,,0,0,True,True,True,46,79859
9c519699e7c76fd8ddb46655,century,LRN,2013-11-07,,0,0,True,True,True,16,87255
a71f80ee197b8c9a87591a38,century,MUX,2013-11-07,McEwen,20,0,False,True,True,33,146628
cb2a05f6f9caf869cfb10875,century,AMRN,2013-11-07,,0,0,True,True,False,0,184966
d961215eb8a79b1ffbb86a26,century,ACTG,2013-11-07,,0,0,True,True,True,24,110995
0d6f03ad01f99afc9b492eb0,century,JAKK,2013-11-08,JAKKS,20,0,True,False,True,26,118004
3d26acd31d2ac31cf2fcb16b,century,NTWK,2013-11-08,NETSOL,75,0,True,True,True,41,98497
9e84d0396d939ead168c7763,century,AGEN,2013-11-08,AGENUS,4,0,False,True,True,20,159925
bd57bff33b2c999defc2bd0f,century,VNDA,2013-11-08,,0,0,True,True,True,13,200525
7cec3cf57b3d9f7ff8cff848,century,ACFN,2013-11-12,,0,0,True,True,True,27,203737
9431d081a29a05df09e94a23,century,ATOS,2013-11-12,,0,0,True,True,True,8,168577
aa1e8b840573bb5215a54409,century,BVN,2013-11-12,BROADVIEW NETWORKS,1,0,True,True,True,9,82972
be7f0a094924425052cedc9e,century,VHC,2013-11-12,VirnetX,0,0,True,True,True,26,125207
b45eba74fcd42f10e35047fb,century,SUPN,2013-11-13,SUPERNUS,9,0,True,True,True,12,82552
5a5537f74c8ae579387860fa,century,TGTX,2013-11-14,,0,0,True,False,True,17,173578
893916d59c3c814575926aa7,century,EZPW,2013-11-27,EZCORP,76,1,True,True,True,1,217664
820236b8a9e1347f4b72fe9d,century,OPTT,2013-12-13,,0,0,True,True,True,48,99287
ca440d51d68b3e2351b7d38f,century,RFIL,2014-01-17,,0,0,True,True,True,2,171113
8506e621d20057f7fe8a36e2,century,AMSC,2014-02-06,,0,0,True,True,True,29,199251
ed616c416005c641310d6e58,century,LQDT,2014-02-07,SERVICES,28,0,True,True,True,17,101468
339d460f060a81a44027d3ff,century,CVM,2014-02-10,,0,0,True,True,True,0,73298
59cf50eb41f2bc198708c41c,century,ELMD,2014-02-11,Electromed,0,0,True,True,True,18,58016
b346b3b768fc5bf922cc1dfd,century,EGAN,2014-02-12,EGAIN,7,0,True,True,True,11,162725
c39f5422cab899309a1f79c4,century,CALX,2014-02-20,,0,0,False,True,True,69,216409
05f69f2a03c62a9513c69871,century,NEM,2014-02-21,NEWMONT,218,0,True,True,True,1,220070
1c8f066b2b556f79787cc02d,century,WPRT,2014-02-27,WESTPORT INNOVATIONS,4,0,True,False,False,4,19519
5cd475b697df2bb8c055d72e,century,AGI,2014-02-27,Affinion,0,0,True,False,True,302,219974
52647b5a07e3e821235dcc59,century,SRPT,2014-03-03,Sarepta,9,0,True,True,True,32,175437
a7ed88a34fd4747e0466845b,century,GERN,2014-03-17,GERON,80,0,True,True,True,38,215467
fc33e7fbf166e8b291ae62a5,century,NVGS,2014-03-17,,0,0,True,True,False,100,219765
68e03fc6743ead5facbeb133,century,NUS,2014-03-18,ENTERPRISES,0,0,True,True,True,35,156851
57dbb0fa17a5e1654c7e4b49,century,LULU,2014-03-27,lululemon athletica,31,0,False,True,True,49,120964
67944c17437a2c84073345e4,century,STXS,2014-03-27,,0,0,True,True,True,37,219859
dc2df7a128400fac278dd6f7,century,BBY,2014-03-28,,0,0,True,True,True,162,220079
00da050cdb33920ea90d7007,century,ORMP,2014-04-10,ORAMED,4,0,True,True,True,21,63002
3d345c5af7f5b936e14b03a6,century,HIMX,2014-04-15,Himax,81,0,True,True,False,79,218918
469b45b28f646cf45b95f133,century,GEVO,2014-04-15,Gevo,0,0,True,True,True,66,220191
47e4d071cb26632ef874348e,century,ANGI,2014-04-24,Angie's,0,0,True,True,True,1,75616
5e9f1fa43ed8028a0eef2ea3,century,TZOO,2014-04-25,TRAVELZOO,0,0,True,True,True,178,194052
c079cee922c4ca280717426c,century,GFI,2014-04-25,FIELDS,1,0,True,True,False,485,218626
a256b71258db1ded33b4c295,century,LITB,2014-04-28,LightInTheBox,0,0,True,True,False,22,219955
77d9afe9c6797524386196b1,century,BBBY,2014-04-29,,0,0,True,True,True,39,185460
e9ec992790fd7dfdf86f3d12,century,CLFD,2014-04-29,Clearfield,0,0,True,True,True,13,43950
2a01115a5dabe13d490f4c3f,century,CLDX,2014-05-01,Celldex,2,0,True,True,True,8,85195
75b328ed2468eb11d07d068a,century,EXEL,2014-05-01,EXELIXIS,0,0,True,False,True,32,214369
cd6a746771cc2a7c71dda125,century,HSTM,2014-05-01,HEALTHSTREAM,0,0,True,True,True,44,53610
f97832959cf8482645ed53f5,century,KEYW,2014-05-01,KEYW,0,0,True,True,True,50,76154
03a44b8176f65f129a89fcd4,century,AVD,2014-05-02,,0,0,True,True,True,14,65927
fd387a4448955c0c377d857f,century,CVLT,2014-05-02,COMMVAULT,20,0,True,True,True,45,171295
59c2b64a440b012709e107ff,century,UCTT,2014-05-05,,0,0,True,True,True,35,157156
b34bca4d77fe70f32629b50a,century,PRTA,2014-05-05,Prothena,0,0,True,True,True,35,131636
0e8b9215a3813b51825d1ffb,century,PTCT,2014-05-06,,0,0,True,True,True,10,218258
7153a00544bdc8b283354d93,century,ARWR,2014-05-06,,0,0,True,False,True,14,130242
d0ba9ba7911b01ae55d76949,century,MGNX,2014-05-06,MACROGENICS,0,0,True,True,True,10,82624
1d20e64178f88883e6d78615,century,GRPN,2014-05-07,Groupon,0,0,True,True,True,61,176176
2f52f6bdfd1cb437b1118952,century,AVNW,2014-05-07,AVIAT NETWORKS,8,0,True,True,True,13,101686
9a8a307d4f3f78856dddba6f,century,TXMD,2014-05-07,TherapeuticsMD,0,0,True,False,True,29,78873
bedff8fb4aacb4ef9d9110a4,century,CYTK,2014-05-07,CYTOKINETICS,0,0,True,True,True,36,209098
cb2eebf5deae27c85a97b9f0,century,QUAD,2014-05-07,,0,0,False,True,True,109,176080
efeac9b6d9dfdaffc63b175b,century,CDE,2014-05-07,Coeur,46,0,True,True,True,43,166779
1c211aaaffcd815a41b9c3f7,century,VSTM,2014-05-08,Verastem,0,0,True,True,True,19,58263
2f9cf2d5135e1a0ae03ea866,century,MVIS,2014-05-08,MICROVISION,0,0,True,True,True,15,72955
6173179f2c1092ac0f659d8e,century,GEOS,2014-05-08,GEOSPACE,1,0,True,True,True,21,79109
7a8aea258b7f3d065402d9b0,century,RM,2014-05-08,,0,0,False,True,True,9,92056
a5f10b543ed73d4104ad67e0,century,PACB,2014-05-08,BIOSCIENCES,2,0,True,True,True,10,122666
fb1489f281e89b6c83b7ebef,century,LXRX,2014-05-08,,0,0,True,True,True,12,63528
27a2c9ebd9adc603b5b8019b,century,ALNY,2014-05-09,ALNYLAM,20,0,True,True,True,7,102277
53dbebcf1a4d493f54d0c5d8,century,EHTH,2014-05-09,eHealth,0,0,True,True,True,33,70908
54310d3653d796bf019228a5,century,AGEN,2014-05-09,AGENUS,10,0,False,True,True,21,183683
a5f5ce0d9dfb25b15231c2e2,century,AEIS,2014-05-09,,0,0,True,True,True,23,91761
b847a86a556768f4144b5477,century,CRIS,2014-05-09,CURIS,129,0,False,True,True,0,220055
d102e56c36fa584107b9e588,century,MELI,2014-05-09,MERCADOLIBRE,0,0,True,False,True,81,206664
d7a00bb5a78d1256a096bea2,century,AMRC,2014-05-09,Ameresco,0,0,True,True,True,38,121484
d987ce11872e3947bbe363a6,century,AMRN,2014-05-09,,0,0,True,True,False,0,193382
de493fad3a2cd1571d8cfc6e,century,PXLW,2014-05-09,PIXELWORKS,0,0,True,True,True,22,132933
e63454ed89029b651a7a5bd5,century,BCRX,2014-05-09,BIOCRYST,4,0,True,True,True,13,179306
0a1ec5517001b24a7ce913dd,century,HALO,2014-05-12,HALOZYME,21,0,False,True,True,12,208020
1b9ce9a6127d00b916d482f9,century,GOGO,2014-05-12,,0,0,False,False,True,75,152983
32897d6bf44fa3bef2b44498,century,PBYI,2014-05-12,BIOTECHNOLOGY,0,0,True,True,True,17,77141
4a73eed2ba74207296696fdc,century,CERS,2014-05-12,CERUS,10,0,True,True,True,29,164723
565322ef5e3d55d9bcb4cf60,century,CORT,2014-05-12,CORCEPT,7,0,True,True,True,17,180257
597902130f50809cda40fc52,century,CHGG,2014-05-12,CHEGG,37,0,True,True,True,20,211934
85e34a19a138b06344ef5fb1,century,MITK,2014-05-12,MITEK,3,0,True,True,True,17,86033
9529fef64f2cd0058b837f11,century,KNDI,2014-05-12,Kandi,89,0,True,True,True,42,122239
abe79a153982f4eb4c17fe06,century,BBSI,2014-05-12,SERVICES,38,0,True,True,True,38,59621
d2f63cdb8756fd1844605fdf,century,OMEX,2014-05-12,,0,0,True,True,True,7,121782
d8ff0f5eef1eff81d0e96424,century,INO,2014-05-12,INOVIO,9,0,False,True,True,30,160300
cbb30651d3e3b3a1993c3e4e,century,GALT,2014-05-13,GALECTIN,32,0,False,True,True,15,65173
a6bc392af441815abf4f37ac,century,PLUG,2014-05-15,,0,0,False,True,True,32,93374
2b52e2ad9fb3674334c10a41,century,LIVE,2014-05-20,LIVEDEAL,0,0,False,True,True,56,95781
fb588a5b9a11338b0b77387b,century,AEO,2014-05-29,OUTFITTERS,0,0,True,True,True,46,86488
19cfc7f2d7b67883553e3804,century,FCEL,2014-06-05,FUELCELL,3,0,True,True,True,24,111089
db228ad9e8d948769a069045,century,VEEV,2014-06-06,VEEVA,98,0,True,True,True,15,199583
534aac96018e1ab07ce965a0,century,CLF,2014-07-24,CLIFFS,39,0,True,True,True,19,135469
360eece55c0aa8295c4aeb25,century,TNDM,2014-07-31,,0,0,True,True,True,10,216770
b47460983c5f31e4a556cc9b,century,NGVC,2014-07-31,Grocers,2,0,True,True,True,13,99418
df5fad8c86d2c8176ef84f5a,century,EIG,2014-07-31,Employers,0,0,True,True,True,17,83011
4e58210e551a7875c6c3f220,century,URG,2014-08-01,UR-ENERGY,0,0,True,True,True,22,97174
aafab950da1a4e796b665800,century,UIS,2014-08-01,UNISYS,19,0,True,True,True,22,94067
7b77fcd7565428b50ada3b15,century,HRTX,2014-08-04,,0,0,True,True,True,0,120144
3a5923da2cf5ee23b2b53efe,century,CHEF,2014-08-06,Chefs',0,0,False,True,True,1,98584
fbfe621b8c5a40a9c0e9642b,century,INSM,2014-08-06,INSMED,9,0,True,True,True,17,157260
78262108af7a80e958934213,century,ERII,2014-08-07,,0,0,True,True,True,31,91202
e992a9f02ceb5cee3051399c,century,PLX,2014-08-07,Protalix BioTherapeutics,30,0,True,True,True,13,68914
3c80a658acd97e80a5df0fee,century,LQDT,2014-08-08,SERVICES,27,0,True,True,True,22,124188
8d210f8ea69a20ae4e1c7454,century,VHI,2014-08-08,VALHI,42,0,True,True,True,2,182109
ea443f0bc3c1b13298fd94de,century,SKYW,2014-08-08,SKYWEST,0,0,True,False,True,92,122359
f2e80ece89c13593acbd8335,century,EZPW,2014-08-08,EZCORP,39,0,True,True,True,0,136881
2b07274ec03b24a1509f37f4,century,TBBK,2014-08-11,,0,0,True,False,True,25,180483
fdac233c3b7f1671e88d561b,century,NDLS,2014-08-14,NOODLES,0,0,True,True,True,12,73689
dfbf7c403ac908c2c4a77736,century,LRN,2014-08-15,,0,0,True,True,True,3,171956
1e7bd9dec7c26593d72c79f5,century,NG,2014-10-07,NOVAGOLD,5,0,False,True,False,10,59820
d68f7228c2e2d1d3ce942331,century,EGHT,2014-10-22,,0,0,True,True,True,0,83291
e8cbf3e7bbf4b1aad17c00f4,century,ANGI,2014-10-22,Angie's,0,0,True,True,True,11,112008
07175c986f639ee8c12a6d90,century,TZOO,2014-10-23,TRAVELZOO,0,0,True,True,True,169,212730
6ee56306a560c6d09459f48d,century,ASPS,2014-10-23,Altisource Solutions,82,0,True,True,True,33,168199
f3252844d55b0f0f2e5c6a25,century,CLNE,2014-10-23,Fuels,8,0,True,True,True,14,155227
08967be556304c04d914cbdf,century,YELP,2014-10-24,,0,0,False,False,True,57,214254
333879002e23cf06853bf551,century,APT,2014-10-24,,0,0,False,True,True,38,62609
19862bff77e2190b0a8803ff,century,VNDA,2014-10-27,,0,0,True,True,True,14,208073
d367abcfb0799d5c97bd1ab5,century,TWI,2014-10-28,,0,0,False,True,True,53,118265
1855a98cdd80903ee0fc49ec,century,EXTR,2014-10-29,NETWORKS,23,0,True,False,True,34,155402
b62eb978cdb32e30c9e05571,century,RGR,2014-10-29,STURM RUGER,0,0,True,False,True,13,63295
1d148e7c83444f29c59997c6,century,MYE,2014-10-30,MYERS,2,0,True,True,True,61,107677
b930e6eb86b804b066defe6c,century,AMD,2014-10-30,DEVICES,2,0,True,True,True,33,216529
c11fd8423395c4ca89f7cea8,century,AGI,2014-10-30,Affinion,0,0,True,False,True,249,172068
cf2ea09c5a474c5d2e09fed7,century,CVLT,2014-10-30,COMMVAULT,4,0,True,True,True,21,116875
21159b3d42151dffcebb0eb1,century,AVD,2014-10-31,,0,0,True,True,True,22,94272
5d99cd7eb5e74bb4f6df00c6,century,UAN,2014-10-31,,0,0,True,True,True,116,162549
6436d89f1e2af62538102d18,century,IMMR,2014-10-31,,0,0,True,True,True,28,174921
7684845066e58c269cefc8d3,century,BCO,2014-10-31,BRINKS,0,0,True,True,True,0,153729
ba796f2e8012d37608452c5e,century,ARCT,2014-10-31,HEALTHCARE,20,0,True,False,True,55,187242
d14bbfaf68c5b899bcede6f5,century,MTW,2014-10-31,MANITOWOC,0,0,True,True,True,56,143119
d184d32d387507e67f18a746,century,AMKR,2014-10-31,AMKOR,32,0,True,True,True,35,177690
1206847b62aa880b83dbc0a7,century,RNG,2014-11-03,RingCentral,0,0,True,True,True,35,125989
f13d5d5f42eb5336386d2b6f,century,UCTT,2014-11-03,,0,0,True,True,True,36,176125
0467913c06ae81c0edacc3f5,century,QUIK,2014-11-04,QUICKLOGIC,0,1,True,True,True,24,93155
4da4c7b6d6b0368bacb34995,century,PRTA,2014-11-04,Prothena,0,0,True,True,True,38,145896
4dbbfbd8dd931de1a9a0ab42,century,ARCT,2014-11-04,,0,0,True,False,True,36,198333
6950d3afa1a46feca09fe0cf,century,KEYW,2014-11-04,KEYW,0,0,True,True,True,61,144082
6ae552e5e141a7249666829b,century,EXEL,2014-11-04,EXELIXIS,0,0,True,False,True,24,132211
6fd99c7a1ec0a0d44c3c0316,century,RIGL,2014-11-04,,0,0,True,True,True,9,152022
889b8a2f1e1dc84a765c9743,century,KODK,2014-11-04,EASTMAN,4,0,True,True,True,26,177697
f41de3eef1e0a8c96c8d2fbf,century,TDW,2014-11-04,,0,0,True,True,True,62,150467
fa9775400a5741e01ff3570a,century,KBR,2014-11-04,,0,0,True,True,True,128,208958
10bbc8e0791bb6242bf00916,century,CDE,2014-11-05,Coeur,68,0,True,True,True,46,151319
221777e3bdee85c8efd8da8a,century,PDFS,2014-11-05,SOLUTIONS,89,0,True,True,True,9,140334
336bc7043faa3d9c7173b7ef,century,KN,2014-11-05,Knowles,0,0,False,True,True,55,117647
420a3c85e27566e5ff28a2c9,century,CLDX,2014-11-05,Celldex,2,0,True,True,True,8,100479
e361128a31992a5dae20cc84,century,CRK,2014-11-05,COMSTOCK,31,0,True,True,True,11,64930
f3869b3e321f07207c0bf564,century,GERN,2014-11-05,GERON,61,0,True,True,True,20,219138
0a56d1e3ce98bb06fb492b34,century,AMRN,2014-11-06,,0,0,True,True,False,0,188732
2fb5b7e30bd0fee1790fec8d,century,CVEO,2014-11-06,Civeo,69,0,True,True,True,40,133211
63cb23458f9c96e5af5282d9,century,GSAT,2014-11-06,Globalstar,0,0,True,True,True,47,176542
a5d484ff87c05b5de21c66b0,century,SRPT,2014-11-06,Sarepta,16,0,True,True,True,13,180776
ad659b9c91dc34c183c4480e,century,CYTK,2014-11-06,CYTOKINETICS,0,0,True,True,True,16,116095
b2d5de61856bb1cb6f84b232,century,WTI,2014-11-06,,0,0,True,True,True,57,166897
e4cc6bbec29c2d71df2ed392,century,GTE,2014-11-06,GRAN TIERRA,66,0,True,True,True,27,129862
01f8fc5ae23634014cdbbda6,century,DXPE,2014-11-07,ENTERPRISES,2,0,True,True,True,11,79928
2593e8f474295a2ddd527979,century,ATEN,2014-11-07,Networks,18,0,False,True,True,9,140163
32be4674d6de9cde79fb8101,century,STAA,2014-11-07,STAAR,52,0,True,True,True,14,74540
c145b14ff5dd0584dd70f4e5,century,PXLW,2014-11-07,PIXELWORKS,0,0,True,True,True,22,138221
d193e8b103652adbb0c4fa12,century,TXMD,2014-11-07,TherapeuticsMD,0,0,True,True,True,29,184968
e3968d567fe42d8b99fd4d0f,century,SOHU,2014-11-07,SOHU,0,0,True,False,True,372,206593
e5cb538b77c54f6c42cf6299,century,MUX,2014-11-07,McEwen,17,0,False,True,True,30,160018
13fd2cbd3820e9ad363e1d29,century,VRNS,2014-11-10,VARONIS,3,0,True,True,True,8,180386
250c17e5b3c362b459dc61f0,century,HALO,2014-11-10,HALOZYME,18,0,False,True,True,12,119691
2cadf68fef9bdfd6dff4f972,century,AKBA,2014-11-10,,0,0,True,True,True,12,125956
3e82d7fbaf4105cc03b6f51b,century,EHTH,2014-11-10,eHealth,0,0,True,True,True,32,81296
4aac0a7f29fef06023228bd4,century,NUS,2014-11-10,ENTERPRISES,0,0,True,True,True,32,104724
54ff81d97ba0b7f364f7f6bd,century,NBR,2014-11-10,NABORS,86,0,True,False,True,15,165623
775c7d64c95fd1aaa0632c73,century,MCHX,2014-11-10,MARCHEX,0,0,True,True,True,13,137478
a12439f09c8b087df917a207,century,VHC,2014-11-10,VirnetX,0,0,True,True,True,33,129052
ae523284fd66e693ed36e1ae,century,RM,2014-11-10,,0,0,False,True,True,11,123297
b02a8ac497e4d95fa1e165f0,century,RIG,2014-11-10,,0,0,False,True,True,122,139082
e07f728a4691880d760f7ed6,century,GNW,2014-11-10,GENWORTH,59,0,True,True,True,113,218935
f9987df3cbb849db32f28ca9,century,MNKD,2014-11-10,MANNKIND,0,0,True,True,True,48,144732
fe6d7a4538af40c176d1e54a,century,GOGO,2014-11-10,,0,0,False,False,True,81,172476
25cb416da1cc8be58b1de7ab,century,MGNX,2014-11-12,MACROGENICS,0,0,True,True,True,10,91791
59dfc40bf6031250ffe8c815,century,TBPH,2014-11-12,Theravance Biopharma,233,0,True,True,False,55,143728
9d0235aad67f1ebb8f601906,century,AAOI,2014-11-12,OPTOELECTRONICS,0,0,True,True,True,15,164180
0a89530349c66064bfcbe8f5,century,ARCT,2014-11-14,CENTERS,39,0,True,False,True,3,191476
1b52e3c710576a96ecbfd60c,century,ARCT,2014-11-14,Healthcare,19,0,True,False,True,25,112462
40aa5df7212de65851763102,century,ARCT,2014-11-14,Healthcare,19,0,True,False,True,40,183838
4a477bd2a8b85cb87e456019,century,INVE,2014-11-14,Identiv,0,0,True,True,True,36,142122
5903a880f7e0121d5a88457f,century,ARCT,2014-11-14,,0,0,True,False,True,24,154834
5bf898e0dc6c645baf51937a,century,PLUG,2014-11-14,,0,0,False,True,True,43,109219
73349e7543a8c6a6a118ec04,century,ARCT,2014-11-14,,0,0,True,False,True,18,68905
997f61dc73d2dc5a7a10cf83,century,ARCT,2014-11-14,,0,0,True,False,True,29,183109
9bd3f0c5bf29b24dc66c3446,century,ARCT,2014-11-14,,0,0,True,False,True,25,104343
bfd5de51612241a7c2dff9f1,century,ARCT,2014-11-14,,0,0,True,False,True,30,170539
c35cd1a2d094cb73ca2c7f2e,century,ARCT,2014-11-14,,0,0,True,False,True,15,68748
ca67eebe0462f9138d86c7f6,century,ARCT,2014-11-14,,0,0,True,False,True,34,167241
d6cef44c7e6699e9b87df13c,century,ARCT,2014-11-14,,0,0,True,False,True,33,209185
d8e92a2001d5d55bdba12157,century,ARCT,2014-11-14,Centers,30,0,True,False,True,6,117824
e847af1240253b8fc1a7a716,century,IBIO,2014-11-14,iBio,0,0,True,True,True,45,79827
f8bf1e1a10e4b84a8c865210,century,ARCT,2014-11-14,,0,0,True,False,True,32,136569
ae22a1c96f9f22ab9ff832f9,century,BBSI,2014-11-17,SERVICES,39,0,True,True,True,40,92201
703800ecd62b8b2264d361a5,century,GEOS,2014-11-21,GEOSPACE,16,0,True,True,True,56,196915
a3f6ef707d447bd9769cae48,century,ARWR,2014-11-25,,0,0,True,False,True,51,217162
b028e4226897018e5c388507,century,MOV,2014-11-25,MOVADO,49,0,True,True,True,1,101195
d078e474bedba1574db7aab1,century,CLFD,2014-11-26,Clearfield,0,0,True,False,True,55,150055
8f8322939cbc08014e5dc3f7,century,POWL,2014-12-03,POWELL,36,0,True,True,True,46,167057
b9ff39144d9a1ff97ccca4f0,century,MITK,2014-12-05,MITEK,1,0,True,True,True,50,205535
2efbc1cbc596d9496ca163fb,century,LAKE,2014-12-10,,0,0,False,True,True,16,111404
c41ce9a377cb43efc98e209d,century,ARCO,2014-12-19,Arco-Iris,0,0,True,False,True,31,66237
d81edf5751d4c04ac42ab41f,century,FCEL,2015-01-09,FUELCELL,24,0,True,True,True,44,219782
4ab9618bc558f374f57dde0e,century,KBH,2015-01-22,,0,0,True,True,True,22,220095
5d12b6b4632391545d8e2a7d,century,FTK,2015-01-27,FLOTEK,68,1,True,True,True,2,220075
bd0ae184aecd4c6ca89690bf,century,GHM,2015-02-03,,0,0,True,True,True,12,73768
2d9cf10e24b62dd18b837fa0,century,MTRX,2015-02-06,,0,0,True,True,True,36,100214
586a94f7e32f43ab231b0663,century,LQDT,2015-02-06,SERVICES,34,0,True,True,True,21,123858
b01a9d8101f8f36f42402485,century,HP,2015-02-06,HELMERICH PAYNE,0,0,False,False,True,30,82200
635817c122520701c81fd9e6,century,GPRE,2015-02-10,Plains,2,0,True,True,True,152,219388
28e1c964596aa32f588728ba,century,LIVE,2015-02-12,LIVEDEAL,0,0,False,True,True,47,105660
edde2618257804501d8890ca,century,PTEN,2015-02-12,PATTERSON,4,0,True,True,True,64,169377
8173b8a8a99146d69ff6f1fc,century,CLB,2015-02-17,LABORATORIES,28,0,True,True,False,45,179117
ebfc7a4ccdfe329889ca4fb0,century,VNOM,2015-02-20,,0,0,True,True,True,34,198151
f9f180feba8ec2078bb35649,century,GPRO,2015-02-20,GoPro,58,0,True,True,True,18,175657
356235baf9a963d4eb4f1d5a,century,NDLS,2015-02-24,NOODLES,0,0,True,True,True,36,170407
378417de662d6455957ceca7,century,RRC,2015-02-24,,0,0,True,True,True,24,219845
cbad0b79521dfb5285ef1a91,century,TNDM,2015-02-24,,0,0,True,True,True,14,191238
ddb260411cb48e47075368fd,century,HAL,2015-02-24,HALLIBURTON,0,0,False,True,True,64,188785
272b10cd83771388f041332f,century,CLF,2015-02-25,CLIFFS,61,0,True,True,True,21,219702
75ae9d9b7e126f65559d96c6,century,AR,2015-02-25,ANTERO,161,0,False,True,False,59,219451
b52df2b395dbc4234132c141,century,SM,2015-02-25,,0,0,False,True,True,25,220020
1ee9045d78c2cd2dba0a8ad6,century,DDD,2015-02-26,,0,0,True,True,False,43,219837
31e413212627e252c4228c02,century,HLF,2015-02-26,HERBALIFE,0,0,True,True,True,82,219818
f44e057e613dfd40a9cd0b05,century,CIG,2015-02-26,,0,0,False,True,True,22,143390
0f3f59cde462e8452778ee7e,century,TPL,2015-02-27,,0,0,True,True,True,32,115668
18e5fc58fc0fdd22cedae4a2,century,FET,2015-02-27,,0,0,False,True,True,29,219594
1b1af09232886172944507e6,century,SSTK,2015-02-27,Shutterstock,0,0,True,True,True,73,219789
2516adc9522451988167c409,century,RES,2015-02-27,,0,0,True,False,True,1,175500
5f8a1c05950c0a4a3496b98a,century,NRP,2015-02-27,,0,0,True,True,True,185,220990
6f0db956f92d1822a0f3e12b,century,RYAM,2015-02-27,RAYONIER MATERIALS,115,0,True,False,True,47,135006
aaee8b513277f9c2f2502667,century,WYNN,2015-02-27,VEGAS,84,0,False,True,True,214,137910
bed5f151d950dedc2887f5d1,century,FCX,2015-02-27,FREEPORT-MCMORAN,0,0,True,True,True,212,220789
fcea6f2094d250047da113fd,century,NOG,2015-02-27,,0,0,False,True,True,3,212503
3d82310ce03e28dc31f6bba4,century,TTI,2015-03-02,,0,0,True,True,True,42,219675
737ec7c7464448938de5c9bf,century,KOP,2015-03-02,Koppers,0,0,False,True,True,259,219572
96173fb0f87b30ae1f3f174a,century,MBI,2015-03-02,MBIA,284,0,True,False,True,129,220070
e9e2253f4a066b5ace46d46d,century,WYNN,2015-03-02,RESORTS,47,0,False,True,True,427,220997
efb08e6e501946e24fcba5a9,century,VRTS,2015-03-02,VIRTUS,74,0,True,True,True,38,192482
d5243544c30f937284d1ad1e,century,SSYS,2015-03-03,STRATASYS,0,0,True,True,False,160,219770
34366078dd9bdeefab82ebbe,century,WPRT,2015-03-09,WESTPORT INNOVATIONS,4,0,True,False,False,4,19823
eb6716088b633815195a687c,century,SB,2015-03-10,BULKERS,0,0,False,False,False,51,219809
e5c7e1098114589ba6d5988a,century,GURE,2015-03-13,,0,0,True,True,True,40,154769
0bea5ca338e953d772536daf,century,FRO,2015-03-16,FRONTLINE,0,0,False,True,False,88,220007
16ae3cf0ca21594e72b292b3,century,PRIM,2015-03-16,Primoris Services,149,0,False,True,True,37,219601
247a8630628870d0828362a4,century,ATNM,2015-03-16,,0,0,True,True,True,68,173770
8d07d1fc8095cd730e8ac7da,century,INO,2015-03-16,INOVIO,39,0,False,True,True,63,219160
da358e65ef52b444f3bb3a71,century,EGY,2015-03-16,VAALCO,51,0,True,True,True,2,161404
f0b1ee656c0ad927d3b69744,century,REI,2015-03-16,,0,0,True,True,True,28,127342
48f4e88b51d1d3e7293c4dd7,century,NVGS,2015-03-17,,0,0,True,True,False,113,219836
5752c15ed1ce7a6fc6c588d3,century,DSX,2015-03-25,,0,0,True,True,False,49,219617
cce3dbe0ac063bf07d7c98ca,century,VNCE,2015-03-27,,0,0,True,True,True,44,214579
60885ab1d01f8dadc4b26025,century,ANF,2015-03-30,ABERCROMBIE,62,0,True,True,True,1,139904
83732e748d08290cc6bb350e,century,GEVO,2015-03-30,Gevo,0,0,True,True,True,44,220175
16344cb48f93795ee13e4b26,century,REX,2015-03-31,,0,0,False,True,True,83,214663
352c5cb9b918308120e3d9f0,century,VRA,2015-03-31,,0,0,True,True,True,59,156616
985d1bd710e4bb459d1d7bd7,century,ORMP,2015-04-03,ORAMED,7,0,True,True,True,17,60842
7bcc041d32622b93468b682e,century,ANDE,2015-04-15,MARIPOSA,0,0,False,True,True,17,73501
1c1b2930a7776c4c326ef0d8,century,LE,2015-04-17,LANDS',0,0,False,True,True,42,209267
5f06104486ebd93943378db4,century,ASPS,2015-04-23,Altisource Solutions,80,0,True,True,True,29,147301
70de3c8a5040561ea556773c,century,ANGI,2015-04-23,Angie's,0,0,True,True,True,4,96410
640b3649857c94a32fb37456,century,BOOM,2015-04-28,MATERIALS,3,0,False,True,True,11,77108
0df3ddf2cc7110a3f50f3f1d,century,ARCO,2015-04-29,Dorados,0,0,True,True,False,52,219627
c5f2b47ac2435456a26d3a4f,century,AMD,2015-04-29,DEVICES,2,0,True,True,True,24,197508
4b67ed5ae75542b6fa01a4ca,century,TWI,2015-04-30,,0,0,False,True,True,43,90862
5479592e99b2f431b7a4512e,century,GLNG,2015-04-30,GOLAR,389,0,True,True,False,12,220073
bcb57f7296e57ce3af4e8c30,century,AMKR,2015-04-30,AMKOR,28,0,True,True,True,32,154821
02e47302754246a1fdd79d16,century,YELP,2015-05-01,,0,0,False,False,True,53,202170
6716fc0617e2f268fc3d1e82,century,CENX,2015-05-01,,0,0,True,True,True,42,118851
bb45d67de954274c79ec4910,century,AVD,2015-05-01,,0,0,True,True,True,18,74569
d80afa082074aeb9bc654cca,century,NKTR,2015-05-01,NEKTAR,5,0,True,True,True,78,171163
b1d6d091a40869f808c70145,century,CDE,2015-05-04,Coeur,36,0,True,True,True,44,114962
f381432df02d950e51b8a4ac,century,LXRX,2015-05-05,,0,0,True,True,True,13,80673
4d27a05eef5e96a80c51d188,century,KN,2015-05-06,Knowles,0,0,False,True,True,33,78734
5fd664690f7977d63599f725,century,ACTG,2015-05-06,,0,0,True,True,True,22,89771
8c2aab192913e003439bb4ee,century,NWPX,2015-05-06,,0,0,True,True,True,10,72503
deff17cba08f267e34e0fcd8,century,MTW,2015-05-06,MANITOWOC,0,0,True,True,True,52,123726
1b4cac6bfa52f254313544ff,century,SRPT,2015-05-07,Sarepta,23,0,True,True,True,18,161150
cedc962b5678e6addb0a88e6,century,WTI,2015-05-07,,0,0,True,True,True,48,139116
e066568a6a5f0405e084b7c6,century,GTE,2015-05-07,GRAN TIERRA,68,0,True,True,True,19,119538
ed12eaeb38f035cf6efe6be9,century,VNDA,2015-05-07,,0,0,True,True,True,14,125799
ff4288b3cf88d7e01d476f17,century,EXTR,2015-05-07,NETWORKS,25,0,True,False,True,37,164760
01705c4448059c1c9c85bc21,century,GNK,2015-05-08,GENCO,226,0,True,True,False,53,185053
6d0a4e6867bb774dcd34f7fd,century,GSAT,2015-05-08,Globalstar,0,0,True,True,True,60,125316
846e98a37acb6c6f4b4eb2c6,century,MUX,2015-05-08,McEwen,18,0,False,True,True,25,122032
b54ea0a61783e20c9a4f99a5,century,MDU,2015-05-08,,0,0,True,True,True,31,171246
e995561f28190a39f62450cb,century,CDZI,2015-05-08,CADIZ,37,0,True,True,True,17,74832
e9ee59e4832404288ab17f6c,century,OSUR,2015-05-08,ORASURE,4,0,True,True,True,33,74541
1565df5f43dd050b4e5bf2c4,century,MNKD,2015-05-11,MANNKIND,0,0,True,True,True,46,210589
9b030d8bafef589632df9008,century,ATRA,2015-05-11,Atara Biotherapeutics,26,0,True,True,True,13,108970
a340e040738dacb3cf4980ab,century,AKBA,2015-05-11,,0,0,True,True,True,9,119497
aaacc0a96e554c030617ddf3,century,DXPE,2015-05-11,ENTERPRISES,0,0,True,True,True,13,69999
cede35f85fd5ee9185d4f076,century,CTSO,2015-05-11,Cytosorbents,0,0,True,True,True,22,109105
d06d3ba46bbf520a0f0011d0,century,CRK,2015-05-11,COMSTOCK,28,0,True,True,True,10,53001
e3ce8e23203caf80c9f884c5,century,KNDI,2015-05-11,Kandi,137,0,True,True,True,14,127442
83bf7007d163518f679ef3d0,century,STAA,2015-05-12,STAAR,62,0,True,True,True,19,65727
c0ba06d6745474a5af6a394d,century,TBPH,2015-05-13,Theravance Biopharma,142,0,True,True,True,41,170487
c2c3800a38e4789e71f62ebb,century,WATT,2015-05-13,Energous,0,0,False,False,True,28,64922
24b372da08f3ce9cf25c746b,century,CPA,2015-05-15,Associates,19,0,True,True,True,89,173192
95c65572280885e39f723d01,century,IBIO,2015-05-15,iBio,0,0,True,False,True,51,91022
a8a026a15e47016762b3802f,century,CPA,2015-05-15,ASSOCIATES,19,0,True,True,True,102,167640
d5c6c71aacee5d757aba28b2,century,OCUL,2015-05-15,THERAPEUTIX,0,0,True,True,True,8,146386
33b6bf2c0c68f1d090744f31,century,AMSC,2015-05-28,,0,0,True,True,True,42,220233
3b1e0e3f381dbb32a7f9cc28,century,TDW,2015-05-28,,0,0,True,True,False,70,219847
a6cddb5dfec4cde13b01f06f,century,MX,2015-05-28,MAGNACHIP,15,0,False,False,True,40,219350
a0d2e96c7eb9658913e9eb01,century,HOV,2015-06-09,HOVNANIAN ENTERPRISES,48,0,True,True,True,30,212527
cfa9cc2807a6471d4277c1cc,century,ZUMZ,2015-06-09,Zumiez,10,0,True,True,True,8,110583
49afc56c4b433e9c56ec346e,century,TLYS,2015-06-11,TILLY'S,0,0,True,False,True,0,84206
5956cd834749148367c7225a,century,LAKE,2015-06-15,,0,0,False,False,True,20,102057
76fb04717bbda02f7479fbbe,century,MU,2015-07-10,,0,0,False,True,True,13,194518
a3c861d7d4636ee902492485,century,HLX,2015-07-22,SOLUTIONS,0,0,True,True,False,13,128188
ef5ee28d213eed784da7b6c9,century,AA,2015-07-22,ALCOA,313,0,False,True,True,11,196979
e3481b805383bb969c18331a,century,TZOO,2015-07-23,TRAVELZOO,0,0,True,True,True,154,210023
20795d87e8e09b51fc57a41d,century,TRN,2015-07-24,,0,0,True,True,True,55,176617
4ed107dd65814426318c83ea,century,FTI,2015-07-24,,0,0,True,True,True,37,101351
08f8207b7c5cf3bde107327c,century,B,2015-07-28,BARNES,2,0,False,True,True,14,99731
3413a929308002745ea2f2d0,century,IPI,2015-07-28,,0,0,True,True,True,15,113619
6ced1fdcb9a3dcdfae209c4d,century,SXC,2015-07-28,SunCoke,29,0,True,False,True,74,171785
8d82fd2b7cac223844f37c5c,century,NHTC,2015-07-28,TRENDS,0,0,True,True,True,9,88445
bf037856795cbc0fce7871b6,century,SXC,2015-07-28,SunCoke,89,0,True,False,True,29,125126
2e0e548dc690e083d2e6bd1f,century,PCRX,2015-07-30,Pacira,3,0,True,False,True,21,99823
3c419b3f2f5dbdec16ad96dc,century,OII,2015-07-30,OCEANEERING,0,0,False,True,True,8,80476
3d8d171d5beb655a7c7b557c,century,WRLD,2015-07-30,,0,0,True,True,True,20,96944
431027437e5f7064e775193f,century,TEX,2015-07-30,TEREX,34,0,True,True,True,106,175197
7da5e989e6edcaf90df5334a,century,VSEC,2015-07-30,,0,0,True,True,True,21,79943
99489ecf11bbb172e7823da8,century,AGI,2015-07-30,Affinion,0,0,True,False,True,228,178128
9ad68700a03744932b493992,century,OIS,2015-07-30,STATES,5,0,True,True,True,51,105418
f35624db05aa647ecd7f6495,century,ATI,2015-07-30,,0,0,False,True,True,94,145800
18dfe0f462abfe8f12862864,century,CNX,2015-07-31,,0,0,True,False,True,300,163920
58a4cbe3ed7dee7cbd0e26d9,century,CVEO,2015-07-31,Civeo,130,0,True,True,True,52,139667
9ba4788d68fd38efada2de48,century,MTZ,2015-07-31,MASTEC,52,0,True,True,True,2,220075
8fa2f092514a43cbf3f33fba,century,ARCT,2015-08-03,,0,0,True,False,True,18,57386
03a70d0493de35537080cf09,century,KODK,2015-08-04,EASTMAN,19,0,True,True,True,20,117233
2f7b8e59f49eae15dc35a643,century,LRN,2015-08-04,,0,0,True,False,True,3,165820
700f44a6d85d7e7e6678d904,century,GHM,2015-08-04,,0,0,True,True,True,13,60868
710bd3066dd746f3e0aa7af2,century,FSTR,2015-08-04,,0,0,True,True,True,0,93750
ffe17b7812176dc16406f7a9,century,ARWR,2015-08-04,,0,0,True,False,True,14,112137
01f48ead3dcfbe6bae63b156,century,OKE,2015-08-05,ONEOK,436,0,True,True,True,3,142357
11b460afadab2daa300e6e54,century,DNOW,2015-08-05,,0,0,True,True,True,27,94497
1a35bd1e220253df842a16ce,century,GNW,2015-08-05,GENWORTH,47,0,True,True,True,102,219045
2af388d240a4bfd41b4df391,century,CLNE,2015-08-05,Fuels,25,0,True,True,True,17,199778
2b1f32dfdcb16ed10fa7da6d,century,NOV,2015-08-05,OILWELL VARCO,0,0,True,False,True,20,123914
65d6f8bb4833ffc89d7dce8e,century,BVN,2015-08-05,BROADVIEW NETWORKS,0,0,True,True,True,11,73735
6761de1670065d9b81839bd2,century,NBR,2015-08-05,NABORS,83,0,True,False,True,13,149460
6a9c037ca2567f5bd934b2a6,century,RIG,2015-08-05,,0,0,False,True,False,124,129414
7f878ead2e15fa9e6b071715,century,MUR,2015-08-05,,0,0,True,True,True,14,101274
c6ca7740487afcdb374fb2b6,century,ENPH,2015-08-05,Enphase,1,0,True,True,True,17,164160
d1e22d1ebb9bea030b90f968,century,POWL,2015-08-05,POWELL,13,0,True,True,True,17,92669
d4e46640beaa2826f6f2a044,century,HHS,2015-08-05,HARTE HANKS,0,0,True,True,True,26,91800
ee5e85d507b6f8220bfc81f5,century,TROX,2015-08-05,Tronox,98,0,True,False,True,0,183187
19cad6eb4437e0442f7d8031,century,PLUG,2015-08-06,,0,0,False,True,True,22,78253
2192e0a98b6889e0883b8f14,century,HL,2015-08-06,HECLA,75,0,False,True,True,0,167382
b53d3678ee8626abd77075f8,century,ARLP,2015-08-06,,0,0,True,True,True,51,157741
b91498d5b537b6140cfb588d,century,TNET,2015-08-06,TRINET,13,0,True,True,True,15,219802
c2da24d07cf294d452fb5776,century,CRMD,2015-08-06,CorMedix,0,0,True,True,True,39,138974
ce7ae0c32d8952bf0f01e001,century,ATEN,2015-08-06,Networks,18,0,False,True,True,14,127134
eedebb64d9f9b7310eb9b4d5,century,RAIL,2015-08-06,FreightCar,7,0,False,True,True,15,105215
f044998294745fa154adab4f,century,CECO,2015-08-06,,0,0,True,True,True,26,166785
09731822c9ec803b4778ca6c,century,PSIX,2015-08-07,SOLUTIONS,6,0,True,True,True,22,199840
2691893b82154298bc8ed19b,century,LQDT,2015-08-07,SERVICES,39,0,True,True,True,23,132086
320c48aacb3605d0a8a6515e,century,APA,2015-08-07,,0,0,False,True,True,26,118766
6391521c61d4b35f1dcc8036,century,NATH,2015-08-07,NATHANS,0,0,True,True,True,0,99199
6ace005b2b798a27087e2a1d,century,GNRC,2015-08-07,GENERAC,0,0,True,True,True,14,97400
6f5e45b5a104d9a1f4a6f6ea,century,ANDE,2015-08-07,Andersons,0,0,False,True,True,37,109055
6fd5e3f1af7c6d7ca4b2bc1d,century,VRNS,2015-08-07,VARONIS,3,0,True,True,True,8,175487
944bd46495fd958a1621cfd5,century,KEX,2015-08-07,KIRBY,20,0,False,True,True,9,111228
a8eba9b0a3dcfcd3a6491316,century,GRPN,2015-08-07,Groupon,0,0,True,True,True,50,140546
cd9c2a68a2acc033a8d69545,century,EHTH,2015-08-07,eHealth,0,0,True,True,True,32,73064
d7f3522280dd47450747a90d,century,GEOS,2015-08-07,GEOSPACE,1,0,True,True,True,22,77512
e29814c0345a58fbc3be43d9,century,HP,2015-08-07,HELMERICH PAYNE,0,0,False,False,True,28,122643
1afa1966afef8a7b10e3b08f,century,OMER,2015-08-10,OMEROS,8,0,False,True,True,11,169505
2467c8e7343b19ddfc74de35,century,VSTM,2015-08-10,Verastem,0,0,True,True,True,9,58475
279a9cb5aea956bd6f491a5a,century,ARCT,2015-08-10,,0,0,True,False,True,39,147789
42c308a57707f0f0c5df84ea,century,APPS,2015-08-10,,0,0,True,True,True,44,78860
71977329fa845f3831d3ab07,century,OFG,2015-08-10,,0,0,True,False,True,52,210186
c8134eebb43640e998d9c170,century,PBYI,2015-08-10,BIOTECHNOLOGY,0,0,True,True,True,19,83243
d5e74546f4d43d535e9f4566,century,KPTI,2015-08-10,Karyopharm,2,0,True,True,True,10,213247
e9ed6fce6ad54c5e6cbc69da,century,KEYW,2015-08-10,KEYW,0,0,True,True,True,53,101649
0c0b984408fe12b2d69d4b0b,century,ARCT,2015-08-11,,0,0,True,False,True,26,138511
77c88e1c23de2bb21f85dcce,century,ENVA,2015-08-11,Enova,4,0,True,True,True,38,191445
09ff50206ed3b880824728de,century,ARCT,2015-08-12,,0,0,True,False,True,27,140209
4a75582edb923d5c66bd22e8,century,TRMB,2015-08-12,TRIMBLE,0,0,True,True,True,55,153192
98592e220b3c9e9dc7021692,century,ARCT,2015-08-12,,0,0,True,False,True,38,204338
087e7c7430b055057f99ba2e,century,LSCC,2015-08-13,,0,0,True,True,True,10,181441
2dc09af8d6ca377919f454f4,century,FOSL,2015-08-13,,0,0,True,True,True,0,137068
b911593ba07280bb98d8fd94,century,ARCT,2015-08-13,,0,0,True,False,True,27,172837
222653ac984df84041150df0,century,HLM,2015-08-14,COMPANIES,5,0,True,True,True,45,137767
493b05cb2ef3d2c811ac993f,century,LOCO,2015-08-14,Pollo,3,0,False,True,True,17,109609
c337a785caee9032a9b24b6e,century,GSM,2015-08-27,METALS,13,0,True,True,True,58,219222
d87a6ab234faab4cf819d810,century,MOV,2015-08-27,MOVADO,48,0,True,True,True,2,102066
cfd20d3f5b0597e91e294e42,century,MEI,2015-09-03,METHODE,2,0,True,True,True,25,72410
88a2677aead1c50a389213e8,century,SMTC,2015-09-04,SEMTECH,0,0,True,True,True,38,162463
e2b5b71be1158551edea62e1,century,AMBA,2015-09-08,,0,0,False,True,True,13,111810
f985b9aa98d8073289b99e17,century,TPC,2015-09-08,,0,0,True,True,True,13,140903
416d9a3e8d742de9f898fcba,century,FCEL,2015-09-09,FUELCELL,11,0,True,True,True,29,100138
ea488992921eaa1962cb98d0,century,BOX,2015-09-11,,0,0,True,True,True,55,171783
dc3a6cabd9afc8a4c3dcc06a,century,ARCT,2015-09-30,PROGRA,0,0,True,False,True,17,83758
05f680f5dd3b8d2fc5c09770,century,URI,2015-10-21,RENTALS,141,0,False,True,True,69,154212
8d091817a0e664f2a94e0360,century,WWW,2015-10-21,,0,0,True,True,True,0,112407
b0d11e815f7f4ed8683f33ad,century,BIIB,2015-10-21,,0,0,True,False,True,38,112733
cccb8f55e5b1c4e56344feb0,century,ASPS,2015-10-22,Altisource Solutions,103,0,True,True,True,31,187332
c62cc569f712c795c185e0fb,century,UIS,2015-10-23,UNISYS,12,0,True,True,True,21,98164
d5064a7efcee5a57eb0b7b6a,century,HUN,2015-10-27,,0,0,False,False,True,198,142466
355c228213c2da74193cdaaa,century,SM,2015-10-28,,0,0,False,True,True,21,165413
40fdc4abf9760a7d88632147,century,VECO,2015-10-28,VEECO INSTRUMENTS,77,0,True,True,True,21,79889
517d98905a16eb710b3a3a89,century,RRC,2015-10-28,,0,0,True,True,True,24,146352
ca68967d4aef2ef704bce74b,century,AR,2015-10-28,ANTERO,211,0,False,True,True,57,218152
cf5c2b3a135df40796d151ad,century,PTEN,2015-10-28,PATTERSON,1,0,True,True,True,13,137724
487083761e87682912caead4,century,GPRO,2015-10-29,GoPro,12,0,True,True,True,22,81023
5fead30c1f67a4fe4fe9bd6e,century,TNDM,2015-10-29,,0,0,True,True,True,10,216816
75bffead7ec9ee7f54c2a85d,century,QDEL,2015-10-29,QUIDEL,17,0,True,True,True,1,97958
94901d3f2fff41496eafaf0d,century,RYAM,2015-10-29,RAYONIER MATERIALS,29,0,True,False,True,23,80756
9874b917f544f9b2297e9590,century,CLF,2015-10-29,CLIFFS,35,0,True,True,True,21,150512
ce2b499ae4ac7b7c4b618084,century,SAIA,2015-10-29,SAIA,0,0,True,True,True,52,68681
df67924e03936d992c2c4fb3,century,IRDM,2015-10-29,Communications,8,0,True,True,True,10,126779
0d5bc133d1100ea1887322a0,century,ROG,2015-10-30,ROGERS,17,0,False,True,True,12,147922
5e6fbfd8fb207e4fecbdc219,century,FET,2015-10-30,,0,0,False,True,True,29,92145
5eaa974cd292c62dff6392e1,century,VRTS,2015-10-30,VIRTUS,12,0,True,True,True,19,133992
6ae07d449f2210895821b704,century,GBX,2015-10-30,COMPANIES,15,0,True,True,True,98,219076
c0c290041e31318f49c1e220,century,YELP,2015-10-30,,0,0,False,False,True,32,130871
c859c9dc0f54b7d40e10ed24,century,MOD,2015-10-30,MODINE MANUFACTURING,39,0,False,True,True,21,74295
e8bf5b4f0ddc3bfde8f8675d,century,STX,2015-10-30,Seagate,40,0,True,True,True,29,114323
fd9da60a8be9f8b298c3d5f9,century,WCC,2015-10-30,WESCO,81,0,True,True,True,80,98091
ffe22d31c463b21bacef58ab,century,DMRC,2015-10-30,Digimarc,0,0,True,True,True,57,90286
4ec65fcf9202c327ed7f7955,century,THC,2015-11-02,HEALTHCARE,21,0,True,True,True,18,115121
59af77d1e70563fc86433751,century,ILMN,2015-11-02,ILLUMINA,0,0,True,True,True,18,96562
a6cc3d8a7bdaf49cbfa97be1,century,CDE,2015-11-02,Coeur,49,0,True,True,True,46,153498
ce0caefe0efb5d8965fc1876,century,MPLX,2015-11-02,MPLX,0,0,True,True,True,139,111321
3d14b4cb3d3ba48c263146b8,century,RIGL,2015-11-03,,0,0,True,True,True,12,150875
99f47519a9e80dfc5eb45815,century,CYH,2015-11-03,,0,0,True,True,True,76,187605
d854b163aba82d6aaf7a1570,century,TRGP,2015-11-03,Targa,19,0,True,True,True,91,163136
1dcad74389d2829a58d2c74b,century,NRG,2015-11-04,,0,0,True,True,True,221,163155
2094c787ec2f13b228525858,century,UCTT,2015-11-04,,0,0,True,True,True,26,188675
27aa8e0053349fa3fada2262,century,XNCR,2015-11-04,Xencor,20,0,True,True,True,1,206742
2ee95d7258b4f9f7a7e2b43d,century,NRG,2015-11-04,GenOn,375,0,True,True,True,71,151416
38da22443a44e7dd6335501c,century,NRG,2015-11-04,,0,0,True,True,True,225,165939
5339ba4ce9158aa77399c057,century,AGEN,2015-11-04,AGENUS,12,0,False,True,True,10,125207
543afd2482a000566c5537bc,century,QUAD,2015-11-04,,0,0,False,True,True,111,166068
597b0ceacb88df4f157b31cb,century,NRG,2015-11-04,,0,0,True,True,True,462,170459
839c0fac83b4465d76c3ddfc,century,CENX,2015-11-04,,0,0,True,True,True,40,123799
8bea9753187b81e7a0cbbc31,century,DDD,2015-11-04,,0,0,True,True,False,35,119372
a44d247f3be187294196eba2,century,GTE,2015-11-04,GRAN TIERRA,60,0,True,True,True,25,116876
d29f251bf69c863e057fd9e4,century,EFOI,2015-11-04,,0,0,True,True,True,0,140572
13ca8d950cc36fc68c923f7e,century,ETSY,2015-11-05,ETSY,0,0,True,True,True,167,200356
2e93c042f8026be715514fcd,century,SRPT,2015-11-05,Sarepta,28,0,True,True,True,25,181689
4273b55715a1599bb7153c0d,century,NNBR,2015-11-05,,0,0,True,True,True,1,123426
6bcb3f8d76480e73f9f2345f,century,NOG,2015-11-05,,0,0,False,True,True,1,172972
94604ec26e1403f84563fb68,century,ABUS,2015-11-05,Biopharma,6,0,True,True,False,34,189622
a28a2100dd4d8126d14e58ae,century,SFM,2015-11-05,Sprouts Farmers,16,0,True,True,True,26,96891
a4696217d43a683d11699a27,century,KOP,2015-11-05,Koppers,0,0,False,False,True,175,145526
b87240e38d90ab714a4fc174,century,SPXC,2015-11-05,,0,0,True,True,True,50,186648
b9b49a8b124eb7677b7278c8,century,CLDX,2015-11-05,Celldex,2,0,True,True,True,9,104720
d9fe32d4fc330bc9b4058d34,century,AROC,2015-11-05,Archrock,0,0,True,True,True,56,143789
e5c31f002f876320c08c39a8,century,CDZI,2015-11-05,CADIZ,40,0,True,True,True,17,91274
fc9671022b5afec55c55caed,century,GSAT,2015-11-05,Globalstar,0,0,True,True,True,58,167355
095631c315844245651c8e28,century,AGIO,2015-11-06,AGIOS,6,0,False,True,True,8,121602
0d708a61818fbc3e7edfe0c9,century,ESI,2015-11-06,SERVICES,16,0,True,True,True,24,199186
10a68f5b14972d028c06801e,century,TDC,2015-11-06,TERADATA,69,0,True,True,True,1,96550
1688c2ae62aff597d8bb1883,century,ARCB,2015-11-06,ARCBEST,14,0,True,False,True,1,167077
273c4a68cfd782f81055643d,century,TWI,2015-11-06,,0,0,False,True,True,52,123010
2cde270baf4bea768aec35b0,century,PAGP,2015-11-06,PLAINS,52,0,True,True,True,39,193523
3126e11b40ea35f36768b776,century,WYNN,2015-11-06,VEGAS,32,0,False,True,True,263,109653
41589602b1889491980ad3c4,century,SSTK,2015-11-06,Shutterstock,0,0,True,True,True,21,135512
5889029c1514d44b027f581e,century,SHAK,2015-11-06,,0,0,True,True,True,48,119031
69f7a5c8665054dedfeb7e7f,century,CORT,2015-11-06,CORCEPT,4,0,True,True,True,14,147153
71e8293b12447a453181c8c9,century,NDLS,2015-11-06,NOODLES,0,0,True,True,True,13,74980
7b0ed10f9261d057e3fa86e8,century,FCX,2015-11-06,FREEPORT-MCMORAN,0,0,True,True,True,129,137331
9299d8139892a0596c557e27,century,MDXG,2015-11-06,MIMEDX,22,0,True,True,True,15,86590
95b9ff3d8c4a11af721281b5,century,WTI,2015-11-06,,0,0,True,True,True,63,188773
9f4b8eac5c1e520c049afb00,century,OSUR,2015-11-06,ORASURE,4,0,True,True,True,37,99014
b057d23a2ba59f5f761285d9,century,WYNN,2015-11-06,RESORTS,13,0,False,True,True,370,194536
c04a6e41507425e1ea0bbdb2,century,SEDG,2015-11-06,SolarEdge,0,0,True,True,True,35,73591
cfd7fec0cfab839f36ebe653,century,PAA,2015-11-06,PLAINS,56,0,True,True,True,51,195090
e4675e615ad5daa7db842786,century,BCRX,2015-11-06,BIOCRYST,7,0,True,True,True,13,129536
ecec5d72eaae96654b449472,century,PDFS,2015-11-06,SOLUTIONS,63,0,True,True,True,9,112316
031231f9b481daadd15b4bf3,century,OPK,2015-11-09,Opko,68,0,True,True,True,20,196539
39c1404af7efc83885e45e7c,century,DECK,2015-11-09,DECKERS,2,0,False,True,True,25,143746
400ef62d57a67b564a0c6a07,century,MMI,2015-11-09,Marcus Millichap,4,0,True,True,True,46,114378
59290e59a51d67bdb443ce3c,century,ORN,2015-11-09,,0,0,True,True,True,20,115394
5db39f625cdaf388f6c13448,century,NVAX,2015-11-09,NOVAVAX,0,0,True,True,True,26,128494
627c3f0bf144701dbc0d694d,century,LXU,2015-11-09,,0,0,True,True,True,30,204722
64b2c6eeb7ca155088a88146,century,INO,2015-11-09,INOVIO,11,0,False,True,True,45,179789
8d4febb1581e56c293658b76,century,LPSN,2015-11-09,LIVEPERSON,0,0,True,True,True,33,137510
8dee5f160062dff929ba13d9,century,NGL,2015-11-09,,0,0,True,True,True,87,168867
92fd955b6a055a507d141f4f,century,EZPW,2015-11-09,EZCORP,48,0,True,True,True,0,145115
a7a18df7a1634a46424f6750,century,BKD,2015-11-09,Brookdale,29,0,True,True,True,20,168194
aa56086da0b4c389738fcc00,century,DXPE,2015-11-09,ENTERPRISES,0,0,True,True,True,26,95181
b2a773313c3b9ad6f7ef4e64,century,ACTG,2015-11-09,,0,0,True,True,True,33,132703
b6e0bf293d333d657d3a8c59,century,PTCT,2015-11-09,,0,0,True,True,True,9,134918
c92a5674c83437af0c191ae5,century,MNKD,2015-11-09,MANNKIND,0,0,True,True,True,54,148084
79307aca48268f22e79c77c3,century,BOOT,2015-11-10,,0,0,False,True,True,44,142404
b9362330c6649fa89ab91940,century,WDC,2015-11-10,,0,0,True,True,True,26,216467
155a7a774b287c118d18fa87,century,GRBK,2015-11-12,,0,0,True,True,True,31,137040
4d4b16ab48f26f461d460ab6,century,LPCN,2015-11-12,Lipocine,0,0,True,True,True,151,113786
aed50b05b16f548a434bf322,century,DAR,2015-11-12,INGREDIENTS,63,0,False,True,True,21,193807
534c37f26bbe5a30e01ff21e,century,GNK,2015-11-13,GENCO,254,0,True,True,False,76,205283
772174487db74c251afcac8b,century,PKOH,2015-11-13,,0,0,True,True,True,0,96331
c0a79af8e1a07dbc87ee6a67,century,CPA,2015-11-16,ASSOCIATES,13,0,True,True,True,114,199843
4f8ae1d9b5573d4cf6349b0b,century,M,2015-12-01,Macy's,56,0,False,False,True,66,82280
aabe9d889be0479fc8e6a752,century,LE,2015-12-03,LANDS',0,0,False,True,True,30,115829
9a66d224957125b1e1c4c96c,century,DDS,2015-12-04,DILLARDS,0,0,True,True,True,4,66324
10ba78493ac09a5d4a1db6f4,century,ZUMZ,2015-12-08,Zumiez,9,0,True,True,True,9,115222
226c48be18586cecf81ee3e5,century,URBN,2015-12-08,OUTFITTERS,0,0,True,True,True,29,99559
4cdc5c0bf2f202cd59650055,century,CRMT,2015-12-08,AMERICAS CARMART,0,0,True,True,True,0,116562
93ac9517f7b14da1c284254e,century,CMTL,2015-12-09,COMTECH TELECOMMUNICATIONS,88,0,True,True,True,0,154819
e2c5862e4992db42fe471a90,century,VRA,2015-12-09,,0,0,True,True,True,33,88571
25644c14eddd340dd915bca7,century,IDT,2015-12-10,,0,0,True,False,True,75,88017
88322999898649edf2efd387,century,VNCE,2015-12-10,,0,0,True,True,True,17,133560
b889e497b7d2b09aaa0c8944,century,UNFI,2015-12-10,FOODS,20,0,True,True,True,18,83420
3b5e678509fd531ba6d0d799,century,HOV,2015-12-18,HOVNANIAN ENTERPRISES,74,0,True,True,True,16,219871
4cf7f4444c3739d2661966a2,century,AVXL,2015-12-29,ANAVEX SCIENCES,52,0,True,True,True,43,180455
a04b4d6dd1ad690761e292b5,century,BBBY,2016-01-07,,0,0,True,False,True,16,75984
51f6a29094aaacd344a19a86,century,MU,2016-01-08,,0,0,False,True,True,10,181993
dae2ef519fc4678adce07d80,century,ANGO,2016-01-08,ANGIODYNAMICS,0,0,False,True,True,32,102931
9b4db1cd66192a4e6ceb9cc2,century,LIVE,2016-01-13,VENTURES,2,0,False,True,True,48,200447
2b65c1b66bba8e7160f74dde,century,FTK,2016-01-27,FLOTEK,68,0,True,True,True,2,210983
5dfb1ee3e55819420b196d88,century,CMCO,2016-01-28,COLUMBUS MCKINNON,0,0,True,True,True,13,140396
6f54614e5988e85ad28555de,century,EXP,2016-01-29,MATERIALS,31,0,True,True,True,17,185424
47e96fc869183b9e6d2b9fba,century,ARAY,2016-02-01,ACCURAY,0,0,True,True,True,24,132802
ad5b66a81ce6b4b5aeb65476,century,NTCT,2016-02-02,NETSCOUT,78,0,True,False,True,12,162583
ffbd8f32158070348d2dcfa3,century,TDW,2016-02-03,,0,0,True,True,True,50,141206
48e427721853d5ec23e42469,century,BZH,2016-02-04,BEAZER HOMES,71,0,True,True,True,28,149464
5bf85daa2f21a2f01ea3e92f,century,GEOS,2016-02-04,GEOSPACE,1,0,True,True,True,21,73332
9290dfa825e69d616158242d,century,RGLD,2016-02-04,,0,0,True,True,True,115,127610
99f4cefd611becf880a693f0,century,HZO,2016-02-04,MARINEMAX,0,0,True,True,True,18,84410
f24a8e73c4bc6c9fc484c151,century,MBUU,2016-02-04,Malibu Boats,48,0,True,True,True,90,138759
1e89e6417da8e14a5edc696a,century,FLWS,2016-02-05,FLOWERS,2,0,True,True,True,50,121603
596dec7a722366e2f93f902b,century,LQDT,2016-02-05,SERVICES,31,0,True,True,True,18,113287
90250b647cac64fb0586077a,century,WRLD,2016-02-05,,0,0,True,True,True,18,122903
e8aa57689eb756c65fe5813c,century,CNX,2016-02-05,,0,0,True,False,True,268,218887
65251725b021d2159918a6f1,century,KMT,2016-02-08,KENNAMETAL,0,0,True,True,True,64,113546
0cc8895df6485ebd70c4d8ea,century,AXON,2016-02-09,Axovant Sciences,21,0,False,True,False,16,134018
498c68c1b7d2242dd837e529,century,ARWR,2016-02-09,,0,0,True,False,True,17,98669
853c9dcd6eb4409c1e1b9874,century,HAIN,2016-02-09,,0,0,False,True,True,34,137757
a9378b92d453c470fa5b08b9,century,ENTA,2016-02-09,ENANTA,0,0,True,False,True,24,208139
05766299ef7081b96517ac94,century,NBIX,2016-02-11,NEUROCRINE BIOSCIENCES,12,0,True,True,True,18,138767
b7d4eb53d54c5859f5267459,century,AB,2016-02-11,ALLIANCEBERNSTEIN,14,0,False,True,True,467,222369
e33a1ecf89d58929827bf5e0,century,BWA,2016-02-11,BORGWARNER,0,0,True,True,True,51,120368
07d7e44b379176f64e131caa,century,R,2016-02-12,,0,0,False,True,True,42,200564
58be034beda7629a6dc0eb65,century,ALNY,2016-02-12,ALNYLAM,24,0,True,True,True,13,219829
7e79591f15b7cd3e0c4ff66b,century,VRNS,2016-02-12,VARONIS,5,0,True,True,True,18,129398
9a9d43ecdbe1eb685c73ce69,century,INCY,2016-02-12,INCYTE,30,0,True,False,False,38,219965
9d28abcd68fd230d728fbbd5,century,ZG,2016-02-12,ZILLOW,177,0,False,True,True,18,219917
c66ff671d96b59904fec4649,century,MERC,2016-02-12,,0,0,True,False,True,43,219386
c94ea21127696e52f1965d66,century,KMPR,2016-02-12,KEMPER,196,0,True,True,True,39,219962
ed4d0c810710be32e21986ec,century,VNDA,2016-02-12,,0,0,True,False,True,27,205597
f087d42b20f8aee6e2ba9221,century,GRPN,2016-02-12,Groupon,0,0,True,True,True,83,220034
f7e5494d7f2cc453dff44325,century,VTR,2016-02-12,VENTAS,103,0,True,True,True,10,219983
6913e3351fd792e8fefbd9d6,century,OI,2016-02-16,OWENS,101,0,False,True,False,10,220125
79f920632fb22ebcc3250486,century,KMI,2016-02-16,KINDER,3,0,True,True,True,125,219924
7ffbb39f40340e65c57df290,century,VRTX,2016-02-16,,0,0,True,True,True,0,217455
d9f1f61b70c02c09222c5ce8,century,LBTYA,2016-02-16,,0,0,True,True,True,224,218730
548345fc9836096e02ecc3e5,century,SHOP,2016-02-17,SHOPIFY,0,0,False,True,False,82,220063
768f5cb4d2165b1aa124b7fa,century,GPI,2016-02-17,,0,0,True,False,True,22,219977
938c231efa643223863cff24,century,DVN,2016-02-17,,0,0,True,True,True,0,183193
2a981211f3b323568de222d9,century,NUS,2016-02-18,ENTERPRISES,0,0,True,True,True,42,173554
30999807d5f55a84f26682a8,century,TCBI,2016-02-18,BANCSHARES,13,0,True,False,True,1,220069
7bc703e61671c62fdd4f6c50,century,GPRE,2016-02-18,Plains,0,0,True,True,True,176,219251
9096949b6b3632beb7ed87af,century,SXC,2016-02-18,SunCoke,65,0,True,True,True,28,219477
b456330e49b38684c665c34e,century,SXC,2016-02-18,SunCoke,42,0,True,True,True,46,219671
b52139f9d8ffe61b77c9c0da,century,AMD,2016-02-18,DEVICES,4,0,True,True,True,163,220557
bbd8674b0449b5c81797fe37,century,DAN,2016-02-18,,0,0,False,False,True,14,170062
1493d126bd897a8752b430ba,century,LNG,2016-02-19,CHENIERE,197,0,True,True,True,231,220734
1cea6091e9ade32deefaaa44,century,CVI,2016-02-19,,0,0,True,True,True,42,219995
1fa9f205dac38968c8a803da,century,ABG,2016-02-19,ASBURY,1,0,True,True,True,21,181054
484394667dab1e4d275ba868,century,CCS,2016-02-19,Communities,31,0,True,True,True,24,219751
5244234d07e7614c93782619,century,AA,2016-02-19,ALCOA,475,0,False,True,True,6,220061
5f3d25c1d478914fbbc0b424,century,MOS,2016-02-19,,0,0,True,False,True,39,220122
8124200527e0e8c050fbb777,century,TRN,2016-02-19,,0,0,True,True,True,53,203854
8a66301117a53109de9fb7c1,century,PII,2016-02-19,,0,0,True,True,True,191,149615
934d9f1e3066db607845a994,century,NMIH,2016-02-19,,0,0,True,True,True,84,220107
c45e492fded71017287c95ca,century,HRTX,2016-02-19,,0,0,True,True,True,2,169805
cd6be97a5df63e1e3710de0b,century,KN,2016-02-19,Knowles,0,0,False,True,True,68,220088
d4d15d411d6c1813f4efa7e5,century,NOV,2016-02-19,OILWELL VARCO,1,0,True,True,True,34,151119
fae4e52113632dc0bda1dc18,century,OII,2016-02-19,OCEANEERING,19,0,False,True,True,36,164490
fef82bbd21e1848450edcb1e,century,IRWD,2016-02-19,,0,0,True,True,True,38,219477
055f4b6e1f6a34ad61ac962c,century,OIS,2016-02-22,STATES,29,0,True,True,True,39,182964
0ba35654eabd6a53483777af,century,MX,2016-02-22,MAGNACHIP,14,0,False,False,True,44,219255
12c356c160352897c01cb717,century,SBRA,2016-02-22,,0,0,True,False,True,39,219315
389cc9fe559c1e9689317477,century,CLW,2016-02-22,Clearwater,3,0,True,True,True,19,149498
434a29d80215ac4a8384e565,century,PEB,2016-02-22,Pebblebrook,10,0,True,True,True,20,219805
4907e125fff12f16913c4247,century,AMKR,2016-02-22,AMKOR,37,0,True,True,True,34,165862
b9dcbdc7c7a796c90636b923,century,KOS,2016-02-22,Kosmos,31,0,False,True,False,48,219865
25e5a4ff16a8fdfd653ccb9c,century,OKE,2016-02-23,ONEOK,651,0,True,True,True,3,220080
a920ec48c2279582d4868a66,century,DNOW,2016-02-23,,0,0,True,True,True,36,171535
c0ea24a23098b47f9d5798ad,century,ANIP,2016-02-23,,0,0,True,True,True,100,219670
d4632f037d3c41b38d1419cc,century,COP,2016-02-23,CONOCOPHILLIPS,0,0,False,True,True,113,219409
19f35baf0a1e701f492da338,century,CG,2016-02-24,Carlyle,0,0,False,True,True,117,220182
4dcda65d3f160e9c2291b481,century,FTI,2016-02-24,,0,0,True,True,True,70,159090
4e88b5d7681f1eeb34c1da31,century,FMC,2016-02-24,Fresenius KGaA,121,0,True,True,False,73,220056
5752549cd9805a663b56b9cc,century,SPSC,2016-02-24,,0,0,True,True,True,30,146060
625e799949a884f38c509130,century,INVA,2016-02-24,Innoviva,0,0,True,True,True,59,217825
69d06e319aa9c33859004af5,century,ECPG,2016-02-24,,0,0,True,True,True,98,219497
769de403baa3dfc155cace7c,century,WLK,2016-02-24,WESTLAKE,0,0,True,True,True,105,219467
7827ca36568af127ac361e35,century,UVE,2016-02-24,,0,0,True,True,True,88,220024
8fde8e35863ffd9ce33528a4,century,ATRO,2016-02-24,ASTRONICS,0,0,True,False,True,75,160757
a5795e4832ccdae0f9e15734,century,CAR,2016-02-24,,0,0,False,True,True,288,182530
fd581a57d333a864bfd8bde3,century,TEN,2016-02-24,TENNECO,0,0,False,True,True,112,219921
086cd6b1ea27e73d27fe9498,century,NAVI,2016-02-25,NAVIENT,0,0,True,True,True,334,197372
0b00a0aa2fbe98c10646b99e,century,NOW,2016-02-25,ServiceNow,0,0,False,False,True,21,196810
0c31eb69f607b5db5a7f6bcc,century,MTRN,2016-02-25,MATERION,0,0,True,True,True,42,211363
0f7469495b6037394f40b9c0,century,LNC,2016-02-25,,0,0,True,True,True,48,220014
10248a2db770081dd3e641b8,century,BG,2016-02-25,Bunge,242,0,False,True,True,2,192120
183ff23605d41a6b0b0fe0f6,century,CC,2016-02-25,Chemours,0,0,False,True,True,261,200269
399751a798be461462353899,century,WES,2016-02-25,,0,0,False,True,True,26,219754
3f80db6c7c1f39b2c942528b,century,LPLA,2016-02-25,,0,0,True,True,True,95,208884
4ee649f816f3560092a3f546,century,RIG,2016-02-25,,0,0,False,True,True,164,220054
4f771afdd3d05bec5d282df5,century,PRTA,2016-02-25,Prothena,0,0,True,True,True,50,184675
5438f83a6d0b7e814d01f297,century,BCC,2016-02-25,BOISE,14,0,True,True,True,91,219533
57815c7efaf7c1868e6ca1f8,century,APAM,2016-02-25,,0,0,True,True,True,81,219080
6457b9f727a74d7027b12705,century,VAC,2016-02-25,MARRIOTT VACATIONS WORLDWIDE,162,0,True,True,True,41,196777
8f9f667b999dd80a94468de6,century,JLL,2016-02-25,LANG LASALLE,81,0,True,True,True,78,219929
99928feb0db704e57f8e3b5a,century,PCRX,2016-02-25,Pacira,20,0,True,False,True,38,219437
9dfc8bfd2797b3ff420cb87a,century,TROX,2016-02-25,Tronox,114,0,True,False,True,1,220069
a036527121beb978ba7dd62e,century,GOGO,2016-02-25,,0,0,False,False,True,51,220194
b09d41a5dbb8b32b2a669981,century,ALKS,2016-02-25,,0,0,True,True,False,145,220125
b3c1b3b475abad15e3f7a75b,century,VOYA,2016-02-25,Voya,0,0,True,True,True,91,219443
cf2edb2877e47c2d9b6a45c5,century,TTMI,2016-02-25,,0,0,True,True,True,67,198387
d7ac5680fccbb768573d6e8d,century,INSM,2016-02-25,INSMED,16,0,True,True,True,80,192784
db10b70415f5160ede137e4c,century,AMRN,2016-02-25,,0,0,True,False,False,0,220065
dceafb48869b6bcbfb987c10,century,AMG,2016-02-25,AFFILIATED MANAGERS,3,0,True,True,True,64,186611
e3c1ccb4b4ec64e47ae5c7c7,century,LAZ,2016-02-25,Lazard,132,0,False,True,True,72,220005
ec06a4756b8ab6296d2c4908,century,BDC,2016-02-25,BELDEN,49,0,True,True,True,36,157284
f5db192e3854c5c38599d740,century,CF,2016-02-25,,0,0,False,True,True,249,219464
278548dc0e87326511634ea8,century,IMMR,2016-02-26,,0,0,True,True,True,73,138792
2ff130e1ced3d4ab626e63d2,century,APA,2016-02-26,,0,0,False,True,True,41,219950
33b7b75ec744dec17034c4a1,century,PKG,2016-02-26,PACKAGING,85,0,True,False,True,1,176363
3e5d46d0a59662fbbb88aee0,century,GNW,2016-02-26,GENWORTH,63,0,True,True,True,44,219640
505729d9c86f589494c5b037,century,PSIX,2016-02-26,SOLUTIONS,7,0,True,True,True,18,219628
546ef0c17c2317f9839e3cfc,century,FTNT,2016-02-26,FORTINET,0,0,True,True,True,41,208555
57d372effab16651a39dddbd,century,CRK,2016-02-26,COMSTOCK,18,0,True,True,True,46,198669
5844a827ccef936a8aeb6808,century,SUN,2016-02-26,Sunoco,109,0,False,True,True,38,220146
5b3201ce26c27467848fbff1,century,TXMD,2016-02-26,TherapeuticsMD,0,0,True,False,True,31,197304
5dec354e2024a1c0037bdc28,century,RARE,2016-02-26,Ultragenyx,5,0,False,True,True,52,176045
6a0bada666606bb554ac9fdd,century,MPC,2016-02-26,,0,0,True,True,True,75,220310
6e732e8d226e1dfcde5ec1c4,century,MTG,2016-02-26,MGIC,116,0,True,True,True,21,219847
743968d334338500c5192ceb,century,WEX,2016-02-26,,0,0,True,True,True,167,220685
8f6c44fb2d999cf17125f862,century,NBR,2016-02-26,NABORS,82,0,True,True,False,17,219914
8fc4d275557ee6dc0e793418,century,ATI,2016-02-26,,0,0,False,True,True,169,175977
94cce296939e3af45627a657,century,SLM,2016-02-26,,0,0,True,True,True,77,195545
98c1321b98de3c443f7a6293,century,ARLP,2016-02-26,,0,0,True,True,True,48,220257
9dbf33800a6583f1908d5658,century,IONS,2016-02-26,IONIS,74,0,True,True,False,36,219614
a95fdb8d7c1570f7484dc119,century,WMB,2016-02-26,WILLIAMS COMPANIES,69,0,True,True,True,41,219535
ac69033b2adf8e24592c1e00,century,GEL,2016-02-26,,0,0,False,True,True,3,220080
accdb8c1e353b41761fb0a76,century,MUR,2016-02-26,,0,0,True,True,True,59,161721
b491903764bf2e11affa2891,century,RDN,2016-02-26,,0,0,True,True,True,8,220014
cf8cbeba2a6cda50be115b92,century,KKR,2016-02-26,,0,0,True,False,True,139,220749
e4d068b9a50dc1699a67a815,century,PRAA,2016-02-26,,0,0,True,True,True,5,212699
e85cc0c3a6008451609e6497,century,FMC,2016-02-26,,0,0,True,True,True,254,213869
ec7a791153f2d635b2a20a01,century,RWT,2016-02-26,,0,0,True,True,True,39,220080
f42ad3caeb0ed79ebd88419d,century,KFRC,2016-02-26,KFORCE,213,0,True,True,True,41,158258
fd899833056bbab6c316c0ef,century,QLYS,2016-02-26,QUALYS,21,0,True,True,True,22,135754
0fa10f4fa37f362a095d43f1,century,TPC,2016-02-29,PERINI,3,0,True,True,True,40,117457
14d76a1f75869207babf9bdc,century,BMRN,2016-02-29,BIOMARIN,14,0,True,True,True,57,219028
183011b6c13016750e56ab96,century,GLP,2016-02-29,,0,0,True,True,False,31,219800
1e008b7ad184898fc4f311b6,century,DK,2016-02-29,Delek,177,0,False,True,True,75,219087
27a2233579f14bdb4fb944e8,century,HNI,2016-02-29,,0,0,True,False,True,68,146206
300a63af777bc1806f659d60,century,DK,2016-02-29,Delek,332,0,False,True,True,31,219445
36e02c40366a40b588eb3594,century,MGNX,2016-02-29,MACROGENICS,0,0,True,True,True,27,158048
3c260e36028e7e5a5d4448c7,century,HLX,2016-02-29,SOLUTIONS,0,0,True,True,False,35,201722
478b0f61a9f243568723f6d4,century,FOSL,2016-02-29,,0,0,True,True,True,15,205001
4d156e58795ea039ac995fff,century,APEI,2016-02-29,,0,0,True,False,True,71,219488
5f7cb02ac478977a1140579e,century,RMTI,2016-02-29,ROCKWELL,17,0,True,True,True,39,136091
701a7de15fe34eda38f81c9b,century,XPO,2016-02-29,,0,0,True,True,True,109,220034
71845847dd033e0b3c8df236,century,ANDE,2016-02-29,Andersons,0,0,False,True,True,51,219833
78a377913cc5d89aa4e9dbcf,century,IPI,2016-02-29,,0,0,True,True,True,55,211952
81156215aa35e8ba9682d25d,century,ZBRA,2016-02-29,,0,0,True,True,True,39,184842
8b0b535143005c57e18f4886,century,MTDR,2016-02-29,,0,0,True,True,True,20,219857
99bc0523939b987b9ff7cf2b,century,CLMT,2016-02-29,Products,188,0,True,False,True,8,219875
9b8fc3b92479ac01645a867c,century,PBYI,2016-02-29,BIOTECHNOLOGY,2,0,True,False,True,23,156904
9e39657527b7a1205470de67,century,EVH,2016-02-29,Evolent,19,0,True,True,True,304,210201
ab0f96f2e6a8cb37fea8467e,century,CHRS,2016-02-29,Coherus BioSciences,17,0,True,False,True,23,219758
af5546e426623365ea9c1302,century,EXEL,2016-02-29,EXELIXIS,0,0,True,False,True,31,219961
c3f4a5fd8d892d7c41718317,century,HALO,2016-02-29,HALOZYME,60,0,False,True,True,31,159057
d7d9dbd350f4a36049e94f2c,century,ACAD,2016-02-29,,0,0,True,False,True,31,160785
ed6ebbd2f07117091c2f93f5,century,RUSHA,2016-02-29,ENTERPRISES,23,0,True,True,True,0,156418
f4c0460e7501abe422ab4a9d,century,MMLP,2016-02-29,,0,0,True,True,True,18,219774
f7cda7b1dfb3241707b4f596,century,CECO,2016-02-29,,0,0,True,True,True,40,209845
fb2bf2f4661d5138f52e13c5,century,AHT,2016-02-29,ASHFORD,175,0,False,True,True,23,219696
133c57e2a1af45185e7cac4d,century,SF,2016-03-01,STIFEL,125,0,False,True,True,25,219814
ca2841fe8a7ce4cb03597d45,century,ENPH,2016-03-01,Enphase,9,0,True,True,True,47,187190
25ea387360a89f1453b5ce9c,century,MEI,2016-03-03,METHODE,2,0,True,True,True,30,101860
2a931a8203ed4881283a3b4e,century,CYTK,2016-03-03,CYTOKINETICS,0,0,True,True,True,84,219737
8037d405ffdd61795c7ff8ac,century,CLNE,2016-03-03,Fuels,23,0,True,True,True,42,219451
e493f6d90e69825587281991,century,TDOC,2016-03-03,Teladoc,0,0,True,False,True,90,217037
0efc080d5d82df2844b35f3c,century,RAIL,2016-03-04,FreightCar,13,0,False,True,True,63,205979
6c3195b473793a227516dd1a,century,ATRA,2016-03-04,Atara Biotherapeutics,33,0,True,True,True,19,205926
d3032b32cc94e7162021b7fe,century,NHTC,2016-03-04,TRENDS,1,0,True,True,True,24,169157
e608c654e9b79cde7ed5914c,century,CHGG,2016-03-04,CHEGG,34,0,True,True,True,15,163752
5ff9547a1a089a71ee92e796,century,CSTE,2016-03-07,CaesarStone Sdot-Yam,86,0,True,True,False,65,219828
85f68645c74d704d5c49f152,century,ENVA,2016-03-07,Enova,10,0,True,True,True,20,219809
9f37b529bbdb8690a9fb06fa,century,HRTG,2016-03-08,,0,0,True,False,True,29,219577
40a8c4ddc13c6a2d273fec4a,century,GERN,2016-03-10,GERON,31,0,True,True,True,34,220003
8ee94d19323a34e7593edcc7,century,KRO,2016-03-10,KRONOS WORLDWIDE,20,0,True,True,True,19,122730
a48923b24326a55c7e514b97,century,RPD,2016-03-10,Rapid7,17,0,True,True,True,20,219994
d9350529418028bc9b423e17,century,FCEL,2016-03-10,FUELCELL,12,0,True,True,True,29,97512
ddaea401f3ebd5ea117bf0fd,century,OCUL,2016-03-10,THERAPEUTIX,0,0,True,True,False,11,219934
de5432fbbab317d3c5a111fd,century,IRMD,2016-03-10,IRADIMED,0,0,True,True,True,28,175923
232f0da1ca7588542dddfb46,century,RUN,2016-03-11,Sunrun,16,0,False,True,True,23,220044
39c326b4c216763822a7e7fd,century,BLDR,2016-03-11,Builders FirstSource,14,0,True,True,True,22,219785
87b3300b5d9a4f06edadd338,century,KTOS,2016-03-11,KRATOS SOLUTIONS,50,0,True,False,True,40,218890
b2ec052af01836538d9fb786,century,LOCO,2016-03-11,Pollo,17,0,False,True,True,56,219383
c127ed324eb564d43d77e5de,century,PACB,2016-03-11,BIOSCIENCES,3,0,True,True,True,19,154336
dd6ca419ec7594f53df3eafc,century,ADUS,2016-03-11,Addus HomeCare,84,0,True,True,True,83,204004
273762f0b0bdfd027832a65c,century,FBP,2016-03-14,,0,0,True,True,True,0,220065
2b34c46863ceb5e5421d4461,century,KNDI,2016-03-14,Kandi,108,0,True,True,True,26,177225
4b55c626f0252fb2cd7a8e7a,century,MCRB,2016-03-14,,0,0,True,True,True,21,196827
c4103c8b2783e7922b247ba4,century,FBP,2016-03-14,,0,0,True,False,True,3,220080
01d75b305a171e3513ea2681,century,VHC,2016-03-15,VirnetX,0,0,True,True,True,57,171769
44b1c4e02bd0170d3c33c337,century,OFG,2016-03-15,,0,0,True,False,True,11,220047
6bb156b3fb869f3810d0c842,century,KEYW,2016-03-15,KEYW,0,0,True,True,True,90,218878
6bdd5071b32a6eb765bc24e6,century,CPA,2016-03-15,Associates,18,0,True,True,True,106,220595
6d6c0abf3ae5e2c88868746f,century,BVN,2016-03-15,BROADVIEW NETWORKS,5,0,True,True,True,30,158957
927707a97cdb0b2c9c193873,century,TGTX,2016-03-15,,0,0,True,True,True,54,182855
cc2ebd56c57e7554632b84bf,century,GKOS,2016-03-15,GLAUKOS,0,0,True,False,True,34,220013
e4a87d087871d8d94e3ebf60,century,KPTI,2016-03-15,Karyopharm,12,0,True,True,True,27,195323
2a7287b51e7e2bef994d7650,century,BBW,2016-03-17,,0,0,True,True,True,46,130540
81bd2200e907f2d69ee8902c,century,ATHM,2016-03-17,Autohome,0,0,True,True,False,106,220023
3a311fbcb3a7fa0614dee717,century,COLL,2016-03-18,,0,0,False,True,True,48,219292
754002ac8e8bb1e8e10dc5de,century,FRO,2016-03-21,FRONTLINE,0,0,False,True,False,242,219841
98256200c8f17ffb063a7e2b,century,SSYS,2016-03-21,STRATASYS,0,0,True,False,False,136,219764
45d0a2b984355deb8672638d,century,ATI,2016-03-22,AMERICATOWNE,0,0,False,True,True,87,154192
338f5a98680e27b56f06ffb5,century,HLIT,2016-03-24,,0,0,True,False,True,51,220008
b86f330bbebce8c893e1abaf,century,NTRA,2016-03-24,Natera,8,0,True,True,False,15,220021
a896e32a686c52b2e1c4e003,century,AMBA,2016-03-25,,0,0,False,True,True,25,203329
5a0e5cb642424c5e5b201137,century,MTCH,2016-03-28,,0,0,True,False,True,62,195869
ca2e5d49709966be53aa80f7,century,DSX,2016-03-28,,0,0,True,True,False,55,219561
1ad8d9dc3a47d246f86f863d,century,RH,2016-03-30,,0,0,False,True,True,76,219819
c43b3e95ae5157ff515b6307,century,TNET,2016-04-01,TRINET,15,0,True,True,True,17,219925
9930f56af091f18f6d17e628,century,ASC,2016-04-06,Ardmore,168,0,True,True,False,88,217577
6029f65f65b6fc6ca0ba5ffd,century,CSIQ,2016-04-20,,0,0,True,True,False,7,220018
af8357129006153435689d19,century,URI,2016-04-20,RENTALS,74,0,False,True,True,55,106150
05978b8afcc775de061c6a4d,century,XNET,2016-04-21,Xunlei,89,0,True,True,False,1,220069
79db71451e2ab06bf76146f9,century,RDWR,2016-04-21,RADWARE,0,0,True,True,False,64,220038
090fd8f6fb1b5b508d75039c,century,VIPS,2016-04-22,Vipshop,0,0,True,False,False,48,220116
189479d35c35f846e52990df,century,CMCM,2016-04-22,,0,0,True,True,False,20,219945
1d77920e50ee06f5c32a131c,century,TK,2016-04-26,TEEKAY,555,0,False,False,False,18,220020
7899067f704423cb85033ff3,century,CMRE,2016-04-27,Costamare,0,0,True,True,False,64,219926
8238d5adce521d4485371d1d,century,TNK,2016-04-27,TEEKAY TANKERS,276,0,True,False,False,62,219459
96c32410b075465e278b8b14,century,CMG,2016-04-27,CHIPOTLE,8,0,True,True,True,18,52748
dc44977752d4e1c385a22382,century,LRN,2016-04-27,,0,0,True,True,True,12,119844
855ee9ec7a75a31c924dcdd0,century,TOUR,2016-04-28,Tuniu,73,0,False,True,False,33,220173
bc47592a2fa7926bdfc3eb8f,century,STX,2016-04-29,Seagate,42,0,True,True,True,23,134757
d61e76472880c96e36d87b83,century,UIS,2016-04-29,UNISYS,10,0,True,True,True,18,72288
0b7b41138744f6cf9b2cdc1d,century,GLNG,2016-05-02,GOLAR,390,0,True,True,False,31,220024
18cacc896d14ff8759896230,century,THC,2016-05-02,HEALTHCARE,35,0,True,True,True,21,175580
39f4455383c0a81026e2600b,century,XNCR,2016-05-02,Xencor,21,0,True,True,True,1,79227
d43953746596c5fcc880269a,century,MPLX,2016-05-02,MPLX,0,0,True,True,True,143,207658
4987b220ee694ae001afe90b,century,RYAM,2016-05-03,RAYONIER MATERIALS,6,0,True,False,True,19,54761
78199065991b7bda6ec322d1,century,CYH,2016-05-03,,0,0,True,True,True,75,187094
ae374cc772f6f5c21d8fdf73,century,VRTS,2016-05-03,VIRTUS,9,0,True,True,True,18,120653
1cbfbfd9d9af0ac860fde508,century,FSTR,2016-05-04,,0,0,True,True,True,0,90625
28c59f73c8adaa4444ee6d5c,century,NDLS,2016-05-04,NOODLES,0,0,True,True,True,13,57633
4b81ffa4438a559d059caf25,century,VECO,2016-05-04,VEECO INSTRUMENTS,77,0,True,True,True,22,73423
94a62a96fa9a8826a5accdbd,century,SSTK,2016-05-04,Shutterstock,0,0,True,True,True,31,101133
fb4d603ed78f428d4a78c1bc,century,SM,2016-05-04,,0,0,False,True,True,19,144037
119f13030fb6eaabae3ca40f,century,PKOH,2016-05-05,,0,0,True,True,True,26,84842
183eac839767959354fb473f,century,CLDX,2016-05-05,Celldex,2,0,True,True,True,8,94957
18acb9b27d6edb1abf60f44a,century,ETSY,2016-05-05,ETSY,0,0,True,True,True,264,183262
1cc6b261d5eacf546295bdb3,century,KODK,2016-05-05,EASTMAN,15,0,True,True,True,26,101320
31b66ff80e97846aac5a3072,century,NRG,2016-05-05,,0,0,True,True,True,223,117800
39ee7b4241859746064edb36,century,NRG,2016-05-05,GenOn,360,0,True,True,True,83,140116
3bfba660daf70a47f1ef2de1,century,SRPT,2016-05-05,Sarepta,31,0,True,True,True,20,182938
45f2f67cb55e241f5c43860b,century,NGVC,2016-05-05,Grocers,4,0,True,True,True,14,99887
63151d83e3eddbc401d0b2dc,century,TWI,2016-05-05,,0,0,False,True,True,46,98829
c0e7925a309250f06a83dd0f,century,NNBR,2016-05-05,,0,0,True,True,True,0,70970
c152e5d975a4c20f20230579,century,DDD,2016-05-05,,0,0,True,True,False,34,96553
c395e312c0af437299c0693b,century,NRG,2016-05-05,,0,0,True,True,True,378,161873
cb0798693ba3059fb0d822c7,century,RGNX,2016-05-05,REGENXBIO,0,0,True,True,True,16,141330
f399d65afc713b0db1255179,century,NRG,2016-05-05,,0,0,True,True,True,239,120527
f488e4fd0812d5dc139343da,century,WTI,2016-05-05,,0,0,True,True,True,56,143898
0b210596538f4461688f7c4f,century,TDC,2016-05-06,TERADATA,73,0,True,True,True,1,86923
29f2c5fa6d9ea272f192c6af,century,GPRO,2016-05-06,GoPro,9,0,True,True,True,34,87755
c6c7d1bf938f57b632254b51,century,SSP,2016-05-06,SCRIPPS,20,0,True,True,True,17,95387
efd08f9e485588ed2c309d09,century,YELP,2016-05-06,,0,0,False,False,True,30,129078
fb25a2d99589f3dc8d23824a,century,CENX,2016-05-06,,0,0,True,True,True,42,101109
01cb4391e4276efa5cdd4ae6,century,MMI,2016-05-09,Marcus Millichap,3,0,True,True,True,44,104880
4294b8ca99d5157f5bba034a,century,AGEN,2016-05-09,AGENUS,8,0,False,True,True,18,201153
49fe8da66cab16aa68e94981,century,EZPW,2016-05-09,EZCORP,43,0,True,True,True,0,136623
6d66c69267ca54126d4b37b2,century,AGIO,2016-05-09,AGIOS,6,0,False,True,True,8,131152
7641b9faaab2f0f14f8bdc80,century,ILMN,2016-05-09,ILLUMINA,0,0,True,True,True,24,81731
86b6056991ad5c43ec41955b,century,ACTG,2016-05-09,,0,0,True,True,True,22,91234
9481880b8a0064120021cf60,century,WDC,2016-05-09,,0,0,True,True,True,25,152603
bf8ef9a74f1506a0871bfe7c,century,OPK,2016-05-09,Opko,45,0,True,True,True,19,207458
c7fd6974a2cde1171d993663,century,BCRX,2016-05-09,BIOCRYST,5,0,True,True,True,11,123401
d8ff9b688c49af16b81d7749,century,ARCB,2016-05-09,ARCBEST,19,0,True,False,True,1,152003
da76ca648bd318129797c2dd,century,REI,2016-05-09,,0,0,True,True,True,13,65421
dcefc968bdd75afdd6b07bbf,century,PAHC,2016-05-09,PHIBRO,19,0,True,True,True,16,122852
ee05fdfc1aad12ddc5b554a7,century,MNKD,2016-05-09,MANNKIND,0,0,True,True,True,47,161577
2baf2f4c18023dc1e1ebcec4,century,MDXG,2016-05-10,MIMEDX,35,0,True,True,True,18,96732
2e11ce216bd180a8fa459445,century,HRI,2016-05-10,Highlands,30,0,True,True,True,31,97325
465b870572f690466ca31b22,century,AAOI,2016-05-10,OPTOELECTRONICS,0,0,True,True,True,20,179033
4eb5499a0a6feaeb9db94299,century,PAGP,2016-05-10,PLAINS,47,0,True,True,True,37,178317
5f1931a179f75586f4365cb3,century,CROX,2016-05-10,Crocs,100,0,True,False,True,0,133938
6d6d7d6351e35239f8aa5ce9,century,VKTX,2016-05-10,,0,0,True,True,True,9,160753
86c46b65239c946c0962be0b,century,OMER,2016-05-10,OMEROS,6,0,False,True,True,9,137321
88aa4e44458486b1fa98b7b0,century,SEDG,2016-05-10,SolarEdge,1,0,True,True,True,37,96546
96e18b95ab43e0bef6b6939b,century,NOG,2016-05-10,,0,0,False,True,True,2,158605
9dc04498437164cd1baa8a15,century,TISI,2016-05-10,,0,0,True,True,True,2,123024
a0acd2c84cfccf6d7d4d8ff9,century,TRGP,2016-05-10,Targa,10,0,True,True,True,71,140495
a458f02737d73e9fc7f254da,century,PAA,2016-05-10,PLAINS,53,0,True,True,True,44,178385
b5d63d86e22ed0dcce563848,century,BKD,2016-05-10,Brookdale,17,0,True,True,True,18,136379
b74b547ccd8afb16063536fa,century,NVCR,2016-05-10,Novocure,0,0,True,True,True,15,58024
ba2f57b9ff3a2ab542bfa123,century,LPSN,2016-05-10,LIVEPERSON,0,0,True,True,True,34,139240
c2fb3e8c703d87ccb11d3a36,century,FCX,2016-05-10,FREEPORT-MCMORAN,0,0,True,True,True,187,219125
dafc6c6cacc87c86cb81f086,century,TTI,2016-05-10,,0,0,True,True,True,11,176085
e9d61ed5541d2af81984540b,century,CRMD,2016-05-10,CorMedix,0,0,True,True,True,43,124183
f061c75a366fc64fee03e1e7,century,TREE,2016-05-10,LendingTree,0,0,False,True,True,91,95180
524a625151662082a6c10d48,century,EFOI,2016-05-11,,0,0,True,True,True,0,70920
a0fc376e1049c69a44cbce09,century,PKOH,2016-05-12,,0,0,True,True,True,0,81853
a66e7836741263c3ff91c233,century,PMTS,2016-05-12,,0,0,True,True,True,11,78931
2c9928ac93142bcecc8b906a,century,DXPE,2016-05-13,ENTERPRISES,0,0,True,True,True,27,90227
5b84c25d7de4446e5a5ff974,century,XBIT,2016-05-13,XBiotech,0,0,True,False,False,23,61593
737f31ce8e8d18385007fa7c,century,ANDE,2016-05-16,ANDES,2,0,False,True,True,10,32625
e28ca31e3f89f24506ab8c73,century,PRGO,2016-05-16,PERRIGO,0,0,True,True,False,116,153404
f8731324e3919f1a1a8d9e0f,century,SHAK,2016-05-16,,0,0,True,True,True,84,114318
1f05000f704348c3a892bffe,century,RRGB,2016-05-18,BURGERS,0,0,True,True,True,13,66892
e4977dc35b198153c6b98478,century,BBSI,2016-05-26,SERVICES,69,0,True,True,True,89,207245
241d7dfcf01788a61caa75fe,century,CTRN,2016-05-31,Citi Trends,1,0,True,True,True,10,50072
f17ed42c4cfdec4c52b5eeee,century,NGL,2016-05-31,,0,0,True,True,True,37,219965
0c86b32e659dc64479855d62,century,GIII,2016-06-02,,0,0,True,False,True,0,57352
0ca922c5f82ca34d3f39a19d,century,LE,2016-06-02,LANDS',0,0,False,True,True,24,89965
7e2e102cd0417dc4d71a826e,century,DDS,2016-06-02,DILLARDS,0,0,True,True,True,4,59356
24eba970d08f4549f719c9c2,century,KSS,2016-06-03,KOHLS,1,0,True,True,True,0,38760
3f375a54abaa9caf755cc849,century,M,2016-06-03,Macy's,53,0,False,False,True,52,71193
d26a317ea251daae37b24dad,century,BOOT,2016-06-03,,0,0,False,True,False,54,220026
62ad651abc21b63ac61fd9fb,century,ZUMZ,2016-06-07,Zumiez,9,0,True,True,True,9,111780
0ae74063ebe27b44d8016ab4,century,VNCE,2016-06-08,,0,0,True,True,True,15,104350
720c97bfd3be019c6214094f,century,BKE,2016-06-09,,0,0,True,True,True,1,77258
fcb95376c14ded2636ca4b5b,century,CRMT,2016-06-17,AMERICAS CARMART,0,0,True,True,True,1,218751
247e5c2715082317e1a6923b,century,DAKT,2016-06-21,DAKTRONICS,33,0,True,True,True,2,161871
61572796813c2bd268d7a332,century,NMR,2016-06-23,NOMURA,159,0,True,True,False,0,220065
007ca034e8147f923cd00f2a,century,KFY,2016-06-28,KORN,48,0,True,True,True,21,181826
de8b154ed837d225085f739b,century,MU,2016-07-06,,0,0,False,True,True,15,196843
633818cc176fa3cb61e86403,century,TNDM,2016-07-28,,0,0,True,True,True,12,99093
249d32c521f3761529ae5296,century,ESI,2016-07-29,SERVICES,17,0,True,True,True,32,219805
66c0f857ffc091ee6a3c2465,century,CVEO,2016-07-29,Civeo,73,0,True,True,True,49,119248
ebf2c6c780a7ae6a2b8f570a,century,SAIA,2016-07-29,SAIA,0,0,True,True,True,42,71944
c6187d7e6b5a19d08cb64f53,century,ALGT,2016-08-01,,0,0,True,True,True,14,82814
01f6b7e442da75f1fc1aaae3,century,CTMX,2016-08-03,CytomX,0,0,True,True,True,20,110137
1c97a560fb60a3cc6a66edbc,century,PBF,2016-08-04,,0,0,True,True,True,374,174943
847880347803e1ad1f545fbc,century,PBF,2016-08-04,,0,0,True,True,True,310,147206
d05a552ac6d0bacc37dd7b80,century,GSAT,2016-08-04,Globalstar,0,0,True,True,True,37,154395
f9808c218be3d700bc4b2af5,century,GTN,2016-08-04,,0,0,True,True,True,19,93488
f9b598c373ffa600588fc763,century,PTCT,2016-08-04,,0,0,True,True,True,12,157533
8e0a944b2bd7fc638ec2fdec,century,ATRC,2016-08-05,AtriCure,0,0,True,True,True,32,99810
0f372fdd7f1d0f6d5349a02c,century,LXU,2016-08-08,,0,0,True,True,True,47,167232
43c473046582a8482cb3a406,century,ITGR,2016-08-09,,0,0,True,True,True,86,189346
5a22aa22e6c54247f5d8b043,century,NVAX,2016-08-09,NOVAVAX,0,0,True,True,True,23,123844
69ef0c0267afee112b0d417c,century,PLUG,2016-08-09,,0,0,False,True,True,26,119176
900e79c18559390f20563893,century,TDW,2016-08-09,,0,0,True,True,True,30,159933
978ac8e968a6b4be35dc60f4,century,PARR,2016-08-09,,0,0,False,True,True,49,215219
9f2c0e36b2ab701acc536f6a,century,LPCN,2016-08-09,Lipocine,0,0,True,True,True,164,125714
a8a449183a72244c41ca1ba1,century,ENTA,2016-08-09,ENANTA,0,0,True,False,True,25,215215
1ff548b7698d38105ffd3b5a,century,EDIT,2016-08-10,Editas,0,0,False,True,False,9,109883
329916ea6f27772e28a8fc3f,century,BBVA,2016-08-10,BBVA BANCSHARES,0,0,True,True,True,54,145590
530369e2d3170d316b7f3342,century,KURA,2016-08-10,Kura,0,0,True,True,True,24,217960
f6479978c511b08b11c918c2,century,GEVO,2016-08-10,Gevo,0,0,True,False,True,139,176038
639e5dd9d5615bae0675d01f,century,AVXL,2016-08-11,ANAVEX SCIENCES,69,0,True,True,True,22,89285
7948b5cc0bda92884908d83d,century,PBF,2016-08-12,,0,0,True,True,True,332,198719
f70b8b5b195340ef7b8d01bd,century,SYNA,2016-08-26,SYNAPTICS,0,0,True,True,True,19,220017
0a08fa4536b56e7672600652,century,CMTL,2016-10-06,COMTECH TELECOMMUNICATIONS,67,0,True,True,True,1,220069
1f3b30bdc16a3cf7457311b9,century,TBI,2016-10-24,TrueBlue,0,0,True,True,True,26,190013
f298b0dc622918f09e7b5c47,century,THRM,2016-10-28,GENTHERM,0,0,True,True,True,42,95670
f32414b8093c8de309bde0ee,century,ATNM,2016-10-28,,0,0,True,False,True,7,183766
48c96633763361533a6cf57c,century,VRTX,2016-10-31,,0,0,True,True,True,0,149963
7805fd7a059db6fc34ad8f11,century,CVI,2016-10-31,,0,0,True,True,True,62,198060
a74b5fb042047d65a1d05258,century,THC,2016-10-31,HEALTHCARE,35,0,True,True,True,31,207610
206b7e0c6b81d9ddf9ce3039,century,RAIL,2016-11-01,FreightCar,7,0,False,True,True,12,95935
56b387bb3d6e658c6569ed96,century,NTLA,2016-11-01,Intellia,4,0,True,True,True,10,121192
9f579d92965740ef1fb76f38,century,DHX,2016-11-01,,0,0,True,True,True,23,121008
2ad2cddc86c3327438b1d742,century,RIG,2016-11-02,,0,0,False,True,True,184,178033
669a0f71a2da9ab2e7b7fdf3,century,MYGN,2016-11-02,,0,0,True,True,True,13,78483
67aa3ce1a9abe44485a9ad09,century,ACHC,2016-11-02,Healthcare,22,0,True,False,True,34,157617
7b9c5bd37f081e6e100f6f5a,century,ENPH,2016-11-02,Enphase,20,0,True,True,True,19,189275
7cf8b3c65211693a14b3f49d,century,UA,2016-11-02,Armour,0,0,False,True,True,16,96116
adff06cfa7e0fa6e3037f075,century,CYH,2016-11-02,,0,0,True,True,True,84,218721
e13c2c1df383297bbb0df8d0,century,PRLB,2016-11-02,Labs,0,0,True,True,True,12,70762
ec70d9b3387d376389571cc1,century,CHEF,2016-11-02,Chefs',0,0,False,True,True,0,109781
f373533fb3750a6f07d1181e,century,PCRX,2016-11-02,Pacira,3,0,True,False,True,13,113429
1e47c86347ba184c6dacda04,century,JLL,2016-11-03,LANG LASALLE,32,0,True,True,True,30,151339
23e365dfa04d6fecbb4157a9,century,AMCX,2016-11-03,Networks,88,0,True,True,True,84,161780
2b4571507c022dde4f200bee,century,CXW,2016-11-03,CORRECTIONS,41,0,True,False,True,2,180687
3138ea8c7a78049d523f476c,century,GOGO,2016-11-03,,0,0,False,True,True,58,207470
4f0a4b090f32303587c2ba1d,century,DK,2016-11-03,Delek,151,0,False,True,True,22,186247
60d9ab07202d5d1d5a78c544,century,INSM,2016-11-03,INSMED,3,0,True,True,True,21,123264
8ef8472c6037502897fec31a,century,WTI,2016-11-03,,0,0,True,True,True,74,217680
8f7837b98cc96219d9673464,century,GERN,2016-11-03,GERON,16,0,True,True,True,15,138397
901f99c37d3934a398f7246e,century,ALNY,2016-11-03,ALNYLAM,10,0,True,True,True,6,101516
bff20719b47d5c25dc9b3f99,century,FSLR,2016-11-03,,0,0,True,True,True,21,139175
f52f73dbc5a6240e21ddd05f,century,CF,2016-11-03,,0,0,False,True,True,207,219825
118231666230af83e425e7dd,century,NRG,2016-11-04,,0,0,True,True,True,310,154337
224c4c7d19fd7ad841767db2,century,TEN,2016-11-04,TENNECO,0,0,False,True,True,133,216545
4573263f4edd9e3ae70b1ac9,century,REGN,2016-11-04,REGENERON,11,0,True,True,True,23,105750
466661c7a971b6de09153889,century,GPRO,2016-11-04,GoPro,14,0,True,True,True,34,105575
58bbd721c3257712e0a1074d,century,NRG,2016-11-04,,0,0,True,True,True,300,148023
64a0637a601c7cdc19278bc9,century,NRG,2016-11-04,,0,0,True,True,True,494,198957
6ca791b6f9c188573f98af93,century,ATRA,2016-11-04,Atara Biotherapeutics,4,0,True,True,True,13,109359
79e6d055fb3e2a93624ad889,century,TXMD,2016-11-04,TherapeuticsMD,0,0,True,True,True,29,110997
84641cca2952eee27c8924a3,century,PACB,2016-11-04,BIOSCIENCES,1,0,True,True,True,8,175439
96f90bc103e53674419156a0,century,CERS,2016-11-04,CERUS,8,0,True,True,True,41,181622
ace06645bf6ed1efbafa4767,century,IRMD,2016-11-04,IRADIMED,0,0,True,True,True,12,152011
c159ac20ed1c9493c0263b19,century,SSP,2016-11-04,SCRIPPS,20,0,True,True,True,17,113535
cd4b4ca9202be22d559057a3,century,IMMR,2016-11-04,,0,0,True,True,True,31,173011
dc0a9d2a607cc8a2816ec935,century,NRG,2016-11-04,GenOn,523,0,True,True,True,86,188691
e366cdd1c978a72b65afc2c4,century,GNK,2016-11-04,GENCO,109,0,True,True,False,14,163727
2e494379431e3ae7faf57a7b,century,KPTI,2016-11-07,Karyopharm,2,0,True,True,True,10,218582
48279e8cfa7ecf64c9389256,century,RMTI,2016-11-07,ROCKWELL,23,0,True,True,True,13,67769
5343d34890903841a1b7f41e,century,CLDX,2016-11-07,Celldex,29,0,True,True,True,12,127894
626a78e19a925aab8510c622,century,MMI,2016-11-07,Marcus Millichap,3,0,True,True,True,46,128778
8505bc99e610ff4dea42e8d0,century,HALO,2016-11-07,HALOZYME,46,0,False,True,True,11,120840
87d0b12774329f8b212b8067,century,ACAD,2016-11-07,,0,0,True,True,True,16,102945
bc85647edeaa35d209501a71,century,OII,2016-11-07,OCEANEERING,0,0,False,True,True,8,97309
dffc7fc80448160a874def47,century,SCYX,2016-11-07,SCYNEXIS,0,0,True,True,True,13,119123
2e026ce86ae379412837607d,century,HRTG,2016-11-08,,0,0,True,False,True,17,126687
45a084ebac9d8785480d7793,century,PRAA,2016-11-08,,0,0,True,True,True,2,200348
5bcd713856aa92b8ca9d4d4a,century,HRTX,2016-11-08,,0,0,True,True,True,0,183133
7a8b630c3330c7256d5ace02,century,EHTH,2016-11-08,eHealth,0,0,True,True,True,28,77846
b290628a3edd4c90be949d5e,century,BCRX,2016-11-08,BIOCRYST,4,0,True,True,True,13,142744
b2daf172a06e6c269b4c1582,century,RARE,2016-11-08,Ultragenyx,0,0,False,True,True,23,98845
beccfd3c1fc43686d7e03120,century,HRI,2016-11-08,HERC,83,0,True,False,True,26,149339
017ce87d45c70ea3f72bc0ba,century,CLMT,2016-11-09,Products,81,0,True,False,True,14,152164
21bf4bafaf9ff6e5cbb44f0e,century,NOG,2016-11-09,,0,0,False,True,True,2,187293
2406ad0ebe90315c2b263397,century,TTI,2016-11-09,,0,0,True,True,True,8,191353
33135b18c908a12dfe9ad7a2,century,INO,2016-11-09,INOVIO,12,0,False,True,True,49,196432
3443fd6c07429d15ca219d69,century,ECPG,2016-11-09,,0,0,True,True,True,15,131265
4c7596174139f1e78619af52,century,TGTX,2016-11-09,,0,0,True,False,True,11,196957
5cd78b7a94f9dd2eb0e88807,century,MPAA,2016-11-09,PARTS,16,0,True,True,True,16,100287
5efa7b6f180804f5a5d488cb,century,KNDI,2016-11-09,Kandi,141,0,True,True,True,12,158576
67de19e7c59ac7f4be4e215c,century,FLO,2016-11-09,FLOWERS FOODS,27,0,False,True,True,112,217232
72b983bd3c5eb035adaf3c8e,century,AGEN,2016-11-09,AGENUS,8,0,False,True,True,12,208068
9026151a2adefc72b0b8e235,century,MNKD,2016-11-09,MANNKIND,0,0,True,True,True,46,183521
c676374e457b52b33a658e01,century,PBYI,2016-11-09,BIOTECHNOLOGY,0,0,True,True,True,17,89013
e4be5b5181bddfc665d384e1,century,IONS,2016-11-09,IONIS,122,0,True,True,True,16,180346
f0dad47fc655ac50bf54f190,century,OCUL,2016-11-09,THERAPEUTIX,0,0,True,True,True,9,156282
f3227fe9386789ab699c37da,century,SEDG,2016-11-09,SolarEdge,0,0,True,True,True,29,80032
f3d8b133b565dc5a9bbd6038,century,OMER,2016-11-09,OMEROS,6,0,False,True,True,12,154617
0758cca69aa99d68ea2ea70e,century,FOSL,2016-11-10,,0,0,True,True,True,3,147104
11830cd8f0b981fb0cf14470,century,ARCT,2016-11-10,,0,0,True,False,True,16,176596
a75656a32a29a5e1d45beac3,century,MCRB,2016-11-10,,0,0,True,True,True,12,121916
c9f157d19fa3a840afe8a724,century,RUN,2016-11-10,Sunrun,11,0,False,True,True,20,202581
e4f1dd65f44610c39e7f4d11,century,COLL,2016-11-10,,0,0,False,True,True,9,82894
0c7e4f1dbcf3760d51e09a7b,century,NSPR,2016-11-14,InspireMD,0,0,True,False,True,44,93170
2589bfc50163064b57e066ca,century,XBIT,2016-11-14,XBiotech,0,0,True,True,False,22,65429
7d4104ee2a3bea8e6f61ae92,century,GBR,2016-11-14,,0,0,True,True,True,10,39095
f07d90b6fc152d78bbdfbf68,century,ASC,2016-11-14,,0,0,True,True,True,8,70729
ef38f335e407cb6999a661a3,century,SPWH,2016-11-18,SPORTSMAN'S,0,0,True,True,True,3,92261
ed93b53466ddf0db0036eebe,century,ANF,2016-12-05,ABERCROMBIE,60,0,True,True,True,0,104888
7911b3d0874a588a816f5129,century,GIII,2016-12-06,,0,0,True,False,True,0,77387
147f644ed5da35e0be171425,century,NGVC,2016-12-08,Grocers,11,0,True,True,True,24,203111
3c7e904e69b429da0c33b08c,century,VNCE,2016-12-08,,0,0,True,True,True,17,117595
f4f665796566f4503c697fd3,century,RH,2016-12-08,,0,0,False,True,True,81,169232
93d29ab3c7371164ce915637,century,OPTT,2016-12-09,,0,0,True,True,True,54,170999
5658cddb3568dca2459c0959,century,ARWR,2016-12-14,,0,0,True,False,True,39,215520
8db1bd300112c7b1451a292b,century,FCEL,2017-01-12,FUELCELL,14,0,True,True,True,40,219807
16c873e697b261c2a133acd9,century,TDW,2017-02-08,,0,0,True,True,True,18,151482
2a1241ed0cba9d846c51180c,century,PTN,2017-02-10,PALATIN,7,0,True,False,True,16,101689
3b98de9fe1bf4010c630b687,century,ANGI,2017-02-21,Angie's,0,0,True,True,True,1,155063
de22b422d1cdb928836a2989,century,TWLO,2017-02-22,TWILIO,53,0,True,True,True,1,220069
137940c25361e1a9cc93be4e,century,NVCR,2017-02-23,Novocure,0,0,True,True,True,34,220085
b905a9e5ec362138fe0e6cce,century,GSAT,2017-02-23,Globalstar,0,0,True,True,True,32,193370
13f2a0e2d44d7c966356bf4c,century,NVAX,2017-02-27,NOVAVAX,0,0,True,True,True,94,195596
a9ef29c3fa547a7d10af101a,century,LXU,2017-02-27,,0,0,True,True,True,77,219204
43235d2c7ea50b184f51d6d7,century,SRPT,2017-02-28,Sarepta,17,0,True,True,True,38,179556
3da6bd70b4a6a86a05cd276a,century,CROX,2017-03-01,Crocs,79,0,True,False,True,8,204401
1ed0740b32c2756c6edcf806,century,EDIT,2017-03-03,Editas,2,0,False,True,False,11,220031
9ef5bd8978c4dcc1ba921bcd,century,CLNE,2017-03-07,Fuels,37,0,True,True,True,40,205710
e5f970709e20d212f104a3e2,century,MCHX,2017-03-08,MARCHEX,0,0,True,True,True,64,187850
9cfffc444937bc2063297302,century,ERII,2017-03-10,,0,0,True,True,True,51,165202
fc7117a1ec985616ad63cc8d,century,IDT,2017-03-13,,0,0,True,False,True,70,115799
0fa5b356ca7d5dde5bcf2337,century,AIRG,2017-03-15,AIRGAIN,0,0,True,True,True,38,206573
75ed823e197fa032c0adbbb7,century,CLRB,2017-03-15,Cellectar Biosciences,12,0,True,True,True,24,138030
8e4b124d993b825a391447b7,century,QURE,2017-03-15,uniQure,45,0,True,True,False,26,214205
e923e8cbe4e78b961a67b66b,century,AMPH,2017-03-15,Amphastar,11,0,True,True,True,26,219539
123621442bde4b137b5b27a3,century,SIG,2017-03-16,JEWELERS,88,0,False,False,False,10,220007
1382f91f779ec1fafe180801,century,BBW,2017-03-16,,0,0,True,True,True,42,126055
d19bd7eed6f60af4a7a119a3,century,JAKK,2017-03-16,JAKKS,8,0,True,True,True,25,174956
268218e75eb5be47baf7c0c8,century,MBOT,2017-03-21,Microbot,289,0,True,False,True,50,190336
f08122907b320a276abb991c,century,DLTH,2017-03-22,DULUTH,29,0,True,True,True,53,198408
014e295190e747d4800e25f1,century,CATO,2017-03-23,CATO,0,0,True,True,True,72,192478
c7edb21225ecd9d7db67c409,century,DDS,2017-03-24,DILLARD'S,0,0,True,True,True,42,198705
82ded6ccbb06702cd80346c4,century,VRA,2017-03-28,,0,0,True,True,True,60,169019
9820cf8709940d7fb7f6dbe4,century,BKE,2017-03-29,,0,0,True,True,True,14,189018
78473c5b1106b8287f1aa448,century,GEVO,2017-03-31,Gevo,0,0,True,True,True,74,220247
4614927eea5c2692fec6dca3,century,MBRX,2017-04-03,Moleculin Biotech,88,0,True,False,True,19,172609
3b6a66c1be3dbe4cc3a01cf7,century,VNET,2017-04-12,Vianet,1,0,True,True,False,109,219989
2cc79e484f3c2e4dd36fbc58,century,MYSZ,2017-04-14,,0,0,True,False,False,3,149135
13980999e782f2c57061c033,century,RRC,2017-04-24,,0,0,True,True,True,24,139271
bd60ad9d7cd9e5e9a307c3ef,century,HLX,2017-04-25,SOLUTIONS,0,0,True,True,False,13,126536
67cbba022a03f622f8445db7,century,CDE,2017-04-26,Coeur,26,0,True,True,True,35,101500
a141bb84c64ad922d4d4d7e9,century,TNK,2017-04-26,TEEKAY TANKERS,297,0,True,False,False,34,219747
23e749fa9c6d2655046ed68f,century,TNDM,2017-04-27,,0,0,True,True,True,11,144616
3330afcaa442f4a3f80c8ba6,century,CIA,2017-04-27,CITIZENS,0,0,True,True,True,88,208608
693ddf250099c9c561db4e29,century,ASPS,2017-04-27,Altisource Solutions,100,0,True,True,True,76,161354
81e364680bfe798f53ca1ab1,century,CLF,2017-04-27,CLIFFS,30,0,True,True,True,23,141238
4b8f84311fb729bf162a1df6,century,NBR,2017-04-28,NABORS,78,0,True,False,True,32,126381
5c1f52e7130b6a036c2bf478,century,NAT,2017-05-01,TANKERS,39,0,False,True,False,60,217942
64c1ac4c4acd0d66767051ba,century,THC,2017-05-01,HEALTHCARE,48,0,True,True,True,26,185917
2f93a4d7973810b4d7061732,century,NTLA,2017-05-02,Intellia,4,0,True,True,True,9,124665
bca94cd9158af0924a1350b4,century,CYH,2017-05-02,,0,0,True,True,True,79,196691
8d791db31a3543fea790ac0e,century,DHX,2017-05-03,,0,0,True,True,True,20,93009
b224b95650e3148b00ebf33d,century,TXMD,2017-05-03,TherapeuticsMD,0,0,True,True,True,30,108209
d430e3dd2ae8790b05ecbba9,century,MYGN,2017-05-03,,0,0,True,True,True,17,92831
4d692f8adebb37138d0a529e,century,CRVS,2017-05-04,,0,0,True,True,True,7,132123
5c8d81ddf48cfa6fac06f03e,century,SM,2017-05-04,,0,0,False,True,True,20,145601
92836dd372982011aa86a8b9,century,CRIS,2017-05-04,CURIS,114,0,False,True,True,1,170091
a45c14aec2b0235e22c60c3c,century,CERS,2017-05-04,CERUS,9,0,True,True,True,38,191027
c28a2879de542c79c01ceb78,century,WTI,2017-05-04,,0,0,True,True,True,59,142390
d75a2aaf4ec7972641a06365,century,MUX,2017-05-04,McEwen,15,0,False,True,True,28,114083
cff559f4dafe088b2e6469c3,century,PACB,2017-05-05,BIOSCIENCES,2,0,True,True,True,7,203379
d89022b14593bdf8c368d8b0,century,PULM,2017-05-05,Pulmatrix,0,0,True,True,True,17,69514
669236f838d6092651e4e04f,century,NOG,2017-05-08,,0,0,False,True,True,2,170688
333201ceff03822c1559cabf,century,VYGR,2017-05-09,,0,0,True,True,True,9,110151
717a9662c0051f0607ae25d4,century,CRBP,2017-05-09,Corbus,1,0,True,False,True,12,74293
88a85d621cf9c2997524e687,century,AXSM,2017-05-09,Axsome,1,0,True,True,True,10,109823
bdda566a46bca624b33ec141,century,UA,2017-05-09,Armour,0,0,False,True,True,17,88535
e32e46d2b658922f3e10da60,century,BW,2017-05-09,Wilcox Enterprises,6,0,False,True,True,17,112007
fe8877bc1e7781e8b843fc21,century,ARCB,2017-05-09,ARCBEST,64,0,True,False,True,1,161528
149c0e4d0fec530eb66bf56a,century,MTRX,2017-05-10,,0,0,True,True,True,35,140735
187b9b7f75dd642766421c47,century,WKHS,2017-05-10,Workhorse,0,0,True,False,True,61,128311
4fd74572c0fce571b2a3139c,century,PBYI,2017-05-10,BIOTECHNOLOGY,0,0,True,True,True,17,80315
521faaab2a155ac1825ee267,century,TTI,2017-05-10,,0,0,True,True,True,9,155380
6ee09779fc2ed77c7f643cfc,century,COLL,2017-05-10,,0,0,False,True,True,12,122542
b39ded942096f8d7334d586d,century,INO,2017-05-10,INOVIO,12,0,False,True,True,32,178848
d21e9c2ca3b7d46c66c76997,century,MNKD,2017-05-10,MANNKIND,0,0,True,True,True,59,171586
f110f6eac3abd6ecbf6a63e1,century,WVE,2017-05-10,Sciences,0,0,True,True,False,29,71564
0cb2f083663402f80a54a924,century,FOSL,2017-05-11,,0,0,True,True,True,3,143093
57ed77f71a364d4a51e0cc17,century,SNGX,2017-05-11,SOLIGENIX,0,0,True,False,True,16,124457
8d9aa2752c3f7c4142285083,century,SND,2017-05-11,,0,0,True,True,True,35,122190
1234c67b5eb37e789dea9854,century,SPWH,2017-05-19,SPORTSMAN'S,0,0,True,True,True,3,80438
8bb7c15d7f157417d03d2349,century,AEO,2017-05-23,OUTFITTERS,0,0,True,True,True,53,86660
b54b421b1e88d3bbe5c829b2,century,AMSC,2017-05-25,,0,0,True,True,True,19,219795
014d03f6f3b2a29b760f7c42,century,NGL,2017-05-26,,0,0,True,True,True,76,219837
803734884c0896b9e7e82abc,century,LULU,2017-06-01,lululemon athletica,12,0,False,True,True,12,142635
14963ef57c5cbaa4f2710c11,century,NTNX,2017-06-02,Nutanix,0,0,True,True,True,28,149512
1519f08fc39402cf7751b929,century,M,2017-06-02,Macy's,30,0,False,False,True,55,76972
6ce65c528ed8c7fac5e40822,century,ZUMZ,2017-06-06,Zumiez,8,0,True,True,True,11,105113
e9bc6f24b8fa70283c30ab45,century,BOOT,2017-06-07,,0,0,False,True,False,56,219954
a7d98ef59d552191f2508464,century,GCO,2017-06-08,GENESCO,0,0,True,True,True,38,116325
e5f94b30a76d04ddfa29cec0,century,URBN,2017-06-08,OUTFITTERS,0,0,True,True,True,30,77121
8b980dcef032a39fb873b9f0,century,GIII,2017-06-09,,0,0,True,False,True,0,72617
883f654de7d89e2eb00f7b79,century,HAIN,2017-06-22,,0,0,False,True,True,53,220007
408a142681b86336977c32ae,century,USAU,2017-07-31,,0,0,True,False,False,13,198055
424904265e1eb8eded35fb4c,century,FTK,2017-08-01,FLOTEK,44,0,True,True,True,1,106523
5675478b04ef7a9417ee403c,century,FET,2017-08-01,,0,0,False,True,True,31,102359
9082bb8a1a7cccf03707b3e3,century,RIGL,2017-08-01,,0,0,True,True,True,20,197885
4ad596c22800f69cb1d527ad,century,MGNX,2017-08-02,MACROGENICS,0,0,True,True,True,10,73813
d16df95748bb89e60788aeb0,century,RIG,2017-08-02,,0,0,False,True,True,96,160137
e35fc18bdcd4356146ddaf5a,century,IMKTA,2017-08-02,INGLES MARKETS,14,0,True,True,True,32,76226
63022f78fc9bbc6b709589ee,century,ARWR,2017-08-03,,0,0,True,False,True,16,128400
64ebb992dba659cc0f4d3ccb,century,IOVA,2017-08-03,IOVANCE BIOTHERAPEUTICS,0,0,True,True,True,14,89240
8e2bdbcf72c27069efb6ed29,century,NERV,2017-08-03,Neurosciences,0,0,True,True,True,15,156862
7911fca1d6e6969b6ae61036,century,GPRO,2017-08-04,GoPro,18,0,True,True,True,33,132763
19f947775a61531f342f78cd,century,CRK,2017-08-07,COMSTOCK,23,0,True,True,True,11,67904
41c089cc42c1708f2104dba0,century,CHRS,2017-08-07,Coherus BioSciences,22,0,True,False,True,11,125298
708302b5f74d41c154e76dab,century,AGEN,2017-08-07,AGENUS,8,0,False,True,True,10,111329
01b86452535d10ed652fcf60,century,TRIP,2017-08-08,TripAdvisor,0,0,False,False,True,41,146278
548995c1678fade38789e14f,century,OCUL,2017-08-08,THERAPEUTIX,0,0,True,True,True,11,154962
5da5fa5b1b433a5ecea7d129,century,NCMI,2017-08-08,CineMedia,1,0,True,True,True,26,138068
62cb97792e4fab3834bb52ac,century,BCRX,2017-08-08,BIOCRYST,4,0,True,True,True,10,146721
6a478369713ad2ca8a4e3ff8,century,OPK,2017-08-08,Opko,38,0,True,True,True,19,211108
f15e5f98ee8aa31f23367fc6,century,TISI,2017-08-08,,0,0,True,True,True,2,161353
f21dc16f5db11bbb4a33ca9c,century,CLDX,2017-08-08,Celldex,15,0,True,True,True,11,116942
09fe78265985bd890d3fe4e4,century,TDW,2017-08-09,,0,0,True,True,True,52,144578
303b1f313d2d7d15a64da404,century,SENS,2017-08-09,Senseonics,0,0,True,False,False,36,121852
548e718829dd7114518fff95,century,AQMS,2017-08-09,Metals,0,0,True,False,True,24,65175
29110686d976da574bf5df86,century,DIN,2017-08-10,DineEquity,0,0,False,True,True,27,113536
d3a27e750ba1a6847cf81927,century,MLP,2017-08-11,MAUI,17,0,True,True,True,13,49384
58026b471dc842c78eaeaa82,century,DARE,2017-08-14,Bioscience,15,0,False,True,True,5,198064
7c4bb20b9dbe8713021024b1,century,CAPR,2017-08-14,CAPRICOR,223,0,True,False,True,39,203070
8503fea4da358de080543db3,century,PI,2017-08-14,IMPINJ,22,0,False,True,True,2,219217
1f1fd0ec70026cdd360937f8,century,SYNA,2017-08-18,SYNAPTICS,0,0,True,True,True,23,219993
95ea1d93c12513c8e655c1c0,century,DKS,2017-08-24,DICKS,0,0,True,True,True,27,79561
bb34d19ff820325bcdc85f37,century,EAT,2017-08-28,BRINKER,8,0,False,True,True,15,114217
2f46c8ec2deeb7669cfae882,century,BNED,2017-08-30,Barnes,23,0,True,True,True,34,117150
7e2757451892e7d576ac00dc,century,LE,2017-09-01,LANDS',0,0,False,True,True,23,95799
521ce9705201d928a76b6c33,century,AMBA,2017-09-08,,0,0,False,True,True,11,122724
6120267449b55548dd26d0eb,century,FCEL,2017-09-08,FUELCELL,17,0,True,True,True,43,191752
9261102e0d9ef4a1e7e340d5,century,KR,2017-09-15,KROGER,9,0,False,True,True,36,98485
723e1375b2c43d5c5b2e641c,century,IDT,2017-10-16,,0,0,True,True,True,149,190977
0bbce007247d28f7d4bf78b6,century,RRC,2017-10-24,,0,0,True,True,True,25,163249
1b31a141cdee5241ea1ace9d,century,BTCS,2017-10-24,BTCS,0,0,True,False,True,19,80495
210a6481fe26ca5ef631e7f9,century,MAT,2017-10-26,MATTEL,483,0,False,True,True,0,185524
67f7df83117c2f11053593e7,century,TNDM,2017-10-26,,0,0,True,True,True,12,159903
ebc7fc54296e52c8c151a89b,century,ASPS,2017-10-26,Altisource Solutions,147,0,True,True,True,38,197297
28d729e694a53046417799e8,century,OIS,2017-10-27,STATES,25,0,True,True,True,24,118042
7bfe4612297beecd16d4577d,century,DDD,2017-10-31,,0,0,True,True,False,33,112391
811796b4dd96fd514c35449e,century,UIS,2017-10-31,UNISYS,24,0,True,True,True,24,109746
a2efe8cf8b9bf90163af5f05,century,SSTK,2017-10-31,Shutterstock,0,0,True,True,True,33,124505
09f93b800e2e79f59ff63e4b,century,DNOW,2017-11-01,,0,0,True,True,True,22,80519
17902dabe97189cd81c92294,century,DXCM,2017-11-01,DEXCOM,26,0,True,True,True,1,114189
4af69ccee4ee3ad3c463e2a0,century,CYH,2017-11-02,,0,0,True,True,True,81,218769
54ea4291b8fda60074a33a60,century,CLNE,2017-11-02,Fuels,23,0,True,True,True,17,155271
6752df62b9e14538f008caaf,century,CECO,2017-11-02,,0,0,True,True,True,20,162324
93c34f7140d36a89450f0201,century,MUX,2017-11-02,McEwen,13,0,False,True,True,32,140837
afddab9e55b12f691353af1a,century,PACB,2017-11-02,BIOSCIENCES,2,0,True,True,True,9,119286
17f92b9731478e5f2a207fae,century,CERS,2017-11-03,CERUS,9,0,True,True,True,26,197403
1cd8923b2dd6c06cda6102be,century,KEYW,2017-11-03,KEYW,0,0,True,True,True,65,137751
1d7540a33400c1171c0d7b62,century,VECO,2017-11-03,VEECO INSTRUMENTS,61,0,True,True,True,10,115057
44ee7eac9f4226a3f2f98520,century,NBR,2017-11-03,NABORS,159,0,True,False,True,13,168003
5f0051ad2bbc0e960979a6d2,century,SM,2017-11-03,,0,0,False,True,True,17,157926
b562e3fba0bdbdad30742d7d,century,RARE,2017-11-03,Ultragenyx,3,0,False,True,True,24,100639
f6165d5c8c62290ce79402dd,century,ATNM,2017-11-03,,0,0,True,False,True,7,180290
2643f170e0231cfa1aae470b,century,WMK,2017-11-07,WEIS MARKETS,7,0,True,True,True,33,52596
434fbf4ff47bb36abf32bc8e,century,PTGX,2017-11-07,,0,0,True,False,True,20,136524
6e4717b92acd56d69924c835,century,MBI,2017-11-07,MBIA,231,0,True,False,True,117,208318
8b267915a45433341059ade5,century,ACTG,2017-11-07,,0,0,True,True,True,28,156927
b57650507963bb02a16428e1,century,CRIS,2017-11-07,CURIS,95,0,False,True,True,1,167359
bb9c9a2ac98326810001e934,century,IZEA,2017-11-07,IZEA,0,0,True,True,True,49,152185
dd446236363974a7f0dd8dcd,century,VERI,2017-11-07,Veritone,0,0,False,True,True,14,210288
ea854ed7c50c676d372bcebe,century,THC,2017-11-07,HEALTHCARE,22,0,True,True,True,26,117742
ff5683aac4a06827dccbd5fb,century,MNKD,2017-11-07,MANNKIND,0,0,True,True,True,60,183205
32f425bfc3443ecaf22f1556,century,MCRB,2017-11-08,,0,0,True,True,True,11,120911
3b030a628fe7033a7b1221b6,century,SNAP,2017-11-08,,0,0,False,True,True,28,144132
4ef7f44ab1fa16caf37f681b,century,AAOI,2017-11-08,OPTOELECTRONICS,0,0,True,True,True,20,194712
5b3cd547cb4e0b8b80778ae2,century,OFG,2017-11-08,,0,0,True,False,True,54,172914
6f6c99d67997e3680ac79f62,century,COLL,2017-11-08,,0,0,False,True,True,11,133177
712590478fede77bb08bed05,century,BW,2017-11-08,Wilcox Enterprises,9,0,False,True,True,18,181501
a01245158326a7ad23b0ca04,century,LXRX,2017-11-08,,0,0,True,True,True,11,116139
f16c6fc74d3230a7987f3581,century,PLX,2017-11-08,Protalix BioTherapeutics,21,0,True,True,True,20,69245
f43d79a5c5cd5eab9b4dec5d,century,NWL,2017-11-08,NEWELL BRANDS,32,0,True,True,True,20,153393
f5bfba212271322c3ba64aeb,century,SNES,2017-11-08,SenesTech,0,0,True,False,True,27,124655
281e03305db12b3a5fb9d3c9,century,OMER,2017-11-09,OMEROS,6,0,False,True,True,13,165572
290b301f6bd118a8d6eb6058,century,ALDX,2017-11-09,Aldeyra,10,0,True,True,True,11,218439
2b8a366d28439ee9c5df2370,century,SGRY,2017-11-09,,0,0,True,True,True,86,188053
3e7d0bbff7690c4f917ee702,century,TTI,2017-11-09,,0,0,True,True,True,10,191528
50ced437e58293e7754d797b,century,UA,2017-11-09,Armour,0,0,False,True,True,16,115669
518b2db8e2d3d5f1af5f4305,century,CRMD,2017-11-09,CorMedix,0,0,True,True,True,53,140037
58aaf2ae3367c849e0c168cd,century,EVH,2017-11-09,Evolent,13,0,True,True,True,158,215201
a0203f3ef3456f8339c8ee79,century,WATT,2017-11-09,Energous,0,0,False,False,True,12,95992
a175f4f07584cdcfb16b5379,century,OSUR,2017-11-09,ORASURE,3,0,True,True,True,36,105231
ad3a5ed62754667beecbf751,century,SND,2017-11-09,,0,0,True,True,True,31,122614
be3e4518d0322878fc44fc26,century,OSG,2017-11-09,SHIPHOLDING,0,0,True,False,True,103,105743
c7e4c95b0e7abe0a6ac022e2,century,WVE,2017-11-09,Sciences,0,0,True,True,False,34,123889
deb7d7079e632cce5817eed6,century,TGTX,2017-11-09,,0,0,True,False,True,11,89992
fb8a02d60cbe411438a3ec49,century,FOSL,2017-11-09,,0,0,True,True,True,4,151990
50765dae5bcee4e13934ce9a,century,MRAM,2017-11-13,EVERSPIN,2,0,True,True,True,75,204795
c952784043e276465bd8b572,century,ATOS,2017-11-13,,0,0,True,False,True,13,94029
5c6548174530f59b3cc954d5,century,AAP,2017-11-14,PARTS,7,0,True,True,True,41,80934
5cd3393de0914059fdbc4238,century,MBOT,2017-11-14,Microbot,87,0,True,False,True,30,84110
3021799a6caaf6f90a3c64b3,century,SBH,2017-11-15,,0,0,True,True,True,46,164207
8b11a83f31d2afdb4a4be4b6,century,MTSI,2017-11-15,MACOM Solutions,38,0,True,True,True,17,219571
23970638c6342af97c9e5316,century,SPWH,2017-11-17,SPORTSMAN'S,0,0,True,True,True,3,91560
a0bef39c77890704119ab29d,century,CATO,2017-11-21,CATO,0,0,True,True,True,34,62646
76d09a6648f7691dfec2cd6c,century,SIG,2017-12-01,JEWELERS,71,0,False,False,False,28,211867
f9682e05a634b8dfd5defa20,century,M,2017-12-04,Macy's,36,0,False,False,True,77,94150
4bf12bab4996867554b4106c,century,VRA,2017-12-06,,0,0,True,True,True,36,104353
a495bcf6efe315492c62f42d,century,DLTH,2017-12-07,DULUTH,12,0,True,True,True,23,90739
c78f6a97b58b90b143dd755a,century,GCO,2017-12-07,GENESCO,0,0,True,True,True,43,147081
2b65c11cb07f6a485ad44593,century,AVXL,2017-12-11,ANAVEX SCIENCES,113,0,True,False,True,42,208635
98b150e1fc54434dff130a58,century,JILL,2017-12-12,,0,0,False,True,True,37,68598
e7a480d8661ed11f5960f196,century,AEMD,2018-02-01,AETHLON,14,0,True,True,True,13,88535
7e0907917aba47810017c9ef,century,UVV,2018-02-06,,0,0,True,True,True,1,122012
7f8e966ab791e794c7e1b840,century,OSIS,2018-02-06,,0,0,True,True,True,18,124153
9e256c8ce5323a2df7d31558,century,ASYS,2018-02-08,AMTECH,19,0,True,True,True,15,72160
c3e821fe895afb29b3e85075,century,CMG,2018-02-08,CHIPOTLE,33,0,True,True,True,32,149178
11b9b4484115177fbf6bf5bc,century,PCG,2018-02-09,PG&E,11,0,True,True,True,289,219776
482148f20a02e2c14c4ef13e,century,VTGN,2018-02-12,VistaGen,5,0,True,True,True,5,157058
f38c9e860a48bbc838408620,century,TEVA,2018-02-12,TEVA,0,0,True,True,False,246,220113
6138b436f5e4061e6dc6722c,century,NSPR,2018-02-13,InspireMD,0,0,True,False,True,86,219647
06f0d8833cc9287619ad4f31,century,CLF,2018-02-14,CLEVELAND-CLIFFS,0,0,True,True,True,21,219833
436a21fbdd433a2e115e2983,century,GROW,2018-02-14,INVESTORS,4,0,False,True,True,21,110038
5eed64455a2143d0e3217fb3,century,CVE,2018-02-15,CENOVUS,1,0,True,False,False,9,13746
ffc26770c89e0b5074e038e0,century,INCY,2018-02-15,INCYTE,17,0,True,False,False,13,220040
1f513003c52dd472305e0dd4,century,GPRO,2018-02-16,GoPro,78,0,True,True,True,36,208859
1a13bf7a14e23c76dde78567,century,AROC,2018-02-22,Archrock,0,0,True,True,True,121,207699
efae148da17190f0d6ef19a9,century,BKD,2018-02-22,Brookdale,12,0,True,True,True,21,210601
f8e2437b834b0a8e3d28cad1,century,AROC,2018-02-22,Archrock,320,0,True,True,True,14,184005
a586c43bce093883ba79ff12,century,HIVE,2018-02-23,AEROHIVE NETWORKS,31,0,False,False,True,18,219838
b489b961153fce26e334b49b,century,GSAT,2018-02-23,Globalstar,0,0,True,True,True,37,219961
e9d689b1fdc8161932a4e934,century,GE,2018-02-23,,0,0,False,True,True,767,224371
22d67349bb4f01e37a676699,century,PRTA,2018-02-26,Prothena,0,0,True,True,True,37,182319
a169b337604c2d3de773eb86,century,EXK,2018-02-26,ENDEAVOUR,0,0,True,False,False,5,38688
6c47a63009056b84a7ec454f,century,FET,2018-02-27,,0,0,False,True,True,16,219753
2c50db213d729d26a56f116b,century,QTNA,2018-02-28,QUANTENNA COMMUNICATIONS,12,0,True,True,True,25,219705
4d7fc83b99c44b5d47411709,century,SOHU,2018-02-28,SOHU,0,0,True,True,True,234,220617
0af54c3a890835a6e6b90b2a,century,UNIT,2018-03-01,Uniti,99,0,False,True,True,43,219937
0afb68fecf4138b3ff6d903a,century,CRTO,2018-03-01,Criteo,77,0,True,True,False,28,219990
7e7bc7a8f26ed37e36b842ae,century,OPK,2018-03-01,Opko,46,0,True,True,True,25,219910
88e734aca5a13436545ea884,century,ACHV,2018-03-01,SCIENCES,1,0,True,True,True,35,212900
2b9908c2ac45f87841bd9798,century,BLDP,2018-03-02,Ballard,2,0,True,False,False,6,13786
12d0359421cfa3a53d6b8cf7,century,CYTK,2018-03-05,CYTOKINETICS,0,0,True,True,True,36,171424
342dd9279c549614bcbcb68c,century,HLIT,2018-03-05,,0,0,True,False,True,59,213094
23a4c9c35bf479eeefc293a8,century,TRVG,2018-03-06,trivago,89,0,True,True,False,89,219726
09cc5b1a3b2f21e14534e2e2,century,FTK,2018-03-08,FLOTEK,45,0,True,True,True,2,220075
0f04910f98b9fcbfa93de5b5,century,OCUL,2018-03-08,THERAPEUTIX,0,0,True,True,False,25,219733
6b639a7c71898eea131d07c3,century,OBE,2018-03-08,,0,0,False,False,False,72,20481
fe9760d2b29ecfa25b658466,century,CHRS,2018-03-08,Coherus BioSciences,21,0,True,False,True,22,219757
60039a3b38a49854dbdfe933,century,NCSM,2018-03-09,,0,0,True,True,True,43,219287
74ab448f36367d88490b7e8d,century,CSTE,2018-03-12,Caesarstone,0,0,True,True,False,50,219897
851ea73a51f3dc8492a1e31b,century,MYO,2018-03-12,MYOMO,29,0,True,True,True,16,220043
95bbe5e739e315b4f6f21803,century,LPCN,2018-03-12,Lipocine,0,0,True,True,True,181,220377
6acc2fb2718ef7fd825bc67b,century,PDS,2018-03-13,,0,0,True,False,False,6,9820
4eed1556ac3eab0d78a38c26,century,INO,2018-03-14,INOVIO,23,0,False,True,True,55,211798
b32d11ab41fcb9603f5cc117,century,LTBR,2018-03-14,LIGHTBRIDGE,0,0,True,True,True,35,179788
0f9ca42595e09c73b5f8f039,century,TISI,2018-03-15,,0,0,True,True,True,5,220077
10409109613eaa3b679496c6,century,AUPH,2018-03-15,Aurinia,0,0,True,False,False,3,15870
4fddf2f2c1645ec9d5b5a260,century,KODK,2018-03-15,EASTMAN,8,0,True,True,True,30,219870
de1a94ea65234cf2e5b7b91c,century,PI,2018-03-15,IMPINJ,30,0,False,True,True,4,220089
e8caa0f17bc9634ecc0815e5,century,AQMS,2018-03-15,Metals,0,0,True,False,True,35,181941
0be5020ceb491ddf963e7ed9,century,HDSN,2018-03-16,HUDSON,49,0,True,True,True,1,165748
1fda77eceb69da0e5cdf1fe8,century,PDFS,2018-03-16,SOLUTIONS,50,0,True,False,True,34,147300
5c4453708ff680251416119b,century,DBVT,2018-03-16,,0,0,True,True,False,7,219975
92e89ddde6f74647ad2491c3,century,PLSE,2018-03-16,Biosciences,4,0,True,True,True,19,180892
a2cd18767424e1a3ac88f254,century,KNDI,2018-03-16,Kandi,132,0,True,True,True,24,187155
c09ec5acbd321d624ae6da86,century,EHTH,2018-03-19,eHealth,0,0,True,True,True,26,124271
cce3261d33e6d25bd2f3e97b,century,NCMI,2018-03-19,CineMedia,4,0,True,True,True,31,217074
70fd32c8a172d14f781269e4,century,ANY,2018-03-21,,0,0,False,True,True,164,215835
8b3fe3d7466a8a9d21c9d1e8,century,MYSZ,2018-03-21,,0,0,True,True,True,35,171009
4dd23494978030f2d028a182,century,STNG,2018-03-23,Tankers,41,0,True,True,False,13,219967
af69bf35ecb5229dae5a4975,century,DAIO,2018-03-28,,0,0,True,False,True,24,170591
bea4b52de3cf51905af2060a,century,MBRX,2018-03-28,Moleculin Biotech,76,0,True,False,True,17,208160
ea033fc66e5e490ecd27149a,century,HIMX,2018-03-28,Himax,66,0,True,True,False,74,192065
335691d6593fd7a7eddb6fd2,century,TOPS,2018-03-29,SHIPS,2,0,False,True,False,14,220021
45594742845267f5c3ed428d,century,OVID,2018-03-29,Ovid,0,0,True,False,True,32,218875
a4e0105bd1a37ab9fcbd5ac1,century,EGO,2018-03-29,ELDORADO,3,0,False,False,False,0,35669
ce9904ac934f6872d689b6b1,century,TGB,2018-03-29,TASEKO,2,0,True,False,False,3,20991
4a1b52a1e9a500792586de33,century,KALA,2018-04-02,,0,0,False,True,True,19,220027
ef6c6af38dd21311cfb5bb04,century,GME,2018-04-02,GameStop,0,0,True,True,True,47,179648
39b65834e292ad275e18e30a,century,AGX,2018-04-11,ARGAN,29,0,True,True,True,4,189008
568e4815fdc64e64819163cd,century,SLS,2018-04-13,SELLAS Sciences,56,0,True,False,True,41,219329
fb7ec5c6e84960fe968ae1f6,century,PRPO,2018-04-13,Precipio,0,0,True,True,True,101,219969
1b370dfc30fef8a4f96ab656,century,MARA,2018-04-16,,0,0,False,False,True,25,219850
65793b3b6177dc87e6d3e806,century,FTFT,2018-04-16,FinTech,7,0,True,False,True,34,219727
361ce50c77e020c842cddc53,century,RIOT,2018-04-17,Blockchain,45,0,False,True,False,42,219648
f83d6b737e571cc3bd087c6f,century,ACH,2018-04-19,,0,0,False,False,False,0,220065
089536429cd06576fe566778,century,RRC,2018-04-25,,0,0,True,True,True,26,144773
0b3490e5b7eeeac4794df1d0,century,XNET,2018-04-25,Xunlei,87,0,True,True,False,3,220077
6a10bd8aa319f5b28919c9e8,century,LXU,2018-04-25,,0,0,True,True,True,37,133876
0f2db25bbcb95e8271498a6f,century,MAT,2018-04-26,MATTEL,432,0,False,True,True,0,151096
e34235202e21dd604937de03,century,VLRS,2018-04-26,Controladora Vuela Compania Aviacion,19,0,True,True,False,1,220069
13f2cefbf9aa9648b9731a46,century,ZLAB,2018-04-30,,0,0,True,True,False,2,220073
d30355928d485d1a4b226713,century,SILC,2018-04-30,SILICOM,0,0,True,True,False,45,220016
51444005ff838cd1d833a112,century,NTLA,2018-05-01,Intellia,4,0,True,True,True,10,140701
207a6196a0c1ba5d2206c8e8,century,DDD,2018-05-02,,0,0,True,True,False,33,106214
4aef6c1aa77fbae25b903bab,century,PACB,2018-05-02,BIOSCIENCES,2,0,True,True,True,8,201242
7650b49f886e07c7dec421bd,century,CLW,2018-05-02,Clearwater,0,0,True,True,True,26,94311
98822ad9b3f53cf8baee5881,century,BBBY,2018-05-02,,0,0,True,True,True,28,113635
a0b4e0419d724629bd8052de,century,CYH,2018-05-02,,0,0,True,True,True,88,192755
1d1a1ba11196ac9d4941bd22,century,MRCY,2018-05-03,,0,0,True,True,True,10,131849
248c9960b5cba4f021297547,century,KHC,2018-05-03,,0,0,True,True,True,32,140209
32a1e09d966b6b4ac82163fb,century,CVGI,2018-05-03,,0,0,True,True,True,18,83448
a4d48936692d89976d8eacb6,century,SPB,2018-05-03,Brands,5,0,True,False,True,53,218957
b319e66e709580a9bfe37bca,century,OLED,2018-05-03,,0,0,True,True,True,85,126181
db3683d79f24c3e852103148,century,REGN,2018-05-03,REGENERON,25,0,True,True,True,26,130210
f0da1e98c5f88cfb4abe34a3,century,EPC,2018-05-03,EDGEWELL,5,0,True,True,True,23,136203
0e9d89b012e5cba045595340,century,ACAD,2018-05-04,,0,0,True,True,True,11,93659
3d65f29d3fa5880ce604be7e,century,PBI,2018-05-04,PITNEY BOWES,74,0,True,True,True,0,110288
c2f437a1841d97c0abdea33d,century,ALNY,2018-05-04,ALNYLAM,13,0,True,True,True,9,126408
fb0b29c4226aa74a7d910e5f,century,ACLS,2018-05-04,AXCELIS,3,0,True,True,True,13,72960
cb35e5e6cf8b626ce079e287,century,SSP,2018-05-07,SCRIPPS,6,0,True,True,True,24,89653
f633ef723497a0e446093119,century,VECO,2018-05-07,VEECO INSTRUMENTS,55,0,True,True,True,28,99314
49567b85f99a110c7f6ea83b,century,VERI,2018-05-08,Veritone,0,0,False,True,True,11,68917
518819298db36354131902d9,century,MTW,2018-05-08,MANITOWOC,0,0,True,True,True,36,96680
56b9e93f2c3317616b4f9f60,century,AAOI,2018-05-08,OPTOELECTRONICS,0,0,True,True,True,27,195127
6a4ba153fc665f95a3237352,century,DHX,2018-05-08,,0,0,True,True,True,26,108195
e127293757d36da900150edf,century,BW,2018-05-08,Wilcox Enterprises,9,0,False,True,True,28,176280
231c3ba4d7b9474ea0d734dc,century,TBPH,2018-05-09,Theravance Biopharma,2,0,True,True,True,19,107050
3e18e906ff451da29df51cfe,century,EVC,2018-05-09,ENTRAVISION COMMUNICATIONS,10,0,True,True,True,11,138371
4b4dd5c0df00b12b8d0f612e,century,PTGX,2018-05-09,,0,0,True,False,False,23,153065
7c9a5b5fd268d6275f2f7412,century,RKDA,2018-05-09,Biosciences,0,0,True,True,True,13,102569
98b1fe44106dae14977a6d90,century,SVRA,2018-05-09,,0,0,True,True,True,10,111023
ac94a9dff842412fd7328afa,century,AKBA,2018-05-09,,0,0,True,True,True,9,139470
bdc96f54608416bc2547f03b,century,MNKD,2018-05-09,MANNKIND,0,0,True,True,True,84,195139
d565b8b907c3593d9b7d72c1,century,UCTT,2018-05-09,,0,0,True,True,True,19,168014
da0c264b1b16862ddb25de61,century,CWH,2018-05-09,Camping,4,0,True,False,True,68,183317
f65017114c566b659feb8668,century,UEIC,2018-05-09,,0,0,True,True,True,34,111520
23ab871003acb11f2377329a,century,ANIK,2018-05-10,Anika,1,0,True,True,True,14,81176
512f25acb64cc9a99d4868bb,century,WATT,2018-05-10,Energous,0,0,False,False,True,15,128077
61fb5fbcf5a76a000fed1bfc,century,PBH,2018-05-10,Brands,71,0,True,True,True,35,197257
66b3bf41baf988eddb8eec6c,century,EXTR,2018-05-10,NETWORKS,18,0,True,False,True,25,177619
80d4d48bb80495ffe1940563,century,SND,2018-05-10,,0,0,True,True,True,28,98815
8405ea3c3dded3a3f4987cd4,century,AGEN,2018-05-10,AGENUS,11,0,False,True,True,17,111016
86c8f5a278fbb2bcebf780a0,century,NWL,2018-05-10,NEWELL BRANDS,21,0,True,True,True,19,113929
a72b3ece9c654da6a541dd6c,century,PBYI,2018-05-10,BIOTECHNOLOGY,0,0,True,True,True,21,136931
ca0139f8e3acffaf2b5f16fa,century,CLDX,2018-05-10,Celldex,9,0,True,True,True,8,198679
910b9c095713067be16fa86a,century,PPC,2018-05-11,PILGRIMS,0,0,True,True,True,2,117990
b5dca0877f502c6a20f7e284,century,GALT,2018-05-11,GALECTIN,42,0,False,True,True,12,68025
0e84ec2fdf50056da3358f76,century,AYTU,2018-05-14,AYTU BIOSCIENCE,0,0,True,True,True,104,95546
168a0e317ea5034b673d092a,century,DARE,2018-05-14,Bioscience,24,0,False,True,True,2,175156
718e32d9255d7c5c5ba21790,century,ATOS,2018-05-14,,0,0,True,False,True,11,55009
9ea327848f6d0e380931fb12,century,CLWT,2018-05-14,EURO,2,0,True,False,False,59,220011
1ba968bd29b3136a3ede5600,century,NAT,2018-05-15,TANKERS,39,0,False,True,False,48,220085
5005d58c4b3adbea53bf97ce,century,VTVT,2018-05-15,,0,0,True,True,True,51,123538
5ccbfe3c766ac3118d4f11e2,century,CELZ,2018-05-21,,0,0,True,True,True,8,76694
8e91382cb72c441eab439665,century,CRUS,2018-05-30,,0,0,False,True,True,35,177000
526860bea87606d33133d23a,century,CPB,2018-06-05,CAMPBELL,37,0,True,False,True,36,169669
7ec54e2c4b5f0bc81ef5f893,century,HOV,2018-06-07,HOVNANIAN ENTERPRISES,109,0,True,True,True,16,123624
c75434700d77ac4eddeb2932,century,IDT,2018-06-11,,0,0,True,True,True,82,147892
636d6ba3460489d66dfd8730,century,BNED,2018-06-20,Barnes,48,0,True,True,True,107,199552
bdff6140c184f32d7f71dde3,century,AYI,2018-07-03,BRANDS,0,0,True,True,True,51,140816
fead19fdf3cdbc5431aa8871,century,DAN,2018-07-25,,0,0,False,True,True,12,202085
94390eb6ff18c94b855dc803,century,GT,2018-07-27,,0,0,False,True,True,1,187603
5da2e05d900ff9e3385975a5,century,GERN,2018-07-31,GERON,5,0,True,True,True,16,152454
b98269549e80e166152b1011,century,RES,2018-07-31,,0,0,True,True,True,0,99590
f70c8be21f1e3cbd19187cff,century,YTRA,2018-07-31,Yatra Online,78,0,True,False,False,20,220009
4cae8d13aeeff33a335b15e8,century,MVIS,2018-08-01,MICROVISION,0,0,True,True,True,12,97739
50bcb0802787d452cf17e95d,century,ZYME,2018-08-01,Zymeworks,0,0,False,True,True,30,139519
73489c1eab7459e6664964cf,century,MTSI,2018-08-01,MACOM Solutions,17,0,True,True,True,15,136795
8883927cba07a121b4721067,century,LNTH,2018-08-01,Lantheus,0,0,True,True,True,18,124994
f7410c69833748eb2f1aaeef,century,AMRN,2018-08-01,,0,0,True,True,False,2,168052
2c0b0878428401ab62ad5d6f,century,CRVS,2018-08-02,,0,0,True,True,True,8,118286
63220ced1345177aded6d349,century,MCRB,2018-08-02,,0,0,True,True,True,12,130071
a8bc37086707f2289b157456,century,VIRT,2018-08-06,,0,0,True,True,True,111,211429
b55d9daee8b15561baf91b29,century,PZZA,2018-08-07,JOHNS,0,0,True,True,True,1,140904
1bd79d408d985cd215ded311,century,SNDX,2018-08-08,Syndax,1,0,True,True,True,23,123829
5f09e0b27aa009de18c84cef,century,CRBP,2018-08-08,Corbus,0,0,True,False,True,18,106945
8ea1fcddce2c2cde1fa06193,century,GOGO,2018-08-08,,0,0,False,True,True,52,187861
aeca669dab52c06e30720671,century,NVAX,2018-08-08,NOVAVAX,0,0,True,True,True,27,108096
d843aa4ee85617babc15d24d,century,GEVO,2018-08-08,Gevo,0,0,True,False,True,96,188317
f68469ade96f5b0b45f4cb24,century,CENX,2018-08-08,,0,0,True,True,True,47,108065
30b2c430a7b0572ada19c35d,century,HL,2018-08-09,HECLA,83,0,False,True,True,0,174334
357049cede439de785149239,century,ASYS,2018-08-09,AMTECH,19,0,True,True,True,17,90355
5b0ff02466a327203612cae1,century,GEN,2018-08-09,Healthcare,29,0,False,True,True,51,141029
5d6743c04e45b961702b4401,century,KOPN,2018-08-09,KOPIN,18,0,True,True,True,17,103949
6d7d307e4390092ac9a7eb6a,century,SCYX,2018-08-09,SCYNEXIS,0,0,True,True,True,14,105676
7063fe074c64a6c8601f43df,century,AVXL,2018-08-09,ANAVEX SCIENCES,115,0,True,False,True,22,118300
864cb09143da46f8e9bed1da,century,CEVA,2018-08-09,CEVA,0,0,True,True,False,27,179083
8a0aab46255b2baf50a0090c,century,AWX,2018-08-09,AVALON,301,0,True,True,True,27,152878
8eed71c525bfc9e4dd4533e2,century,CORT,2018-08-09,CORCEPT,5,0,True,True,True,18,139490
eacbe37059016f38381b3e72,century,ELF,2018-08-09,,0,0,False,False,True,10,195661
fafe4ded5ef344556a1060ec,century,NKTR,2018-08-09,NEKTAR,14,0,True,True,True,118,201698
77e18e823d59af807e20e502,century,CLRB,2018-08-10,Cellectar Biosciences,2,0,True,True,True,12,79982
fa231a20f20fa7c2c664b44d,century,XBIO,2018-08-10,Xenetic Biosciences,10,0,True,False,True,22,61929
16b410781697015938973baf,century,PAVM,2018-08-13,PAVmed,26,0,True,True,True,39,219969
a34b49ad68b3345d24e7cc3f,century,PBI,2018-08-13,Provention,14,0,True,False,True,14,142959
359e65383d60c2fe18f89d23,century,BLIN,2018-08-14,Bridgeline,17,0,True,True,True,37,104801
4a14a04178513b9ab70b8da3,century,SNES,2018-08-14,SenesTech,0,0,True,False,True,32,186540
fbd610517c2046dc1e2ac17b,century,IZEA,2018-08-14,IZEA,0,0,True,True,True,77,196305
930b43ec8c8fefeb9454b80b,century,COTY,2018-08-21,COTY,0,0,True,True,True,171,220354
fd839eef60a51e7c2586d79a,century,RRGB,2018-08-22,BURGERS,0,0,True,True,True,18,82476
0e6a23d275b4883247329195,century,FCEL,2018-09-06,FUELCELL,13,0,True,True,True,36,194774
0bf11278ecf2e43db030850e,century,PI,2018-09-12,IMPINJ,21,0,False,True,True,2,184665
a2e1e5cc1f91d8459a631795,century,EGAN,2018-09-13,EGAIN,38,0,True,True,True,17,173269
996ec1c72d6ce7bd6862c0f3,century,JILL,2018-09-18,,0,0,False,True,True,21,74825
f5d53efc3c0a4c6a00ddbc18,century,UNFI,2018-09-24,FOODS,17,0,True,True,True,37,177856
0cea46a0461183dfcbf67082,century,SFIX,2018-10-03,,0,0,True,True,True,54,171751
4c333cb5732fbe0542bacf52,century,IGC,2018-10-16,Globalization,0,0,True,True,True,34,75256
683319148d999ae6e1dd1b67,century,WGO,2018-10-18,,0,0,True,True,True,41,190217
251e493dbaf2e9f9c97a7324,century,ALKS,2018-10-23,,0,0,True,True,True,99,151470
aa905a8567f93b102636c26d,century,PHM,2018-10-23,PULTEGROUP,63,0,True,True,True,1,139383
54afba4d3d47794e7eb4f5cc,century,OC,2018-10-24,Owens,0,0,False,True,True,73,142468
90e5cf0a0bdf85bd9b5c6a84,century,IVZ,2018-10-24,Invesco,0,0,True,True,True,112,111855
3291d9b7d654476abb4b1b47,century,UNM,2018-10-25,Unum,17,0,True,True,True,60,158395
7206857b1cf41d4859a684af,century,AAL,2018-10-25,Airlines,26,0,False,True,True,59,178594
880c2df30216a28c72b72a21,century,WHR,2018-10-25,,0,0,True,True,True,0,156112
aa32089d4d930bb7d08892c8,century,VC,2018-10-25,VISTEON,0,0,False,True,True,100,158743
48a2d75d18b1432c9fe3af8e,century,SNAP,2018-10-26,,0,0,False,True,True,39,149609
b888283999b8908ac19b11ec,century,VICR,2018-10-26,VICOR,16,0,True,False,True,53,114974
caa34b1be2976a3251b97a63,century,FSLR,2018-10-26,,0,0,True,True,True,19,120554
4269c611bd39d78c900f32df,century,CGNX,2018-10-29,COGNEX,4,0,True,False,True,24,100870
7f504ac737baf56e56ece488,century,ON,2018-10-29,,0,0,False,False,True,308,203546
d191584f9a6b3aaf8b517c6f,century,AEIS,2018-10-29,,0,0,True,True,True,33,178554
de8fb58f439edf021707a668,century,AXGN,2018-10-29,AxoGen,90,0,True,True,True,7,97410
08ccd54c248c9145b4804f46,century,GE,2018-10-30,,0,0,False,True,True,592,196381
15e70aca90eea080bea167f0,century,OLN,2018-10-30,OLIN,31,0,True,True,True,11,208497
246d5a77afc8768d4adf7c02,century,WNC,2018-10-30,WABASH,5,0,True,False,True,13,142225
53281ec07e43773a8848e0e7,century,HUN,2018-10-30,,0,0,False,False,False,199,212696
585eeb25c06115688ae888c8,century,MAS,2018-10-30,MASCO,51,0,False,True,True,0,87822
5cabe9232103b4971e605f72,century,PETS,2018-10-30,PETMED,2,0,True,True,True,14,52110
613039fd663e1abf3891e7cc,century,MXL,2018-10-30,MAXLINEAR,0,0,True,True,True,50,144444
931c755be30f35348d0af127,century,CYH,2018-10-30,,0,0,True,True,True,85,218705
94f3fb4d355e0e95c1f33950,century,INCY,2018-10-30,INCYTE,1,0,True,True,True,10,171829
dc35c59b589edd0cc2feff02,century,INSM,2018-10-30,INSMED,3,0,True,True,True,23,207010
f723c28bdac7b569a6ba9355,century,EXP,2018-10-30,MATERIALS,39,0,True,True,True,20,176000
02e789be3463fa6244f33459,century,FET,2018-10-31,,0,0,False,True,True,39,134921
080b6b43a10ffc4bef9b50aa,century,MOD,2018-10-31,MODINE MANUFACTURING,28,0,False,True,True,28,92305
12028c432f39454fa8df678f,century,AMD,2018-10-31,DEVICES,0,0,True,True,True,84,115478
2d605ea722cb28ee8ca79d5c,century,NTLA,2018-10-31,Intellia,4,0,True,True,True,10,150222
6b57f32fdfcaf3eb84681319,century,CVEO,2018-10-31,Civeo,36,0,True,True,True,41,151100
8e678a33150e5815f628f806,century,EBAY,2018-10-31,EBAY,0,0,True,True,True,37,127958
f99ebe6afd294ae5b6251d05,century,CDE,2018-10-31,Coeur,47,0,True,True,True,57,183074
072c0e15f15a31ec80c27309,century,GSAT,2018-11-01,Globalstar,0,0,True,True,True,50,166335
2c0107adbc4cf4058680ba19,century,FND,2018-11-01,Decor,1,0,True,True,False,16,81505
501df441595bc9f45c3faf29,century,EXEL,2018-11-01,EXELIXIS,0,0,True,False,True,12,111822
a79dd9e6b45bde4806ce14d1,century,OLED,2018-11-01,,0,0,True,True,True,91,138589
ab9c35d568f5cda53a0126db,century,AMG,2018-11-01,AFFILIATED MANAGERS,1,0,True,True,True,33,126981
adec66a9469bada9951563d6,century,TZOO,2018-11-01,TRAVELZOO,0,0,True,True,True,107,210392
b93b3992c495853264592380,century,ALGN,2018-11-01,,0,0,True,True,True,12,213288
cbae83da265525f4ccb0097c,century,LXRX,2018-11-01,,0,0,True,True,True,11,117460
e3ded68af79191471534d0ea,century,APPN,2018-11-01,APPIAN,5,0,True,True,True,25,134545
e4471e138beec06123eb0b3c,century,HGV,2018-11-01,Hilton Vacations,12,0,True,True,True,32,160678
48b7884b0b2aabb7aee8ba97,century,FLEX,2018-11-02,,0,0,False,False,False,20,156884
58428f34ed68f75eeb80a0f0,century,MHK,2018-11-02,,0,0,True,True,True,17,123379
62979f94f5bbcea9da1ced81,century,BLDR,2018-11-02,Builders FirstSource,1,0,True,True,True,19,86712
78feb39ee517f67f37e6766f,century,TWI,2018-11-02,,0,0,False,True,True,49,119700
7ace9cc58d6f333bfbfd0aec,century,SEDG,2018-11-02,SolarEdge,8,0,True,True,True,38,121220
b343bdbdea002315ab350185,century,ORN,2018-11-02,,0,0,True,True,True,0,135662
c3b9dbf0d1cc498f35244176,century,BH,2018-11-02,Biglari,0,0,False,True,True,98,88120
c5fa917d88d17fbb011b5565,century,ACLS,2018-11-02,AXCELIS,3,0,True,True,True,12,85484
f5ab53c9596cff41770112f5,century,IBP,2018-11-02,Installed Products,9,0,True,True,True,33,110269
04ea954641fddaff04cae227,century,CRTO,2018-11-05,Criteo,54,0,True,True,False,25,134491
1ee57031d15c7edb0ed504b7,century,KURA,2018-11-05,Kura,0,0,True,True,True,17,116411
6238180395c7eae9c798ad6a,century,IPGP,2018-11-05,PHOTONICS,12,0,True,True,True,26,109032
75098b2a5a254e9f18012fe1,century,CVGI,2018-11-05,,0,0,True,True,True,18,104288
ed69a6d2b560937389eb70b6,century,GLRE,2018-11-05,GREENLIGHT,39,0,True,True,False,28,172274
03f79fc624f73d97cbd8ed38,century,PRTA,2018-11-06,Prothena,0,0,True,True,True,22,146775
132193d9318d4d01f8a3f499,century,MTW,2018-11-06,MANITOWOC,0,0,True,True,True,39,117159
3db28914902e1f49e9c46660,century,LGIH,2018-11-06,Homes,94,0,True,True,True,22,141526
3ffb9cfb39c81f017633b366,century,RARE,2018-11-06,Ultragenyx,0,0,False,True,True,21,107568
48e5038fd4e9da77288cdbe6,century,TROX,2018-11-06,Tronox,46,0,True,False,True,0,143270
6cedbf10c117627a74b83b22,century,PTGX,2018-11-06,,0,0,True,False,False,24,132708
7a1fb7443043d58b8e77b1ba,century,ACRS,2018-11-06,Aclaris,4,0,True,True,True,16,178250
a43839197b46b99764189514,century,QURE,2018-11-06,uniQure,15,0,True,True,False,9,217402
a6124017b65c3ed74d0efba6,century,IOVA,2018-11-06,IOVANCE BIOTHERAPEUTICS,0,0,True,True,True,12,108646
b61a80774892a78e177799c2,century,HRI,2018-11-06,Highlands,26,0,True,True,True,27,100350
c2773b2f49080b73b15705e5,century,TWIN,2018-11-06,,0,0,False,True,True,25,101907
ce043bb41504e94cd555a10a,century,FTK,2018-11-06,FLOTEK,53,0,True,True,True,1,132847
cfa44b25e4fa3dbb016d23e5,century,CTMX,2018-11-06,CytomX,13,0,True,False,True,24,155651
e90f989deb4b92188987d465,century,REI,2018-11-06,,0,0,True,True,True,17,85753
f687dc3b78e597fe05088d35,century,WDC,2018-11-06,,0,0,True,True,True,56,174976
fb1074dd56908cd554442537,century,NSPR,2018-11-06,InspireMD,0,0,True,False,True,50,108522
1fc4557833e12ba9ac7a4b15,century,GNK,2018-11-07,GENCO,211,0,True,True,False,28,146470
2c4a73de5d10f95aac35e959,century,ALNY,2018-11-07,ALNYLAM,14,0,True,True,True,9,128275
32e3b98180ca5dad8736ab11,century,AXTI,2018-11-07,,0,0,True,True,True,1,124470
660a873a5dc6cbaa9db2660b,century,GRPN,2018-11-07,Groupon,0,0,True,True,True,37,139461
6f0e0af7395bf3208d1c5b6f,century,MGNX,2018-11-07,MACROGENICS,0,0,True,True,True,10,92641
71284402b17edcb93bf2e95a,century,TTEC,2018-11-07,TTEC,0,0,True,True,True,77,160031
71cb150cd4e5a3bc6771b852,century,LOB,2018-11-07,Bancshares,0,0,False,True,True,54,207695
7765f7c676da119cf9c25c8b,century,CLNE,2018-11-07,Fuels,36,0,True,True,True,21,211849
831bb472007c37a21dd36042,century,JELD,2018-11-07,JELD-WEN,0,0,True,True,True,35,193204
883305b7ec932dc4d91c94d6,century,AGEN,2018-11-07,AGENUS,8,0,False,True,True,17,113974
8b850d0d41b7f52cb48ba7be,century,NCSM,2018-11-07,,0,0,True,True,True,34,146542
9ea9fc356af286269fdda585,century,ACHV,2018-11-07,SCIENCES,0,0,True,True,True,17,124311
9f78d68de4200edbcdb95a3f,century,CRSP,2018-11-07,CRISPR,31,0,True,True,False,12,136173
a3030a547b38cd61148ebce9,century,VSTM,2018-11-07,Verastem,0,0,True,True,True,8,135237
a77ad8d554d7c513049fecc5,century,SVRA,2018-11-07,,0,0,True,True,True,11,115985
a8b2e92a59ec1722d47389d1,century,KRO,2018-11-07,KRONOS WORLDWIDE,4,0,True,True,True,15,124535
b19f2729a2f89dce07c5163f,century,CWH,2018-11-07,Camping,4,0,True,False,True,67,172022
bd6b03f2ce6d73c7682617a2,century,UCTT,2018-11-07,,0,0,True,True,True,27,206571
d47066f8e965f9a0574a22d0,century,WYNN,2018-11-07,RESORTS,11,0,False,True,True,341,189495
d7e8cf480d9647885a061907,century,ECPG,2018-11-07,,0,0,True,True,True,16,162064
df81480b29bbe3c9c7c6a913,century,ABUS,2018-11-07,Biopharma,0,0,True,True,True,15,110172
e5b4dd3f4f525cac99e7f03c,century,WTTR,2018-11-07,Services,128,0,True,True,False,33,181947
ea1873ad4041833afc22087a,century,ICHR,2018-11-07,,0,0,True,True,False,8,78021
fbcc039f6d105487456825a6,century,VYGR,2018-11-07,,0,0,True,True,True,7,162664
11f3acf29fb8cc14f2b58580,century,ASMB,2018-11-08,BIOSCIENCES,2,0,True,True,True,14,101177
12c11d661772b7405e78d87a,century,AKBA,2018-11-08,,0,0,True,True,True,9,153368
1bd293b3cc688668752cbfbe,century,BXC,2018-11-08,BlueLinx,0,0,True,True,True,12,90372
253057dff820f66499dab7fd,century,BLFS,2018-11-08,BIOLIFE SOLUTIONS,1,0,True,False,True,12,65815
5f5f9cb3db16d76fdda717ce,century,LGND,2018-11-08,LIGAND,19,0,True,True,True,13,155314
668fd4305c6a17d433ff6234,century,KOP,2018-11-08,Koppers,0,0,False,False,True,148,161601
66d684f983e7b286a9e7b9be,century,SND,2018-11-08,,0,0,True,True,True,33,134078
75f6ef859adb1253cad392b0,century,AAOI,2018-11-08,OPTOELECTRONICS,0,0,True,True,True,19,207089
7a54d7f216ef14030f10cea4,century,COLL,2018-11-08,,0,0,False,True,True,15,159646
909c2b5a98c6780d359628a3,century,NNBR,2018-11-08,,0,0,True,True,True,1,155483
a00095afe165e5de14d2ecf1,century,KPTI,2018-11-08,Karyopharm,3,0,True,True,True,8,160105
a0f640ef3773fa2b90f9844c,century,KALA,2018-11-08,,0,0,False,True,True,21,155467
acd3ba155086bc44b49b24fd,century,XRAY,2018-11-08,DENTSPLY SIRONA,3,0,True,True,True,52,204242
c657a794d73ad705a19ba961,century,SD,2018-11-08,SANDRIDGE,14,0,False,True,True,39,130260
d4bf427676051c99b2ae600b,century,FLNT,2018-11-08,,0,0,True,True,True,30,135769
f7c7d924b63a81ddd5a27cd2,century,HRI,2018-11-08,HERC,63,0,True,False,True,21,132180
074c9235653c85c4e8d6dfdf,century,CLW,2018-11-09,Clearwater,0,0,True,True,True,27,125949
2a5deecdcd1fad8668f01fed,century,ABEO,2018-11-09,ABEONA,13,0,True,True,True,11,68699
31eaf9f9d5164f93c40e8e07,century,PDFS,2018-11-09,SOLUTIONS,44,0,True,True,True,10,126526
454dab71cc171f782c1f0695,century,SCOR,2018-11-09,COMSCORE,0,0,True,True,True,12,128724
45d88938392da3de33a019c2,century,UEIC,2018-11-09,,0,0,True,True,True,36,125072
496d5bbf4873984b83b30909,century,ROKU,2018-11-09,ROKU,0,0,True,True,True,26,105051
4c014033ad6f83aa7e9d953a,century,OPK,2018-11-09,Opko,40,0,True,True,True,13,162162
73418487781c235f9a16a9de,century,CYTK,2018-11-09,CYTOKINETICS,0,0,True,True,True,12,79542
96871c8f421163cc64ff8af7,century,CPA,2018-11-09,ASSOCIATES,10,0,True,True,True,97,202248
b368d0607d5e9be326d598d4,century,CLMT,2018-11-09,Products,123,0,True,True,True,14,164944
b3db5b4fb83625ddff3a38a3,century,CNDT,2018-11-09,CONDUENT,0,0,True,True,True,73,114508
cae7559ee9849de3b5eb3b14,century,WATT,2018-11-09,Energous,0,0,False,False,True,17,135615
d130e43ce92044616baeb39b,century,TGTX,2018-11-09,,0,0,True,False,True,12,118239
e07e33a17a508728b07f7e8e,century,ASUR,2018-11-09,ASURE,20,0,True,True,True,24,96815
e8499102d8a5404848def2e2,century,ACET,2018-11-09,ACETO,56,0,True,True,True,30,153657
03c7c78b76ba775356563160,century,OGEN,2018-11-13,ORAGENICS,0,0,True,True,True,24,144560
18fd6753ef2633960e9a7515,century,ECPG,2018-11-13,Veroni Brands,4,0,True,False,True,21,44954
272e53764e8391899f293cc9,century,MRKR,2018-11-13,,0,0,True,True,True,20,84595
44e34c506676cd6b729541c1,century,VERI,2018-11-13,Veritone,0,0,False,True,True,16,126721
5868c4825615988f71dc3de8,century,BOXL,2018-11-13,Boxlight,0,0,True,False,True,28,97214
72b6709ff5eb521be7f3d9de,century,ALT,2018-11-13,Altimmune,0,0,False,True,True,66,129797
7ffc68ff0eef26e0abd09b90,century,SLDB,2018-11-13,Biosciences,0,0,True,True,True,52,150437
84ec01458da1f5d540868976,century,GALT,2018-11-13,GALECTIN,41,0,False,True,True,12,72518
ae509cd5d78521b2064bd9b1,century,BZH,2018-11-13,BEAZER HOMES,110,0,True,True,True,23,176428
99c619b2a819e79bedcabd0a,century,CRMD,2018-11-14,CorMedix,0,0,True,True,True,34,128244
dfaa5f8e781008a2c9816a19,century,SSTI,2018-11-14,SHOTSPOTTER,0,0,True,True,True,47,216049
ecdee55222e4f5e7121cec2f,century,FPH,2018-11-14,,0,0,True,True,True,11,195356
018488e7b764a57201c737fb,century,GFF,2018-11-19,,0,0,True,True,True,444,220329
534fd5b8281f0c49becc7d45,century,RIOT,2018-11-19,Blockchain,25,0,False,True,True,45,160584
8c8cd169259af2071391fa8e,century,DY,2018-11-21,DYCOM,2,0,False,True,True,12,162122
5d0c861b074cb816f881aaf4,century,SPB,2018-11-23,Brands,24,0,True,False,True,33,219510
755872c105cf39ef3ecb6354,century,VREX,2018-11-27,Varex Imaging,430,0,True,True,True,20,201288
481f99bb03b983aec36c5de0,century,CASH,2018-11-29,,0,0,False,True,False,31,220139
39b5bdd8947e5e98ee6aa75c,century,CATO,2018-11-30,CATO,0,0,True,False,True,35,66891
1f9e51f4e02c2c81e84c0b36,century,THO,2018-12-06,THOR,8,0,False,True,True,7,86558
39b7b7d63646b93b133df3dd,century,ZUMZ,2018-12-10,Zumiez,10,0,True,True,True,13,115262
9e851cc41d92a4ae9e79b710,century,CTRN,2018-12-10,Citi Trends,1,0,True,True,True,11,62780
dc0c3eae42cdd76df1e6155e,century,TLYS,2018-12-10,TILLY'S,2,0,True,True,True,3,101175
2563a0e2f62f686aa850a349,century,MYND,2018-12-11,MYnd,0,0,True,False,True,42,219899
98bfe868261a184e0a8988cd,century,NX,2018-12-11,Quanex Products,88,0,False,True,True,48,219089
d27ae9d2e1a4ffca3a1f2e63,century,VRA,2018-12-12,,0,0,True,True,True,43,126191
02d79f1b23059d0ee96e6bc6,century,AMAT,2018-12-13,MATERIALS,83,0,True,True,True,2,191763
81698ff251f006a569fb7c9f,century,CSBR,2018-12-17,CHAMPIONS,1,0,True,True,True,9,63220
f04f2e118be8dca079b51c02,century,MU,2018-12-19,,0,0,False,True,True,14,167045
cb5ffb3f2b0c099ddfc0eb36,century,HOV,2018-12-20,HOVNANIAN ENTERPRISES,101,0,True,True,True,16,219875
0fa5ef5a8ce87685c0e12c2d,century,NEOG,2018-12-28,NEOGEN,24,0,True,True,True,13,78729
282fc75acd3b20ec611fc077,century,CAG,2019-01-03,CONAGRA BRANDS,38,0,False,True,True,69,215858
00acbf51c5f304e53d666ff0,century,BBBY,2019-01-09,,0,0,True,True,True,16,98713
09472884026f55750e2c0c46,century,IIIN,2019-01-17,INSTEEL,2,0,True,True,True,12,66110
0858a3b56964a7d1e9861273,century,SLB,2019-01-23,SCHLUMBERGER,449,0,True,False,True,8,211586
b2a5d459d8b8047240d17387,century,KBH,2019-01-24,,0,0,True,True,True,27,196858
83f1d79368a84e3a44cba9e0,century,FAMI,2019-01-25,Farmmi,111,0,True,True,False,19,220013
49a08889717e00afb6a3adcf,century,FOR,2019-01-29,Forestar,0,0,False,True,True,131,73920
62724475b2ff4df8e5823167,century,EXTR,2019-01-30,NETWORKS,18,0,True,False,True,23,169488
be45df838a85327b748ee8d9,century,JOUT,2019-02-04,JOHNSON,5,0,True,True,True,33,78388
1decb382263cfd140b591270,century,MTSI,2019-02-06,MACOM Solutions,12,0,True,True,True,12,110153
53ef4b78275937795badc942,century,UFI,2019-02-06,UNIFI,280,0,True,True,True,2,137320
6615af7f2fb28ef14311cb09,century,MYGN,2019-02-06,,0,0,True,True,True,20,105916
9c7ff269dfa740f0a0a78321,century,SKY,2019-02-06,Skyline,35,0,False,True,True,33,170326
b086de07dc5eb19851ed29a5,century,HAIN,2019-02-07,,0,0,False,True,True,68,177990
b4e0c6ebef4060353af7eb54,century,SONO,2019-02-07,Sonos,55,0,True,False,True,0,190131
f3026b57aeaef289a19a4eba,century,CNX,2019-02-07,,0,0,True,False,True,244,220970
53d2732855f153e9b238ab06,century,CLB,2019-02-11,LABORATORIES,21,0,True,True,False,49,192311
7b6cf4b8e730f0f16d55139b,century,IRD,2019-02-12,Ingersoll-Rand,0,0,True,True,True,87,195301
6da920ce959bd4a71187aa1d,century,HAL,2019-02-13,HALLIBURTON,0,0,False,True,True,55,127137
d32959f8ee5e27bede12d85b,century,AR,2019-02-13,ANTERO,226,0,False,True,False,30,219738
f9f73492adf97459765dcef1,century,PTEN,2019-02-13,PATTERSON,3,0,True,True,True,54,205362
206520a59d322a85e54c7908,century,MD,2019-02-14,MEDNAX,19,0,False,True,True,34,190549
87f9dae83da3a32b680f8911,century,TCBI,2019-02-14,BANCSHARES,13,0,True,False,True,1,220069
cf8894f9c23be14f72efafed,century,XPO,2019-02-14,,0,0,True,True,True,69,205046
de77aee6ddeee966e2935840,century,AGIO,2019-02-14,AGIOS,11,0,False,True,True,18,190499
d7e709ea90d4f8240ad9122d,century,DAN,2019-02-15,,0,0,False,False,True,21,215750
10cc9a815d199f1a57147967,century,OIS,2019-02-19,STATES,44,0,True,True,True,31,219466
19d0927a57951701c8984ec7,century,ADIL,2019-02-19,ADIAL,3,0,True,True,True,48,219354
503fdcdb6c608ccc4c9a572b,century,PBI,2019-02-20,PITNEY BOWES,138,0,True,False,True,1,183390
b9f0129ec74a3891a134d392,century,QUAD,2019-02-20,,0,0,False,True,True,226,220744
0da3a2102244303bcdc1afe8,century,GOGO,2019-02-21,,0,0,False,False,True,51,220169
52abfa5480e8e2017ecc6131,century,SM,2019-02-21,,0,0,False,True,True,20,220027
63f99265c17b91d9b3204e9a,century,CAR,2019-02-21,,0,0,False,True,True,223,175289
df95d2a42e26fdc257719bf7,century,NVDA,2019-02-21,NVIDIA,72,0,True,False,True,41,184055
f6aeea4cb1dd7c4e0235493c,century,FOSL,2019-02-21,,0,0,True,True,True,13,185876
fd199fc689a480c4cfc9a067,century,ZG,2019-02-21,ZILLOW,111,0,False,True,True,19,219891
c8756b7fcf587790fd084b2b,century,ARLO,2019-02-22,Arlo,0,0,True,True,True,196,220184
24bd81ce7d7ce3cc49f20926,century,CPS,2019-02-25,Cooper-Standard,0,0,True,True,True,111,187430
5f7ac108aa41e9585747210d,century,VECO,2019-02-25,VEECO INSTRUMENTS,70,0,True,True,True,33,193371
7f11568d3bfe4eb93d6c44f8,century,RRC,2019-02-25,,0,0,True,True,True,23,219896
57825764428dca89972fddd6,century,CORT,2019-02-26,CORCEPT,15,0,True,True,True,40,181173
a99b6ed29e2cc3924e5ec527,century,MNKD,2019-02-26,MANNKIND,0,0,True,True,True,172,219942
aab25d14ad52c3c6c225a255,century,INGN,2019-02-26,,0,0,True,True,True,3,197254
e6a6c164e3027396a9f6209f,century,VTVT,2019-02-26,,0,0,True,True,True,77,208055
f80d70781cc39db5730f86d4,century,AA,2019-02-26,Alcoa,64,0,False,True,True,264,219585
2282d7e801e0fb11d6623216,century,RRGB,2019-02-27,BURGERS,5,0,True,True,True,21,144081
7be295c93777ec80462244c0,century,ANIK,2019-02-27,Anika,18,0,True,False,True,62,166690
a196924aa20b4d658f9ad8fe,century,MDGL,2019-02-27,,0,0,True,True,True,29,177811
c671ec87bf6f204cfc5a2930,century,GTE,2019-02-27,GRAN TIERRA,90,0,True,True,True,50,168123
dfe99bcdd55857891d31bb35,century,IMMR,2019-02-27,,0,0,True,True,True,83,149668
e04792f82cb635c0edf15d2a,century,CVNA,2019-02-27,CARVANA,0,0,True,True,True,100,220095
ee5c8fc5ef50db69456b6344,century,SITE,2019-02-27,SiteOne,7,0,False,True,True,27,219597
13e7b6d20ae8ebc6d0d4d06c,century,OSUR,2019-02-28,ORASURE,9,0,True,True,True,21,219973
4832b8241a35ae3ed524eab1,century,URGN,2019-02-28,UroGen Pharma,4,0,True,True,False,36,212323
76b0c5e896ee463621acaea3,century,OII,2019-02-28,OCEANEERING,16,0,False,True,True,27,179441
96c87e1793695ef19dd2cb5a,century,PCG,2019-02-28,PG&E,1,0,True,True,True,330,219741
aa563432656f0983f331c251,century,NBR,2019-02-28,NABORS,132,0,True,True,False,18,219925
dae9cf6e3cf5c1dd8bfec240,century,RIGL,2019-02-28,,0,0,True,True,False,27,208770
dee105ad148736b2714af68a,century,RES,2019-02-28,,0,0,True,False,True,1,151138
def2f186fc3783f33a68f150,century,ELF,2019-02-28,,0,0,False,False,True,43,211589
e05c625464ebe9fa378e36bb,century,CENX,2019-02-28,,0,0,True,False,True,55,211262
e1be6b9cb493854f520ac174,century,EVH,2019-02-28,Evolent,17,0,True,True,True,167,218827
e2161d6344ab333ad201bc52,century,ANAB,2019-02-28,ANAPTYSBIO,0,0,True,True,True,18,205846
e56e958e53352cef16172f04,century,WTI,2019-02-28,,0,0,True,True,True,30,219972
2ab807cd934e792b1ba9dbec,century,DK,2019-03-01,Delek,216,0,False,True,True,43,219513
3a6c5dcb2abc5433df44c334,century,ACHC,2019-03-01,Healthcare,88,0,True,False,True,32,219581
60e1e09db19edea2e26dd5e2,century,NKTR,2019-03-01,NEKTAR,26,0,True,True,True,185,215306
92c9f0cb63293c0028a895ec,century,EDIT,2019-03-01,Editas,3,0,False,True,False,47,220007
aaa00d5e62ba60fdcb7fbb6d,century,OMER,2019-03-01,OMEROS,14,0,False,True,True,16,184134
abd05b186a2a2f66a06ad4ab,century,PBYI,2019-03-01,BIOTECHNOLOGY,4,0,True,False,True,38,184112
b4385eee44a07d3cf694bc31,century,MTDR,2019-03-01,,0,0,True,True,True,29,219749
cfa36073fbc3cd7414ea26fd,century,AMRX,2019-03-01,Amneal,147,0,True,True,True,44,219293
dfe79d723b9516454a70ca4c,century,MED,2019-03-01,MEDIFAST,0,0,True,True,True,62,197975
e63b8a60f88aa87669ac25c3,century,CRK,2019-03-01,COMSTOCK,41,0,True,True,True,20,211247
284a4bc863a1caeebb006eed,century,TTI,2019-03-04,,0,0,True,True,True,18,219915
cc840e4d071b083b3498f7f8,century,NWL,2019-03-04,NEWELL BRANDS,29,0,True,True,True,25,197514
f76274ddda32a26ed11092a2,century,TTI,2019-03-04,Compressco,49,0,True,True,True,20,219885
2aa4a5c72393a36bb763c09f,century,STIM,2019-03-05,Neuronetics,0,0,False,True,True,17,219989
03ce4d7ada090e1168fdc069,century,AMPY,2019-03-06,,0,1,True,True,True,47,219693
0eabe0c27ce2da3ad5606415,century,TRVG,2019-03-06,trivago,78,0,True,True,False,75,219782
153958e0a443e390cd4b918c,century,PBF,2019-03-06,,0,0,True,True,True,360,221865
4b9957caaa450bcbd565be93,century,XERS,2019-03-06,XERIS,3,0,True,True,True,21,193067
cb444c1dc780d6831b341b42,century,PHUN,2019-03-06,Phunware,0,0,True,False,True,188,214235
09c4df14876db3625e5c0cd1,century,GERN,2019-03-07,GERON,19,0,True,True,False,28,173585
0b1c44c1c0fa0910ff655154,century,FIZZ,2019-03-07,,0,0,False,True,True,20,36511
7110db1ced0aae08c8a70ac7,century,CTSO,2019-03-07,Cytosorbents,0,0,True,True,True,75,205680
81b912f691c64eecdf110614,century,CLDX,2019-03-07,Celldex,10,0,True,True,True,35,209441
b369b5275e9a534bde41e242,century,OCUL,2019-03-07,THERAPEUTIX,0,0,True,True,False,4,220048
f12dcf43fc1cc66cb51d5812,century,FCEL,2019-03-07,FUELCELL,17,0,True,True,True,38,188773
fcba882eab1be2dd7ad2f0c6,century,NCNA,2019-03-07,NuCana,15,0,True,True,False,28,220039
9230ff4e83a0e23844ce2b33,century,ALDX,2019-03-08,Aldeyra,8,0,True,True,True,24,199880
942fb243aae2533c7b9d8d8c,century,RCKT,2019-03-08,,0,0,True,True,True,46,219351
3b40a83252c369f1b81b95fa,century,INO,2019-03-12,INOVIO,19,0,False,True,True,49,198195
6aed71d7dd77e74d66b06b8c,century,KNSA,2019-03-12,Kiniksa,4,0,True,False,True,32,219581
7870ac61e8384cffa0c34ff1,century,CLLS,2019-03-12,Cellectis,84,0,True,False,False,17,219963
dab5435afbac497b3a9bf3a5,century,NTNX,2019-03-12,Nutanix,0,0,True,True,True,34,142433
64742b9cbdfb33659574de4f,century,TALO,2019-03-13,TALOS,36,0,True,True,True,95,219459
a0a1296ec607370aafbe4a97,century,VKTX,2019-03-13,,0,0,True,True,True,40,219448
c7bdbc9f598e1f74e4a2891a,century,TTGT,2019-03-13,TechTarget,0,0,True,True,True,42,168456
e9f23c230181875f50d4dffa,century,ADMA,2019-03-13,ADMA BIOLOGICS,10,0,True,True,True,114,220139
9578d3df0265bedd38e56fe3,century,IQ,2019-03-15,iQIYI,52,0,False,True,False,12,220056
aa8864baa9ad1154511fd2f5,century,WSC,2019-03-15,WillScot,0,0,True,True,True,116,220080
c6132e9905280ef7d0224122,century,SENS,2019-03-15,Senseonics,0,0,True,False,True,32,219824
f815fd9263ff6bd414b3b665,century,BIDU,2019-03-15,Baidu,91,0,True,True,False,23,220003
27208811f82e879b9889dc88,century,FBIO,2019-03-18,Biotech,9,0,True,True,True,70,219355
5745a908cab7cc0a79a6966a,century,NVAX,2019-03-18,NOVAVAX,0,0,True,True,True,64,189328
72b3961db95280e8cf84ef9a,century,ORGO,2019-03-18,,0,0,True,False,True,120,219284
7e392e05dc0225dcd26c6367,century,TUSK,2019-03-18,SERVICES,304,0,False,True,True,10,219930
96e0ea982fdaf0a65a210d36,century,UNIT,2019-03-18,Uniti,108,0,False,True,True,34,219997
ecf01e1b646b1bb19a636deb,century,NOG,2019-03-18,,0,0,False,True,True,2,220054
779f69a1043980fe8428e087,century,WPRT,2019-03-19,WESTPORT,2,0,True,False,False,4,21089
0184f9595ffa38ae8ff65583,century,PLCE,2019-03-21,Childrens,0,0,True,True,False,3,160782
709ee1871b50b76c08d6a6ce,century,ACIU,2019-03-21,,0,0,True,True,False,6,220049
b6a314914f777851f40bc9b5,century,SBLK,2019-03-21,Carriers,24,0,True,True,False,15,219910
9b3ab89b69a4e1498a413aa5,century,BE,2019-03-22,,0,0,False,True,True,209,221009
33fcb0a897987650cd89e549,century,TLRY,2019-03-25,Tilray,31,0,True,True,True,16,167120
907348597e09c0738617c79d,century,DB,2019-03-25,DEUTSCHE AKTIENGESELLSCHAFT,129,0,False,True,False,55,220245
6d52c2556971e70efc49d88d,century,CRIS,2019-03-26,CURIS,152,0,False,True,True,2,220073
fba8b6d32ca65b2676954a0c,century,TEO,2019-03-27,TELECOM,304,0,True,True,False,1,220053
1847b33b38d6ab8c9145a63c,century,HIMX,2019-03-28,Himax,56,0,True,True,False,86,218047
55022fdf930ad64fd7c6dcf1,century,GLBS,2019-03-28,GLOBUS,15,0,True,True,False,17,219990
57bfcbf98623a951b7458eac,century,ECOR,2019-03-28,electroCore,0,0,True,True,True,44,219829
63c7af124053b7b06c568dc0,century,LE,2019-03-28,LANDS',0,0,False,True,True,142,219567
a34962867349110ebb41d597,century,GEVO,2019-03-28,Gevo,0,0,True,True,True,43,220093
a7b2b633d71fe3d5a89a70dc,century,SOHU,2019-03-28,Sohu,0,0,True,True,False,223,220665
ac9bb9a913dc6aa834f9d20a,century,ATOS,2019-03-28,,0,0,True,True,True,31,192226
5cf72975f318d662ce3ddd48,century,FSM,2019-03-29,FORTUNA,2,0,True,False,False,3,16307
84993221c295a71544aa36d5,century,DBVT,2019-04-01,,0,0,True,True,False,5,220001
966eb590d8a15a4137526535,century,MBOT,2019-04-01,Microbot,262,0,True,False,True,49,195299
b6011dbfdbada534be305a26,century,RKDA,2019-04-01,Biosciences,0,0,True,True,True,33,189313
e8581fbcc98dc68f821b9882,century,TK,2019-04-01,TEEKAY,481,0,False,False,False,17,220023
ed8cf75e11af8135e4b5dabb,century,GBR,2019-04-01,,0,0,True,True,True,23,118937
3a5d71ba1ae8688357102fbe,century,NIO,2019-04-02,,0,0,True,True,False,152,220800
bc9de150a25698684d3a75ed,century,SIG,2019-04-03,JEWELERS,20,0,False,False,False,13,219986
5dc9b59932ee3f4e006c7687,century,GBX,2019-04-05,COMPANIES,2,0,True,True,True,56,142996
a9167c0aa3722ad0c540ff51,century,LEDS,2019-04-12,SemiLEDs,0,0,True,True,True,60,109847
257ad666a77081bf8145b3d6,century,DQ,2019-04-17,DAQO,143,0,False,True,False,12,219971
814e7f6924e06aeed4d894e8,century,VIPS,2019-04-18,Vipshop,0,0,True,False,False,67,220138
4341d02483708877b0cd6153,century,HOFT,2019-04-19,,0,0,True,True,True,31,175630
b09b9d12279dca2fbd663848,century,DLTH,2019-04-19,DULUTH,19,0,True,True,True,42,191252
4b8c9f55dbbbaedc021e61fe,century,AKTX,2019-04-23,Akari,11,0,True,True,False,21,219893
719cda9958ee9026717a9eed,century,BIIB,2019-04-24,,0,0,True,False,True,49,151007
ca06fd025db4593dcc99ce96,century,ACH,2019-04-24,,0,0,False,False,False,2,220075
4be6d486e9a779675f29b98f,century,VC,2019-04-25,VISTEON,0,0,False,True,True,88,115879
a3365b0401ee641340c300d5,century,NOV,2019-04-26,OILWELL VARCO,0,0,True,True,True,24,84011
a4e017f7021e78d90e9def19,century,HUYA,2019-04-26,HUYA,0,0,True,True,False,60,220215
b99d46fdaa4a6eae56ff4dd9,century,CMCM,2019-04-26,,0,0,True,True,False,20,219920
2d1c8c84889cbbb4dc5ca8c4,century,XNET,2019-04-29,Xunlei,115,0,True,False,False,1,220069
80dc9d83bb70e225231090f0,century,UXIN,2019-04-29,Uxin,0,0,True,True,False,31,220189
d8c0c4a0bc86ac81dd87fb7a,century,YRD,2019-04-29,Yirendai,0,0,True,True,False,22,220030
daffca581b47fd7555e58cb8,century,GSM,2019-04-29,Ferroglobe,0,0,True,True,False,121,219782
fab35bfe94c7297c5961c52d,century,WB,2019-04-29,WEIBO,81,0,False,True,False,39,220235
77c47b338d40a8be6ecc738f,century,TV,2019-04-30,GRUPO TELEVISA,47,0,False,True,False,52,220277
92b940f5af277cd4e247723e,century,LOMA,2019-04-30,Negra Compania Sociedad Anonima,35,0,False,False,False,29,220181
ac4563a010e51bdff59bcecb,century,MUX,2019-04-30,McEwen,14,0,False,True,True,31,132712
c4e93cb769ed062e37850bff,century,CEPU,2019-04-30,PUERTO,38,0,True,False,False,3,220035
d584278ed71f1a15855f3005,century,VICR,2019-04-30,VICOR,9,0,True,False,True,43,94457
dba0d78d2154fc53eb9d9b45,century,EDN,2019-04-30,EDENOR,0,0,True,True,False,41,220150
ddb56408ffd313c9038cbd19,century,PAM,2019-04-30,Pampa,49,0,False,True,False,1,220056
144689e9ae3fbdb2af170ecf,century,CDE,2019-05-01,Coeur,32,0,True,True,True,42,111890
ad701341fff34b192ba3e0b8,century,LXRX,2019-05-01,,0,0,True,True,True,13,107761
c65673cee5107a8b4c71c5a5,century,LIVN,2019-05-01,LivaNova,0,0,True,True,True,40,133805
e4c2269326d719f93f5f0643,century,FET,2019-05-01,,0,0,False,True,True,33,105740
1a845d178e3eabdc7fdd9122,century,CMPR,2019-05-02,CIMPRESS,0,0,True,True,True,48,119904
229b804b5ccf0b0220a4fbed,century,WLK,2019-05-02,WESTLAKE,0,0,True,True,True,49,104695
34e0b814133008e879194923,century,LQDA,2019-05-02,Liquidia,5,0,True,True,True,14,158178
b315ffd8f5a525c5fc06b9e5,century,TEVA,2019-05-02,TEVA,0,0,True,True,False,212,128040
ceb8a3b8cf70436a10dc64e4,century,NTLA,2019-05-02,Intellia,7,0,True,True,True,11,157192
5dbc70203a718a0f27a80a7b,century,UIS,2019-05-03,UNISYS,15,0,True,True,True,27,120574
75ef74fad73aeb58bfc8a339,century,VNDA,2019-05-03,,0,0,True,True,True,17,153688
92bacdc581b3aabea476168a,century,TWI,2019-05-03,,0,0,False,True,True,46,104531
827028e833549647a0bf008b,century,ABUS,2019-05-06,Biopharma,0,0,True,True,True,16,98259
5ffa8d52e05b01eb82d34123,century,OVID,2019-05-07,Ovid,0,0,True,True,True,16,121225
6e0a1aff579ec58f6d689dbe,century,LOB,2019-05-07,Bancshares,0,0,False,True,True,55,175967
7143d0f7d3da97a6ab170eaf,century,SND,2019-05-07,,0,0,True,True,True,36,94487
8d007941065ae61c5c7d8ef4,century,DDD,2019-05-07,,0,0,True,True,False,33,95038
db9e4bc48ee9d6e93414d665,century,WDC,2019-05-07,,0,0,True,True,True,64,178773
ddab66d37a67dfd1292046c4,century,CENT,2019-05-07,,0,0,False,True,True,34,147017
0e19965647b6f6400a1b3c7e,century,BXC,2019-05-08,BlueLinx,0,0,True,True,True,17,77293
21870603f131f8d956edb7e9,century,CLW,2019-05-08,Clearwater,0,0,True,True,True,25,97361
523e1dce44f1992758cc5d5a,century,OPK,2019-05-08,Opko,51,0,True,True,True,14,194472
6deaa438e00d1ea2f7598765,century,AXGN,2019-05-08,Axogen,82,0,True,True,True,12,81120
70dbe8d1e00d2f4c0371f17e,century,REI,2019-05-08,,0,0,True,True,True,24,87564
7a5f824040ec0caf5a0a7427,century,TXMD,2019-05-08,TherapeuticsMD,0,0,True,True,True,39,132760
7c12101d71fe05d525340a33,century,COLL,2019-05-08,,0,0,False,True,True,15,124304
99ecf4d0929a41a880572e2f,century,KRO,2019-05-08,KRONOS WORLDWIDE,3,0,True,True,True,16,74932
a3de8172cfc6b5e617a47fc0,century,ACRS,2019-05-08,Aclaris,3,0,True,True,True,17,150373
aeb606bcb8ef6ad535301512,century,PENN,2019-05-08,PENN,0,0,True,True,True,106,172291
d8a84f82127abf81606c29f8,century,MG,2019-05-08,Mistras,0,0,False,True,True,46,108094
1fd953e45ac92554565072fc,century,CTMX,2019-05-09,CytomX,14,0,True,False,True,11,141263
338c38a4f0acfa5f0a9b62c5,century,LGND,2019-05-09,LIGAND,8,0,True,True,True,15,95132
3788415fc9215d477aad0037,century,SCOR,2019-05-09,COMSCORE,0,0,True,True,True,18,145687
44ff7f7d6957b532a1ad0ab0,century,EGAN,2019-05-09,EGAIN,13,0,True,True,True,16,197587
4ee63d0000bae51f13682ba3,century,AAOI,2019-05-09,OPTOELECTRONICS,0,0,True,True,True,30,210007
51349497c2f21fc50a1b318a,century,BW,2019-05-09,Wilcox Enterprises,33,0,False,True,True,17,217179
51dbe970298169695c1fa3c5,century,KALA,2019-05-09,,0,0,False,True,True,19,130723
5d8a95faae846cbe66f2eaed,century,EYE,2019-05-09,,0,0,False,True,False,59,144320
6f4fda14629e1c39b26c638b,century,ASMB,2019-05-09,BIOSCIENCES,0,0,True,True,True,20,111533
79377988b3566ffc210b5d64,century,CNDT,2019-05-09,CONDUENT,0,0,True,True,True,83,88070
86b7e2ff21e0c645090a1303,century,AKBA,2019-05-09,,0,0,True,True,True,12,181522
9437e8d5911682d63ab57734,century,ARCB,2019-05-09,ARCBEST,63,0,True,False,True,2,157178
950a9439ca44077c45e8e906,century,SD,2019-05-09,SANDRIDGE,12,0,False,True,True,28,85826
a98e14c24dbb68953143e2df,century,TPR,2019-05-09,,0,0,True,True,True,52,179356
ba68860c9668cc56b9a9f64e,century,VSTM,2019-05-09,Verastem,0,0,True,True,True,12,150293
cbed6dc3c5ee5eb77cf4520c,century,HRTX,2019-05-09,,0,0,True,True,True,1,217977
d3243dec0eaeb2eeb5c3fe2e,century,KPTI,2019-05-09,Karyopharm,0,0,True,True,True,9,136882
d3af45e446ce2777efd8ac3a,century,CRTO,2019-05-09,Criteo,29,0,True,True,False,26,109420
d6713cdba9de2137ce7aa6d9,century,GNK,2019-05-09,GENCO,241,0,True,True,False,38,177944
daf570a7211fc4c6f499b5eb,century,AMG,2019-05-09,AFFILIATED MANAGERS,2,0,True,True,True,36,119175
e5d6a6726264fa9c0622dbe0,century,ASTE,2019-05-09,ASTEC,31,0,True,True,True,22,107604
fd8799ed87f93472fe3280d7,century,TTMI,2019-05-09,,0,0,True,True,True,27,202597
32aa17cac884ee436658b4e3,century,MBIO,2019-05-10,,0,0,True,False,True,19,219763
3b3047e7dfae3e89065b0f63,century,NNBR,2019-05-10,,0,0,True,True,True,2,102437
40a25fa3be8ce12bedd204c6,century,MARA,2019-05-10,,0,0,False,False,True,20,55488
796d107b3c5469143257ca32,century,WVE,2019-05-10,Sciences,0,0,True,True,False,44,112827
7f3403285c9fe19655d81e87,century,SGRY,2019-05-10,,0,0,True,True,True,44,109359
8bb28f49fdb3241f46571586,century,KNDI,2019-05-10,Kandi,152,0,True,True,True,10,147910
8d7dbc4fdb7f905434f096a5,century,PXLW,2019-05-10,PIXELWORKS,0,0,True,True,True,32,166186
904a0fda8b9f9402535c5510,century,ABEO,2019-05-10,ABEONA,9,0,True,True,True,16,61147
98e883da8663d713ff025c5c,century,TGTX,2019-05-10,,0,0,True,False,True,11,121194
9aff2200f6283fbc65b69a62,century,HL,2019-05-10,HECLA,98,0,False,True,True,2,138360
aab814a85a2130f7d2776356,century,TROX,2019-05-10,Tronox,68,0,True,False,True,40,123510
b2bde0c838a5bb1bcafa2200,century,WATT,2019-05-10,Energous,0,0,False,False,True,16,121144
df1891883d3c8d08bc089539,century,RMR,2019-05-10,,0,0,True,True,True,217,138618
e6a973e2e6830cdf9e6f686d,century,CWH,2019-05-10,Camping,5,0,True,False,True,85,181256
e8bf37453f8a5a935da8c85b,century,SUPV,2019-05-10,Grupo Supervielle,103,0,True,True,False,15,219910
fee78296f50a83df5d3d8808,century,ASUR,2019-05-10,ASURE,18,0,True,True,True,23,75691
2be23597d214ef2c596fd2fe,century,CRMD,2019-05-13,CorMedix,0,0,True,True,True,37,131648
7c8e7c00d9d5655128e3626d,century,NSPR,2019-05-13,InspireMD,0,0,True,False,True,38,82518
910ecbb96eb7c8044f389648,century,MBRX,2019-05-13,Moleculin Biotech,22,0,True,True,True,12,121718
91602b7046ebbbcd53a1f0a4,century,SLDB,2019-05-13,Biosciences,0,0,True,True,True,23,151890
acd4f65adaa3802af3c0cff3,century,TNXP,2019-05-13,Tonix,9,0,True,False,True,35,90245
05e15679fb00ccea726f53af,century,ALT,2019-05-14,Altimmune,0,0,False,True,True,16,55617
1674fb9fa61336be16c4b2a5,century,BOXL,2019-05-15,Boxlight,0,0,True,False,True,35,86559
9edd45dd4fcf857308ba38b0,century,ACHV,2019-05-15,SCIENCES,1,0,True,True,True,14,213231
c523a5fde519edb6755c0e6a,century,BLIN,2019-05-15,Bridgeline,9,0,True,True,True,46,133974
e37dad28cc7d43d223487863,century,XFOR,2019-05-15,,0,0,True,True,True,74,189347
ef8cfe87d4f873c6a4144774,century,PULM,2019-05-15,Pulmatrix,0,0,True,True,True,22,83110
a399b0122da57f689ca26c7a,century,DY,2019-05-23,DYCOM,1,0,False,True,True,10,137432
4851f7818910d37cf26c6031,century,PETS,2019-05-28,PETMED,6,0,True,True,True,33,160699
6367529aa44cae93eac2a3f4,century,CVCO,2019-05-29,CAVCO,38,0,True,True,True,28,199785
7b383720a79fb434fbb3c2e1,century,CPRI,2019-05-29,,0,0,True,True,False,2,177681
0454323502b2993872dbff22,century,MOV,2019-05-30,MOVADO,36,0,True,True,True,3,110676
53c0a3b33427133379b1f1ce,century,CATO,2019-05-30,CATO,0,0,True,False,True,38,63551
463350d4285e25eb7b0d0971,century,DBI,2019-06-04,Brands,10,0,True,True,True,31,98764
42c05b8c2e0b76adce845a5e,century,UNFI,2019-06-05,FOODS,6,0,True,True,True,20,122749
b9d05ae2f0305d6faf908e9d,century,M,2019-06-05,Macy's,30,0,False,False,True,60,81330
65b71087490d9671c4c45c69,century,BOX,2019-06-06,,0,0,True,True,True,53,158400
d92b53fade8b3c01e71e8264,century,SFIX,2019-06-06,,0,0,True,True,True,36,194964
05fd5952fc2c5c9b56843638,century,KSS,2019-06-07,KOHLS,1,0,True,True,True,3,45149
16b2231d0b1dc9e5e0822aa2,century,KHC,2019-06-07,,0,0,True,True,True,43,219889
547eb99e281d37c3081cf6cb,century,DDS,2019-06-07,DILLARD'S,0,0,True,True,True,4,69140
6c64d1c68772a74ba85c963e,century,GEF,2019-06-07,GREIF,16,0,True,True,True,41,192491
0cdc0eb37b459d42dddf5c22,century,LMNR,2019-06-10,Limoneira,0,0,True,True,True,77,209768
2463daba2750014e9fdd58dc,century,PVH,2019-06-10,,0,0,True,True,True,62,185626
4057fcf8756c47f80d4222ea,century,BBCP,2019-06-10,Pumping,9,0,True,True,True,71,146625
52935924ad19a8592f98fc69,century,CTRN,2019-06-10,Citi Trends,1,0,True,True,True,13,58890
5d3c8312cf5f313f7d5fbb81,century,THO,2019-06-10,THOR,19,0,False,True,True,15,156829
8b69b7f6dd3f2a63999731e2,century,GIII,2019-06-10,,0,0,True,True,True,2,85939
fa9b38b4620d30641648fb08,century,URBN,2019-06-10,OUTFITTERS,0,0,True,True,True,43,82086
213b6901fdb0414a4f40b215,century,JILL,2019-06-11,,0,0,False,True,True,22,64067
c4256c401a17df56bb1a89a9,century,ANF,2019-06-12,ABERCROMBIE,44,0,True,True,True,1,128104
8764f8f5d1ca4b064a537e94,century,DXC,2019-06-13,,0,0,True,True,True,210,220488
89173035a3ac3105bf09fae4,century,CODA,2019-06-13,,0,0,False,False,False,42,102102
a23615bf89d59e94cf140f3c,century,RH,2019-06-13,,0,0,False,True,False,32,154675
aae91453619d8df988163dd1,century,CAL,2019-06-13,CALERES,0,0,False,True,True,39,138889
302332ba78376db326704bc8,century,MEI,2019-06-20,METHODE,4,0,True,True,True,32,149479
66f94847dc4d3957285f7808,century,BNED,2019-06-25,Barnes,33,0,True,True,True,70,194772
3ca317e77e9ccb6712a45f85,century,AVAV,2019-06-26,AeroVironment,0,0,True,True,False,57,191500
93963283673ccfec9c56f4c5,century,MU,2019-06-26,,0,0,False,True,True,16,187388
35c08d59234cc09fff42c245,century,KFY,2019-06-28,KORN,8,0,True,True,True,57,162752
d6e63f609becfac2d0587bdb,century,PSMT,2019-07-10,PRICESMART,0,0,True,True,True,47,116025
27d366a83a16c0c45c2efc3e,century,BBBY,2019-07-11,,0,0,True,True,True,20,95519
c2a9d288d990e3e1ad40bbef,century,NVEC,2019-07-17,,0,0,True,True,True,1,35693
967c2c4926180cf3c6317f17,century,IIIN,2019-07-18,INSTEEL,4,0,True,True,True,15,75621
0ac4d3753359a2a31ef308eb,century,ASPS,2019-07-25,Altisource Solutions,105,0,True,True,True,35,151669
8920e831ec2952f2459e67f5,century,ALKS,2019-07-25,,0,0,True,True,True,95,129512
da84b9a17927f2555887234b,century,CALX,2019-07-25,,0,0,False,True,True,16,206024
edb68bc5d1d3875783a409ec,century,EQT,2019-07-25,,0,0,True,True,True,67,133029
6ce1f842cee4e877ac2b7d73,century,HCSG,2019-07-26,HEALTHCARE SERVICES,102,0,True,False,True,12,124562
7d5af1238cf9eaba0b6a77a1,century,HZO,2019-07-26,MARINEMAX,0,0,True,True,True,18,108924
bd44f59d8868f4db61effc04,century,RIG,2019-07-30,,0,0,False,True,True,149,159392
0f77d59758ba020bc6b174e3,century,MGNX,2019-07-31,MACROGENICS,0,0,True,True,True,12,86476
22ec27e201e3314d57d4627b,century,WHG,2019-07-31,WESTWOOD,0,0,True,False,True,137,97083
3f4e6e0c2b6a9d15fc1c6670,century,SBH,2019-07-31,,0,0,True,True,True,31,90912
a75c26444f2b65e85971d733,century,STAA,2019-07-31,STAAR,6,0,True,True,True,32,76804
b18f9747400a3be53f19bf03,century,ACCO,2019-07-31,ACCO BRANDS,14,0,True,False,True,113,128482
18240b5daf6effc5f4ae2e00,century,CCO,2019-08-01,,0,0,True,True,True,64,195616
33faa1079bca91f96c1c56d7,century,SFM,2019-08-01,Sprouts Farmers,17,0,True,True,True,37,115509
55a6787984d1ec4dea4dfb37,century,CRVS,2019-08-01,,0,0,True,True,True,10,119432
97f102cd888214962b881aa0,century,FLR,2019-08-01,,0,0,True,True,True,54,158324
a25bb136047686dade03bea8,century,APA,2019-08-01,,0,0,False,True,True,20,146556
a50e79298635c33fd8d347f2,century,PBF,2019-08-01,,0,0,True,True,True,261,157094
daabfe604472da857dc9cbbb,century,PBF,2019-08-01,,0,0,True,True,True,588,185078
fbc8494ab03e21ec1583ead2,century,ALGN,2019-08-01,,0,0,True,True,True,13,111856
12b0eba514cccb85d59ee133,century,RMAX,2019-08-02,,0,0,True,True,True,33,126008
144e03c88516333a8695b4de,century,BH,2019-08-02,Biglari,0,0,False,True,True,48,77629
155f01b06a2a87a1790ddcc3,century,UVE,2019-08-02,,0,0,True,True,True,18,140718
9d5f7343cc0deafe4ea0de5c,century,CC,2019-08-02,Chemours,0,0,False,True,True,94,107134
cbea16f8b0047b56832032ed,century,ORN,2019-08-02,,0,0,True,True,True,1,133615
debb96aa97a691f61ffa6023,century,LOCO,2019-08-02,Pollo,4,0,False,True,True,41,158261
243e06c246d51710af54355c,century,BJRI,2019-08-05,RESTAURANTS,72,0,True,False,False,2,102181
2644e0378c204ab033780b74,century,THC,2019-08-05,HEALTHCARE,20,0,True,True,True,18,104437
3b121d65ea893931a02baec8,century,GLRE,2019-08-05,GREENLIGHT,29,0,True,True,False,46,161175
5313b2f63309b082137d1dfa,century,KOS,2019-08-05,Kosmos,34,0,False,True,True,17,165971
554ac0da2028e5e68a827eb5,century,NERV,2019-08-05,Neurosciences,0,0,True,True,True,13,114903
55f8f31885293eb49c331d1f,century,MAC,2019-08-05,MACERICH,0,0,False,False,True,45,154003
fdc5dfce9e4b1410f0463852,century,TBPH,2019-08-05,Theravance Biopharma,4,0,True,True,True,22,119207
07672a0dd0241c11933861a5,century,USNA,2019-08-06,USANA SCIENCES,9,0,True,True,True,25,87063
1e7fa007234e26b079f6544b,century,GPRE,2019-08-06,Plains,0,0,True,True,True,77,178478
259c95404fba1175a15402e9,century,BHR,2019-08-06,Braemar Hotels Resorts,39,0,True,True,True,28,105219
2f23e22c497e07753ebfad48,century,AMSC,2019-08-06,,0,0,True,True,True,14,108066
41dacf99121d984316755fbc,century,RCUS,2019-08-06,Arcus Biosciences,7,0,True,True,True,12,125612
4752886d3e75eda6095e422b,century,AHT,2019-08-06,ASHFORD,90,0,False,True,True,32,122738
4aacd28f2166db113682e80a,century,MCRB,2019-08-06,,0,0,True,True,True,13,121947
50ff8e29caaacc1ff995da67,century,CYH,2019-08-06,,0,0,True,True,True,91,217615
8d329726c042b31b891f29cc,century,EPC,2019-08-06,EDGEWELL,4,0,True,True,True,23,152285
94c73ff61543393eb92bee13,century,SSTI,2019-08-06,SHOTSPOTTER,0,0,True,True,True,95,204093
95ba61c461957ccbbaaf1bc9,century,PRTA,2019-08-06,Prothena,0,0,True,True,True,26,139642
a937c3ede9722bed0a566b0e,century,ALNY,2019-08-06,ALNYLAM,11,0,True,True,True,13,129358
aa6fab3a106a54ea1f83593c,century,GVA,2019-08-06,,0,0,True,True,True,30,112508
27b436526a3a06e22d4b098d,century,CNR,2019-08-07,Brands,0,0,True,True,True,12,145376
4095f5c51afa524461daa195,century,GTES,2019-08-07,Gates,86,0,True,True,True,26,177291
54b89f1361f440f10510c48b,century,TCX,2019-08-07,TUCOWS,41,0,True,True,True,1,181762
58c3d8344e558a5abd34b2d9,century,IRMD,2019-08-07,IRADIMED,0,0,True,True,True,17,170834
8bd2bc84eba880662f310b31,century,RGNX,2019-08-07,REGENXBIO,0,0,True,True,True,20,189493
8bf9570d77cead2d914cd351,century,SPB,2019-08-07,Brands,5,0,True,False,True,57,199240
8e3d844706727efbd3badec3,century,DVN,2019-08-07,,0,0,True,True,True,2,133249
9135ef01f27c2770cd51d35f,century,RYAM,2019-08-07,RAYONIER MATERIALS,5,0,True,False,True,33,122384
98bf14ccd8edecab2be216d7,century,ENR,2019-08-07,,0,0,True,True,True,143,208909
b1c3ebc374733f5db6db715a,century,COHU,2019-08-07,COHU,0,0,True,True,True,147,130004
bb26dab9221dbfab0818f758,century,WTTR,2019-08-07,Services,116,0,True,True,True,30,182031
dc7db4c02af59536573b6c98,century,NUS,2019-08-07,ENTERPRISES,0,0,True,True,True,12,114062
069693173942a81960cea2c6,century,ULH,2019-08-08,,0,0,True,False,True,26,113375
145b55905b7848e87764c057,century,BCRX,2019-08-08,BIOCRYST,4,0,True,True,True,16,153966
15cd0a2ffe7d703c8a161e54,century,ATRA,2019-08-08,Atara Biotherapeutics,9,0,True,True,True,14,102035
1bca934e229665104185685f,century,MFIN,2019-08-08,,0,0,True,True,True,17,160794
22249028db70393c0491c318,century,AMC,2019-08-08,,0,0,True,True,True,25,127899
3be8fd0d09bb84e521d91d1a,century,TPC,2019-08-08,PERINI,0,0,True,True,True,54,148412
46250fdaa0e9bfb7aeacc620,century,GNE,2019-08-08,,0,0,True,True,False,27,155608
5f24d9e3f68ef985ddc60b6c,century,HBIO,2019-08-08,BIOSCIENCE,0,0,True,True,True,17,120479
63b153daccf8293b0319bfea,century,CAPR,2019-08-08,CAPRICOR,190,0,True,False,True,39,157008
6a89e06f81e2741b76b0bf38,century,BTU,2019-08-08,PEABODY,20,0,True,True,True,38,167792
7d559d496ef78277988c49e6,century,SONO,2019-08-08,Sonos,74,0,True,False,True,1,210611
9513c2917abb3556a2322922,century,MRNA,2019-08-08,Moderna,0,0,True,True,True,72,98751
ad8442c191e15bfe38735084,century,RIOT,2019-08-08,Blockchain,6,0,False,True,True,51,114418
bc79e0b4ac4e6b216b0d4465,century,RRR,2019-08-08,Resorts,0,0,True,True,True,42,125177
cc6100a1cf6c7397b50d89a1,century,CBT,2019-08-08,,0,0,True,True,True,34,156345
d5492390897ad905e1518d57,century,VERI,2019-08-08,Veritone,0,0,False,True,True,16,111137
f8d0589ee60f0317a39846c1,century,TILE,2019-08-08,,0,0,False,True,True,9,76359
fd7bfb795a0aa5724ad95718,century,SVRA,2019-08-08,,0,0,True,True,True,12,107918
07b809146743cbb60ed04e75,century,TDW,2019-08-09,,0,0,True,True,True,32,106523
0d009c65c0cba37ae577b10a,century,GALT,2019-08-09,GALECTIN,49,0,False,True,True,18,89330
0f5f91bab212fa7ab46fb32e,century,MRKR,2019-08-09,,0,0,True,True,True,10,105913
323f753616a8f82b8056127f,century,GDOT,2019-08-09,,0,0,True,True,True,52,134167
5c6ec0405dfbfa5ee7502aad,century,TZOO,2019-08-09,TRAVELZOO,0,0,True,True,True,94,202251
5d193dfa3f24a707adc2f057,century,ICUI,2019-08-09,,0,0,True,True,True,1,124235
6fcbc585622220a547bef336,century,MMSI,2019-08-09,,0,0,True,True,True,17,139891
a6c19d5cd606c6b88d433b8a,century,RMTI,2019-08-09,ROCKWELL,7,0,True,True,True,35,118879
a9a1760bcd0bf47482f4007b,century,ANGI,2019-08-09,ANGI Homeservices,0,0,True,False,True,99,126295
ca7984c98b10afccd7bebfc9,century,SUPN,2019-08-09,SUPERNUS,2,0,True,True,True,14,111115
f2d780d6502a033d9d0fe6b7,century,PRPO,2019-08-09,Precipio,0,0,True,True,False,16,171075
2bfb91a938370a2c4f1fcb80,century,CRNX,2019-08-13,Crinetics,2,0,True,True,True,14,88152
09c45f241e0256bf136124c1,century,SRRK,2019-08-14,,0,0,True,True,False,12,130141
5164098f447a11edcf52e60e,century,REKR,2019-08-14,Rekor,57,0,True,False,True,34,172245
5e276cdca808cf3cf86b69ad,century,SINT,2019-08-14,Sintx,5,0,True,False,True,15,91789
5e6ba57b78d943e17f5416d2,century,XBIO,2019-08-14,Xenetic Biosciences,10,0,True,True,True,22,91034
e345e9ff5844f00266c6ef3a,century,CODX,2019-08-14,Co-Diagnostics,0,0,True,False,True,27,64117
bbafb098e941b347333d9349,century,NTAP,2019-08-19,NetApp,15,0,True,True,True,15,198398
1e957b0d62163cbf1b30d879,century,KLXE,2019-08-22,Services,69,0,True,True,True,24,104821
16058f5e8550806311588528,century,ARAY,2019-08-23,ACCURAY,0,0,True,True,False,34,220063
1b45805ccb42a1596ac2f2ea,century,SXI,2019-08-27,STANDEX,58,0,True,True,True,2,171226
b4681faf9e818f3446599a41,century,UFI,2019-08-29,UNIFI,485,0,True,True,True,6,175029
cf894a1bbc6ae4e93418ef93,century,QNST,2019-08-29,QUINSTREET,0,0,True,True,True,36,207650
e629fc31f01df8ed7ef22649,century,MBUU,2019-08-29,Malibu Boats,193,0,True,True,True,74,219517
7f0fa364241cf3e43acd768a,century,AEO,2019-09-05,OUTFITTERS,0,0,True,True,True,28,98569
a7463af7acb40120ad7f5ce1,century,FIZZ,2019-09-05,,0,0,False,True,True,22,34252
fcda19b15591d66b9954ecb1,century,HOV,2019-09-05,HOVNANIAN ENTERPRISES,74,0,True,True,True,22,218609
dde3627098604d1d515b3c9b,century,OLLI,2019-09-06,Ollie's,0,0,True,True,True,1,90517
13dae3b046c56c647c882512,century,HQY,2019-09-09,HEALTHEQUITY,0,0,True,True,True,36,137753
255104bdfea3fe10f31f0dec,century,FCEL,2019-09-09,FUELCELL,15,0,True,True,True,51,219741
c755fa8008bd7fcb3a9c5a1e,century,TLYS,2019-09-10,TILLY'S,2,0,True,True,True,4,91676
2e125b840f122e4e113f5f32,century,VRA,2019-09-11,,0,0,True,True,True,97,132627
6ff2c37db5dcdfa146acf7dd,century,GME,2019-09-11,GameStop,0,0,True,True,True,40,117212
86ebed81b624ee91a07f4d1f,century,ACB,2019-09-11,,0,0,True,False,False,5,36643
21290e0706ee6965d069df47,century,DOMO,2019-09-12,DOMO,0,0,True,False,True,27,168107
681c267912f1e8b91d4ac372,century,LOVE,2019-09-13,Lovesac,0,0,False,False,True,15,116150
d2fca3d8d2314df1319ef18c,century,MCFT,2019-09-13,MasterCraft,104,0,True,False,True,31,219715
666e1302234e82aad79229f5,century,RICK,2019-09-24,,0,0,False,False,True,39,139893
d9ae55be298c4f6a4a7e948b,century,NTNX,2019-09-24,Nutanix,0,0,True,True,True,56,219887
7e376e5d6ed353b92a34f072,century,BAK,2019-10-08,BRASKEM,138,0,True,True,False,1,220063
032c5bd336a095667a70f794,century,RRC,2019-10-23,,0,0,True,True,True,30,170944
348f80e403de3eb774b421c9,century,BOOM,2019-10-25,,0,0,False,True,True,14,111767
7ff13299759ff75387352c39,century,HAL,2019-10-25,HALLIBURTON,0,0,False,True,True,10,79380
5766e98c01d67f8c1e859691,century,OIS,2019-10-28,STATES,12,0,True,True,True,29,145725
c50f3c05d4f1f6ded5be71b9,century,SSL,2019-10-28,SASOL,182,0,True,True,False,4,178250
b5dbca7b8c7495f9c3c0b3ba,century,GBX,2019-10-29,COMPANIES,14,0,True,True,True,79,219150
d96cad85e831090ffcd2f90d,century,CNX,2019-10-29,,0,0,True,False,True,316,210138
24f1bb6d01cc21b809ff55a6,century,FET,2019-10-30,,0,0,False,True,True,39,129948
3ebdfd81427e7ae06e0c72f5,century,INVA,2019-10-30,Innoviva,0,0,True,True,True,46,76515
586b68ca9aa7b4c6fed29f82,century,PTEN,2019-10-30,PATTERSON,0,0,True,True,True,21,171368
66a8010a6289887d60fc61a8,century,INSM,2019-10-30,INSMED,3,0,True,True,True,23,116018
8dd42780114eeecfd250a137,century,UIS,2019-10-30,UNISYS,16,0,True,False,True,30,146158
0bbabde83cf9e30d7ebbbdff,century,NTLA,2019-10-31,Intellia,6,0,True,True,True,10,142031
169bcd685e343c90df5c2a5e,century,AGIO,2019-10-31,AGIOS,1,0,False,True,True,12,129218
1f38fa45119804aba727b09f,century,MGPI,2019-10-31,INGREDIENTS,4,0,True,True,True,13,86999
44e66a95ad81c36db01facd6,century,RES,2019-10-31,,0,0,True,True,True,1,109349
b60b2ff56bf2e84acb1b6105,century,AA,2019-10-31,Alcoa,18,0,False,True,True,181,142822
ddb30235e67a831cdbf0f82e,century,WTI,2019-10-31,,0,0,True,True,True,42,123332
ed851fb6a7fab9518331757d,century,LBRT,2019-10-31,Oilfield Services,37,0,True,True,True,44,111475
0e07903d425a369121e53969,century,MD,2019-11-01,MEDNAX,6,0,False,True,True,15,118384
25c5b5607958b8e49e0e350a,century,MTDR,2019-11-01,,0,0,True,True,True,55,184353
5467cc2db587a7b0922b6320,century,NBR,2019-11-01,NABORS,121,0,True,False,True,23,183328
8d03dba4f47b8b5579fef6a2,century,SM,2019-11-01,,0,0,False,True,True,16,166373
098c035d77790bc8a1d923d7,century,TPB,2019-11-04,Brands,11,0,True,True,True,35,151189
7453f085abc558b24e684079,century,LYFT,2019-11-04,Lyft,0,0,True,False,True,24,128982
94fff5ccd3f9f95dcf550273,century,PAHC,2019-11-04,PHIBRO,16,0,True,True,True,18,101055
049c5ea8325c976d3534cace,century,INGN,2019-11-05,,0,0,True,True,True,2,136745
0b552ba4cc2bf1c7fc521442,century,BGS,2019-11-05,Foods,4,0,True,True,True,44,193700
3d0e47e3d58de12549e5ca2e,century,KNSA,2019-11-05,Kiniksa,14,0,True,False,True,35,187275
8d23d887e2a504f16beb4a33,century,MOS,2019-11-05,,0,0,True,False,True,37,195479
a329f370cc316f58b4546280,century,SXC,2019-11-05,SunCoke,49,0,True,False,True,70,158988
a71f06798ae9990f51bb9663,century,EVH,2019-11-05,Evolent,8,0,True,True,True,78,162913
b1e27fc0a346683ddc95ec7b,century,CLW,2019-11-05,Clearwater,0,0,True,True,True,30,127241
bacd375f4e709f3c9e3099e7,century,ADTN,2019-11-05,ADTRAN,26,0,True,True,True,2,167164
d7a7b7f18bfb1119d41aa3e0,century,VKTX,2019-11-05,,0,0,True,True,True,17,146817
f76929a1b175e287ba829fcb,century,OPK,2019-11-05,Opko,45,0,True,True,True,10,160303
0de6edffbf42ecc4a128bca0,century,MYGN,2019-11-06,,0,0,True,True,True,17,89717
112ffef9c776114220302c0c,century,REZI,2019-11-06,RESIDEO,21,0,True,True,True,36,132151
2d41ee65c49413cf30d3be14,century,RARE,2019-11-06,Ultragenyx,0,0,False,True,True,21,114103
3ca91b2c992e6f5fd3609cb7,century,WWR,2019-11-06,WESTWATER,40,0,True,True,False,40,102523
3fefc87f67dd2b9744fc1207,century,VYGR,2019-11-06,,0,0,True,True,True,8,169313
542b2b83d1e3f6b7bd4436cb,century,REI,2019-11-06,,0,0,True,True,True,24,100854
68f71d343eea9d2dba9a96a7,century,GTE,2019-11-06,GRAN TIERRA,18,0,True,True,True,14,95606
71e55e6dd6e20f31b32a3f9b,century,CARS,2019-11-06,Cars,0,0,True,True,True,50,106015
7466f22d5b1edc447b2bf9bb,century,MDGL,2019-11-06,,0,0,True,True,True,12,74433
872b1a7fc831b2d5943601d0,century,SCOR,2019-11-06,COMSCORE,0,0,True,True,True,15,139018
9a2f97dfaa9ad01bfb49f128,century,PAYS,2019-11-06,Paysign,0,0,True,True,True,41,60761
c21e1be5c45dd46f0bad6c61,century,AXGN,2019-11-06,Axogen,116,0,True,True,True,14,111083
100fbcf1230dd3a8561a1e57,century,EYE,2019-11-07,,0,0,False,True,True,82,188885
115ae9d5e369c76fd261f61e,century,IIPR,2019-11-07,PROPERTIES,93,0,True,True,True,17,126589
1facafb95ecce55ddd1b134d,century,AMRX,2019-11-07,Amneal,75,0,True,True,True,29,67878
2e398574b9829e40009537e7,century,CRBP,2019-11-07,Corbus,10,0,True,False,True,17,144210
3c1b0147186cda97164cb775,century,NKTR,2019-11-07,NEKTAR,16,0,True,True,True,79,132470
3cc6748ea0a7906b21890d17,century,KALA,2019-11-07,,0,0,False,True,True,19,130131
469c9e69eb8a47fe3b950450,century,AAOI,2019-11-07,OPTOELECTRONICS,0,0,True,True,True,21,167239
4fa2025f80135c70bb84a89f,century,LXRX,2019-11-07,,0,0,True,True,True,15,121664
57ef3017b6873d62dfc91434,century,CPS,2019-11-07,Cooper-Standard,0,0,True,True,True,36,125659
5cbc6e4fe94cdf138e27e9b4,century,CTMX,2019-11-07,CytomX,9,0,True,True,True,21,122889
70dfebf55663cecbe77cdce2,century,TEVA,2019-11-07,TEVA,0,0,True,True,False,188,128470
7d1b9d834ff19ea0c00610c0,century,PCG,2019-11-07,PG&E,1,0,True,True,True,413,219706
879ea805e948faf300748b0a,century,UNIT,2019-11-07,Uniti,99,0,False,True,True,30,154990
9d9c96faa9fae6b8f81c495c,century,FOSL,2019-11-07,,0,0,True,True,True,3,172525
9dd7da31992c3ba4bce0b5f6,century,VNDA,2019-11-07,,0,0,True,True,True,16,156780
b6fd1d2af86b333f6922dcf0,century,CNDT,2019-11-07,CONDUENT,0,0,True,True,True,87,100527
bd6df7f08b7c672996d54c45,century,SRPT,2019-11-07,Sarepta,1,0,True,True,True,14,142392
c0467e71f1a5c0547895d99b,century,NVAX,2019-11-07,NOVAVAX,0,0,True,True,True,29,104278
d2a5e6f1aada99f6878ed197,century,ALDX,2019-11-07,Aldeyra,4,0,True,True,True,14,131689
e107167e4527143723077f3f,century,BNGO,2019-11-07,Bionano Genomics,1,0,True,True,True,14,136470
ea186af933d0c6414fe11571,century,PBYI,2019-11-07,BIOTECHNOLOGY,0,0,True,True,True,29,164505
f1afa2f7bdbb89716e5a12a4,century,WRLD,2019-11-07,,0,0,True,True,True,17,123952
f61492aa105a2828f84c0fa7,century,MGTX,2019-11-07,MeiraGTx,0,0,True,True,False,22,110041
fbc77b3f9e80335c89becdc8,century,GH,2019-11-07,,0,0,False,True,True,32,209069
fc6d3130e9b4687a2042f747,century,ACRS,2019-11-07,Aclaris,2,0,True,True,True,20,137081
192ab6c567bb5fbb848d75af,century,MED,2019-11-08,MEDIFAST,0,0,True,True,True,27,72605
221588c8b8ed632f691b8167,century,ANAB,2019-11-08,ANAPTYSBIO,0,0,True,True,True,13,119131
2c3b3a2f3765751c6c0cb46b,century,ANDE,2019-11-08,Andersons,0,0,False,True,True,41,133590
4210668545dc48bef28e94d0,century,TXMD,2019-11-08,TherapeuticsMD,0,0,True,True,True,44,164253
492cc6840e3590cb9320268e,century,LGND,2019-11-08,LIGAND,7,0,True,True,True,15,129793
5821f4524eab8ccf54ef3b89,century,TTI,2019-11-08,,0,0,True,True,True,13,146887
5be3b8ff3a468ecbcdecfa40,century,TMDX,2019-11-08,TransMedics,0,0,True,True,True,75,162694
7dcfe0d5b8e717a48a93a193,century,FSLY,2019-11-08,Fastly,3,0,True,True,True,29,155003
81aa7b7a9f230d188baa1a90,century,GPRO,2019-11-08,GoPro,29,0,True,True,True,37,145756
821dade1725f0b2284d5c47b,century,OSUR,2019-11-08,ORASURE,3,0,True,True,True,49,125338
a36f5f0ebc4262b07b7ac40d,century,MNKD,2019-11-08,MANNKIND,0,0,True,True,True,97,178241
ac25623a3d6c40a612328814,century,ARLO,2019-11-08,Arlo,0,0,True,True,True,165,185425
e30d3f911cdbdec36e8549bb,century,OVID,2019-11-08,Ovid,0,0,True,True,True,14,128480
f0a740b244e19050e201c851,century,GTX,2019-11-08,Garrett,54,0,True,True,True,31,131448
f2015bace3ac1d22c063b7a7,century,NGS,2019-11-08,SERVICES,15,0,True,True,True,18,91314
0847b3d5dafc71c45d4ed871,century,INO,2019-11-12,INOVIO,11,0,False,True,True,20,129601
0921c0bdf2af7934dcdc612a,century,CYCN,2019-11-12,Cyclerion,70,0,True,True,True,13,133327
3026f0b5509413d3d985b1f1,century,SENS,2019-11-12,Senseonics,0,0,True,False,False,22,140548
323cf62ff5803e63b798211c,century,AKBA,2019-11-12,,0,0,True,True,True,17,218292
48a7b41c64f7b7da6f76e385,century,TDC,2019-11-12,TERADATA,83,0,True,True,True,1,110090
67eafe1493be15aa20e957ca,century,BYND,2019-11-12,,0,0,True,False,True,30,116099
6bba7ad4dbdf59a29b4271f6,century,DTIL,2019-11-12,BIOSCIENCES,0,0,True,True,True,17,157457
6d756968569cc0607b2def5d,century,URGN,2019-11-12,UroGen Pharma,1,0,True,True,True,27,139086
7c9993722210dc99d837c810,century,SLDB,2019-11-12,Biosciences,0,0,True,True,True,25,157733
9d67723985aa27fd9092a23e,century,CYRX,2019-11-12,Cryoport,0,0,True,True,True,164,190970
a974924a0a471b9a64cfc851,century,WATT,2019-11-12,Energous,0,0,False,False,True,16,128525
aaa7dd46e9b9947860660482,century,ABEO,2019-11-12,ABEONA,19,0,True,False,True,13,77271
cc53465d3c10d7646a488c35,century,NXTC,2019-11-12,NextCure,0,0,True,True,True,15,75374
e17f8209a53b5d3dd88dcdea,century,OCUL,2019-11-12,THERAPEUTIX,0,0,True,True,True,13,204886
2f3efb09256c8d2cd9fef194,century,TLRY,2019-11-13,Tilray,5,0,True,True,True,18,130612
175ea0fac60efbdf79b7df9e,century,DTSS,2019-11-14,DATASEA,0,0,True,True,True,15,75853
51856814bb386eb2cd5f5ec6,century,CRMD,2019-11-14,CorMedix,0,0,True,False,True,54,158247
b712be7437a94dfe1fcf2caa,century,BE,2019-11-14,,0,0,False,True,True,145,207653
9209a8f7288f6364a62ba97c,century,ENTA,2019-11-27,ENANTA,2,0,True,False,True,20,179715
db6abdbb382bfea31ae7f621,century,LE,2019-12-03,LANDS',0,0,False,True,True,30,90312
7f2b71e35f8cabec0fc6d922,century,SIG,2019-12-05,JEWELERS,9,0,False,False,False,30,207619
2fcb9cf797dd87587a06c3b7,century,DLTH,2019-12-06,DULUTH,8,0,True,True,True,27,87466
b41a8044229c0617194c6277,century,CRWD,2019-12-06,CrowdStrike,0,0,True,True,True,21,177218
fb99d1b111f9b574a0e2fdb7,century,MITK,2019-12-06,MITEK,50,0,True,True,True,46,207590
9554dc868c81477a71649341,century,DBI,2019-12-10,Brands,12,0,True,True,True,34,122854
f8575a9988e3ac2554584b0b,century,M,2019-12-10,Macy's,31,0,False,True,True,84,104494
08d48406755e286945058eb8,century,UNFI,2019-12-11,FOODS,18,0,True,True,True,32,199948
b70e97af52b2fc82f2420609,century,BBBY,2020-01-09,,0,0,True,True,True,22,114233
074c0f4f5487d50605352f6b,century,LRN,2020-01-28,,0,0,True,True,True,42,137292
3c3792597d77274dd2760d67,century,MOD,2020-02-05,MODINE MANUFACTURING,44,0,False,True,True,33,106221
5600b0f7002eed4c17934cea,century,AMSC,2020-02-05,,0,0,True,True,True,17,126049
295bc57509c3b29bd07ae2ea,century,DXC,2020-02-07,,0,0,True,True,True,258,218306
3576b2e71f129dffc49238ea,century,LEE,2020-02-07,ENTERPRISES,0,0,False,True,True,55,99375
78f9303cc4f902bcbf6ed110,century,AEMD,2020-02-10,AETHLON,14,0,True,True,True,20,106315
78d01263f179f7b0aaec8593,century,YCBD,2020-02-13,cbdMD,26,0,True,True,True,22,123417
aa0d6df308874fa1bab8c20b,century,ALKS,2020-02-13,,0,0,True,True,True,131,209953
d3186d46237a83f1646df8d9,century,NUS,2020-02-13,ENTERPRISES,0,0,True,True,True,23,163193
1e2c0aace53625b6da2a589a,century,IBIO,2020-02-14,iBio,0,0,True,True,True,226,176302
5f2310f5d4ab6712b9238eff,century,OTLK,2020-02-14,,0,0,True,True,False,30,118944
8d2463c1779a06a555ef1b64,century,CC,2020-02-14,Chemours,0,0,False,True,True,136,210125
62b69b09e8d0fd2338a41160,century,RIG,2020-02-18,,0,0,False,True,True,143,190632
cb112c49aa9273d99f01f55a,century,NTGR,2020-02-18,NETGEAR,0,0,True,True,True,80,219908
5b24d9d23821811f1f4ed6e4,century,TRIP,2020-02-19,TripAdvisor,0,0,False,False,True,71,219862
ae7d7b071141ee8d0fb56194,century,CETX,2020-02-19,CEMTREX,0,0,True,False,True,35,69602
e7fd0bb648ef39d4ba63b2a6,century,QUAD,2020-02-19,,0,0,False,True,True,158,220412
3bef1242713e003306c2a3ba,century,ARLP,2020-02-20,,0,0,True,True,True,95,220445
a7c44fae28d516a82d8a7fcf,century,PBI,2020-02-20,PITNEY BOWES,122,0,True,False,True,2,156459
23737d90f6f0de29e3ce9501,century,OVV,2020-02-21,Ovintiv,0,0,True,True,True,204,220190
7e807076b6a318b5fa0393b7,century,ROG,2020-02-21,ROGERS,15,0,False,True,True,27,160025
8a5116dce6dc36ce3c708966,century,BTU,2020-02-21,PEABODY,22,0,True,True,True,76,219602
cfee715985bced27ab05f103,century,ASIX,2020-02-21,AdvanSix,0,0,True,True,True,59,174863
118e8d19a83e4bd86121a793,century,KOS,2020-02-25,Kosmos,55,0,False,True,True,47,219770
11909652c2412387f21b8cfa,century,LNTH,2020-02-25,Lantheus,0,0,True,True,True,41,186603
54a9ae93e2e60f5f986857d7,century,BSM,2020-02-25,Minerals,13,0,True,True,True,58,219228
82a6dfe41b2b99f424044b9b,century,MAC,2020-02-25,MACERICH,0,0,False,False,True,52,206746
db23972fd58f57675b34158a,century,MGNX,2020-02-25,MACROGENICS,0,0,True,True,True,21,165261
f4e7ec8c425824083355e616,century,WTTR,2020-02-25,Services,89,0,True,True,True,15,219885
0afb9a34a55bb915d5d3da65,century,TPC,2020-02-26,PERINI,4,0,True,True,True,43,171186
38c22fd23270cc1369117eb6,century,RVLV,2020-02-26,,0,0,True,True,True,59,197339
47a9a1b624ac41db3354bb40,century,UA,2020-02-26,Armour,0,0,False,True,True,54,179376
7bbbc03c0741bc734eea27b5,century,NGVT,2020-02-26,Ingevity,0,0,True,True,True,235,206228
7f47284d989ba225d61ae683,century,DFIN,2020-02-26,Donnelley Solutions,114,0,True,True,True,99,149056
9fe00de25a43fb4a915bbd5c,century,ADPT,2020-02-26,Biotechnologies,0,0,True,True,True,20,181431
b13cca69d3b18ec4e4f46726,century,MGY,2020-02-26,,0,0,True,True,True,32,198952
04f28978735e1ce6ea7db1e0,century,WES,2020-02-27,,0,0,False,True,True,219,220539
12b0ed6aeb9d1e7044a10720,century,TECK,2020-02-27,,0,0,False,False,False,6,12024
1b6f36a796e0496ec23d0088,century,ERIE,2020-02-27,,0,0,False,True,True,50,175259
3a610353662d5e0c895704b4,century,PAGP,2020-02-27,PLAINS,16,0,True,True,True,19,220141
480f1c3786c939094ece649b,century,OII,2020-02-27,OCEANEERING,16,0,False,True,True,24,172183
4ee61a3b7d89084ccb51f0ed,century,PAA,2020-02-27,PLAINS,16,0,True,True,True,15,220140
7153d1f0053e5af1a917dc1c,century,GEL,2020-02-27,,0,0,False,True,True,4,220085
852d857fb2af513961330cc2,century,R,2020-02-27,,0,0,False,True,True,37,219917
85d1171746f50c7afa8f8cd9,century,DMRC,2020-02-27,Digimarc,0,0,True,True,True,229,219630
97cb70467c5adfb922217582,century,AMCX,2020-02-27,Networks,57,0,True,True,True,89,174022
b48678330b827f8b5e139ebb,century,CENX,2020-02-27,,0,0,True,True,True,69,217398
c046da47685d1ddc9d57fbeb,century,FANG,2020-02-27,,0,0,False,True,True,33,219577
cb4374e8abe4d4fcf8165e00,century,ATRA,2020-02-27,Atara Biotherapeutics,12,0,True,True,True,19,159955
d0fbc9a3f8ff3bead51142b9,century,KOP,2020-02-27,Koppers,0,0,False,True,True,197,219476
ee962a6abaa7c0efdc9027c0,century,EOG,2020-02-27,,0,0,True,True,True,438,190927
f3addc4fde07b03a28c05297,century,EQT,2020-02-27,,0,0,True,True,True,42,220215
1e0f5ebb0815096884cea270,century,ANGI,2020-02-28,ANGI Homeservices,0,0,True,False,True,112,219222
36f624cebad79b6a01cc9348,century,SUPN,2020-02-28,SUPERNUS,6,0,True,False,True,38,204232
4b88f9c3933cd9cf1ea2f322,century,SSP,2020-02-28,SCRIPPS,32,0,True,True,True,39,165636
667d19158789403228d363c3,century,DK,2020-02-28,Delek,222,0,False,True,True,45,219546
7221a4130d221bd33f269f39,century,AMC,2020-02-28,,0,0,True,True,True,42,219959
965dcb6e6f0481c4b5fcb3c7,century,PACB,2020-02-28,BIOSCIENCES,2,0,True,True,True,14,158853
acf742c081e41c68c43e99bd,century,HCAT,2020-02-28,,0,0,True,False,True,51,216682
cebd315e592fb99310318d4d,century,CDNA,2020-02-28,CareDx,7,0,True,True,True,42,189681
d26bf8cda2b0765dfdec370a,century,ARCB,2020-02-28,ARCBEST,61,0,True,True,True,3,220077
f9c0195bdf3ec368f3c77c99,century,OXY,2020-02-28,,0,0,False,True,True,65,201061
00f92c96abdd10525552e601,century,GDOT,2020-03-02,,0,0,True,True,True,133,219662
215697409406c6eda67ddfd9,century,IONS,2020-03-02,IONIS,114,0,True,True,True,33,219670
28c9686b50e581a8b13f1e76,century,CRTO,2020-03-02,Criteo,48,0,True,True,False,29,219994
35c00923fb5a4d4636bfc775,century,CRK,2020-03-02,COMSTOCK,31,0,True,True,True,28,217856
361804b2a3658b9bf12a09d0,century,LPSN,2020-03-02,LIVEPERSON,0,0,True,True,True,63,200678
5165a28bdd1391e8703f7f27,century,UVE,2020-03-02,,0,0,True,True,True,48,219824
5de75008b27ab07c4a067abb,century,WVE,2020-03-02,Sciences,0,0,True,True,False,46,219695
60a82e486f41d13b5f988d39,century,SBGI,2020-03-02,SINCLAIR,11,0,True,True,True,33,219777
6979fc5726e09ef3537fa7bd,century,ATRO,2020-03-02,ASTRONICS,0,0,True,False,True,54,154469
75fd44fb959594189e727596,century,GKOS,2020-03-02,GLAUKOS,0,0,True,False,True,48,215780
867d8b6546ef1d52693f0d09,century,PGEN,2020-03-02,PRECIGEN,0,0,True,True,True,90,219891
95867f11894667bdcb811728,century,OMER,2020-03-02,OMEROS,8,0,False,True,True,15,185546
a64e53029facd13139706977,century,RYAM,2020-03-02,RAYONIER MATERIALS,41,0,True,False,True,74,194141
a76c6581bd58e5cf77c0bf3c,century,DY,2020-03-02,DYCOM,1,0,False,True,True,10,199768
c3cc0f5e0edd39a6bd1205cc,century,TDW,2020-03-02,,0,0,True,True,True,56,210945
c4706a9537c2d4af975a7b8b,century,UPWK,2020-03-02,,0,0,True,True,True,24,220014
ed13246e5bbf4203543e61f9,century,MMSI,2020-03-02,,0,0,True,True,True,18,219865
feb8e644312714c6a9957dca,century,DHC,2020-03-02,HEALTHCARE,22,0,True,True,True,5,220040
84f3170dcbe1a1ca5a0bc67e,century,FTI,2020-03-03,TechnipFMC,0,0,True,True,True,60,219870
b74c5745cb2e1084f6d4c124,century,AUTL,2020-03-03,Autolus,16,0,True,True,False,23,219817
c2075d438c369ea49438c9a0,century,IPI,2020-03-03,,0,0,True,True,True,43,180894
c3ebe7d297b41378844b64ff,century,CNR,2020-03-03,Brands,5,0,True,True,True,20,219697
d30eded90773712e3b57433e,century,BNED,2020-03-03,Barnes,4,0,True,True,True,31,151260
21b844c04a404b3a877e5722,century,TCX,2020-03-04,TUCOWS,84,0,True,True,True,2,220075
e658e1d57264a5f20b4b1c2b,century,RDHL,2020-03-04,RedHill Biopharma,19,0,True,True,False,23,219905
2c482204ed0cf8a1f3422f76,century,AMPY,2020-03-05,,0,0,True,True,True,46,219671
41c5fc32223edac6e9f7673d,century,FNKO,2020-03-05,Funko,39,0,True,True,True,59,219902
8b0ee2a7602df33c4b04ab6b,century,ASPS,2020-03-05,Altisource Solutions,165,0,True,False,True,23,216189
274a3fc224dc7b44c0563f8e,century,VET,2020-03-06,,0,0,False,False,False,4,14464
308175e50d91af5725a21191,century,PBF,2020-03-06,,0,0,True,True,True,368,221905
8227fcd2e5239a0bf1ea9c38,century,EXK,2020-03-06,ENDEAVOUR,0,0,True,False,False,6,39941
e4ea1a5e280afe1e03f30a17,century,BSAC,2020-03-06,SANTANDER,110,0,True,True,False,8,220012
ef8b65b0b5511eaa92bd59a8,century,ANIK,2020-03-06,Anika,18,0,True,False,True,69,178801
a4d40e004fae675836003551,century,PDS,2020-03-09,,0,0,True,False,False,7,9621
f893ea9580f2227010dc1e1d,century,MTNB,2020-03-09,Matinas BioPharma,5,0,True,False,True,24,219826
219c31a64e380e328768a0f2,century,LXFR,2020-03-10,LUXFER,65,0,True,True,True,11,187435
3fb84a20a30c3b4fa521562c,century,USAS,2020-03-10,Americas,7,0,True,False,False,1,38480
8d3a6427f7d8d6cd21200534,century,NCNA,2020-03-10,NuCana,15,0,True,True,False,25,220051
90fee34545fe4a352ad1f509,century,PTGX,2020-03-10,,0,0,True,False,True,21,219794
c3ddf2f3b378a5807040e3f7,century,CLNE,2020-03-10,Fuels,45,0,True,True,False,36,219555
eba7108561e811596236efe7,century,APT,2020-03-10,,0,0,False,True,True,53,152300
02bfe2e5dce41df806f0c86a,century,VERI,2020-03-11,Veritone,0,0,False,True,True,25,200486
2ff44a9f7d4802173944ebaf,century,BXC,2020-03-11,BlueLinx,0,0,True,True,True,52,178828
3dd03ed79f30e5e3f9795131,century,AQST,2020-03-11,Aquestive,13,0,True,True,True,19,220026
49c3db79380309aef7144c40,century,KRO,2020-03-11,KRONOS WORLDWIDE,17,0,True,True,True,18,140718
4b4548f17dd1a2f611e2e14d,century,IMXI,2020-03-11,,0,0,True,True,True,31,218901
a967d8a2bcb22dc7fced1953,century,REAL,2020-03-11,TheRealReal,0,0,False,True,True,7,185199
cd4996a572d3b16c06325b2f,century,VPG,2020-03-11,Vishay,51,0,True,True,True,102,202437
1da963d80476cb926dd2f1d7,century,CAKE,2020-03-12,,0,0,False,True,True,75,161806
2b3b84c2c6b5c418fa56f4a8,century,MIRM,2020-03-12,Mirum,1,0,True,True,True,16,174777
2f8fe11938ae2a1d722b5d31,century,AEO,2020-03-12,OUTFITTERS,1,0,True,True,True,35,140668
527c14b739e0ef4f05838259,century,AHT,2020-03-12,ASHFORD,138,0,False,True,True,18,219913
ac9fd6a7f856d635b88c081b,century,XERS,2020-03-12,XERIS,6,0,True,True,True,30,212628
b27dfdd88fb7570dd794d2b2,century,NOG,2020-03-12,,0,0,False,True,True,5,220069
cd9f54ec41e1b25a7e5641e0,century,GERN,2020-03-12,GERON,18,0,True,True,False,30,186111
d000f08906af95266105c989,century,REAL,2020-03-12,ASSOCIATES,28,0,False,True,True,53,83129
e34f00b3be73e07f7f42b6b0,century,MCRI,2020-03-12,,0,0,True,True,True,24,173699
ee90e6db2b74652300481e9d,century,TALO,2020-03-12,TALOS,37,0,True,True,True,89,219422
0719a56b8699f543732828c5,century,ADMA,2020-03-13,ADMA BIOLOGICS,7,0,True,True,True,105,198836
082adee3c825317bfba52610,century,DXPE,2020-03-13,ENTERPRISES,2,0,True,True,True,31,161402
27f628f52ec43760491f7e55,century,WKHS,2020-03-13,Workhorse,0,0,True,True,True,101,182096
299c8081da8f16f5eae29cf0,century,SSTI,2020-03-13,SHOTSPOTTER,0,0,True,True,True,124,219683
441af2a211fcc2afc742e925,century,BHR,2020-03-13,Braemar Hotels Resorts,180,0,True,True,True,6,220017
58e1fad5b1d7cccf66ed9dda,century,C,2020-03-13,,0,0,False,True,True,0,220065
5ce881f35785fc1727e8dd96,century,C,2020-03-13,,0,0,False,False,False,167,219472
5df5a757639fd26158bf5dd8,century,MYO,2020-03-13,MYOMO,21,0,True,True,True,18,220051
62e3b8989ab235a2a481695a,century,VCTR,2020-03-13,,0,0,True,True,True,27,219845
6e93b6bdfb18c7b3bdda72b2,century,SGRY,2020-03-13,,0,0,True,True,True,65,219093
a98d1c86815ba5b4bb95e861,century,FPH,2020-03-13,,0,0,True,True,True,15,219867
ca49ec8343badddbf82b5fd1,century,FLGT,2020-03-13,,0,0,True,True,True,19,171083
cdd15042ec9242721fa3fc1f,century,HROW,2020-03-13,,0,0,True,False,True,10,220015
d13d8e1eac6d40fbdfab5e4f,century,BCRX,2020-03-13,BIOCRYST,17,0,True,True,True,18,219817
d7017cdc51cd2db44b12d841,century,GOGO,2020-03-13,,0,0,False,False,True,68,220222
dd830ddda975360e7e8870c8,century,SMSI,2020-03-13,,0,0,True,True,True,19,187436
e5587583ca8512d0c064ac4a,century,BIDU,2020-03-13,Baidu,74,0,True,True,False,21,220030
f5799dea6bd2834131bdb809,century,FORR,2020-03-13,FORRESTER,61,0,True,True,True,21,152167
f581ad869eed9d68002fc0d0,century,FBK,2020-03-13,,0,0,True,True,True,23,219944
0be1ea4a73eec8516761a643,century,FBIO,2020-03-16,Biotech,5,0,True,True,True,55,219595
1960cf385364d33c1dc85da4,century,AMPH,2020-03-16,Amphastar,12,0,True,True,True,59,218801
28d871a6a4ae86af19f858d4,century,ARCT,2020-03-16,,0,0,True,True,True,51,164636
37af3ff305facb88519cddcc,century,TISI,2020-03-16,,0,0,True,True,True,3,201770
3e706088448c0d69ed96af3f,century,PLSE,2020-03-16,Biosciences,4,0,True,True,True,25,176958
439d2b090cc23e0859ee5965,century,MUX,2020-03-16,McEwen,4,0,False,True,True,36,219835
448cb92d48f93a6a2b4e805c,century,ESTA,2020-03-16,LABS,0,0,True,True,False,31,219545
4a5b3b5f6d7e2d2eff1d93db,century,STXS,2020-03-16,,0,0,True,False,True,72,191796
5023818f0078a2adfa409423,century,PERI,2020-03-16,Perion,22,0,False,True,True,34,219721
629a79f592f977d7f54cdbd8,century,RM,2020-03-16,,0,0,False,True,True,74,188334
753ed49373db2eab935247cc,century,AGEN,2020-03-16,AGENUS,49,0,False,True,True,29,220043
799900ffe0fa383237182bea,century,XPEL,2020-03-16,XPEL,0,0,True,True,True,99,204994
79b441e5d7370b89ceb44fd8,century,CLS,2020-03-16,CELESTICA,0,0,True,True,False,13,220054
7fce27a5b3cfe95bfd29a700,century,NNBR,2020-03-16,,0,0,True,True,True,3,193509
9389a254f1c264f81e1a73e7,century,FCEL,2020-03-16,FUELCELL,15,0,True,True,True,54,208595
9816a13ec01f6ce6c2d078cd,century,SPRO,2020-03-16,Spero,20,0,True,True,True,36,219611
9d256f3bfe58a0854b9b5188,century,TG,2020-03-16,TREDEGAR,0,0,False,True,True,165,184617
9f65b181e5205757a18c1d35,century,TROX,2020-03-16,Tronox,66,0,True,False,True,54,219516
a7b817a74f621b7ce1dbe8db,century,TBBK,2020-03-16,,0,0,True,True,True,17,220049
aa22d78070fb40b167ead38b,century,PAR,2020-03-16,,0,0,False,True,True,79,198453
b0d4033e667a6578a0f35e4f,century,INSG,2020-03-16,INSEEGO,0,0,True,True,True,191,219875
b582289e3ec8136f2fdf2a8d,century,ZUMZ,2020-03-16,Zumiez,14,0,True,True,True,21,120223
fcdfe6272d8e3bafa57e06dd,century,XBIT,2020-03-16,XBiotech,0,0,True,True,False,72,148188
fd957a80ddf77a11a797be0b,century,UEIC,2020-03-16,,0,0,True,True,True,23,174657
32b905cd5ce8a8f0ac8feddb,century,WPRT,2020-03-17,WESTPORT,5,0,True,False,False,5,23532
37626b5188c7f0e94695fe03,century,FDX,2020-03-17,FEDEX,248,0,True,True,True,38,165696
7a586e4fea803cd2e7d12b1d,century,RMTI,2020-03-17,ROCKWELL,11,0,True,True,False,27,219801
c68b97cead3105c73ad17d75,century,ATEC,2020-03-17,Alphatec,0,0,True,True,True,67,196502
45c5ba6ce3435a824bd00aa8,century,AEG,2020-03-18,AEGON,491,0,True,True,True,1,220070
5e0c256aa26843ff3ff3b9c1,century,KSS,2020-03-18,KOHLS,7,0,True,True,True,3,170876
6d4bd0bc58771a890b494813,century,BP,2020-03-18,,0,0,False,True,False,334,222069
cab5840f9fefd66198219240,century,TEO,2020-03-18,TELECOM,344,0,True,True,False,3,220063
08979a9f19835cf1be998e77,century,FIVE,2020-03-19,,0,0,False,True,True,35,168688
11f19b6a8a7fec48cdd8241b,century,KNOP,2020-03-19,,0,0,False,True,False,24,219699
796ddede9102c03fe6c0c7aa,century,PLCE,2020-03-19,Childrens,0,0,True,True,True,4,172814
ca2c0cdc2228c889c745473d,century,BOX,2020-03-19,,0,0,True,True,True,87,220500
e2954ce4b16fc735f073b877,century,MBRX,2020-03-19,Moleculin Biotech,17,0,True,True,True,18,165405
e6996c35c0798f7a70399614,century,SSRM,2020-03-19,,0,0,True,False,False,37,18325
12d34b9db34f6792695481ac,century,DBVT,2020-03-20,,0,0,True,True,False,6,220005
1ac4683bcc2293aece3ba1dd,century,YEXT,2020-03-20,Yext,0,0,True,True,True,36,198217
48dc67d1610b43d338700121,century,DKS,2020-03-20,DICK'S,0,0,True,True,True,8,184960
49cedaa9264e903479c148ca,century,EQNR,2020-03-20,EQUINOR,550,0,True,False,False,35,219966
5e6e3aa2615387a9de15bc79,century,FRO,2020-03-20,FRONTLINE,0,0,False,True,False,113,219976
79bcf9c72f06926d94777a6f,century,C,2020-03-20,CHUGACH,295,0,False,True,True,34,142010
7ca129532294970b5d83af55,century,SCHL,2020-03-20,,0,0,True,True,True,78,129975
91dcd1bb48ba580168fee4da,century,DB,2020-03-20,DEUTSCHE AKTIENGESELLSCHAFT,139,0,False,True,False,44,220179
ebd7edfafb5254d08e989bad,century,PUK,2020-03-20,,0,0,True,True,False,164,219765
f6557cda27330b4c54b258dd,century,DLTR,2020-03-20,,0,0,True,True,True,87,165590
f921356f920a5319e956d433,century,HRI,2020-03-20,Highlands,32,0,True,True,True,51,214615
1ec2fde67f4c85e6bf062f94,century,GILT,2020-03-23,GILAT NETWORKS,164,0,False,True,False,22,219721
39f4457a64fbe4a94bb576d0,century,STOK,2020-03-23,,0,0,True,True,True,18,199298
3c72663a0c687bb80d3f9c3c,century,KRNT,2020-03-23,Kornit,9,0,True,False,False,16,219978
4310d58c6f3028cf8e37c446,century,CSTE,2020-03-23,Caesarstone,0,0,True,True,False,25,219989
b51f6d9d286e6a60c5be3191,century,PBR,2020-03-23,PETROBRAS PETROLEO BRASILEIRO,62,0,True,True,False,0,220069
c71eb7eea9e4c8ebecde8f4f,century,BBY,2020-03-23,,0,0,True,True,True,101,204819
ebc641111eb7bb67db7dd890,century,LOW,2020-03-23,LOWES COMPANIES,24,0,False,True,True,5,198491
212ce689528779dddb80fde5,century,FPF,2020-03-24,FUTURES,138,0,True,False,True,1,137297
569055325dfa6c33ed3d6985,century,TNXP,2020-03-24,Tonix,32,0,True,False,True,43,190418
5e7ab508907c5a6e208306dc,century,QIWI,2020-03-24,QIWI,0,0,True,True,False,79,220381
7d1d87f428dee1d4f162ca8e,century,ABEV,2020-03-24,AMBEV,232,0,True,True,False,17,220043
80a3b14bbfdbf6bd48c5f90c,century,ACMR,2020-03-24,,0,0,True,True,True,77,219539
8696d49067244da2d5f5a643,century,BUD,2020-03-24,Anheuser-Busch InBev,57,0,False,True,False,51,219883
da817a16dda41da152be2b49,century,GOSS,2020-03-24,,0,0,True,True,True,6,220061
eb743b055b3419a06bd8d7a3,century,SLGL,2020-03-24,Sol-Gel,6,0,True,True,False,26,209534
057d9607009a7cfc29f6bb08,century,PSNL,2020-03-25,Personalis,0,0,True,True,True,19,220003
101aeef66a629a01d6add25b,century,EPAC,2020-03-25,ENERPAC,2,0,True,True,True,14,116965
1d99e1248070f44f9fd7aeb6,century,HIMX,2020-03-25,Himax,57,0,True,True,False,87,210462
2cec5820c22e970bd9284f79,century,WGO,2020-03-25,,0,0,True,True,True,18,129188
4d2e1357972f2f2bc0c63687,century,AIR,2020-03-25,,0,0,False,True,True,30,97318
5053b9d866f66fb133b00797,century,OLLI,2020-03-25,Ollie's,0,0,True,True,True,4,157459
7c286d5ac9612ed116b421a0,century,TME,2020-03-25,Tencent,102,0,True,True,False,18,219897
82ddf3219ca693be63b32ddc,century,MX,2020-03-25,METHANEX,0,0,False,False,False,5,35581
93805f4ce2de19f1923e214d,century,ALTG,2020-03-25,ALTA,24,0,True,False,True,23,154663
ed65d69d0e1490d73d9f5af6,century,XGN,2020-03-25,EXAGEN,10,0,True,True,True,15,220036
4d56abcb86c54d4b57e0339b,century,MOV,2020-03-26,MOVADO,86,0,True,True,True,4,209823
667acdd47632859dbaa85680,century,CLDX,2020-03-26,Celldex,11,0,True,True,True,35,207625
d7b9cf7831920408bdd55ede,century,FUL,2020-03-26,,0,0,True,True,True,1,114264
02a6a93271a6ed5ddf7a8e14,century,MGA,2020-03-27,MAGNA,4,0,True,False,False,2,17597
034786048fcc5425bc5dc564,century,SBLK,2020-03-27,Carriers,20,0,True,True,False,13,219957
1346ae1e8eb5095cf2a48408,century,ULTA,2020-03-27,Ulta,0,0,True,True,True,48,148568
1418eca0f1f2fc58f6db8aba,century,GME,2020-03-27,GameStop,0,0,True,True,True,66,177983
25a6d1f21f405e633283373e,century,COCP,2020-03-27,Cocrystal Pharma,28,0,True,False,True,21,161342
3e5e0d7e47200cf4c9f9c860,century,CANF,2020-03-27,Can-Fite BioPharma,13,0,True,False,False,10,220025
65b3cbe08aac052b3704b1da,century,CAPR,2020-03-27,CAPRICOR,64,0,True,False,True,35,152614
79745b1575b753c5f96ae181,century,C,2020-03-27,,0,0,False,True,True,9,160768
9c0ad4061b0cba6b1a674ddc,century,CCJ,2020-03-27,CAMECO,7,0,True,False,True,45,17563
acbb013ebf7ffca0774fbd59,century,CNQ,2020-03-27,,0,0,True,False,False,96,218360
c944e34ca4b75270e91a77c9,century,WSM,2020-03-27,WILLIAMS SONOMA,5,0,True,True,True,42,158284
142424e4943a51030659e375,century,AG,2020-03-30,,0,0,False,False,False,12,21618
22645a61dc924914c77eb5b4,century,GNPX,2020-03-30,Genprex,0,0,True,True,True,10,167956
236a2143e79f3ebce35b11cb,century,CPHI,2020-03-30,PHARMA,1,0,True,False,True,31,195660
32058dc1bd59303baa61cabd,century,CODX,2020-03-30,Co-Diagnostics,0,0,True,False,True,80,168846
388f47c40b7fdf14ddde9398,century,OXM,2020-03-30,,0,0,True,True,True,22,172900
390b9d5da6b2880b53d08b30,century,FSM,2020-03-30,FORTUNA,2,0,True,False,False,4,16277
511bfa145ead83447965e565,century,TOMZ,2020-03-30,TOMI Solutions,26,0,True,True,True,16,161721
61cccfc044ab22ccdd68957b,century,OSW,2020-03-30,ONESPAWORLD,0,0,True,True,False,181,197693
7028b4128f75558bbb70de99,century,AIM,2020-03-30,ImmunoTech,0,0,False,False,True,29,187559
70354a20f05908d37e9ffe20,century,RH,2020-03-30,,0,0,False,True,True,99,220659
bd158ed7e76008873857c04b,century,GIII,2020-03-30,,0,0,True,True,True,1,169712
ee64c0fa0c23888202760a0b,century,SNGX,2020-03-30,SOLIGENIX,0,0,True,False,True,34,198864
f4c845638ebdd501b4c9cb5e,century,MLSS,2020-03-30,,0,0,True,True,True,260,193677
0562f776db0f1b0750587e85,century,MLCO,2020-03-31,Melco Resorts,243,0,True,True,False,10,219905
0fd2b2254ba3426e2da8e2e0,century,STNG,2020-03-31,Tankers,34,0,True,True,False,10,219982
15eb4a6845e90787046a09b6,century,VRA,2020-03-31,,0,0,True,True,True,165,219036
1690cfe4ebb2c13ea2529f9a,century,DRI,2020-03-31,DARDEN RESTAURANTS,68,0,True,True,True,29,108816
287ab512fd6c1ab5a6b9ea5c,century,SNDL,2020-03-31,Growers,0,0,True,False,False,28,219814
45b1d39ed2f82dfcf73ad0bf,century,CTAS,2020-03-31,CINTAS,157,0,True,True,True,15,131082
5229bb3d7c993e7d4f781d00,century,CTRM,2020-03-31,,0,0,True,True,False,19,219917
5e188f2ea553b890fbdd4367,century,ANF,2020-03-31,ABERCROMBIE,67,0,True,True,True,2,186877
6b94d9ce9bdc521838f6bac4,century,URBN,2020-03-31,OUTFITTERS,0,0,True,True,True,62,168930
771e79b22d3b11257a4473b6,century,HBM,2020-03-31,Hudbay Minerals,0,0,True,False,True,5,21608
a686be43c1d55dbb5fdb96ba,century,DDS,2020-03-31,DILLARD'S,0,0,True,True,True,37,218865
aca7af2c8537bf4c70c24ade,century,CAL,2020-03-31,CALERES,0,0,False,True,True,39,163713
c76bec55450b7ef58e6d8370,century,DSS,2020-03-31,,0,0,True,False,True,132,220086
f0b2a3265d7b9cdc4523aa64,century,PRQR,2020-03-31,ProQR,35,0,True,True,False,16,219920
0331d77cc86d4d0aefc3806e,century,GLBS,2020-04-01,GLOBUS,13,0,True,True,False,14,220022
121b829568080368ba97a4ac,century,EC,2020-04-01,ECOPETROL,168,0,False,True,False,66,219700
21f57a873e67e2fd0c88c56e,century,PVH,2020-04-01,,0,0,True,True,True,67,190515
37d16564b4ec0db731df267f,century,TLYS,2020-04-01,TILLY'S,4,0,True,True,True,7,189596
417cd01cbff8cebeaac4546f,century,BKE,2020-04-01,,0,0,True,True,True,15,165453
4c0aa8f952cec2e2fe2557d6,century,LW,2020-04-01,Weston,0,0,False,True,True,77,121342
5917df1c956c6578c05406f7,century,VFF,2020-04-01,Farms,34,0,True,False,True,46,218564
7cb99d625dedbc131ea4e727,century,REX,2020-04-01,,0,0,False,False,True,46,133711
9601093813201c38df7f02bd,century,GCO,2020-04-01,GENESCO,0,0,True,True,True,64,194979
a0868f939fcd54e079bbccac,century,KBH,2020-04-01,,0,0,True,False,True,22,168087
a746eb7dea26ebba083c5ae8,century,GPRK,2020-04-01,GeoPark,0,0,True,True,False,62,220133
eba916ae5992cad34bba5815,century,JBL,2020-04-01,JABIL,3,0,True,True,True,21,140648
44e0ea7810423db24657c412,century,AYI,2020-04-02,BRANDS,2,0,True,True,True,44,127927
80731330376e2044afe5243e,century,WIX,2020-04-02,,0,0,True,True,False,52,220091
ec5d1898893182f793a40c3b,century,RGP,2020-04-02,,0,0,True,True,True,28,124857
f7067e58aad7962f3cb3e26c,century,E,2020-04-02,,0,0,False,True,False,8,220073
8482ead2aabeae1499f7083b,century,VALE,2020-04-03,,0,0,False,True,False,122,220553
91dba8c0c2733bfca5f14dca,century,CCL,2020-04-03,,0,0,True,False,True,81,155000
bb70a9dc2dfd0323cbd885be,century,JMIA,2020-04-03,Jumia,60,0,True,False,False,13,219981
cbd86d9dce27d2db0261837b,century,ASC,2020-04-03,Ardmore,94,0,True,False,False,90,219749
9ff7d1517145cb2130e34801,century,SNX,2020-04-07,SYNNEX,53,0,True,True,True,33,146888
ca5a4523813ad2421cb2dae1,century,TITN,2020-04-07,,0,0,True,True,True,35,199399
ccb3008695d7a9a0141220f1,century,LEN,2020-04-07,LENNAR,126,0,False,True,True,2,170642
1ebd20d3a7d0c654bafb042d,century,CAAP,2020-04-08,CORPORACION AIRPORTS,106,0,True,False,False,10,220105
3b75f548dc8fb14165ab6ce3,century,CPA,2020-04-08,,0,0,True,False,False,38,219695
568ba16f9cc70079a844b01b,century,JEF,2020-04-08,Jefferies,58,0,False,True,True,86,215089
925c1dede3cef290114de9ca,century,ANGO,2020-04-08,ANGIODYNAMICS,0,0,False,True,True,30,152509
142f6906710094786acb312c,century,TK,2020-04-09,TEEKAY,368,0,False,False,False,20,220014
59b79a2bc19faeaa657d8ad7,century,TX,2020-04-09,Ternium,385,0,False,True,False,34,219980
b7f3b618250fc8209dcfb655,century,TCOM,2020-04-09,,0,0,True,True,False,8,220069
bfdc158342f892c3c0e20310,century,FC,2020-04-09,,0,0,False,True,True,17,99997
c538489499c7c8c775c836cf,century,TOPS,2020-04-10,SHIPS,2,0,False,True,False,12,220043
d02e9d44d9f2d37fb2a6a02e,century,BVN,2020-04-10,BUENAVENTURA,41,0,True,True,False,6,220079
4c15db4bd3a89e18bb723cc7,century,DOMO,2020-04-13,DOMO,0,0,True,False,True,44,220127
020f07557a892da3572d7458,century,BMRA,2020-04-14,BIOMERICA,0,0,True,True,True,31,77914
44632626b153625b95012e3a,century,KRUS,2020-04-14,KURA SUSHI,44,0,True,True,True,16,103372
6119aaceb55d743baf72c7e7,century,IIIN,2020-04-16,INSTEEL,3,0,True,True,True,12,84260
4532374528505758fc44095e,century,HOFT,2020-04-17,,0,0,True,True,True,30,182748
0dbe5be61a0d8bb64a21b015,century,AFYA,2020-04-20,Afya,0,0,True,True,False,135,220605
2912c3a128cccad1108c0574,century,HXL,2020-04-20,HEXCEL,30,0,True,True,True,2,90671
8991d6d7e5c6029adb142e75,century,SOHU,2020-04-21,Sohu,0,0,True,True,False,216,220613
025174404bab7d8ae094dda9,century,CDE,2020-04-22,Coeur,62,0,True,True,True,41,135603
24f055fbb369485cc7041f98,century,IFS,2020-04-22,Intercorp Services,122,0,True,True,False,32,220055
4ea24be1a3a9d127f6aa4418,century,PAGS,2020-04-22,PagSeguro,95,0,True,True,False,17,219952
640310607029a4ab7f20ab63,century,SYF,2020-04-22,,0,0,True,True,True,30,179693
66f1446e286e1717d50313eb,century,DAL,2020-04-22,LINES,1,0,False,True,True,16,147773
ab97a320cadb56f9861e637d,century,C,2020-04-22,WINMARK,0,0,False,True,True,14,68463
b52db9c95e104ab3cb043d91,century,SLB,2020-04-22,SCHLUMBERGER,150,0,True,False,True,2,65876
ea62c8a0759db01f386d306f,century,SLM,2020-04-22,,0,0,True,True,True,44,91636
0663ec32dee4402c8dd752df,century,MNOV,2020-04-23,MEDICINOVA,0,0,True,True,True,16,62017
10950bd777a6c19e1c4d9f3f,century,CROX,2020-04-23,Crocs,24,0,True,False,True,4,103714
476b49b70ee23eb3c2947d43,century,SRCE,2020-04-23,,0,0,True,True,True,36,144474
5c4987a79aa25dff8fa0a93c,century,PHM,2020-04-23,PULTEGROUP,59,0,True,True,True,2,137187
614e38c3bac35590a8011332,century,ITRN,2020-04-23,Ituran,83,0,True,True,False,11,217157
633a375c96fe137755441762,century,SAFE,2020-04-23,,0,0,False,True,True,45,119066
ac4813e4953748d603d8c5de,century,BOOM,2020-04-23,,0,0,False,True,True,15,89147
ec18e9a024e4da5a5f81cdbc,century,VIOT,2020-04-23,Viomi,57,0,True,True,False,10,219979
f87a4a7cade837c430f8a0f8,century,IVZ,2020-04-23,Invesco,0,0,True,True,True,124,205867
ff7a0bd6dd41b6a1b60c522a,century,HRI,2020-04-23,HERC,49,0,True,False,True,18,101325
2d0f8882d7ab5e7d354d1367,century,JKS,2020-04-24,JinkoSolar,0,0,True,True,False,41,219817
3157222a21fc9682f1242fe9,century,APOG,2020-04-24,ENTERPRISES,0,0,True,True,True,47,177416
386fee3022ae10dc0bbda3d3,century,TCBI,2020-04-24,BANCSHARES,10,0,True,True,True,34,175812
5b287300b21307e5fda62ed7,century,CLB,2020-04-24,LABORATORIES,4,0,True,True,False,31,96925
5e473a41827ce10e42651e4f,century,BKR,2020-04-24,,0,0,True,True,True,115,132281
6d707df2a9661bfbe5bfe249,century,HAL,2020-04-24,HALLIBURTON,0,0,False,True,True,42,84895
6f72de82450628cf2a313a02,century,YPF,2020-04-24,SOCIEDAD ANONIMA,8,0,True,True,False,129,220710
a6c31d05b4f8ead34fa7f1b6,century,KB,2020-04-24,,0,0,False,True,False,125,220701
bd8c8c3fca8fd557fcad5b95,century,NOAH,2020-04-24,,0,0,False,True,False,58,220284
d28810b9c869aa1b4a7d4e6c,century,LAD,2020-04-24,MOTORS,1,0,False,True,True,14,116286
dbb9f353548bf9728f34bc66,century,HLX,2020-04-24,SOLUTIONS,2,0,True,True,True,12,129515
4113aaeba950995cdb317611,century,AVAL,2020-04-27,Grupo Acciones Valores,87,0,False,True,False,107,220313
4a58619f5e552acb9d07668d,century,FIX,2020-04-27,,0,0,False,True,True,16,131054
7d67ecd4bac7dbb7d2015bd4,century,CIB,2020-04-27,BANCOLOMBIA,154,0,True,False,False,5,220090
b7f8fc347b4768f28b28e225,century,PI,2020-04-27,IMPINJ,16,0,False,True,True,3,138151
bd8930a4609c50529e4b3692,century,SY,2020-04-27,So-Young,18,0,False,True,False,9,219994
c7534412e785e32a45b194b0,century,ITUB,2020-04-27,Itau Unibanco,52,0,True,True,False,1,220069
e4062422354a01ddefe7e311,century,HUYA,2020-04-27,HUYA,0,0,True,True,False,71,220204
f416a3a3eaa9dec71769e6a7,century,BBAR,2020-04-27,BBVA,90,0,True,True,False,9,219975
05422dd80abe174e23a7b21b,century,FMX,2020-04-28,,0,0,True,True,False,2,220050
1576cd462e7bc865056364e1,century,NOV,2020-04-28,OILWELL VARCO,0,0,True,True,True,20,101203
310d3dcca2a589bc5ddebc33,century,BXMT,2020-04-28,BLACKSTONE,14,0,True,True,True,47,146455
46daacff283c65c43ee26fe7,century,PTEN,2020-04-28,PATTERSON,1,0,True,True,True,23,153545
4adb86dd2e3b947fdd113dde,century,TNET,2020-04-28,TRINET,16,0,True,True,True,16,108370
58f3c6bcd51304ee683b50ec,century,VLRS,2020-04-28,Controladora Vuela Compania Aviacion,27,0,True,False,False,3,220077
6d6fcaec4ebb017469f9c6f9,century,SBSW,2020-04-28,Sibanye,10,0,True,True,False,209,218003
76e5bdf8570dd5916ce59883,century,ALLY,2020-04-28,,0,0,False,True,True,186,209188
790bdfe31c631892a3a697eb,century,BZUN,2020-04-28,Baozun,45,0,True,True,False,20,220033
7d2f0722dbd50dc14f32cc19,century,FNF,2020-04-28,,0,0,True,True,True,70,110693
8de58633aa456504e8a4b39b,century,CCU,2020-04-28,BREWERIES,3,0,True,True,False,138,220742
a56a1465130bf39c797f2d68,century,AGRO,2020-04-28,Adecoagro,71,0,True,True,False,15,220075
bb6016514ea01030f1e492e5,century,LUV,2020-04-28,AIRLINES,14,0,True,True,True,42,198218
c04a31ac70b5711376292a63,century,XNET,2020-04-28,Xunlei,69,0,True,True,False,2,220073
fa59c9dc27154580a8b79d7e,century,C,2020-04-28,GRAYBAR,8,0,False,True,True,20,75449
0bd5bee3f84888ac023ecee2,century,GGAL,2020-04-29,GRUPO FINANCIERO GALICIA,701,0,True,False,False,2,220073
0cca742cd14210dc2a68f01c,century,UE,2020-04-29,Properties,67,0,False,True,True,99,144756
125fbd3d5930e8b91e1bda68,century,LPL,2020-04-29,,0,0,True,True,False,57,219736
2c9b07406f84383fb1858f66,century,OMF,2020-04-29,OneMain,0,0,True,True,True,50,165624
3c60f7fcce601283df52e9c7,century,VLO,2020-04-29,VALERO,56,0,True,True,True,1,143971
45c55bad236309441686f010,century,ARCO,2020-04-29,Dorados,0,0,True,True,False,65,219445
4f08b8d8aad1f4ab732ef47f,century,EAT,2020-04-29,BRINKER,5,0,False,True,True,12,169618
577a5ea03533b5427879dff5,century,AA,2020-04-29,Alcoa,57,0,False,True,True,106,121797
5b7e6a40c19adb1e5b12fa20,century,WWW,2020-04-29,,0,0,True,True,True,1,101928
6ae8da04e7cdeaa16d0c8376,century,OC,2020-04-29,Owens,0,0,False,True,True,80,128780
830797a4ad217531ad722f72,century,AR,2020-04-29,ANTERO,164,0,False,True,True,73,135301
876520afb1c8237477e4b41c,century,WB,2020-04-29,WEIBO,107,0,False,True,False,13,220087
908d05173dc4b19498b7230e,century,STNE,2020-04-29,StoneCo,0,0,True,True,False,4,220067
95852dcc6ae4f54962e6373c,century,F,2020-04-29,,0,0,False,True,True,54,206346
a2e7cd772268fc481e5eb648,century,FOR,2020-04-29,Forestar,0,0,False,True,True,122,75351
a710a6d63387c0be6dd630d7,century,MXL,2020-04-29,MAXLINEAR,0,0,True,True,True,60,175037
a7acd63aee16f18af48f0541,century,WF,2020-04-29,WOORI,204,0,False,True,True,12,219985
a80570412fb391b527bd84cb,century,PFG,2020-04-29,,0,0,True,True,True,97,203949
aab18b61f477d138e72d21ff,century,CYH,2020-04-29,,0,0,True,True,True,55,156862
be6cecfdce01166d36285bcd,century,CX,2020-04-29,CEMEX,224,0,False,True,False,1,220071
c65ff123af715c9f3fb5c1ca,century,HCC,2020-04-29,,0,0,True,True,True,30,164224
ce0befd3c864c7b0b99a0007,century,LOVE,2020-04-29,Lovesac,0,0,False,True,True,38,158363
ce2ded2442fd9d97bd36bc87,century,GE,2020-04-29,,0,0,False,True,True,356,137898
ce6dba6eaeacc24f953682c8,century,DIN,2020-04-29,Brands,8,0,False,True,True,32,159092
d0daa8d6d1537579e9b808df,century,OKE,2020-04-29,ONEOK,62,0,True,True,True,1,159976
ed98e3806986d5cf783cfe13,century,OI,2020-04-29,,0,0,False,True,True,2,124008
ee08e93681cf434233578fcf,century,GRVY,2020-04-29,,0,0,True,True,False,42,196123
fae3ed4494816518d4164ab2,century,IFRX,2020-04-29,InflaRx,29,0,True,True,False,24,219985
fc4cd38c67542ba174505c2f,century,SM,2020-04-29,,0,0,False,True,True,15,164544
100a009ce9548c06f4f92320,century,BLX,2020-04-30,,0,0,True,True,False,9,220046
1066ddaf92dbcd45fa83987a,century,GLNG,2020-04-30,GOLAR,223,0,True,True,False,72,220013
170374b7f3a5bb7db734c091,century,GT,2020-04-30,,0,0,False,True,True,2,182614
1b339bc20faecb768490ad02,century,LX,2020-04-30,LexinFintech,0,0,False,True,False,7,219987
1b3c13ba45ffde41b96509c4,century,WPP,2020-04-30,,0,0,True,True,False,188,175973
48d18899981d5177dcb2fcbc,century,BZH,2020-04-30,BEAZER HOMES,54,0,True,True,True,36,172423
555723d1c26008759b67123b,century,MGPI,2020-04-30,INGREDIENTS,4,0,True,True,True,15,79197
570ac492afef9ee2774d1290,century,AAL,2020-04-30,Airlines,26,0,False,True,True,67,200618
66cb44ff2898c3b3ae44be37,century,DCO,2020-04-30,DUCOMMUN,45,0,True,True,True,2,108414
6cea982292bb309ac3fa2534,century,WK,2020-04-30,WORKIVA,0,0,False,True,True,25,108644
6d804b082abf843b6139391c,century,TGS,2020-04-30,,0,0,True,True,False,7,220071
743e8b66303792bb24c96236,century,DAN,2020-04-30,,0,0,False,True,True,15,155562
763db29eeb869b19ad48e2aa,century,CRS,2020-04-30,,0,0,True,True,True,44,151985
83aa1ff9d6b268a84430b13b,century,AMRN,2020-04-30,,0,0,True,True,False,2,189672
8d3b01add2bef281a957bd95,century,SITC,2020-04-30,Centers,20,0,True,True,True,32,133504
9d4fb7c3dec2705df710d326,century,PAM,2020-04-30,Pampa,47,0,False,True,False,2,220061
a5016032ba444a9d84bcd350,century,TV,2020-04-30,GRUPO TELEVISA,51,0,False,True,False,50,220266
accf2374fdf7e192f6bfc40d,century,OPRA,2020-04-30,,0,0,True,True,False,4,220081
bae9386c83d9b5c72754877f,century,BEN,2020-04-30,,0,0,False,True,True,24,208002
bc56eb54337bf931d2718ee5,century,CCS,2020-04-30,Communities,10,0,True,True,True,26,128048
c1fe517c123d06c1777afe53,century,OMAB,2020-04-30,,0,0,True,True,False,5,220062
c7af66c6f13828e86532ddce,century,QFIN,2020-04-30,,0,0,True,True,False,11,220041
d95fb399788838cfacacc81b,century,IMAX,2020-04-30,IMAX,0,0,True,True,True,187,145900
d9a1a158001d8a15f87f2ca4,century,BBD,2020-04-30,BRADESCO,138,0,True,False,False,1,220060
e7c95b19dbe786f0feaa7d22,century,HGV,2020-04-30,Hilton Vacations,12,0,True,True,True,37,152037
ed27b58b5e5f128b8c743fd3,century,TS,2020-04-30,TENARIS,128,0,False,False,False,1,220071
ed941cba6a5a5be0c06fb22c,century,MTZ,2020-04-30,MASTEC,82,0,True,True,True,3,178365
ef7c1c4e45dc6fee2edba516,century,MERC,2020-04-30,,0,0,True,False,True,25,101264
0d303084ec299953736d19dc,century,AAT,2020-05-01,,0,0,True,True,True,159,175335
106e7a93c6f1008750ba7819,century,MTDR,2020-05-01,,0,0,True,True,True,43,164933
460b1ebc2b42c15cfce5c046,century,LBRT,2020-05-01,Oilfield Services,40,0,True,True,True,42,114603
5e47e1f8d644e574ba48d42d,century,OIS,2020-05-01,STATES,15,0,True,True,True,28,135520
6fcb156a6ee167ea15381818,century,CAR,2020-05-01,,0,0,False,True,True,77,123277
83a6a941aa12930aa11a8f47,century,FTAI,2020-05-01,Investors,37,0,True,True,True,14,169486
a090628311d0397ba2857bb0,century,MHO,2020-05-01,HOMES,117,0,False,True,True,26,191716
bff5697e295fccf46cf16c87,century,TEX,2020-05-01,TEREX,22,0,True,True,True,28,151383
cf3f7a8f6d7f90f7c0a78dec,century,GLPI,2020-05-01,Properties,85,0,True,True,True,66,145951
d15514ccfe211062321d9a46,century,TXT,2020-05-01,TEXTRON,0,0,True,True,True,84,116399
d1ef4c09be69d34cd20e780d,century,WCC,2020-05-01,WESCO,63,0,True,True,True,66,88027
df2034a08f107d7ddfd24a46,century,NAVI,2020-05-01,NAVIENT,0,0,True,True,True,79,105528
f9d1a05a379d93adb9028bde,century,MGM,2020-05-01,Resorts,43,0,True,True,True,217,176761
1a9fff494105110b1dce1a35,century,LAZ,2020-05-04,Lazard,94,0,False,True,True,56,123686
2f13427cc8b3769558173c07,century,AMG,2020-05-04,AFFILIATED MANAGERS,2,0,True,True,True,31,118110
3242f1a17c8e0558ea976810,century,STWD,2020-05-04,STARWOOD,3,0,True,True,True,36,204677
326ef259adae1f0dbf2a9967,century,UGP,2020-05-04,ULTRAPAR,0,0,True,True,False,117,220057
417ffb6605ab1439e23d07e3,century,THC,2020-05-04,HEALTHCARE,26,0,True,True,True,23,122364
5b65e591992a4a7e961fbbc8,century,C,2020-05-04,ONCOR,213,0,False,True,True,0,142690
6460bf202b324b597484692b,century,SHAK,2020-05-04,,0,0,True,True,True,99,144950
83d16948850de4843c85e2d2,century,C,2020-05-04,CITIGROUP,0,0,False,True,True,134,219899
85746e8a5376f5209f909750,century,UAL,2020-05-04,Airlines,11,0,True,False,True,198,172308
8be94dd1fe4e46f03fa5121e,century,KEY,2020-05-04,KEYCORP,40,0,False,True,True,74,147805
a108367d7e84185f1c993ee4,century,HP,2020-05-04,Helmerich Payne,0,0,False,True,True,29,206647
b910a6c977793d2890f26494,century,BDC,2020-05-04,BELDEN,27,0,True,True,True,14,111245
e338c9990c8b08e0c467c632,century,BHE,2020-05-04,HATHAWAY,5,0,True,True,True,90,136987
eebe73e5cb3d4f67618b7b56,century,L,2020-05-04,LOEWS,52,0,False,True,True,53,174977
015705799f2171400ceb4a72,century,GLRE,2020-05-05,GREENLIGHT,24,0,True,True,False,36,144638
04c20a949def642d687415f0,century,ICHR,2020-05-05,,0,0,True,True,False,9,59763
07ebc2ef2ecccbb80a4dccec,century,MOS,2020-05-05,,0,0,True,False,True,31,166188
1a84128c350f625a48c8fc7d,century,WH,2020-05-05,WYNDHAM HOTELS RESORTS,80,0,False,True,True,20,117298
213b129ca39c2fc2050770b6,century,COKE,2020-05-05,Coca-Cola,49,0,False,True,True,26,148442
2cf9d9cfe9b130d24be1b8c2,century,CPF,2020-05-05,,0,0,True,True,True,19,216610
2eac1bf793e31daa7c4f8fa6,century,STRL,2020-05-05,,0,0,True,True,True,16,117756
344297a910b08440a9cd3cad,century,NSP,2020-05-05,INSPERITY,0,0,True,True,True,58,92681
3734b5648501142cdacb4ceb,century,AROC,2020-05-05,Archrock,0,0,True,True,True,27,116312
48afd4f4a8826e6efbd172e9,century,DD,2020-05-05,DuPont Nemours,146,0,False,True,True,25,193136
59b6461916c18cfc0f7ea6b7,century,USFD,2020-05-05,Foods,0,0,True,False,True,20,127034
6361a334398f4b78b612b1f8,century,USAC,2020-05-05,,0,0,True,True,True,18,130538
686d6e032a49e5a77dcf5bea,century,ENVA,2020-05-05,Enova,1,0,True,True,True,33,198042
756227867927c6a0acb756d8,century,WTFC,2020-05-05,WINTRUST,29,0,True,True,True,9,190638
946cd0fa03cdef6350e20feb,century,ATI,2020-05-05,,0,0,False,True,True,97,133193
9582267826ba4f758f5edba6,century,ATKR,2020-05-05,Atkore,8,0,True,True,True,12,111156
988c148efd410b6a40c663ed,century,INGN,2020-05-05,,0,0,True,True,True,2,138471
9ce67ad2cd5874872000c7b8,century,PFGC,2020-05-05,,0,0,True,True,True,103,165040
9f0de397da821a7a1bdf7c43,century,KMT,2020-05-05,KENNAMETAL,0,0,True,True,True,72,139271
a593270297861b9e01f7b0d3,century,AIG,2020-05-05,,0,0,True,True,True,318,218609
b3f02701380b023c8ba4a248,century,EVR,2020-05-05,Evercore,0,0,True,True,True,108,182362
b770a54cbe576a63e74ad93a,century,TDG,2020-05-05,TransDigm,0,0,True,True,True,158,194016
c0f259a4a734b44ac96594f9,century,NCMI,2020-05-05,CineMedia,1,0,True,True,True,26,163283
c1defea3e6a5542c4504d625,century,TREE,2020-05-05,LendingTree,0,0,False,True,True,81,140995
c96463991ef12cd4cb973f67,century,UNM,2020-05-05,Unum,30,0,True,True,True,78,176634
f676eb9f2093bd40883a1495,century,BY,2020-05-05,BYLINE,51,0,False,True,True,126,148254
ff7ad26ced92628af328c1ba,century,WFC,2020-05-05,WELLS FARGO,130,0,True,True,True,16,220145
02ccecfe03711b5f97cd1407,century,PINS,2020-05-06,PINTEREST,0,0,True,True,True,41,218230
091dbe6582af5c99b8241bed,century,RMAX,2020-05-06,,0,0,True,True,True,30,108964
0b14a5f9da975f380a911138,century,TXMD,2020-05-06,TherapeuticsMD,0,0,True,True,True,24,164896
0c1117c61921494e760ae387,century,BWA,2020-05-06,BORGWARNER,0,0,True,True,True,41,120729
0fbf9093129667164558c58b,century,BKD,2020-05-06,Brookdale,2,0,True,True,True,15,218211
14a9ec72a19cc2d76c7a565d,century,LPX,2020-05-06,LOUISIANA-PACIFIC,0,0,True,True,True,7,122300
2636d87b76770116f9a702f1,century,GEO,2020-05-06,,0,0,False,True,True,155,185155
2728aa44a89517e725a4558b,century,DVN,2020-05-06,,0,0,True,True,True,2,131038
29fbe74efd1caf966f6902e6,century,FUN,2020-05-06,,0,0,False,True,True,48,135859
2a16c9b227693f637eb755b5,century,TPR,2020-05-06,,0,0,True,True,True,57,194147
2fe82a10839f7a69ebd7a8de,century,GTES,2020-05-06,Gates,62,0,True,True,True,23,147170
2fe925d5469f709f3008f964,century,XOM,2020-05-06,EXXON MOBIL,1,0,True,True,True,14,69893
3a1dd47366b0eb68d1991c05,century,GPRE,2020-05-06,Plains,0,0,True,True,True,84,180418
3ae74c799549821dcd794b09,century,BBSI,2020-05-06,SERVICES,30,0,True,True,True,30,82949
4817c6db296916a0b1212142,century,MYGN,2020-05-06,,0,0,True,True,True,19,115894
4c0cdc57395de5ea99579740,century,CMPR,2020-05-06,CIMPRESS,0,0,True,True,True,90,195916
5d9810cf256b45530da65da3,century,FRT,2020-05-06,,0,0,True,True,True,14,92850
60efa1a4685ad441391e39b3,century,CHEF,2020-05-06,Chefs',0,0,False,True,True,4,70462
66b06f813ea9e1f75f479998,century,RDN,2020-05-06,,0,0,True,True,True,26,137674
67081d267aa626168494f044,century,BFS,2020-05-06,CENTERS,23,0,True,False,True,30,118468
6fcb788e2e354febb6d0f031,century,SYY,2020-05-06,SYSCO,117,0,True,True,True,33,186974
7070b3f76f5e35e5e382c95e,century,LADR,2020-05-06,,0,0,True,True,True,50,205167
7110f626635abe258ac8f67b,century,AXGN,2020-05-06,Axogen,119,0,True,True,True,13,126162
73a66f85f95063f5f16001e6,century,WLK,2020-05-06,WESTLAKE,0,0,True,True,True,48,121166
770fcda47e5a1c0582aac842,century,MAT,2020-05-06,MATTEL,354,0,False,True,True,1,140513
82613a6fdf0f505b12081c3f,century,ESRT,2020-05-06,,0,0,True,True,True,29,169410
8305d94837d12f28baa2cf1d,century,HRTX,2020-05-06,,0,0,True,True,True,2,97539
8522258e20e048b55f144809,century,ANAB,2020-05-06,ANAPTYSBIO,0,0,True,True,True,14,124761
8ac86bb049354fb4a833bcf4,century,CARS,2020-05-06,Cars,0,0,True,True,True,46,106549
9543ed9e713417b298d62e64,century,MED,2020-05-06,MEDIFAST,0,0,True,True,True,24,70475
9a31ed6336e1fe8d88110ce3,century,GM,2020-05-06,Motors,2,0,False,True,True,291,187069
9bb163dde931c269fd878a90,century,RUN,2020-05-06,Sunrun,8,0,False,True,True,15,187231
a18a8e0744bda23c3e418fd9,century,SBRA,2020-05-06,,0,0,True,False,True,21,150075
aab8b7718144d54c8d2df44d,century,SRI,2020-05-06,STONERIDGE,0,0,False,True,True,99,136848
ad2e1b1175b0efd03511406a,century,LIND,2020-05-06,LINDBLAD EXPEDITIONS,54,0,True,True,True,20,124833
b497034f953d9b2a69923443,century,VYGR,2020-05-06,,0,0,True,True,True,8,176199
bc4b4c01795bbcb0ae7e141f,century,POWL,2020-05-06,POWELL,12,0,True,True,True,14,98221
c449f343f9314c1018ccab46,century,WSC,2020-05-06,WillScot,0,0,True,False,True,53,129532
c45a631efebf010cac0f8d7e,century,EAF,2020-05-06,GRAFTECH,41,0,True,True,True,54,126691
d3c964e1eea0d4a74798ae48,century,ZION,2020-05-06,ZIONS BANCORPORATION,144,0,False,True,True,1,153860
d45a812ed8b0811c772e9145,century,UFCS,2020-05-06,,0,0,True,True,True,24,152331
e91bff00fea5d9969829c65d,century,TMDX,2020-05-06,TransMedics,0,0,True,True,True,77,167286
ebffcfcd4f681d2c8c4b8316,century,RF,2020-05-06,REGIONS,213,0,False,True,True,22,185903
ee6fdfe0310ce34d7372fbd6,century,JLL,2020-05-06,LANG LASALLE,29,0,True,True,True,24,122825
f913c2f342f09786c64bd258,century,DNOW,2020-05-06,,0,0,True,True,True,25,83697
ff958006e53ebc1faf7e7dfd,century,WD,2020-05-06,,0,0,False,True,True,53,153933
081477430d9c1544758931e4,century,SF,2020-05-07,STIFEL,64,0,False,True,True,38,202759
19f5bf3ee85a061f9b63f342,century,FNB,2020-05-07,,0,0,True,True,True,25,192230
235326f148625b0234e5722a,century,HWC,2020-05-07,HANCOCK WHITNEY,0,0,True,True,True,31,153003
280194ef6008d1a28e42cd6f,century,MIDD,2020-05-07,MIDDLEBY,0,0,True,True,True,20,107789
28db205201ce161d9476c641,century,MD,2020-05-07,MEDNAX,13,0,False,True,True,15,100502
2b09d462c3e719f15a91639d,century,CASH,2020-05-07,,0,0,False,True,True,67,151329
2bf99b5e4777c1e2780474f1,century,MPC,2020-05-07,,0,0,True,True,True,121,196243
2dc6cbdf50bedf6991279cf4,century,BRX,2020-05-07,Brixmor,31,0,True,True,True,40,137074
351c6344bd49fa662431e5bd,century,LYV,2020-05-07,,0,0,True,True,True,21,153813
3c8bffd4590100763a0d68c4,century,EEFT,2020-05-07,EURONET WORLDWIDE,46,0,True,True,True,20,146464
3fffb7d42b077448ad0a6452,century,BLKB,2020-05-07,BLACKBAUD,0,0,True,True,True,47,124928
4052ba62ff69a7673e1c685e,century,MPLX,2020-05-07,MPLX,0,0,True,True,True,276,193937
448ab10a91c36407a2d46a40,century,CVI,2020-05-07,,0,0,True,True,True,51,139108
45aa23f673bf26b0d49cddc8,century,PBYI,2020-05-07,BIOTECHNOLOGY,0,0,True,True,True,31,165633
489208dad0f8dbd762a165c1,century,GPRO,2020-05-07,GoPro,39,0,True,True,True,38,139095
4e5af0074db8d83e4ce42762,century,IHRT,2020-05-07,iHeartMedia,0,0,True,True,True,58,158712
4fefe7b52f37183aede26e6f,century,GTN,2020-05-07,,0,0,True,True,True,17,86575
58caf3889e2efb848f1896fa,century,ARI,2020-05-07,,0,0,True,True,True,21,167238
5b81b6f00450fd71fae90bed,century,WASH,2020-05-07,,0,0,False,True,True,10,143401
5f2c337fdb1a23512fca1475,century,RHP,2020-05-07,Ryman Properties,69,0,True,True,True,29,182452
6061d26779ca6d5d80380e25,century,OEC,2020-05-07,Engineered Carbons,10,0,True,True,True,28,128868
64158273e60ee85f940b1717,century,IRT,2020-05-07,,0,0,True,True,True,22,94500
654b2aa2cf277e53551133b3,century,ANIP,2020-05-07,,0,0,True,True,True,50,142061
656100c0d2a1f139c6dd5a2a,century,RGA,2020-05-07,,0,0,True,True,True,41,144418
69918b60a33b836734ebf1a9,century,UFI,2020-05-07,UNIFI,306,0,True,True,True,3,160620
6a5da793c831499e9a3b4ac6,century,HOG,2020-05-07,HARLEY-DAVIDSON,0,0,False,True,True,46,194647
6b018a8722a8c86521ec82a5,century,TPL,2020-05-07,,0,0,True,True,True,10,60203
6e62cf89a91d7a3a5acbacb3,century,COHU,2020-05-07,COHU,0,0,True,True,True,132,142394
7665b541f6443e2ff4e59b04,century,APA,2020-05-07,,0,0,False,True,True,20,142336
7b78b5ce0c5687e018017b59,century,XRX,2020-05-07,Xerox,211,0,True,True,True,50,138368
80c56ca7327a2c017ed58026,century,MGTX,2020-05-07,MeiraGTx,0,0,True,True,False,19,131210
82538a766b21a36898265d8a,century,H,2020-05-07,Hyatt Hotels,178,0,False,True,True,35,179231
846844f50cc36be260ab462d,century,CNP,2020-05-07,CENTERPOINT,0,0,True,True,True,465,215533
8c62f2b7ccfad46b1abb70af,century,KRG,2020-05-07,,0,0,True,True,True,46,135832
95e533ef780a77ce49d0be1f,century,PEB,2020-05-07,Pebblebrook,3,0,True,True,True,18,136409
95f21e82dffe313981446020,century,BANR,2020-05-07,,0,0,True,True,True,22,144769
96a61f0a4ec60e036f26e89a,century,CIM,2020-05-07,,0,0,True,True,True,18,184709
9e0147129849626830353129,century,USB,2020-05-07,,0,0,True,True,True,7,167466
9eb0e73edda68d44b9428de3,century,AKR,2020-05-07,,0,0,True,True,True,46,193979
a1e94f95cdc8a025253b9405,century,UGI,2020-05-07,,0,0,True,True,True,281,143418
a4aaf2b579fb84941844522a,century,REZI,2020-05-07,RESIDEO,14,0,True,True,True,37,115144
a71d525d77e1932fb4a1cf0f,century,TRGP,2020-05-07,Targa,43,0,True,True,True,70,177359
a7c0b4281fa31f819c3e9c10,century,SPH,2020-05-07,,0,0,True,False,True,2,156471
aaf29b7b2f4b438d9244f30e,century,KELYA,2020-05-07,SERVICES,46,0,True,True,True,36,108116
ab5cf7f1c5231dd3365e8f7a,century,MTB,2020-05-07,,0,0,True,True,True,13,172891
b4715036f638d3847d8a440c,century,CXW,2020-05-07,CoreCivic,0,0,True,True,True,217,179675
b97ce5cb700e4c7d5306f51b,century,IIPR,2020-05-07,PROPERTIES,91,0,True,True,True,15,123229
baaf2f9da31496d5622b6c4c,century,FLS,2020-05-07,FLOWSERVE,0,0,True,True,True,36,136348
c380cfda3700baa86da7924d,century,CVI,2020-05-07,,0,0,True,True,True,12,89365
c65b34f94864e3be02e665cf,century,AVXL,2020-05-07,ANAVEX SCIENCES,149,0,True,False,True,24,103692
c8a641f98b1aa424cad34f56,century,MUR,2020-05-07,,0,0,True,True,True,15,109142
cc6f44a5cb0ae9b6f4853b1f,century,LAUR,2020-05-07,,0,0,False,True,True,62,206457
ce879e7974c83be7b7fccebd,century,MTRX,2020-05-07,,0,0,True,True,True,26,139508
ced574814129b076c9e3dd88,century,NMIH,2020-05-07,,0,0,True,True,True,70,119414
cfc68774be0ca04807320bbc,century,LNC,2020-05-07,,0,0,True,True,True,35,157037
d05269aa60cbc53f37425d1e,century,ARWR,2020-05-07,,0,0,True,False,True,15,108858
d75e118ffafb8b8c10ad3287,century,BG,2020-05-07,BUNGELTD,0,0,False,True,True,1,157056
d8089af6e90e57f060466a78,century,LAMR,2020-05-07,LAMAR,251,0,True,True,True,2,153183
dca82385eb33a074ca4334f5,century,PRDO,2020-05-07,PERDOCEO,6,0,True,True,True,13,153715
dcdcf27560b2ffcba465af2b,century,SBH,2020-05-07,,0,0,True,True,True,29,99714
e1c6ea7475114fa3d7fcda1e,century,BBVA,2020-05-07,BBVA Bancshares,0,0,True,True,True,46,130133
e6c37a14fa9f4d0d61985361,century,CF,2020-05-07,,0,0,False,True,True,123,149460
e8ce989da3c8fa39e7393c7e,century,HAS,2020-05-07,HASBRO,52,0,True,True,True,67,188589
ed6667ded7be71a161fce4bd,century,BHC,2020-05-07,Bausch Companies,25,0,True,True,True,23,187297
edfca703dcb75494247fb933,century,BUSE,2020-05-07,BUSEY,75,0,True,True,True,1,193721
f2ec904c569c9e1e80beda44,century,MTG,2020-05-07,MGIC,71,0,True,True,True,61,148301
f3b2357d32c09411cb98261a,century,VSTM,2020-05-07,Verastem,0,0,True,True,True,16,154855
fc62fd45b9b52081aa46f90f,century,CBRE,2020-05-07,CBRE,0,0,True,True,True,101,156972
047506c75d0a30ef55a01ef1,century,MTW,2020-05-08,MANITOWOC,0,0,True,True,True,34,100563
05c9a68d3427bbc46418d1d6,century,DCOM,2020-05-08,BANCSHARES,0,0,True,True,True,19,161173
0ed80e8f68eb51a0da68e39a,century,FHB,2020-05-08,,0,0,True,True,True,20,211330
126524e4d4387804e912e5cd,century,WBS,2020-05-08,,0,0,True,False,True,30,180371
1b64e9f25b7f2871aaff6e0f,century,ESNT,2020-05-08,Essent,144,0,True,True,False,8,162517
1d0ea4bdfd31c4145acc5979,century,VTR,2020-05-08,Ventas,40,0,True,True,True,9,181381
1f8dfd3c01a2480a9134791d,century,BKU,2020-05-08,BankUnited,0,0,True,True,True,48,131446
261f02bede29b83b1f5aee6a,century,WLDN,2020-05-08,Willdan,0,0,True,True,False,64,176489
28f53f033669dfb8066ce9c5,century,LEG,2020-05-08,LEGGETT,10,0,False,True,True,47,170322
33577a763e07710064664e6c,century,MATW,2020-05-08,MATTHEWS,36,0,True,True,True,12,139985
33f4f85cd45bd04506046f6e,century,PNFP,2020-05-08,,0,0,True,True,True,11,165226
35d933abcddc40af0c883e8b,century,ANDE,2020-05-08,Andersons,0,0,False,True,True,27,104879
360aa7e6b957da33c3f24585,century,SKYW,2020-05-08,SKYWEST,0,0,True,True,True,108,136231
3a9b5869795fdb6ffe304a7d,century,FHN,2020-05-08,,0,0,True,False,True,482,219900
3e0ea808076f4326b74e7ba9,century,SRET,2020-05-08,,0,0,True,True,True,42,146777
4649c85f58edce322c9b653e,century,HST,2020-05-08,HOTELS RESORTS,78,0,True,True,True,96,146851
4a2fad221be47f911e14d484,century,PIPR,2020-05-08,SANDLER COMPANIES,95,0,True,True,True,70,212569
4c70d1470d9fc66ec2d978e7,century,FITB,2020-05-08,,0,0,True,True,True,30,219750
4eefcb79a04429cad7d44cb1,century,SXC,2020-05-08,SunCoke,43,0,True,False,True,39,111095
52d14213e1084adae7312091,century,WSFS,2020-05-08,WSFS,0,0,True,True,True,105,214744
5dd2d2dc03eacf3530164243,century,WDC,2020-05-08,,0,0,True,True,True,50,210552
5f038103de3574718bdef9e4,century,CWK,2020-05-08,Cushman Wakefield,0,0,True,True,True,21,116152
5f09181ce5463323f466fe95,century,WYNN,2020-05-08,RESORTS,13,0,False,True,True,191,135952
61c01f3b1fcc1cb4af5cbef4,century,MCFT,2020-05-08,MasterCraft,51,0,True,False,True,15,110917
6ae8e916c7b0393e04f801bf,century,BHE,2020-05-08,BENCHMARK,8,0,True,True,True,11,104542
6af2b81abf4e96dfb60d8e8e,century,DGII,2020-05-08,DIGI,8,0,True,True,True,22,111120
6eea40a9b505f3100162a577,century,TWO,2020-05-08,HARBORS,2,0,False,True,True,50,176457
734623bd8d78b5441291f4d1,century,FET,2020-05-08,,0,0,False,True,True,34,102510
783a4be7cb1d05b5d259f7b9,century,FCF,2020-05-08,,0,0,True,True,True,1,184361
7aa6cca625c5c93efe623f53,century,ACGL,2020-05-08,,0,0,True,True,True,69,102767
867f76e5e911e814813af2ef,century,FFBC,2020-05-08,,0,0,True,True,True,2,102990
870328b8e10aa1ff1d55e44c,century,SXI,2020-05-08,STANDEX,29,0,True,True,True,1,136792
88563689b02b120bc3ace6dc,century,RES,2020-05-08,,0,0,True,True,True,1,100558
8a021f4ed07deba9ce5e545a,century,C,2020-05-08,Coronado,7,0,False,True,True,55,128449
9037ae5c4b4263d3ba454549,century,CNDT,2020-05-08,CONDUENT,0,0,True,True,True,74,100913
95246471838137b21008af0c,century,COLB,2020-05-08,,0,0,True,True,True,14,153655
955f5649ff3fb2d1cc34a081,century,CNOB,2020-05-08,ConnectOne,6,0,True,True,True,58,155655
9d3769202c67f728aba511f7,century,KTB,2020-05-08,Kontoor Brands,9,0,True,True,True,73,125038
9dce01f326ed73b92967d38a,century,BH,2020-05-08,Biglari,0,0,False,True,True,55,75292
9fcd5c6508405cd66398d168,century,ACRE,2020-05-08,Ares,28,0,False,True,True,36,190978
a44c848ed64cfb97dee23bba,century,BCO,2020-05-08,BRINKS,0,0,True,True,True,1,169619
a94aaa496b6fa9e56fac23ea,century,PMT,2020-05-08,PennyMac,35,0,True,True,True,36,170252
abb78a8cb7ae9025cbac8f82,century,NBR,2020-05-08,NABORS,94,0,True,False,True,23,152402
abfc2dcaab60020cff11a970,century,DKL,2020-05-08,Delek,161,0,True,True,True,62,174828
ad07a9547480d0c6b50d10e8,century,KIM,2020-05-08,KIMCO,5,0,False,True,True,16,132371
ad1a7a8e92932312ca51278f,century,CDXS,2020-05-08,CODEXIS,0,0,True,True,True,52,198808
b292d9e975a3e6b5545adb05,century,FBNC,2020-05-08,,0,0,True,True,True,1,184615
b72947fc0fef9f6187958e2d,century,NXST,2020-05-08,NEXSTAR,191,0,True,True,True,24,188294
b93d688970d4981a7abb1b90,century,KEX,2020-05-08,KIRBY,26,0,False,True,True,11,104342
b985210e1fbf420b64a4a3dc,century,PRU,2020-05-08,,0,0,True,False,True,102,218854
bacb3390e320ad4f68a301cd,century,SCOR,2020-05-08,COMSCORE,0,0,True,True,True,15,151214
bbc03052301e4ada6880939b,century,JBLU,2020-05-08,JETBLUE AIRWAYS,32,0,True,True,True,32,153080
bf54d5337d7c90da0c5d8cb9,century,GPI,2020-05-08,,0,0,True,True,True,30,158512
c47e3ed30553c9fc7495d267,century,PENN,2020-05-08,PENN,0,0,True,True,True,118,195779
c5c6affaffe4c322d0f11207,century,AUB,2020-05-08,Bankshares,2,0,True,True,True,15,170119
c99c0c6e5811efd07eedfc76,century,REG,2020-05-08,CENTERS,34,0,False,True,True,85,179572
cee959cf51b2345ff587456a,century,ARAY,2020-05-08,ACCURAY,0,0,True,True,True,25,151364
d2ad4f35f29018a62cfe9be3,century,NKTR,2020-05-08,NEKTAR,18,0,True,True,True,50,138133
db9f4d72e441a3ce0c494367,century,RIOT,2020-05-08,Blockchain,5,0,False,True,True,52,86881
df13ed0ca3a7f23496142fae,century,WSBC,2020-05-08,WESBANCO,0,0,True,True,True,212,168867
e4b7e1db22144a3f478c4eb7,century,CRON,2020-05-08,Cronos,89,0,True,True,False,34,156384
e57a26e7e94a6c526639f602,century,LYFT,2020-05-08,Lyft,0,0,True,False,True,49,184278
f19b15431038f45f64fa9167,century,SABR,2020-05-08,Sabre,41,0,True,False,True,21,165945
f4d988abf542816e26b98a18,century,ABR,2020-05-08,,0,0,True,True,True,38,152711
f634f301821c50ece6fc5088,century,PAYS,2020-05-08,Paysign,0,0,True,True,True,42,51396
fa8d1880dd2a1f1c7df18152,century,YELP,2020-05-08,,0,0,False,True,True,29,159830
faf3b6e9c0563bb1ddd5b19e,century,FRME,2020-05-08,MERCHANTS,0,0,True,True,True,33,147450
00a0ffa07d28c4a60c6b1c87,century,CDLX,2020-05-11,Cardlytics,0,0,True,True,True,29,135680
020e4a526f1866e2a241bb62,century,SRG,2020-05-11,Seritage Properties,149,0,True,True,True,18,157388
06fbb051b1ad5a8f7e4c4d37,century,COTY,2020-05-11,COTY,0,0,True,True,True,124,163573
08e5f29cf34cba34ff031ed4,century,TLRY,2020-05-11,Tilray,5,0,True,True,True,10,205923
0c916d2bba0d121f599bb048,century,RICK,2020-05-11,,0,0,False,False,True,37,130102
19cfcab4cf2aec9344cf42f3,century,PARR,2020-05-11,,0,0,False,True,True,64,195068
1baa9d9512f999def530e300,century,SPG,2020-05-11,,0,0,True,True,True,102,198409
1d650e43c2cd2b1d5d42e9b8,century,MRKR,2020-05-11,,0,0,True,True,True,11,109911
2498ba6a9ca62c7a41464f36,century,CUBI,2020-05-11,Customers,276,0,False,True,True,102,183283
2cf344eb4d91232f8f771be8,century,CLF,2020-05-11,CLEVELAND-CLIFFS,0,0,True,True,True,22,178878
2cf99a3acce7b4914b133afa,century,RILY,2020-05-11,,0,0,True,False,True,26,219767
2e2f6603017e5d8b3f55dbfa,century,CLSK,2020-05-11,CLEANSPARK,0,0,True,True,True,34,143028
33b433899afc8c54d9cad801,century,CLDT,2020-05-11,Chatham,26,0,True,True,True,15,135535
35189b95b36895c20b556c6d,century,AFG,2020-05-11,,0,0,True,False,True,249,114424
3816e9bc0d1fde7a26971992,century,GPMT,2020-05-11,,0,0,True,True,True,40,196216
382ad6767cfa57cf46d5707e,century,PGC,2020-05-11,PEAPACK,20,0,True,True,True,15,199465
3ea31ef16a5c41c05c4b44f5,century,PFS,2020-05-11,SERVICES,13,0,True,True,True,18,166461
3f16f793bc0b5c77f2263539,century,SLG,2020-05-11,,0,0,True,False,True,50,151616
400d78cf61dcbb277a107034,century,EPR,2020-05-11,PROPERTIES,111,0,True,True,True,30,159082
479a37398b76b1962706edf7,century,NHI,2020-05-11,INVESTORS,3,0,True,True,True,136,209657
48abbae7f63cc2b6afb94008,century,BANF,2020-05-11,BANCFIRST,82,0,True,True,True,2,137253
4d63e514d4ca028e95d4c6fc,century,AMN,2020-05-11,HEALTHCARE SERVICES,113,0,True,True,True,15,107889
4d65bdc9b9edd8b9c4478375,century,TRTX,2020-05-11,,0,0,True,True,True,52,170735
51107b0da1d1f6d202a89374,century,SVC,2020-05-11,Properties,94,0,True,True,True,24,174690
56043c7b3db3c79a8fd0d479,century,ABCB,2020-05-11,Ameris,16,0,True,True,True,27,214953
61375a7b95b840b28b16b69e,century,BYD,2020-05-11,,0,0,True,True,True,39,147739
6173657bfecdfc876145672c,century,CZR,2020-05-11,CAESARS,0,0,True,True,True,230,212905
627399ebf58c5e1541d7488b,century,ARLO,2020-05-11,Arlo,0,0,True,True,True,118,170792
7024861fd4d0f17aa1374785,century,AMRX,2020-05-11,Amneal,58,0,True,True,True,25,115753
750dedfaae544e6d927c4dd3,century,XHR,2020-05-11,Hotels Resorts,117,0,True,True,True,24,188684
751681343c5fccda996957ee,century,ET,2020-05-11,,0,0,False,True,True,63,212733
778a3736ed3ad83da8a24233,century,WEX,2020-05-11,,0,0,True,True,True,149,187205
86a35864afccce51b5151b4f,century,AXS,2020-05-11,,0,0,True,True,True,49,164173
8e50383240a063b9dc3ee46f,century,HAFC,2020-05-11,HANMI,22,0,True,False,True,44,177394
922e38aca335e2975b6c87ff,century,EXTR,2020-05-11,NETWORKS,10,0,True,False,True,16,142518
9409abb9403f7f8bbf35d45f,century,GTX,2020-05-11,Garrett,62,0,True,True,True,23,121084
94aff72c095fca72f279bfe6,century,BJRI,2020-05-11,RESTAURANTS,77,0,True,False,True,2,99496
957f4817cd50812d9a5ba2b0,century,RMR,2020-05-11,,0,0,True,True,True,183,147666
9de042123daa93e775991af6,century,OFG,2020-05-11,,0,0,True,False,True,59,177584
a5b108b77ba25fa9730bfb22,century,SKT,2020-05-11,CENTERS,51,0,True,True,True,49,187067
a70456941d46cc1c14346a04,century,HBNC,2020-05-11,,0,0,True,True,True,3,202576
a72f9854ea3f167bae189d61,century,WATT,2020-05-11,Energous,0,0,False,False,True,14,129311
ab4e39088bdeff58b4bffcc3,century,EGBN,2020-05-11,,0,0,True,True,True,12,177948
b54e5874452d2b946d93b090,century,SCYX,2020-05-11,SCYNEXIS,0,0,True,True,True,18,104026
be8a2f80c4d240f541ca1760,century,EPRT,2020-05-11,PROPERTIES,53,0,True,True,True,18,129848
c27c83913a59c547cc380775,century,CHMI,2020-05-11,,0,0,True,True,True,29,162909
c858f3e0c52feb4a4e98dd6e,century,VRRM,2020-05-11,VERRA,1,0,True,True,True,30,107331
cba0360bdb5fe459e042e055,century,OSBC,2020-05-11,,0,0,True,True,True,33,147994
cdb2268bf2e85f5fa6f4c21e,century,ABUS,2020-05-11,Biopharma,2,0,True,True,True,16,96404
d03650480b4ccab66a1eb6f6,century,FBP,2020-05-11,,0,0,True,True,True,9,220110
d3db37423e853d658540b33e,century,RLJ,2020-05-11,Rangers,55,0,True,True,True,71,104441
d6cfcd2c6fb5d03515bab7fb,century,RC,2020-05-11,,0,0,False,True,False,23,214443
d993f8f75d663538b3a396b5,century,PK,2020-05-11,Hotels Resorts,116,0,False,True,True,31,120685
e006d5b2b4f0aeba3abfe367,century,ABG,2020-05-11,ASBURY,0,0,True,True,True,24,148450
e0c8db91fdc909841df004ab,century,CPS,2020-05-11,Cooper-Standard,0,0,True,True,True,41,114678
e8cebc314844cfd83ad12ac1,century,MAR,2020-05-11,MARRIOTT,18,0,False,True,True,2,162884
ed775bb48bb02f28950895d4,century,DRH,2020-05-11,DiamondRock,0,0,True,True,True,12,137513
f04c4041d2670045632a5d02,century,WWD,2020-05-11,,0,0,True,True,True,255,180855
f1fa4c4d5afab5cffd559aa6,century,GTE,2020-05-11,GRAN TIERRA,18,0,True,True,True,12,112170
f72d9e4eeaa1581adb345c5d,century,BXP,2020-05-11,PROPERTIES,54,0,True,True,True,251,145225
f7cba6e98b0d7d7b1c6b2ff3,century,RLJ,2020-05-11,,0,0,True,True,True,25,137527
fbd96a4647976b69337048ae,century,IPAR,2020-05-11,PARFUMS,0,0,True,True,True,55,75787
0fc73ab21f774840f31a2798,century,VIR,2020-05-12,Biotechnology,5,0,True,True,True,44,184821
329428106418710a44501392,century,MCS,2020-05-12,MARCUS,9,0,True,True,True,25,155561
4bb9db5ced7d90fe8d5f2e76,century,BYND,2020-05-12,,0,0,True,False,True,70,168022
6fc247125d6b94ac2569408a,century,NVST,2020-05-12,Envista,0,0,True,True,True,25,147284
dcdea74e3c853719d3c3a79c,century,TILE,2020-05-12,,0,0,False,True,True,21,94164
e6be6e3fc82d12998d27be9a,century,UXIN,2020-05-12,Uxin,0,0,True,True,False,42,220233
faf7099a051b0a4c8c7b80b1,century,USAC,2020-05-12,,0,0,True,True,True,43,85701
0a558a5e5f63a986d4fb1b2f,century,ATOS,2020-05-13,,0,0,True,True,True,15,161536
5057ece42cda4dc9678cdcd0,century,CPA,2020-05-13,ASSOCIATES,11,0,True,True,True,94,174469
f27d01243936697f9ed37b57,century,PNTG,2020-05-13,,0,0,True,True,True,89,177182
024ac32ccb8d23df0d822a10,century,CTRN,2020-05-14,Citi Trends,13,0,True,True,True,33,165516
16e3d9393f3e77f55f1fd396,century,WNC,2020-05-14,WABASH,2,0,True,True,True,17,118820
34a2d87eceb7946d7f8853f7,century,MYSZ,2020-05-14,,0,0,True,True,True,18,75919
5c3758955e988953fdd51978,century,MIST,2020-05-14,,0,0,False,False,False,19,116289
7208a3c07c446b8d5740baab,century,ALK,2020-05-14,,0,0,False,False,True,15,107881
726db1d913b13637d8dd1433,century,C,2020-05-14,,0,0,False,True,True,12,82685
a3ed2162deb2fc9f446b5ab0,century,C,2020-05-14,,0,0,False,True,True,11,67713
ebf759321687ae611ba45c03,century,BLBD,2020-05-14,,0,0,True,True,True,35,101467
011186f78c67401680fb073c,century,INUV,2020-05-15,Inuvo,57,0,True,True,True,12,85728
0e1df0a1281b9ca9d293aa0a,century,ECOR,2020-05-15,electroCore,0,0,True,True,True,49,175996
4356aa8ff4439aa825f8523d,century,PHUN,2020-05-15,Phunware,0,0,True,True,True,46,117928
496786b09d0add7f851d2ef6,century,MBOT,2020-05-15,Microbot,89,0,True,False,True,32,83147
8f2f10ced928aeda3cf83b0b,century,PBF,2020-05-15,,0,0,True,True,True,198,123793
9ec7cc93f81aaacbf9551272,century,OPRT,2020-05-15,Oportun,36,0,True,True,True,13,172681
a50dbedd435de15e7eec49b1,century,DTIL,2020-05-15,BIOSCIENCES,0,0,True,True,True,18,162628
a9357a420afd8e5deddae9fa,century,NCLH,2020-05-15,,0,0,True,True,True,60,169060
b55bf71b50e96d12c318671e,century,BMA,2020-05-15,,0,0,True,False,False,5,220069
d05fc889e17ebc8428a41add,century,RWT,2020-05-15,,0,0,True,True,True,62,219775
e6b31087bfaaaf0feac82076,century,PBF,2020-05-15,,0,0,True,True,True,602,208554
2a36032b5124cc62484eefb2,century,HFFG,2020-05-18,Foods,2,0,True,True,True,29,164968
c974b3a2e09a01458961e39c,century,APLE,2020-05-18,,0,0,True,True,True,13,148107
9c1830dba8c1ec27b26d5a33,century,MG,2020-05-19,Mistras,0,0,False,True,True,53,132563
ad50a8c5371bf722fa70f1a0,century,SD,2020-05-19,SANDRIDGE,17,0,False,True,True,33,94861
0ba609a9903d99132218f2f6,century,CNTY,2020-05-20,CASINOS,90,0,True,True,True,50,173225
28ef343006016f131799f1e4,century,C,2020-05-20,,0,0,False,True,False,9,110074
e6756a624d4e96285bc78740,century,RRR,2020-05-20,Resorts,0,0,True,True,True,40,145930
03f086b89470627ef1f88e76,century,RCL,2020-05-21,CRUISES,76,0,True,True,True,33,149161
233625340ef476414e1c84fa,century,USPH,2020-05-21,,0,0,True,True,True,15,146782
280380e4ed3ac04b222880cb,century,BLMN,2020-05-21,Bloomin' Brands,77,0,True,True,True,1,151159
59878c2045896ba6486881de,century,HY,2020-05-21,HYSTER-YALE MATERIALS,5,0,False,True,True,19,104984
616b29cc4dda1d41acac1a64,century,EXPE,2020-05-21,Expedia,0,0,True,False,True,135,197005
f7a69048cd6a05541b85428a,century,EFC,2020-05-21,Ellington,37,0,True,True,True,33,219661
79bd0d815dee708cd19cd82a,century,AGYS,2020-05-22,AGILYSYS,0,0,True,True,True,48,175969
8e4da02fbf6f0225f323d7b5,century,ALGT,2020-05-22,,0,0,True,True,True,12,76680
992fe11ff98e1047ef68e7ad,century,BOOT,2020-05-22,,0,0,False,True,True,35,210116
b51ac49058865b08c16424a7,century,VSAT,2020-05-29,VIASAT,123,0,True,True,True,3,220077
c44b715464c8f29425cdb234,century,WRLD,2020-05-29,,0,0,True,True,True,37,198284
28255377bae0f2e2880ee9a3,century,NGL,2020-06-01,,0,0,True,True,True,75,219865
ad9c02d288c940dd9bae5cfe,century,F,2020-06-01,,0,0,False,True,True,40,115535
aacd686b52f997bef68fd351,century,HPE,2020-06-02,Hewlett Packard,10,0,True,True,True,172,124257
5b8eb7069c982aea897ca142,century,CNK,2020-06-03,Cinemark,0,0,True,True,True,86,144099
a51c5ab30090e768c646e9f6,century,CMTL,2020-06-03,COMTECH TELECOMMUNICATIONS,102,0,True,True,True,1,181143
2f6e65569b52b4521ebff3e0,century,CATO,2020-06-04,CATO,0,0,True,True,True,43,75229
11385fcaf2c95e8f9c6aeb57,century,DLTH,2020-06-05,DULUTH,9,0,True,True,True,31,87957
1f29d0b2b1fc16c99852dde6,century,KLXE,2020-06-05,Services,56,0,True,True,True,62,112171
1c452fed911e10660e76ddca,century,ANIX,2020-06-09,Anixa Biosciences,6,0,True,True,True,18,100507
591b213ffd86c0afcac34caf,century,SENS,2020-06-09,Senseonics,0,0,True,False,False,22,144561
8b554431b3a04288c2713bb2,century,FOSL,2020-06-10,,0,0,True,True,True,7,153465
f57f12839797e37c64afbe98,century,RRGB,2020-06-10,BURGERS,1,0,True,True,True,19,114257
01b28b29e4256bfd6c6af518,century,NTRP,2020-06-12,Neurotrope,0,0,True,False,True,42,108035
8d7afb15bade1a0b5214b801,century,DAKT,2020-06-12,DAKTRONICS,28,0,True,True,True,3,182172
dd4a4e7d5cfe64827af02eac,century,LPG,2020-06-12,,0,0,True,True,True,152,220520
fd10495f0a347292763e0c3b,century,MITT,2020-06-12,,0,0,False,True,True,57,219051
3fa293c4dbc4e20f773aa059,century,BORR,2020-06-16,Borr,0,0,True,True,False,26,219980
8b4dbe1ea5304dc71d48143e,century,GRPN,2020-06-16,Groupon,0,0,True,True,True,53,164957
9a4fe0386dd201e48af3df58,century,BNGO,2020-06-18,Bionano Genomics,0,0,True,True,True,14,103080
b6d20ed16d447177cc1e898d,century,RGS,2020-06-18,REGIS,1,0,True,True,True,19,132927
4be9b5e89250b44ad79085e6,century,DBI,2020-06-19,Brands,5,0,True,True,True,30,97819
26c32928c7d696b42e00063c,century,MFA,2020-06-22,,0,0,True,True,True,45,203030
3512d01385fa71aa6bdcbe89,century,PUMP,2020-06-22,ProPetro,0,0,False,True,True,35,150394
749fb4c33981a6f83aa43109,century,IVR,2020-06-22,Invesco,8,0,True,True,True,13,172514
5ee5934bd13520dbda9b4548,century,WTI,2020-06-23,,0,0,True,True,True,44,114507
b18ad0514308df5cf2042de2,century,TZOO,2020-06-25,TRAVELZOO,0,0,True,True,True,82,129442
d98dd0815874d78976d16af1,century,SIG,2020-07-01,JEWELERS,8,0,False,False,False,13,187472
0b728e7028ec4257e6ad42e9,century,M,2020-07-02,Macy's,20,0,False,True,True,38,114256
f16d7367eba5211e588ca0c8,century,CPRI,2020-07-08,,0,0,True,True,False,4,209240
4ec41c507a199dbbea361d49,century,AIHS,2020-07-09,Senmiao,120,0,True,False,True,7,220037
9b61467d06bcc5e91abd0dfe,century,CULP,2020-07-17,CULP,0,0,True,True,True,57,215543
699be3898eb0c5ee6399ad0a,century,LE,2020-07-22,LANDS',0,0,False,True,True,28,100509
c69c216f4788813152902536,century,UVSP,2020-07-24,UNIVEST,5,0,True,True,True,12,120418
059a19203990c7a2f973615f,century,TBI,2020-07-27,TrueBlue,0,0,True,True,True,26,202879
4f33a29cc38eefca9215f33e,century,FCFS,2020-07-27,FIRSTCASH,0,0,True,True,True,16,134866
938deaacd518ebafc4ec72ee,century,JILL,2020-07-28,,0,0,False,True,True,27,94779
fec9712412f559d8813acf80,century,KALU,2020-07-28,,0,0,True,True,True,37,140912
f6da4ec82fb7d4b3f44ed4b0,century,MOGU,2020-07-29,MOGU,0,0,True,True,False,15,220095
f7034300dacac96de4d6f7e7,century,LXRX,2020-07-29,,0,0,True,True,True,16,95639
3a7eb26ec2065e55a8cdf6aa,century,AIN,2020-07-30,,0,0,True,True,True,3,129587
4fa9677a4eed09fa76faadb7,century,PCG,2020-07-30,PG&E,8,0,True,True,True,455,219670
569078f7c628a621b6b666ef,century,QURE,2020-07-30,uniQure,6,0,True,True,False,12,123830
bbeb4880af591f988c12f0bb,century,PPC,2020-07-30,PILGRIMS,0,0,True,True,True,11,132258
2ad9c00e31676a1cd5f88575,century,TARA,2020-07-31,Protara,16,0,False,False,True,101,123696
686d16c6cec012816e6aa7c3,century,UONE,2020-07-31,,0,0,True,True,True,26,205713
8c3980720814373287409e0f,century,PSX,2020-07-31,Phillips,2,0,True,True,True,138,181279
a9e6590d6a5ab0c4a6b2598e,century,SXTC,2020-07-31,,0,0,True,True,False,36,219270
f4dd0c8db0039bc9d5b6ff2e,century,ORN,2020-07-31,,0,0,True,False,True,1,148802
5dfa185663babf30034fff20,century,NERV,2020-08-03,Neurosciences,0,0,True,True,True,14,105826
a9558724ea2bf814d69653cd,century,TCMD,2020-08-03,,0,0,True,False,True,14,123531
a9da873ee9937b88111c40da,century,CYCN,2020-08-03,Cyclerion,58,0,True,True,True,12,125502
fee1c53c713d9f2df716d6f5,century,VNO,2020-08-03,VORNADO,122,0,True,True,True,49,134196
0d3047b35bbe3909bcaca475,century,COP,2020-08-04,CONOCOPHILLIPS,0,0,False,True,True,103,191181
0d307a6ff7ca5f29ad286416,century,CRIS,2020-08-04,CURIS,101,0,False,True,True,2,220073
549748a9cff4f9e5b9588493,century,SHOO,2020-08-04,,0,0,False,True,True,48,127236
717d6232794aa2b23d4d1073,century,JAKK,2020-08-04,JAKKS,10,0,True,False,True,45,184448
9d2cc68643be402d7b66545c,century,RIGL,2020-08-04,,0,0,True,True,True,13,173598
ae343e12c706966d5443ab09,century,STIM,2020-08-04,Neuronetics,0,0,False,True,True,32,116409
caddd87dcc3c8468ca2abc71,century,RL,2020-08-04,LAUREN,4,0,False,True,True,80,211715
f37df61eabf73e4597b18a4e,century,ARVN,2020-08-04,ARVINAS,0,0,True,True,True,18,149243
1b4deed960680a4bd1c394b9,century,GNW,2020-08-05,GENWORTH,104,0,True,True,True,110,218979
2c567124d114563eb935c93e,century,SHO,2020-08-05,Investors,7,0,False,True,True,18,207450
3923e7646a0abc0e112be81c,century,VRCA,2020-08-05,Verrica,0,0,True,True,True,12,100324
6d545af5b623c8f4c5f84073,century,MOD,2020-08-05,MODINE MANUFACTURING,27,0,False,True,True,27,81632
8521beaddcef942b1c282246,century,ASPN,2020-08-05,AEROGELS,0,0,True,True,True,23,155138
a1a07079fc57436190f86630,century,INN,2020-08-05,Properties,101,0,False,True,True,46,198563
c82ae308df3d7e113fe6501b,century,DDD,2020-08-05,,0,0,True,True,True,40,119833
c94dfeeb4f152cea2d7e43b2,century,WWR,2020-08-05,WESTWATER,66,0,True,True,True,31,102589
d42fa82d833d59d689c92553,century,VNOM,2020-08-05,,0,0,True,True,True,34,112222
df80da85657bce4f59b1dcb7,century,NSPR,2020-08-05,InspireMD,0,0,True,False,True,20,86034
e16a9d1ac0b32d9c5883f7c3,century,ASB,2020-08-05,BANC-CORP,0,0,True,True,True,20,182017
f732ab30e2d87f2fc34ae59c,century,LILA,2020-08-05,,0,0,False,True,True,96,215800
1ca56f3d665e5c5dfd8c9e5d,century,OUT,2020-08-06,,0,0,False,True,True,99,184991
1f19862f72b7fdb9ab8932b3,century,WELL,2020-08-06,WELLTOWER,0,0,False,True,True,80,200558
213a160e6f54045b7245e3f4,century,ACHV,2020-08-06,SCIENCES,1,0,True,True,True,15,129957
30ee05fba261f2dfe6ac3eaa,century,RCUS,2020-08-06,Arcus Biosciences,9,0,True,True,True,9,142431
61dd500bad7ce64343e232a7,century,LPCN,2020-08-06,Lipocine,0,0,True,True,True,112,173210
62117a76b88b11f00bcc5e1e,century,TWI,2020-08-06,,0,0,False,True,True,53,129868
66f820782e1ab0a329fbb17a,century,EHTH,2020-08-06,eHealth,0,0,True,True,True,32,103121
757a545de7ff8f1959ad633c,century,ACEL,2020-08-06,Accel,95,0,True,True,True,34,152880
911910ecacb58787f1ede294,century,TEN,2020-08-06,TENNECO,0,0,False,True,True,71,177845
a16d53e80e0f25169e674632,century,STBA,2020-08-06,,0,0,True,True,True,52,149331
ba3b98858f5bd88f63e2cc1a,century,CTMX,2020-08-06,CytomX,9,0,True,True,True,21,151678
bfe1651035b146dc03e56d58,century,MSBI,2020-08-06,States,10,0,True,True,True,16,134173
c6af6e83747042558aecef3b,century,NXTC,2020-08-06,NextCure,0,0,True,True,True,23,91294
cd23284816f1818ad10eb071,century,MHK,2020-08-06,,0,0,True,True,True,27,153855
ed056cc6f0a502e9b47ff855,century,XAIR,2020-08-06,,0,0,True,False,True,39,94742
1241b9a1bbfd325bb7703b08,century,DXC,2020-08-07,,0,0,True,True,True,184,186353
21365760b1e4bada2c12176a,century,INSW,2020-08-07,Seaways,16,0,True,True,True,119,195695
646ac8af6986f997d747e986,century,CRNX,2020-08-07,Crinetics,2,0,True,True,True,14,100681
69c3c97140c16449a473af2c,century,MMLP,2020-08-07,,0,0,True,True,True,44,200671
6fd52f96f4ce3e424bfd698c,century,FULT,2020-08-07,FULTON,17,0,True,True,True,8,143018
77bbf47bb9050b9722484a9a,century,PLNT,2020-08-07,,0,0,True,True,True,62,159179
0a8b3499e4502680cc73847d,century,FBRX,2020-08-10,Biosciences,0,0,True,True,True,19,127856
38555c0b525f66db1d51de5e,century,REI,2020-08-10,,0,0,True,True,True,26,126612
4ebddcc7efa415934e1a96cf,century,ABEO,2020-08-10,ABEONA,5,0,True,False,True,13,87450
55be0afb7844c7a8ebd5803a,century,TBPH,2020-08-10,Theravance Biopharma,6,0,True,True,True,32,152924
5fdd6e7eaaecb9cc5fd99ec8,century,CRMD,2020-08-10,CorMedix,0,0,True,True,True,38,147509
798808d6d03d61737f4df84d,century,CLRB,2020-08-10,Cellectar Biosciences,1,0,True,True,True,11,91084
963477ff616d6f8df28328b8,century,CVGI,2020-08-10,,0,0,True,True,True,23,156778
f52dc09c2feba3027eab647e,century,LQDA,2020-08-10,Liquidia,18,0,True,True,True,16,185995
f6b2ec460f01086e887a0e9d,century,REED,2020-08-10,REED'S,0,0,False,False,True,27,102211
0eefa0bebe4de451e7d0aaf7,century,KODK,2020-08-11,EASTMAN,9,0,True,True,True,24,178822
5c534efa9daa280b056ab4d0,century,AEMD,2020-08-11,AETHLON,13,0,True,True,True,17,70722
7db59006fb1fbe069b9107e4,century,ALEC,2020-08-11,Alector,0,0,False,True,True,12,130342
f5ce6aec8a5309aab9daa14d,century,UUU,2020-08-11,INSTRUMENTS,0,0,True,True,True,17,104818
1c1256551ee3f498b05dc499,century,PHIO,2020-08-12,Phio,0,0,True,False,True,20,96108
422fa4eef2cc4b7bc2878f26,century,EQ,2020-08-12,Equillium,0,0,False,True,True,13,147139
bfbeae65115a6521dd3ad4fe,century,XBIO,2020-08-12,Xenetic Biosciences,10,0,True,True,True,28,76425
387de7572aeeec0629dd020a,century,CREX,2020-08-13,REALITIES,0,0,False,True,True,19,129834
4e6f51052e5c7094c3332710,century,IZEA,2020-08-13,IZEA Worldwide,4,0,True,True,True,55,174394
590aae0e669e6968a7272696,century,VTGN,2020-08-13,VistaGen,3,0,True,True,True,5,170261
5ec9045cef0121520c7c7bc5,century,SNES,2020-08-13,SenesTech,0,0,True,False,True,35,136416
b07d937d3aa39f37d5cb6eda,century,PDSB,2020-08-13,Biotechnology,4,0,True,True,True,20,137374
b5d0500979a84d9cad33861e,century,JAGX,2020-08-13,,0,0,True,True,True,40,187695
d8d710070ad0c38b0e756ca9,century,PRPO,2020-08-13,Precipio,0,0,True,True,True,32,167386
f57e4dca01341665924a6e35,century,VNRX,2020-08-13,VOLITIONRX,0,0,True,True,True,31,90346
078706da6987ee553739c16e,century,POLA,2020-08-14,,0,0,True,False,True,14,174720
2885f813448be3489eb93558,century,IPDN,2020-08-14,,0,0,True,False,True,17,126409
4d868c8070311fb90cfd67c1,century,BOXL,2020-08-14,Boxlight,0,0,True,False,True,25,114555
6e1547b73121a40fa7f1426c,century,BYFC,2020-08-14,,0,0,True,True,True,1,113518
c43b487ad3286389a62c1adf,century,ATNM,2020-08-14,,0,0,True,True,True,18,108226
cda56db49f45be5e89ca7599,century,VREX,2020-08-14,Varex Imaging,264,0,True,True,True,24,155403
d38739f8376d54487664904c,century,OSPN,2020-08-14,OneSpan,0,0,True,True,True,28,123896
e910b6af2d45941c083b8da3,century,ANY,2020-08-14,,0,0,False,True,True,85,133191
c579278611a922b8072af611,century,DLPN,2020-08-17,,0,0,True,True,True,35,162085
f4dc0609d125fdf237b336ad,century,FE,2020-08-17,FIRSTENERGY,0,0,False,False,True,289,178283
4a948c75d002a1c5e62a32ee,century,SSL,2020-08-24,SASOL,229,0,True,True,False,4,220085
a855193254ce104aaa7694a5,century,RCEL,2020-08-27,Avita,24,0,True,True,True,77,169593
5e09d935479590f0265aa3af,century,KRNY,2020-08-28,Kearny,48,0,True,True,True,63,218277
a2de27e4c3a6eb5f07b71a5e,century,PLAB,2020-09-10,PHOTRONICS,0,0,True,True,True,44,115180
abb21ecbb6ae3646ffe90481,century,LPTH,2020-09-10,LIGHTPATH,14,0,True,True,True,39,176675
5cbe5bd3dabd477c796a23e6,century,AIR,2020-09-24,,0,0,False,True,True,38,80652
a57a147b15575b8f65596107,century,ACB,2020-09-25,,0,0,True,False,False,7,36734
ba4085a29a63e4192a4b73dd,century,FLR,2020-09-25,,0,0,True,True,True,68,219957
eb6ac6441e0be1735cd1731e,century,SCHL,2020-09-25,,0,0,True,True,True,61,89292
0ad8bd68b598800290385583,century,BBBY,2020-10-01,,0,0,True,True,True,32,158791
8ce28f7b44c93707a835d6f9,century,CCL,2020-10-08,,0,0,True,False,True,116,172376
0456bc7f11611918bfe40cbb,century,IBIO,2020-10-13,iBio,0,0,True,True,True,201,220593
9d6d4813028e997c20953f20,century,BMRA,2020-10-15,BIOMERICA,0,0,True,True,True,37,71660
c2a7de650a52ac3d1403e445,century,HXL,2020-10-19,HEXCEL,35,0,True,True,True,2,101339
50a134d52c5e3532ea65824d,century,C,2020-10-20,WINMARK,0,0,False,True,True,14,84521
11e6f5aff739173ef55129f8,century,ARR,2020-10-21,Armour,39,0,True,True,True,71,183114
5617d6ffa886c8fa87210a3c,century,SLB,2020-10-21,SCHLUMBERGER,235,0,True,False,True,2,95587
0ac75f5c6f39c7bb14d47ccc,century,CLB,2020-10-22,LABORATORIES,11,0,True,True,False,42,116358
a2307a7d05fa3947cf47b31d,century,AQMS,2020-10-22,Metals,1,0,True,True,True,35,130701
dc3b4f2149ad8b319093ef47,century,HLX,2020-10-22,SOLUTIONS,2,0,True,True,True,17,155301
b061b83b76900892f199eac1,century,BKR,2020-10-23,,0,0,True,True,True,112,150056
bc3508606099bee03594c586,century,HAL,2020-10-23,HALLIBURTON,0,0,False,True,True,48,92525
eb2904eaa0ca027db200238b,century,MNOV,2020-10-26,MEDICINOVA,0,0,True,True,True,15,66361
468b44b219a497d1aca2abda,century,AWI,2020-10-27,ARMSTRONG,7,0,True,True,True,74,151364
b0dee724d8578620a1048fa1,century,NOV,2020-10-27,OILWELL VARCO,0,0,True,True,True,17,105189
d5378dd16446a64d4f9eb407,century,LRN,2020-10-27,,0,0,True,True,True,42,152846
f831e767ea54e51e4ad4c214,century,PTEN,2020-10-27,PATTERSON,0,0,True,True,True,23,186404
49698ca1cc7099fc49cdf75d,century,BDN,2020-10-28,,0,0,True,True,True,44,166012
4db8dd0438b99da8f402fbcc,century,DCO,2020-10-28,DUCOMMUN,41,0,True,True,True,2,123970
6a98c2c6727b8f8f3ddf23e1,century,OKE,2020-10-28,ONEOK,45,0,True,True,True,2,187969
9be89dda4a00b5e0676bde9e,century,BA,2020-10-28,BOEING,30,0,False,True,True,18,191242
b1965b1dc0ec55f39034d9dc,century,GE,2020-10-28,,0,0,False,True,True,400,156932
effaa215dab6132b9bc6d019,century,VLO,2020-10-28,VALERO,75,0,True,True,True,2,189604
120b595d1b5f024c71ba5aee,century,MERC,2020-10-29,,0,0,True,False,True,26,120950
13896ea48199f91eaee92287,century,TAP,2020-10-29,MOLSON COORS,23,0,False,True,True,34,174443
17ab4add65d84cc4ff348fc2,century,PDM,2020-10-29,,0,0,True,True,True,21,149337
2cad98b8bbc71ffded6d9a9b,century,NGVT,2020-10-29,Ingevity,0,0,True,True,True,67,161460
34789b049b5ca1a6fec96d71,century,XTNT,2020-10-29,Xtant,8,0,True,False,True,26,90316
4861a6c8e5111ff81e7a42ba,century,MUX,2020-10-29,McEwen,7,0,False,True,True,30,157804
79a73aee7fd1d91f7738e41a,century,CW,2020-10-29,CURTISS,0,0,False,True,True,41,102326
7a530cb053cd58108d0f0138,century,WRAP,2020-10-29,,0,0,False,False,True,23,105170
9d0d5ae123e716e01a006270,century,UTL,2020-10-29,UNITIL,135,0,True,False,True,34,193332
a2169619fdacad71be8f2357,century,BXMT,2020-10-29,BLACKSTONE,14,0,True,True,True,48,146856
a66ae7914cfbb49f73864c7f,century,IMAX,2020-10-29,IMAX,0,0,True,True,True,190,171697
a6bda2482746ce4444695b47,century,LIVN,2020-10-29,LivaNova,0,0,True,True,True,55,152594
b7e3b0a55a66e7e6cc00b145,century,HGV,2020-10-29,Hilton Vacations,11,0,True,True,True,40,164584
b88996e0d23ca09dd9eee234,century,KRC,2020-10-29,KILROY,5,0,True,True,True,98,156083
c23b2329eac39a047c0d767c,century,ECHO,2020-10-29,,0,0,False,False,True,21,91557
ead24c04f5be04acaaf9d110,century,VNDA,2020-10-29,,0,0,True,False,True,17,131847
0ade28c5bffea826e8effb72,century,SITC,2020-10-30,Centers,25,0,True,True,True,37,160306
24b74d01bba89a61110ed2aa,century,UVE,2020-10-30,,0,0,True,True,True,23,187539
58f093c3f892642cd47bbdce,century,AA,2020-10-30,Alcoa,94,0,False,True,True,124,171736
657af0719f6dce0a4e55acf6,century,MTDR,2020-10-30,,0,0,True,True,True,54,192067
7d5099709f2dc4de6ee9c754,century,GT,2020-10-30,,0,0,False,True,True,2,216418
ab62c45e328ad7d6218d3d10,century,EQR,2020-10-30,,0,0,True,True,True,114,190456
af28f4d9b09df3f40a487b78,century,ATRO,2020-10-30,ASTRONICS,0,0,True,True,True,26,141472
b4d90bad41ce4777c1743c20,century,OIS,2020-10-30,STATES,22,0,True,True,True,32,166396
ba80facc51dcf29f37bd38b5,century,LBRT,2020-10-30,Oilfield Services,50,0,True,True,True,57,157922
c22e71c8142f45b728f405ee,century,AAT,2020-10-30,,0,0,True,True,True,139,141017
cba5380d327b4a086f4ea609,century,NAVI,2020-10-30,NAVIENT,0,0,True,True,True,77,113188
cfd55fa654ee84d9715e5e79,century,AVT,2020-10-30,AVNET,37,0,True,True,True,1,88675
d71bafde4e4356ab6fc58985,century,SM,2020-10-30,,0,0,False,True,True,24,203131
f9cbc0c6a0e80f29d8cd8b44,century,OVV,2020-10-30,Ovintiv,0,0,True,True,True,158,213219
14df72bdc55743a167dea028,century,OII,2020-11-02,OCEANEERING,9,0,False,True,True,10,143011
5203f6590ab94e5dc21cd6cd,century,C,2020-11-02,GRAYBAR,10,0,False,True,True,24,89837
52e4f6d0587edc066d64bc7d,century,FTI,2020-11-02,TechnipFMC,0,0,True,True,True,60,182577
5e1bceca270a38558afc64a6,century,USFD,2020-11-02,Foods,0,0,True,False,True,19,165646
5f40b71f2b046e0cc2ca1ef8,century,HURN,2020-11-02,,0,0,True,True,True,20,129713
61e0473838060af6d111052c,century,KPTI,2020-11-02,Karyopharm,0,0,True,True,True,11,137883
7f5dcf4564161776325a7265,century,AMCX,2020-11-02,Networks,75,0,True,True,True,82,170085
9ba9749b4950ae561d237eb7,century,AIV,2020-11-02,,0,0,True,True,True,2,192026
c0199005566b6b0099982f14,century,BDC,2020-11-02,BELDEN,30,0,True,True,True,14,124274
c1807e1fababad9fd6bf64c8,century,NNN,2020-11-02,PROPERTIES,69,0,True,True,True,375,121634
c26ef2769b9604ebf999d74e,century,WFC,2020-11-02,WELLS FARGO,146,0,True,True,True,18,220155
e24d940b78ad3625122c2e0e,century,NCMI,2020-11-02,CineMedia,1,0,True,True,True,26,184972
2fde83d4ee3a6c13973bc7ac,century,RHP,2020-11-03,Ryman Properties,73,0,True,True,True,20,216911
3093e1fef71ae4ee5d4d57f6,century,CVI,2020-11-03,,0,0,True,True,True,55,166127
3826605a87844b6655158af0,century,JBGS,2020-11-03,Properties,59,0,True,True,True,23,215331
40997110f7c93965de8b214f,century,BLKB,2020-11-03,BLACKBAUD,0,0,True,True,True,67,175953
40c0c95b321797f13cca9f59,century,BBVA,2020-11-03,BBVA Bancshares,0,0,True,True,True,49,135374
96c4b88e38add7d41cec8a1d,century,FSP,2020-11-03,PROPERTIES,92,0,True,True,True,19,146265
e4e1a36c0bc8a72844e1c23b,century,BSM,2020-11-03,Minerals,6,0,True,True,True,48,135375
f58e944eafeeb5e6fbd8a40d,century,CVI,2020-11-03,,0,0,True,True,True,13,116046
f67b4160da2e601a2dd473b4,century,BHC,2020-11-03,Bausch Companies,53,0,True,True,True,25,219679
00ab347e5c1d7b657aaa9154,century,RGNX,2020-11-04,REGENXBIO,0,0,True,True,True,18,154926
298c0ea29ca92e5917de9c0d,century,KOP,2020-11-04,Koppers,0,0,False,False,True,96,150860
2da7f990159b6564585c44f0,century,BRX,2020-11-04,Brixmor,33,0,True,True,True,40,166964
3967223068a40d48450aae85,century,AQST,2020-11-04,Aquestive,66,0,True,False,True,34,218024
46eda79303bd5f9e3ed13528,century,INGN,2020-11-04,,0,0,True,True,True,2,143115
47d3161ee7283c8922a74d48,century,UFCS,2020-11-04,,0,0,True,True,True,25,168668
62146aec13dd4b47032413bf,century,WTTR,2020-11-04,Services,131,0,True,True,True,27,203875
629b184dec0fdec69d33d44d,century,C,2020-11-04,CITIGROUP,0,0,False,True,True,123,219914
63f98adb0037cbc1ba57d99d,century,XOM,2020-11-04,EXXON MOBIL,0,0,True,True,True,16,84902
649e995a0271fceb19cbf751,century,UFI,2020-11-04,UNIFI,215,0,True,True,True,2,109701
77b34ebd0fb733dd67f6f822,century,XRX,2020-11-04,Xerox,210,0,True,True,True,53,160284
87fbc3a73aceb077aa299ff7,century,DNOW,2020-11-04,,0,0,True,True,True,28,90296
8adc6c96916856246944a446,century,PBF,2020-11-04,,0,0,True,True,True,179,166795
b457d0bf3c8cfbf6f70b6597,century,FUN,2020-11-04,,0,0,False,True,True,27,145001
b7cbd0dcad1b6fb2ebaec1a3,century,NBR,2020-11-04,NABORS,72,0,True,False,True,19,163409
bb85aaf31c0105d93214d1c2,century,AMC,2020-11-04,,0,0,True,True,True,46,215077
fe4d827722e8f4980e7d657d,century,ARTL,2020-11-04,ARTELO BIOSCIENCES,9,0,True,True,True,26,195666
03ab19742d7c0117e9b4d168,century,SLDB,2020-11-05,Biosciences,0,0,True,True,True,20,142625
04e2d017940af6b167440366,century,CF,2020-11-05,,0,0,False,True,True,131,192120
0e0cd7fae3f5a61a4513e605,century,MTRX,2020-11-05,,0,0,True,True,True,24,109530
1cc725593ea2ca8fe8561e1b,century,GEL,2020-11-05,,0,0,False,True,True,3,188332
1df0d8cf71006862e5b02973,century,HPP,2020-11-05,Hudson Properties,114,0,True,True,True,187,213920
1f14f6cc5c4a015941d0067b,century,ESRT,2020-11-05,,0,0,True,True,True,21,189173
2260783e3d2d9c756cde6a3c,century,AMRN,2020-11-05,,0,0,True,True,False,2,162997
27896366bef4db26e7df1fee,century,CIM,2020-11-05,,0,0,True,True,True,19,181199
280f2fdc6611dcd99906cf58,century,VTVT,2020-11-05,,0,0,True,True,True,58,131050
2ce91a1277e16d7adbce804b,century,CARG,2020-11-05,CarGurus,0,0,True,True,True,13,103408
2eed905faf5c75beef5b8373,century,TWO,2020-11-05,HARBORS,1,0,False,True,True,51,195756
3174a8586828d68762fb547d,century,ADMA,2020-11-05,ADMA BIOLOGICS,2,0,True,True,True,75,175692
39d666c3ba8565afac0e501b,century,EOG,2020-11-05,,0,0,True,True,True,368,152197
3a08753f9fb7845d4588d366,century,CXW,2020-11-05,CoreCivic,0,0,True,True,True,230,217504
43027923a11d766cc25f7a05,century,ADT,2020-11-05,,0,0,True,True,True,160,213478
4529836a52a81742624f90fe,century,GTN,2020-11-05,,0,0,True,True,True,21,102779
488bb11fa88ecd8b36ece080,century,KALA,2020-11-05,,0,0,False,True,True,19,145404
54317725736893a810b81de1,century,FRT,2020-11-05,,0,0,True,True,True,15,135570
553db0e96582b2dc1cff72f7,century,TRIP,2020-11-05,TripAdvisor,0,0,False,False,True,50,161421
589313e3bb23e0af5ecb6a6c,century,DHC,2020-11-05,HEALTHCARE,9,0,True,True,True,27,156943
5d8f13e5f7e1e6c52f9a707c,century,AAOI,2020-11-05,OPTOELECTRONICS,0,0,True,True,True,22,156951
65a0b757a4b1265476665070,century,MNRO,2020-11-05,MONRO,13,0,True,True,True,7,82958
6816d377877bf0ea3527fdc4,century,ARQT,2020-11-05,Arcutis Biotherapeutics,0,0,True,True,True,22,147310
6b87c7d1a1f03add02e9c269,century,TALO,2020-11-05,TALOS,33,0,True,True,True,50,163201
70eacca5e3c3f8f38e52faed,century,STRA,2020-11-05,,0,0,False,True,True,19,155313
766dd94e4f384297b50d0e59,century,HWC,2020-11-05,HANCOCK WHITNEY,0,0,True,True,True,30,163983
7aeba6d421f3e85cbe7abaae,century,PBYI,2020-11-05,BIOTECHNOLOGY,0,0,True,True,True,39,175525
7f683c79089be8f904474eb5,century,LTBR,2020-11-05,LIGHTBRIDGE,0,0,True,True,True,44,124137
8435161231f034cdd32100ef,century,UE,2020-11-05,Properties,82,0,False,True,True,99,181716
8a5f0027d3324a5849aefeae,century,C,2020-11-05,ONCOR,230,0,False,True,True,0,158142
8ed9634f40ea2fcbc5ed9609,century,SKYW,2020-11-05,SKYWEST,0,0,True,True,True,117,169656
92202a6d399c8d25f61bbfbc,century,ANIP,2020-11-05,,0,0,True,True,True,51,173235
99b8e0540c9135cfda3892e9,century,TRGP,2020-11-05,Targa,41,0,True,True,True,69,202837
9b4ef45b7bd9c944d5caf783,century,MUR,2020-11-05,,0,0,True,True,True,14,125558
9eb6a099413bcbda47e0e578,century,FNKO,2020-11-05,Funko,16,0,True,True,True,45,170569
a09f5725d0d075947d0804ce,century,ANIK,2020-11-05,Anika,12,0,True,True,True,19,148634
b8f2aa73e6e15ca5835c3a1a,century,FANG,2020-11-05,,0,0,False,True,True,49,181199
bfb3812e3b9ac3c4e01520d6,century,LNTH,2020-11-05,Lantheus,0,0,True,True,True,29,198430
c8e1c2c132994153c4680f9f,century,LNC,2020-11-05,,0,0,True,True,True,49,155147
c9a4dade52e65d3205fa7d18,century,TPL,2020-11-05,,0,0,True,True,True,16,78920
cdcc0402ccf7a5d4dbcee513,century,INMB,2020-11-05,Inmune,0,0,True,False,True,15,96513
d48160dab0489e4e247773dc,century,ARLP,2020-11-05,,0,0,True,True,True,51,175412
d8241af6a4da3f4d1ba41b99,century,BKD,2020-11-05,Brookdale,1,0,True,True,True,13,148752
dabd131b2d781ea057be9e63,century,AKBA,2020-11-05,,0,0,True,True,True,11,202339
e19fb6c7e3067c6cf06f32ea,century,BFS,2020-11-05,CENTERS,24,0,True,False,True,36,144145
e1b0abbe5d645e91023eb2fd,century,ASMB,2020-11-05,BIOSCIENCES,0,0,True,True,True,30,95835
ebb5f74bbaa81e1ed35efe1b,century,KIM,2020-11-05,KIMCO,4,0,False,True,True,18,165704
ebd0f514717e6544410e170a,century,HII,2020-11-05,HUNTINGTON INGALLS,37,0,True,True,True,40,172435
ebd6d3193db0c473764a2e1d,century,BHE,2020-11-05,BENCHMARK,8,0,True,True,True,12,115472
ec7cb965c01eca0f0a0d7442,century,MTW,2020-11-05,MANITOWOC,0,0,True,True,True,36,104753
f416f8f7531306a66df96eb2,century,APA,2020-11-05,,0,0,False,True,True,20,177499
0907cdc615efca7ef69692ce,century,BMRN,2020-11-06,BIOMARIN,5,0,True,True,True,28,159143
098778b788ae58b504e23b62,century,OSG,2020-11-06,SHIPHOLDING,0,0,True,False,True,61,97481
13af2b6e65cc05724591a5ab,century,OCFC,2020-11-06,OCEANFIRST,7,0,True,True,True,50,177620
199b6990c49152ae009d1bc2,century,HST,2020-11-06,HOTELS RESORTS,82,0,True,True,True,103,168406
220a122362d1d9a5c8f8d623,century,C,2020-11-06,,0,0,False,True,True,12,155311
34594e0fe6ee306c38bbd3c8,century,SXC,2020-11-06,SunCoke,44,0,True,False,True,50,131470
3fad667a954024cc035920a8,century,CNDT,2020-11-06,CONDUENT,0,0,True,True,True,78,120983
4fd75e5e9d44c7b7f0dbe96f,century,MAC,2020-11-06,MACERICH,0,0,False,False,True,43,162394
50ebd693a563ddf5ec1daf3d,century,DLX,2020-11-06,,0,0,True,True,True,31,175539
50f07138971efc338f78189d,century,SABR,2020-11-06,Sabre,57,0,True,False,True,21,190195
53700660149e92e44a1a610a,century,AGO,2020-11-06,,0,0,False,True,True,47,219735
61428e170490715142098e34,century,MGY,2020-11-06,,0,0,True,True,True,25,114534
6bd86be8779fbee64385f41c,century,GEO,2020-11-06,,0,0,False,True,True,83,111755
79c5aef3a79445b75294c5ae,century,WDC,2020-11-06,,0,0,True,True,True,47,114080
7e77ec36536be81ec67a4f59,century,NOG,2020-11-06,,0,0,False,True,True,3,197691
80078a3d95a84cedcb564e58,century,AKR,2020-11-06,,0,0,True,True,True,46,169315
83d5a394ba5a6871f1aec9fa,century,PAA,2020-11-06,PLAINS,30,0,True,True,True,20,123204
85803cd4f5065b3d007c4da1,century,DCOM,2020-11-06,BANCSHARES,0,0,True,True,True,23,178837
8d1d70ef82cca45fa8ac1698,century,SRET,2020-11-06,,0,0,True,True,True,46,180507
b06203fc305a2d1781d018cc,century,KRG,2020-11-06,,0,0,True,True,True,58,149630
b333ac301cd1c1e9cc5b4449,century,PAGP,2020-11-06,PLAINS,38,0,True,True,True,50,144440
b6ce9c747d1722cca9390b52,century,MTNB,2020-11-06,Matinas BioPharma,3,0,True,False,True,12,85890
b7e829b67f1472cd0fd28ccb,century,TISI,2020-11-06,,0,0,True,True,True,4,174181
c1d8fadfda47c7d09541e76c,century,YELP,2020-11-06,,0,0,False,True,True,24,153757
c7791710ac9b332c861d7403,century,APRE,2020-11-06,Aprea,14,0,True,True,False,26,133540
c9cb8eb17b1efec19bcde33f,century,MD,2020-11-06,MEDNAX,21,0,False,True,True,17,129176
d2de208608f2a859298dcaee,century,FSLY,2020-11-06,Fastly,7,0,True,True,True,16,150595
ed0e349720b75f55cf8905ef,century,FFBC,2020-11-06,,0,0,True,True,True,3,111512
f4f103173e9810458e9351e8,century,MPC,2020-11-06,,0,0,True,True,True,110,156391
fb65e14c8f4e0ff58fc7316c,century,CNOB,2020-11-06,ConnectOne,2,0,True,True,True,55,177125
fc0661809df243a3083e8f87,century,REG,2020-11-06,CENTERS,38,0,False,True,True,91,217733
07ff2613e4f9540d871a9d39,century,JBLU,2020-11-09,JETBLUE AIRWAYS,30,0,True,True,True,31,163697
1090bef220e14a54ad9821cb,century,WKHS,2020-11-09,Workhorse,0,0,True,True,True,32,96719
1954ff91877d8e9aa8bf086d,century,WEX,2020-11-09,,0,0,True,True,True,131,195977
19b930f2d03ebd75abc6cbaf,century,REKR,2020-11-09,Rekor,56,0,True,False,True,14,199611
266068a84cd27ad2d325dd3c,century,CRBP,2020-11-09,Corbus,10,0,True,False,True,22,156418
2bc09581f8bc699875ee8502,century,AHT,2020-11-09,ASHFORD,141,0,False,True,True,39,219534
30673e0d07ee0d70407d5f78,century,IHRT,2020-11-09,iHeartMedia,0,0,True,True,True,83,199406
31df6830517f4fd8ea09964f,century,SRG,2020-11-09,Seritage Properties,166,0,True,True,True,18,182423
421dae944915213008e2a00d,century,MYGN,2020-11-09,,0,0,True,True,True,20,91772
4fd924d18306a227cfbfbcd4,century,C,2020-11-09,,0,0,False,False,True,104,189816
542f745a58a3e953ff492ddb,century,SPG,2020-11-09,,0,0,True,True,True,68,156326
5c301c709cae8af10b045675,century,HYMC,2020-11-09,HYCROFT,70,0,True,True,True,109,168890
6d5d4af3ca0067fc6111bcb9,century,C,2020-11-09,,0,0,False,True,True,0,109210
7f48492c1c2c0f8b47e8e9c1,century,VERI,2020-11-09,Veritone,0,0,False,True,True,16,99570
80b2efceec9c278402ceaf3b,century,RMTI,2020-11-09,ROCKWELL,10,0,True,True,True,38,158993
813dbaee914ee3f31531a48a,century,SKT,2020-11-09,CENTERS,32,0,True,True,True,44,148437
84255459ccde0453b5464442,century,SCSC,2020-11-09,SCANSOURCE,0,0,True,False,True,15,126582
8717566a70411daee45f1f28,century,GALT,2020-11-09,GALECTIN,42,0,False,True,True,18,90660
8b78209f68899206fceee88d,century,TILE,2020-11-09,,0,0,False,True,True,10,106770
8dcef358565322fbf80b79ce,century,FBIO,2020-11-09,Biotech,2,0,True,False,True,32,159732
91d9504ba68950cc6d94e919,century,OXY,2020-11-09,,0,0,False,True,True,5,160306
93fa65d9e0764fb72f89fa89,century,WVE,2020-11-09,Sciences,0,0,True,True,False,60,126758
9720e0faa735b1b929183dc5,century,INO,2020-11-09,INOVIO,15,0,False,True,True,40,167430
9aaa66a3856366dff260f2c5,century,GPMT,2020-11-09,,0,0,True,True,True,35,167589
9ad60fe8da9bd8f2a102a481,century,PFS,2020-11-09,SERVICES,11,0,True,True,True,18,199583
9c0a2d0d40c69def2dfabdc2,century,ALT,2020-11-09,Altimmune,0,0,False,True,True,23,88347
a1a3fb19fc5b6173c95600fb,century,WYNN,2020-11-09,RESORTS,13,0,False,True,True,247,178538
a52c10ced3a2ef9b95841e61,century,IPAR,2020-11-09,PARFUMS,6,0,True,False,True,71,82950
b81a07a2205ab4e8e365596d,century,VSTM,2020-11-09,Verastem,0,0,True,True,True,12,180600
b9016ad59a313400b61f6740,century,KEX,2020-11-09,KIRBY,30,0,False,True,True,12,127266
c6c034679c1cb94030d4edd8,century,TXMD,2020-11-09,TherapeuticsMD,0,0,True,True,True,35,208485
c7e1763733d74ad23bf540e8,century,TLRY,2020-11-09,Tilray,12,0,True,True,True,9,220045
ca86b70c93298ae96db624d2,century,CCO,2020-11-09,,0,0,True,True,True,18,157200
de9d13d7b7f94605ae33ebab,century,SVC,2020-11-09,Properties,90,0,True,True,True,25,196639
dfe87b7c4a47ce44d23c9192,century,WES,2020-11-09,,0,0,False,True,True,243,168565
ea8fadf0fd099716003c1993,century,TNXP,2020-11-09,Tonix,42,0,True,True,True,41,151779
ec2d22748ae604ad2c398b5e,century,DK,2020-11-09,Delek,186,0,False,True,True,21,172105
f3c04b394b630faa0e1b3674,century,BTU,2020-11-09,PEABODY,17,0,True,True,True,43,200164
f5747602264afc811b947a39,century,WATT,2020-11-09,Energous,0,0,False,False,True,14,142508
facaca7ee90c93a4a40dd7cf,century,OMER,2020-11-09,OMEROS,3,0,False,True,True,13,138503
119cecfb9617b8e35be4cee9,century,CNR,2020-11-10,Brands,1,0,True,True,True,18,180273
220ada42363fe85db5ae08b9,century,ELMD,2020-11-10,Electromed,0,0,True,False,True,13,67657
395d70d8efc929c01e110613,century,OGEN,2020-11-10,ORAGENICS,0,0,True,False,True,22,121650
44959b80d8ede8d307bf1308,century,OXBR,2020-11-10,OXBRIDGE,18,0,True,False,True,71,100574
63f824c47e1ec51407f56087,century,PASG,2020-11-10,,0,0,True,True,True,21,119754
7fb3d636dfff4de4f59322ce,century,NVAX,2020-11-10,NOVAVAX,0,0,True,True,True,63,192597
8058dde65bcac9c320ee3855,century,VIR,2020-11-10,Biotechnology,5,0,True,True,True,72,184938
a122acf15c5edf84a2b9c7d0,century,FULC,2020-11-10,,0,0,True,True,True,12,144667
a642ade6d9b5d9489037a764,century,DXPE,2020-11-10,ENTERPRISES,0,0,True,True,True,24,97912
d30628e302a00e319abbc8cb,century,GOSS,2020-11-10,,0,0,True,True,True,15,126085
07bd8d9875737a78847c61cf,century,SDGR,2020-11-12,Schrodinger,0,0,True,True,True,4,143447
117f239054ae5929df93da7c,century,DRIO,2020-11-12,DarioHealth,0,0,True,True,True,33,82903
149982960670bef957f1374f,century,BBGI,2020-11-12,BEASLEY,10,0,True,True,True,23,93037
1a908f9dd6dc764b436d355e,century,KRMD,2020-11-12,REPRO,0,0,True,True,True,15,85168
278ae625fbc335e1cd7cfc14,century,GNPX,2020-11-12,Genprex,0,0,True,True,False,15,99513
3d890d73b822f37b8f4875d9,century,AYTU,2020-11-12,AYTU BIOSCIENCE,0,0,True,True,True,82,106408
4016e0b7594a1989a4e69c0d,century,PHUN,2020-11-12,Phunware,0,0,True,True,True,46,154852
5300f4392113918ef9e9cabf,century,AIM,2020-11-12,ImmunoTech,0,0,False,False,True,50,163533
7bea1d3079cbc4b696532127,century,MARA,2020-11-12,,0,0,False,False,True,25,80476
aaea709a1dec771d24c2bcba,century,HYLN,2020-11-12,Hyliion,0,0,True,True,True,71,97215
c5e51bc892cced1282cc63c6,century,GEVO,2020-11-12,Gevo,0,0,True,True,True,105,168453
c6656fcb4be71b7143286143,century,ITP,2020-11-12,PACKAGING,0,0,True,False,True,36,140753
1523c183d987853bfb8099c1,century,BNTC,2020-11-13,Benitec Biopharma,20,0,True,True,False,35,86316
17ac3d13bc67fe7acf8444f2,century,PPSI,2020-11-13,SOLUTIONS,50,0,True,False,True,18,107248
3ddb7bf51d4f35ecb9cc5154,century,CAPR,2020-11-13,CAPRICOR,179,0,True,True,True,40,185387
57880f746ba98576fd399253,century,MIST,2020-11-13,,0,0,False,False,False,20,149151
9b9e0e2dedc42629bac67b78,century,MDRR,2020-11-13,,0,0,True,True,True,22,162758
c1f91de357397e201c71c806,century,ASTC,2020-11-13,ASTROTECH,0,0,True,True,True,30,132795
0a9e635d99ca96ea2ac742cb,century,MBOT,2020-11-16,Microbot,86,0,True,False,True,20,81008
2848c769c40b492ccba0a235,century,CODX,2020-11-16,Co-Diagnostics,0,0,True,False,True,34,118906
5cf3692b8f03823ed5096156,century,ATEX,2020-11-16,Anterix,0,0,True,False,True,16,126886
72039c6cbb83a186ff747f02,century,SINT,2020-11-16,Sintx,4,0,True,False,True,11,84695
e0d640d101b1d41099fdaae3,century,BKYI,2020-11-16,,0,0,True,True,True,14,115885
f41757065d6b129be9bf43fe,century,PAYS,2020-11-17,Paysign,0,0,True,True,True,61,76707
b4f174b8a7fc3880c798b7b5,century,IGC,2020-11-20,Globalization,0,0,True,True,True,51,112667
e97c75a890de0f7f41f4a634,century,HP,2020-11-20,Helmerich Payne,0,0,False,True,True,21,191973
74f36b948d788434f5ff1201,century,VIVO,2020-11-23,BIOSCIENCE,3,0,True,False,True,30,182991
cc72f0f747ac9f50657a714d,century,OGI,2020-11-30,ORGANIGRAM,0,0,True,False,False,11,55498
9aa607a5aed0032fcfe8dbf6,century,CMTL,2020-12-09,COMTECH TELECOMMUNICATIONS,77,0,True,True,True,2,200846
cbdf0b826a984dbeec56cb14,century,CAL,2020-12-09,CALERES,0,0,False,True,True,34,173195
edaa70c654ef3caa3d85aede,century,POWL,2020-12-09,POWELL,23,0,True,True,True,24,170680
558122e606399af294e9b50d,century,BTCS,2021-01-26,BTCS,0,0,True,False,True,27,208521
8db4488a8fbe593cb73e48d3,century,RGS,2021-02-03,REGIS,0,0,True,True,True,19,110808
382a9492853f0051753c9751,century,NGL,2021-02-09,,0,0,True,True,True,49,137484
d19d229599187f5720d872bb,century,INM,2021-02-11,InMed,6,0,True,False,True,40,108436
60ab31a96ad3b49633bd58cc,century,BRN,2021-02-16,BARNWELL,99,0,True,True,True,15,113006
60ef9ea6aaf943b1d76aebda,century,IMVT,2021-02-16,Immunovant,0,0,True,True,True,102,141071
5ca1efcea54d4b348d59bc54,century,AAL,2021-02-17,Airlines,46,0,False,True,True,57,219278
472bdba9a92da667b871a8c9,century,PBF,2021-02-18,,0,0,True,True,True,359,220489
2f10d801e3cf706c53bbd6a6,century,IVR,2021-02-22,Invesco,11,0,True,True,True,15,219828
0d85487f503101e54646079b,century,MITT,2021-02-23,,0,0,False,True,True,11,219959
4c2b3b1d2cc5bc9caf2f8cdc,century,KOS,2021-02-23,Kosmos,54,0,False,True,True,35,219880
b134d6b5045386a58e35b2e1,century,QS,2021-02-23,QuantumScape,0,0,False,True,True,167,219482
50ba1a55c24f9cc4112a7989,century,CTMX,2021-02-24,CytomX,15,0,True,True,True,11,219968
65aa89e8d3b159e327d0952c,century,KMDA,2021-02-24,KAMADA,10,0,True,True,False,3,220059
037be11afcc9bc2a4681c9df,century,UHT,2021-02-25,,0,0,True,True,True,27,219540
187e62c481476c21bad79db9,century,CGEN,2021-02-25,COMPUGEN,0,0,True,True,False,98,219905
2ba88f26cf23e737a9be45a3,century,CYCN,2021-02-25,Cyclerion,35,0,True,True,True,34,194571
52bf9932d1d7622785fefd04,century,VYGR,2021-02-25,,0,0,True,True,True,8,219949
c16afe52f20f736f510b68a8,century,ALEC,2021-02-25,Alector,0,0,False,True,True,21,184357
050151ca5bbf35bdf91ef694,century,EDIT,2021-02-26,Editas,3,0,False,True,True,69,212077
353345876f18b102dc0fe27d,century,IRTC,2021-02-26,iRhythm,0,0,True,True,True,13,219894
4130dcc33834755f0801cb32,century,TBPH,2021-02-26,Theravance Biopharma,4,0,True,True,True,42,219613
b1dfbf17544614c1c2f1c659,century,RWT,2021-02-26,,0,0,True,True,True,29,220000
fea54c7ff60a3141bfe6fa70,century,EHTH,2021-02-26,eHealth,0,0,True,True,True,35,162020
44d3d313c234dfa295c8a400,century,SRPT,2021-03-01,Sarepta,14,0,True,True,True,73,218863
489fb1b930b5c28413325cd5,century,QURE,2021-03-01,uniQure,27,0,True,True,False,16,220034
b29940db8822ae1786a529f2,century,OSUR,2021-03-01,ORASURE,18,0,True,True,True,13,219973
ca981096b7ae8523da8dd452,century,GLDG,2021-03-01,GoldMining,0,0,True,False,False,8,31025
cf6eb008a24ef51e31ce067e,century,ARCT,2021-03-01,,0,0,True,True,True,78,166563
92e6c6a0bbf51247d4f074c1,century,MCRB,2021-03-02,,0,0,True,True,True,18,219837
1a8f67a0a5307d9f9d54f6cc,century,ABUS,2021-03-04,Biopharma,7,0,True,True,True,27,174321
90b6659d33e9702fc5d00a5a,century,NXTC,2021-03-04,NextCure,0,0,True,True,True,31,191476
9d8b98bdd2937e1ac35dcb66,century,NCNA,2021-03-04,NuCana,15,0,True,True,False,22,220057
a589bdad5bd59571e48f6624,century,AUTL,2021-03-04,Autolus,15,0,True,True,False,23,219837
396467fb1cd6b588493f33e7,century,KOPN,2021-03-05,KOPIN,39,0,True,False,True,16,198800
4b6df96c259d8f7cbc15ed3d,century,OPTT,2021-03-05,,0,0,True,False,True,22,173136
67fac1ef3841de4f6123424c,century,DDD,2021-03-05,,0,0,True,True,True,35,195006
7976c90d27825ce56f4a2449,century,SENS,2021-03-05,Senseonics,0,0,True,False,True,25,219862
a09f5abac76052eabb7501dd,century,ASC,2021-03-05,Ardmore,57,0,True,True,False,67,206916
aab74352b2480140bb922165,century,PYPD,2021-03-05,PolyPid,0,0,True,False,False,18,220085
05013f19410b0bf09da90df8,century,CRNT,2021-03-08,CERAGON NETWORKS,31,0,True,True,False,24,219817
443b0668350a5fedd4753ec4,century,NSPR,2021-03-08,InspireMD,0,0,True,False,True,115,219496
5f4dc3de82f5ea511b103843,century,NERV,2021-03-08,Neurosciences,0,0,True,True,True,17,202928
957e74ab7557539981c59468,century,FLGT,2021-03-08,,0,0,True,True,True,30,215712
984f75de4ae911f8f47a2e40,century,LMND,2021-03-08,,0,0,True,True,True,80,220017
b4ae8f139953a3f311316189,century,GILT,2021-03-08,GILAT NETWORKS,56,0,False,True,False,16,219841
2702ff9ca748cc21294b5289,century,CLNE,2021-03-09,Fuels,106,0,True,True,True,33,219577
4d764513a37dc868cadde963,century,AQB,2021-03-09,AquaBounty,19,0,True,False,True,60,155352
3286e0c8aea7d975a138e917,century,HSDT,2021-03-10,HELIUS,26,0,True,True,True,30,219559
5f0da51b37d856886bf8fb8b,century,SIEB,2021-03-10,SIEBERT,93,0,True,True,True,47,188140
a7adf0f9128ec340e4409475,century,LI,2021-03-10,,0,0,False,True,False,68,220363
b924e225d66df435d6f81509,century,APT,2021-03-10,,0,0,False,True,True,58,179677
c5bd74cbdb545e6628283c9c,century,CREX,2021-03-10,REALITIES,0,0,False,True,True,40,219581
365b829a14c76811d233a7b5,century,TARA,2021-03-11,Protara,19,0,False,True,True,118,193165
8dbdb0decb9e54b940b671d4,century,NNDM,2021-03-11,Nano,22,0,True,False,False,68,219508
97a4dc416835fc2b1265d16b,century,BLDP,2021-03-11,Ballard,2,0,True,False,False,8,13571
4a4ef855739883279344f1de,century,ACR,2021-03-12,ACRES,67,0,True,True,True,15,219828
77f8ecb28d2fdc17e3a323c0,century,FTEK,2021-03-15,,0,0,True,False,True,124,164965
8e73c24b79f8b5428ea025c5,century,OVID,2021-03-15,Ovid,0,0,True,False,True,24,219883
580ebd3e9c8e56d53c18c34e,century,FBRX,2021-03-16,Biosciences,0,0,True,True,True,26,202574
9df1a006fae651869f22e7f2,century,KODK,2021-03-16,EASTMAN,6,0,True,True,True,22,219939
a23e2502d1710a377d2d1623,century,PPBT,2021-03-16,BIOTECH,0,0,True,True,False,28,219932
2383ccc8eb661b9136c82f60,century,CPSH,2021-03-17,,0,0,True,True,True,2,91092
3dc27a286e1af8d5726408f7,century,CELZ,2021-03-17,,0,0,True,True,True,12,162137
4c0bb94cf6cb350c6847d843,century,QUBT,2021-03-18,Computing,10,0,True,True,True,67,153981
531bb1efac624b4017d215e4,century,SNDL,2021-03-18,Growers,0,0,True,False,False,16,219953
58b29be09f9d78404d495e5c,century,GLMD,2021-03-18,Galmed,3,0,True,True,False,6,220017
b7eb52afb224dd0c6bdae2b4,century,ZM,2021-03-18,Communications,55,0,False,True,True,20,219710
e135bceb4b0d1cf7b849b992,century,ADCT,2021-03-18,,0,0,True,True,False,36,220119
7ac4b2e12a9278194a0c0a43,century,OCGN,2021-03-19,Ocugen,40,0,True,True,True,23,219997
53df063b6a1833392c43a469,century,VNRX,2021-03-22,VOLITIONRX,0,0,True,True,True,42,152861
b009790b843e7bd1e209f335,century,HIMS,2021-03-22,Hims,0,0,True,True,True,225,182585
1bc047561107a53bee77af33,century,SLS,2021-03-23,SELLAS Sciences,21,0,True,False,True,33,219437
3b931cce9b884227db7905bf,century,PED,2021-03-23,PEDEVCO,0,0,False,False,True,16,220043
59533bf6dd107d9349537191,century,BNGO,2021-03-23,Bionano Genomics,13,0,True,True,True,23,219827
8c8a55c5e1cdf8e07aad164a,century,GME,2021-03-23,GameStop,0,0,True,True,True,53,219917
97e1450851fa46b9f9d87777,century,SCKT,2021-03-23,,0,0,True,False,True,41,173182
bdd099d7033e710116ffafb1,century,PULM,2021-03-23,Pulmatrix,0,0,True,False,True,56,197572
1bb281e387f9afcab328a978,century,RKT,2021-03-24,Companies,10,0,True,True,True,44,219702
293df1bd3d22c7c21be1c1e1,century,MBRX,2021-03-24,Moleculin Biotech,12,0,True,True,True,17,164807
b19895d2d0f40d60c5abf16b,century,VITL,2021-03-24,Farms,26,0,True,True,True,45,209102
be9e2574a970ea83a24ab86b,century,ABEO,2021-03-24,ABEONA,5,0,True,False,True,17,169432
c7f1e6e6eb4ceab2c03bbdf7,century,EQ,2021-03-24,Equillium,0,0,False,True,True,20,220013
3940d85bf9a854768f778e5a,century,NKTX,2021-03-25,Nkarta,5,0,True,True,True,13,209440
54f298f4d1c6d8a679c83f7a,century,CRVS,2021-03-25,,0,0,True,True,True,15,219855
565b85598357201103ca0199,century,RLAY,2021-03-25,,0,0,True,True,True,9,220007
6757c5776ab441a5ae3d969d,century,IFRX,2021-03-25,InflaRx,18,0,True,True,False,13,220021
69bff3546966e8610466c5ac,century,EFOI,2021-03-25,,0,0,True,True,True,3,220077
99f6b3f4b25ac8171f9b281a,century,LQDA,2021-03-25,Liquidia,0,0,True,True,True,144,219906
9b715063781940de6e635de3,century,HRMY,2021-03-25,Biosciences,2,0,True,True,True,29,219611
ac39669f899e58575526f1bd,century,BDTX,2021-03-25,,0,0,True,True,True,58,220069
b5afb855f4be242f4a1639df,century,TEO,2021-03-25,TELECOM,259,0,True,False,False,1,220070
cb6636734569b8c0bb0daff7,century,FUBO,2021-03-25,fuboTV,120,0,True,False,True,24,220063
1d171e192ab9cc8d80037216,century,CLGN,2021-03-26,CollPlant Biotechnologies,14,0,True,False,False,9,220017
25352fdf18cd0ef9f672c2fd,century,ITP,2021-03-26,INTERTAPE,4,0,True,True,False,8,219971
3009dc953f60d0d324b853f9,century,AU,2021-03-26,ANGLOGOLD,7,0,False,True,False,320,217320
65c37aa4066d3e1d9c55accf,century,ALTO,2021-03-26,Ingredients,67,0,False,False,True,163,204692
6ed23e96fbbd836418c937e0,century,API,2021-03-26,,0,0,True,True,False,12,220069
bd40c35d787239cb8184b753,century,IPWR,2021-03-26,,0,0,True,False,True,23,182500
cb6573cf265475d214fefc08,century,AMWL,2021-03-26,,0,0,True,True,True,54,219616
d94ad28ee3c4c161af714b22,century,GAU,2021-03-26,Galiano,2,0,False,False,False,6,33751
dde9c153fb39078fd4823b10,century,FUTU,2021-03-26,Futu,0,0,True,True,False,72,220353
064a628b51cb126053bb549d,century,MYSZ,2021-03-29,,0,0,True,False,True,41,174608
292dd5f36aae80dc06f9c734,century,PCVX,2021-03-29,Vaxcyte,0,0,True,True,True,22,220027
3534754aa1e6a14b3734f52b,century,IDN,2021-03-29,Intellicheck,0,0,True,False,True,42,171837
3d480de9c3a39d58060bc2c5,century,CMCL,2021-03-29,,0,0,True,True,False,53,219713
4954805afd5eef06d4579433,century,SNES,2021-03-29,SenesTech,0,0,True,False,True,40,199405
72920ddc943b2f87d55c42f8,century,GLBS,2021-03-29,GLOBUS,9,0,True,True,False,14,220022
0bfc33170eb39717f4f69618,century,BEEM,2021-03-30,,0,0,True,False,True,15,165395
1ed595eafd9a206b14dc7267,century,REPX,2021-03-30,,0,0,True,True,True,29,174398
21da5c9f585d3cb600d69841,century,DYAI,2021-03-30,,0,0,True,True,True,19,180253
2f2ed276bd68ae4f871bfa31,century,FRSX,2021-03-30,,0,0,True,False,False,49,219062
33f9ea68d19c82e2a5d48175,century,SMTI,2021-03-30,Sanara MedTech,16,0,True,False,True,28,218050
5edbd67ab029bb46f0a77cb1,century,IZEA,2021-03-30,IZEA Worldwide,3,0,True,True,True,93,208331
60543e71bff1f2e12baf00a8,century,BTBT,2021-03-30,,0,0,True,False,False,31,219953
7208110e9ace7da04cb5874a,century,SNGX,2021-03-30,SOLIGENIX,0,0,True,False,True,29,209983
77ba68dc72be70d5990d45cf,century,DARE,2021-03-30,Bioscience,35,0,False,True,True,34,220184
84dd41bcaee2c86cd302d2ca,century,CRMD,2021-03-30,CorMedix,0,0,True,True,True,68,219932
a77a3d09e610bb332fe01f10,century,KNDI,2021-03-30,Kandi,84,0,True,True,True,86,186449
aaa8042a778c2d853dcc79b9,century,CAAS,2021-03-30,,0,0,True,True,True,19,185024
b399fc836efd5c1f8897ea8b,century,CTRM,2021-03-30,,0,0,True,True,False,11,219996
b621c8ea3006a32d45bf60d8,century,SSRM,2021-03-30,,0,0,True,False,False,36,19382
03c43dd75ce7f9fa8c10d8c7,century,BOXL,2021-03-31,Boxlight,0,0,True,False,True,86,219963
2e3f4a6a9c8539dffcf75dfc,century,LGHL,2021-03-31,,0,0,True,False,False,20,219821
3fa0568bd809917fa59f1952,century,UAMY,2021-03-31,STATES,23,0,True,False,True,31,159716
4d409ffd8f2dec82a4d1e995,century,SHIP,2021-03-31,Seanergy,9,0,False,True,False,18,219929
58bf82da2fd208a7b57de3f6,century,JAGX,2021-03-31,,0,0,True,True,True,23,219920
61c668a91416ae5d1ae84d71,century,CURI,2021-03-31,CuriosityStream,0,0,True,True,True,140,196224
74467c5000635e9396bd09df,century,ATNM,2021-03-31,,0,0,True,True,True,63,144189
89f4f6bf26474e1ab64f5a6d,century,GLSI,2021-03-31,LifeSciences,0,0,True,False,True,20,160513
9bfd5bbc77703564b82622f2,century,RKDA,2021-03-31,Biosciences,0,0,True,True,True,39,179659
b50d57004f4e630dde97b78f,century,POLA,2021-03-31,,0,0,True,False,True,28,201979
c37cf0ae38d1cded3bf7ec4b,century,SMMT,2021-03-31,,0,0,True,True,True,65,219310
c408136285a39c6bbb556c08,century,RVP,2021-03-31,,0,0,True,True,True,20,157628
c7d2ffae238e9ead8e9385c0,century,SNOW,2021-03-31,,0,0,False,True,True,27,219998
cc4129be42c21d006c2dbecc,century,USAS,2021-03-31,Americas,8,0,True,False,False,1,38983
d99b1994a8d73d98276b3bc0,century,DSS,2021-03-31,,0,0,True,False,True,117,220342
ecc4372e531e66822604dd3f,century,GBR,2021-03-31,,0,0,True,True,True,20,82009
fa32dc4751c179f9611c0772,century,UONE,2021-03-31,,0,0,True,True,True,31,220039
fedc0f5e6d0dec5df9c29ec3,century,ATOS,2021-03-31,,0,0,True,True,True,28,210810
104c85237641dccce4f47c06,century,TNK,2021-04-01,TEEKAY TANKERS,206,0,True,False,False,63,219469
53dcf0e37464549aa965b960,century,EVGN,2021-04-02,Evogene,0,0,True,True,False,42,220068
0353ef41865400eeac75a255,century,NNOX,2021-04-06,Nano-X Imaging,45,0,True,True,False,6,220049
89536399841e71cbea7d34cd,century,AMBO,2021-04-08,Ambow,204,0,False,False,False,45,219757
2568b4883ce58543b8304acc,century,ANY,2021-04-09,,0,0,False,True,False,194,220609
4fdac363ec5aeab68917d20b,century,IPDN,2021-04-09,,0,0,True,False,True,36,164988
4e5cc8a45b384c91d9287b1e,century,PXS,2021-04-12,Tankers,47,0,True,False,False,5,220050
50e885aed20fdb2b19c1db7e,century,JG,2021-04-12,,0,0,False,True,False,11,220054
0a0c8855f3753560c34231e3,century,WKSP,2021-04-13,Worksport,0,0,True,False,True,72,161552
3728ddade3560b059aa895ab,century,NRIX,2021-04-13,Nurix,1,0,True,True,True,11,129088
cd882906ef046d207127bedb,century,CBAT,2021-04-13,CBAK,109,0,True,False,True,23,219796
ee57407548d328255c60a3c2,century,AACG,2021-04-13,,0,0,True,True,False,25,219842
22d1e069f2982ff31952f283,century,FTFT,2021-04-15,FinTech,5,0,True,True,True,71,219249
6e950533d35bf5126014e7e0,century,QIWI,2021-04-15,QIWI,0,0,True,True,False,76,220369
92ce86777948fd3dc9adcfcc,century,DLPN,2021-04-15,,0,0,True,True,True,26,219676
aa96ac91c664aa89687b2790,century,IQST,2021-04-15,iQSTEL,12,0,True,True,True,48,179792
68068be058865a543234faf7,century,XPEV,2021-04-16,XPENG,18,0,True,True,False,16,220051
ab256e4c090b8ea488e25f13,century,STG,2021-04-16,Sunlands,29,0,True,True,False,29,219697
d0b7cc65b82f75e94f056ee4,century,ZEPP,2021-04-19,Zepp,0,0,True,True,False,48,219969
3324d816d5a58b60d27e1a3b,century,LITB,2021-04-21,LightInTheBox,0,0,True,True,False,28,219988
8079d529c430359832c23ff0,century,INVZ,2021-04-21,Innoviz,36,0,True,True,False,30,219639
bc3e27d027b49cfb3e88dc9f,century,CAN,2021-04-21,,0,0,False,True,False,44,220221
fb8cdd009cd16053bf5d42f0,century,UTSI,2021-04-21,UTSTARCOM,0,0,True,True,False,64,219846
8effe5552c9099752161a6b3,century,CD,2021-04-22,Chindata,0,0,False,True,False,25,220083
af2feaedd0606eeaeeed7448,century,BBBY,2021-04-22,,0,0,True,True,True,30,209026
be2a1819a84eecf68a531637,century,YPF,2021-04-22,SOCIEDAD ANONIMA,10,0,True,True,False,88,220505
7d31d8f255b22f40e243faff,century,XELB,2021-04-23,XCel Brands,143,0,True,False,True,39,219909
acfab7dac7b5d1a08632fdc7,century,TOPS,2021-04-23,SHIPS,3,0,False,True,False,10,220045
c8c0d3969d4f98ee5d528867,century,GGAL,2021-04-23,GRUPO FINANCIERO GALICIA,820,0,True,True,False,2,220073
e3b2fafb3a65b1711b7563b8,century,MTC,2021-04-23,MMTec,10,0,True,True,False,18,197600
1758b42ad1999a35b6f28f2b,century,XNET,2021-04-26,Xunlei,72,0,True,True,False,2,220073
24f014ad38882e7832f79a83,century,PETZ,2021-04-26,,0,0,True,False,False,16,219933
667fd2f45475c811434832fb,century,VIOT,2021-04-26,Viomi,57,0,True,True,False,9,219975
b86739e71424b0c1f23c09bd,century,YJ,2021-04-26,Yunji,113,0,False,True,False,9,220063
6c69807295a961108cf2ab3e,century,CANG,2021-04-27,Cango,34,0,True,True,False,9,220059
851bde5e39ad00cad55cf24a,century,HUYA,2021-04-27,HUYA,0,0,True,True,False,67,220193
cee5fd53d951d2c592130d5b,century,TANH,2021-04-27,TANTECH,0,0,False,False,False,127,220045
1340c5a18fd9eeff38f60b5b,century,KLXE,2021-04-28,Services,128,0,True,False,True,68,219662
24761fb47ee479d91b152976,century,JKS,2021-04-28,JinkoSolar,0,0,True,True,False,30,219875
6db46426699035298657d056,century,TIGR,2021-04-28,Fintech,8,0,True,True,False,19,220039
704b9202cc0eaa1de45811b4,century,DAO,2021-04-28,Youdao,66,0,False,True,False,8,220069
8616267c119fad18c44365ea,century,IH,2021-04-28,iHuman,21,0,False,True,False,4,220080
0486c5643acd56c027a50624,century,NAT,2021-04-29,TANKERS,35,0,False,True,False,28,183545
0f86825054758c02b82cc13d,century,MSTR,2021-04-29,MICROSTRATEGY,0,0,True,True,True,47,146649
23db124e8862fb4405386f81,century,WRAP,2021-04-29,,0,0,False,False,True,35,95257
2a7c30aeddda11b701ea5dd3,century,WKEY,2021-04-29,Wisekey,155,0,True,True,False,4,220081
6c50785df30d59fd4255d692,century,AQMS,2021-04-29,Metals,1,0,True,True,True,36,110689
7bbfd18f61cd5a3781e19748,century,BMA,2021-04-29,,0,0,True,False,False,5,220069
84e3107f76d06fee833665e0,century,AEHL,2021-04-29,,0,0,True,False,False,30,219779
a60df8ffcd53f648d10ca13b,century,GRVY,2021-04-29,,0,0,True,True,False,48,187901
ca8a7557f58c862031ad9e54,century,WIMI,2021-04-29,WiMi Hologram,29,0,True,True,False,106,220359
11328f5eb935bad6a349a9b8,century,ENLV,2021-04-30,Enlivex,0,0,True,False,False,28,219939
1d896bec335778b01cb2f70b,century,JFIN,2021-04-30,Jiayin,86,0,True,True,False,11,219992
24fd22b3b412834520c5de8f,century,BORR,2021-04-30,Borr,0,0,True,True,False,19,220042
26125b8a246837f1df56f2e1,century,SPCB,2021-04-30,SuperCom,0,0,True,True,False,44,207169
38c1fc99e3846daf0f568d43,century,BYSI,2021-04-30,BeyondSpring,0,0,True,True,False,27,219979
3add1aee337d53f7c886c9c0,century,EBON,2021-04-30,Ebang,27,0,False,False,False,9,219955
5ccd7f060871b8cf762d26aa,century,TAOP,2021-04-30,Taoping,0,0,True,False,False,84,220218
6798df2e674c51582b38b5ec,century,TRIB,2021-04-30,BIOTECH,0,0,True,True,False,80,219517
78f9ad00d11ebdb6ac43d792,century,MTLS,2021-04-30,MATERIALISE,38,0,True,True,False,26,219929
b5cf54f1ef6ad1ba78f78f78,century,DOYU,2021-04-30,DouYu,42,0,True,True,False,7,220033
dc79c63c55e24c5b06e2629f,century,EBS,2021-04-30,BioSolutions,0,0,True,False,True,47,115168
e292491994584d72127ef33e,century,SY,2021-04-30,So-Young,18,0,False,True,False,11,219956
fac339a2ae803f5cd3aa97e0,century,YI,2021-04-30,,0,0,False,True,False,5,220074
e2de8b23b34390c74f9cf8ca,century,TDOC,2021-05-03,Teladoc,7,0,True,False,True,41,128854
fb578cd9439a84956834a66f,century,RYTM,2021-05-03,,0,0,True,True,True,12,142405
0fa88cd09fcf4267293b1a25,century,PTCT,2021-05-04,,0,0,True,True,True,12,157638
1d1b3bc803d0f354b5fe7b28,century,KPTI,2021-05-04,Karyopharm,0,0,True,True,True,10,137772
2794002c9de137e732f571eb,century,AQST,2021-05-04,Aquestive,29,0,True,False,True,52,170002
8618ee00e43045ba6c924013,century,ATRA,2021-05-04,Atara Biotherapeutics,4,0,True,True,True,18,110293
ce9e647a1ded263f82214aab,century,STIM,2021-05-04,Neuronetics,0,0,False,True,True,25,109592
0efa3e716a768e068214ddb3,century,PSNL,2021-05-05,Personalis,0,0,True,True,True,18,131755
3f9099978776c890848e0580,century,RUN,2021-05-05,Sunrun,13,0,False,True,True,16,208614
701ae8b9a22cbb220d0d56a5,century,RARE,2021-05-05,Ultragenyx,1,0,False,True,True,23,129071
7b43f2e4f910266d6a565929,century,ZYME,2021-05-05,Zymeworks,0,0,False,True,True,16,134218
8333dfd3987e26dca150b394,century,ALLO,2021-05-05,,0,0,True,True,True,44,135590
b6d1f7f6fac4c7eb39db327c,century,SOS,2021-05-05,,0,0,True,False,False,28,220205
bed3c1fc50794fe772c4099d,century,INMB,2021-05-05,Inmune,0,0,True,False,True,15,80175
cd27772ddd7446e3c1f18420,century,KALA,2021-05-05,,0,0,False,True,True,20,159797
e77582715442fc12da126d37,century,ADPT,2021-05-05,Biotechnologies,0,0,True,True,True,41,112810
f51d8855dbdeae2407a43d96,century,DHC,2021-05-05,HEALTHCARE,17,0,True,True,True,30,177053
f90e5dec5fb969651a7cf4ce,century,SITM,2021-05-05,SITIME,1,0,True,True,True,12,210256
fa8728ff18efa24310d545c0,century,TREE,2021-05-05,LendingTree,0,0,False,True,True,84,147323
0a5bc54af2364897263fdc59,century,ORA,2021-05-06,ORMAT,11,0,False,True,True,35,162788
0e6eba591c2478312fd287fb,century,KYMR,2021-05-06,Kymera,2,0,True,True,True,18,136300
28ad7a1ad550eb5cd1b9e7eb,century,PNTG,2021-05-06,,0,0,True,True,True,62,133665
2ab3b6dfe0231ddae8c808ca,century,CLSK,2021-05-06,CLEANSPARK,0,0,True,True,True,35,157049
3099436fed86f449d06eed21,century,APRE,2021-05-06,Aprea,11,0,True,True,False,25,99204
35ac979f54fe9b05fa777d20,century,ECOR,2021-05-06,electroCore,0,0,True,True,True,44,84071
43785e0a4a6a6af3490f1472,century,ARLO,2021-05-06,Arlo,0,0,True,True,True,110,160122
5c56cedc3e5e64f10454a0e8,century,CXW,2021-05-06,CoreCivic,0,0,True,True,True,211,195062
63f9f0305d12db5ed4a65a51,century,CRDF,2021-05-06,Cardiff,0,0,True,True,True,27,64243
69bcfbc5caa73bde453bf4f1,century,ROOT,2021-05-06,,0,0,False,True,True,37,105721
6bd2e2176da566fbfb52094a,century,INSG,2021-05-06,INSEEGO,0,0,True,True,True,57,115693
84b462da9774f3aea924e574,century,IOVA,2021-05-06,IOVANCE BIOTHERAPEUTICS,0,0,True,True,True,12,135212
87f12630f1fef64bfa76a25b,century,PACB,2021-05-06,BIOSCIENCES,2,0,True,True,True,8,117477
9dd6206563c0d24d3a149037,century,GSAT,2021-05-06,Globalstar,0,0,True,True,True,25,94113
a43ac6a2f4f1ad04d75d7cdf,century,ORIC,2021-05-06,Oric,0,0,True,True,True,101,155029
abde248ba917d998b5a48ef5,century,BE,2021-05-06,,0,0,False,True,True,152,183462
ac0a8f4e513af7ea531afb71,century,EVER,2021-05-06,EverQuote,0,0,False,True,True,15,134607
ad8a6d5b03280aeda1c9ed50,century,AAOI,2021-05-06,OPTOELECTRONICS,0,0,True,True,True,18,115224
bd6798af2235c81a5a62121d,century,SPRO,2021-05-06,Spero,5,0,True,True,True,14,179573
c62f75c93f546b9adac63a94,century,APPN,2021-05-06,APPIAN,8,0,True,True,True,26,124680
c90671dcf1e42de8a9e02780,century,LXRX,2021-05-06,,0,0,True,True,True,15,79070
c9eb93754cbdba1382b3abe4,century,ANVS,2021-05-06,Annovis,3,0,True,False,True,11,59852
ed54660dadf8f4c26034a4d2,century,AMC,2021-05-06,,0,0,True,True,True,33,156959
ef6ceef4156fae3e1595ca27,century,KNSA,2021-05-06,Kiniksa,24,0,True,False,True,29,180150
f256606a4406b1481fe9b4c0,century,ASMB,2021-05-06,BIOSCIENCES,0,0,True,True,True,35,158475
f6138ca58e36dc11cfe72ff8,century,ACAD,2021-05-06,,0,0,True,True,True,22,120394
fb0ac3170b3b8954819eb6de,century,PBI,2021-05-06,PITNEY BOWES,88,0,True,True,True,3,99274
2fddd8434b3b4f9fde48bba5,century,ATOM,2021-05-07,Atomera,0,0,False,False,True,16,47547
48d5349e9a12120f7e7403e2,century,TMDX,2021-05-07,TransMedics,0,0,True,True,True,23,132894
5d5104ebdbea0d5840ca424c,century,CRON,2021-05-07,Cronos,65,0,True,True,False,32,126879
5f12bd51eecc79e2260a1d9b,century,FSLY,2021-05-07,Fastly,11,0,True,True,True,14,203610
659201de1805420c3acfaaed,century,TWST,2021-05-07,Bioscience,0,0,True,True,True,15,153154
715f6acb924d576560b9467f,century,BWEN,2021-05-07,BROADWIND,0,0,True,True,True,20,96871
823f462f1b627c9cc0b6e7e9,century,AMCX,2021-05-07,Networks,23,0,True,True,True,66,122269
869a3e4b437edc6850621667,century,FROG,2021-05-07,JFrog,6,0,False,False,True,4,129132
974da7f0f4924884028a8da2,century,RNG,2021-05-07,RingCentral,0,0,True,True,True,31,147140
a9936238f7e3d75985e3446d,century,AGEN,2021-05-07,AGENUS,16,0,False,True,True,16,132749
adab75d288d4f78fd902e85f,century,QDEL,2021-05-07,QUIDEL,29,0,True,True,True,2,81479
aff75eee5071ab7a56862366,century,IMMR,2021-05-07,,0,0,True,True,True,46,186180
c8a93ae90de4155b9488f0e3,century,PTON,2021-05-07,,0,0,True,True,True,15,191378
e366606eea5cc24503925bac,century,PLMR,2021-05-07,Palomar,0,0,True,True,True,30,210774
f66c35763883ae2c862da200,century,ACMR,2021-05-07,,0,0,True,True,True,41,153468
0340b02e1876436e499cac18,century,TLRY,2021-05-10,Tilray,56,0,True,True,True,18,143485
18e1f776c8071a124fddbdfa,century,PRLB,2021-05-10,Labs,0,0,True,True,True,14,76975
1f8e2b79f67ab3f113a75d46,century,AKBA,2021-05-10,,0,0,True,True,True,12,204209
2f06ca6837ded3df5db0c79f,century,AHT,2021-05-10,ASHFORD,149,0,False,True,True,39,180582
362d4d83280de62d813d64ce,century,PLSE,2021-05-10,Biosciences,2,0,True,True,True,8,121996
3b329b55140f3eb31dc7cbbe,century,RVMD,2021-05-10,Medicines,1,0,True,True,True,12,157677
3ba667ce8c476df24fa19388,century,GEO,2021-05-10,,0,0,False,True,True,107,142640
4ec8fcd30bd854cb382119a7,century,VFF,2021-05-10,Farms,28,0,True,True,True,30,106606
5ea9c125ffb397b369e5935c,century,MTNB,2021-05-10,Matinas BioPharma,3,0,True,False,True,12,73850
6a3bceae656f0efcfcddf730,century,TNXP,2021-05-10,Tonix,45,0,True,False,True,39,140493
6cd1f6860d5ac82ae0864e51,century,FLNT,2021-05-10,,0,0,True,True,True,23,104681
6d736cdb60c80c9c289b15c4,century,WKHS,2021-05-10,Workhorse,0,0,True,True,True,28,66588
9c2256381f3b32ca6cb29406,century,BIVI,2021-05-10,BIOVIE,27,0,True,True,True,27,86347
9fcc4233385cbd81b97085c0,century,STOK,2021-05-10,,0,0,True,True,True,11,123080
cd2e53ed8e5e9c7cc1551ef9,century,INO,2021-05-10,INOVIO,11,0,False,True,True,33,143001
cf9c48407cd0e2189b39ad2e,century,ASPS,2021-05-10,Altisource Solutions,120,0,True,True,True,33,136933
d568e4849c7104ac75fee5b6,century,VCYT,2021-05-10,VERACYTE,0,0,True,True,True,41,164386
de9cde4ed1218ea8bc5bbc2b,century,LRMR,2021-05-10,Larimar,6,0,True,True,True,17,118408
e486eab062e1453180bef375,century,PGEN,2021-05-10,PRECIGEN,0,0,True,True,True,96,165532
f29d61be56e2c8336438455c,century,CLNN,2021-05-10,Clene,127,0,True,True,True,47,184580
f431766c63c557fdcb609851,century,NVAX,2021-05-10,NOVAVAX,0,0,True,True,True,53,118143
0172b63bb8c220967c72a48c,century,PRAX,2021-05-11,Medicines,1,0,True,True,True,43,89752
1d473fc30d29039151e64588,century,PRLD,2021-05-11,,0,0,True,True,True,16,135809
23a82a5234eacafbe8015bd3,century,ATER,2021-05-11,,0,0,True,True,True,26,191814
3b1a4afe31c455d881e03514,century,ARRY,2021-05-11,,0,0,False,True,True,20,83232
5be97041a0d7a1c47448dbbc,century,DCTH,2021-05-11,DELCATH,8,0,True,True,True,14,58363
819c87b88e5543b295e10e1c,century,TARS,2021-05-11,,0,0,False,True,True,28,119030
a9bcf54d342d6370d2caf4bd,century,SNDX,2021-05-11,Syndax,1,0,True,True,True,26,156536
cf0c91fdd40951bb09f5b77b,century,ITP,2021-05-11,PACKAGING,0,0,True,True,True,35,124709
e8e739b098ffdbf7d5481a2f,century,BDSX,2021-05-11,BIODESIX,0,0,True,True,True,29,127388
ed0b3909971e4f50a9e8e06f,century,LODE,2021-05-11,Comstock,0,0,False,True,True,159,164187
f16e8e5f700ac906264ecb2f,century,XTNT,2021-05-11,Xtant,7,0,True,False,True,23,73713
f256d3a3da32fd94c5eb981f,century,BEAM,2021-05-11,,0,0,False,True,True,57,167303
f93fe6d0d2b89fca88e31e9d,century,SDGR,2021-05-11,Schrodinger,0,0,True,True,True,4,179813
0d2e6564fc715fb7e8fc7f8f,century,AMTX,2021-05-12,AEMETIS,0,0,True,True,True,76,151171
0da5e26bdf4b9a74f5518b3b,century,PLTR,2021-05-12,Palantir,15,0,True,True,True,23,165604
1f2c446befafc0557093a5a3,century,OPEN,2021-05-12,Opendoor,61,0,False,True,True,73,182654
22e0478e7ff0ed60af6a36a1,century,COGT,2021-05-12,Biosciences,0,0,True,True,True,16,107730
2bb16d24e98730752bd13314,century,ADMA,2021-05-12,ADMA BIOLOGICS,3,0,True,True,True,70,157095
60ef7ac7d8a637e0639fc278,century,WWR,2021-05-12,WESTWATER,63,0,True,True,True,29,82637
6c425d50f931d4a3a2b278da,century,SPRB,2021-05-12,BIOSCIENCES,0,0,True,True,True,12,169191
74f725c51c291840f8ed9681,century,U,2021-05-12,,0,0,False,False,True,42,123504
81fac0ad9b034e3f031750b3,century,LUNG,2021-05-12,Pulmonx,0,0,False,False,True,52,170458
9647d20105f3ee309d2f091a,century,YCBD,2021-05-12,cbdMD,42,0,True,False,True,22,142784
9ebd3bf8d05b0bdf31375908,century,BNTC,2021-05-12,Benitec Biopharma,26,0,True,True,False,38,98298
b9c307f14f8b789e353d4e7f,century,INTZ,2021-05-12,,0,0,True,True,True,34,51482
cf2d7688243018a3229ebe72,century,SSTI,2021-05-12,SHOTSPOTTER,0,0,True,True,True,81,208029
d6bbb97f9994c1595f713fed,century,IMNM,2021-05-12,Immunome,0,0,True,True,True,15,90511
dee2e1dc67d25d462ff67267,century,VERU,2021-05-12,VERU,0,0,True,True,True,27,143628
e0ac388198bb4289d8ff0c7f,century,AREC,2021-05-12,,0,0,True,False,True,29,95529
0a9bffd12f0874bbe4a13107,century,XERS,2021-05-13,XERIS,5,0,True,True,True,28,145629
1dcd7c6d5fc1afa0dfd4ba70,century,SVRA,2021-05-13,,0,0,True,True,True,15,83148
3061b96daa6b198e657456d5,century,CRBP,2021-05-13,Corbus,10,0,True,False,True,14,127761
34c56c3a3f52e20a6b58a920,century,EOSE,2021-05-13,Enterprises,0,0,True,True,True,28,109239
40e800a58ce6c264499fb790,century,MNOV,2021-05-13,MEDICINOVA,0,0,True,True,True,14,64439
48db46b0d78505e186605299,century,LSF,2021-05-13,Superfood,2,0,True,True,True,46,120225
547656b8d7af5b4d5f9c7167,century,AVIR,2021-05-13,Atea,6,0,True,True,True,15,188985
5c68a3ae1d7918124a8f068c,century,AEYE,2021-05-13,AUDIOEYE,0,0,True,True,True,38,72339
5ce1afb57b028cd95ed3d805,century,DTIL,2021-05-13,BIOSCIENCES,0,0,True,True,True,20,175091
75720fd008181e0af007fb0b,century,BYND,2021-05-13,,0,0,True,False,True,99,163586
78c8d8a2e5a67fcfb1cc43e4,century,WVE,2021-05-13,Sciences,0,0,True,True,False,66,106051
8d58d5c9697b9439b119c6a8,century,RCEL,2021-05-13,AVITA,27,0,True,True,True,76,99265
8fa44a677a35034d15058479,century,SRRK,2021-05-13,,0,0,True,True,True,11,134728
9e4fabf01bb31336f542f896,century,PHIO,2021-05-13,Phio,0,0,True,False,True,23,79803
a0a6a314b870cd63dae5e308,century,MARA,2021-05-13,,0,0,False,True,True,0,157432
ad20a20d41f10d797b424d8a,century,GRWG,2021-05-13,GrowGeneration,0,0,True,True,True,33,69732
b1d750ed21e56a7f34e7c4f6,century,KOSS,2021-05-13,KOSS,0,0,True,True,True,21,53006
b3f019e798d56535fb87265c,century,UWMC,2021-05-13,,0,0,True,True,True,18,144677
c4fd0c38f0681c970d337036,century,NEXT,2021-05-13,NextDecade,0,0,False,True,True,34,68897
ce2f1b8fe33ea4d1ca1b721f,century,INUV,2021-05-13,Inuvo,35,0,True,True,True,14,67764
ce72adbc4488690088d2e1dd,century,FOSL,2021-05-13,,0,0,True,True,True,5,113379
cea76217f1b1566f419527f1,century,VERX,2021-05-13,,0,0,True,True,True,8,176333
d96f3407bf008a7feed338a2,century,MP,2021-05-13,Materials,27,0,False,False,True,24,168998
0577893d4cfd1ed87d9fa4bc,century,PRPO,2021-05-14,Precipio,0,0,True,True,True,30,127366
0585190b2f7b8077cde38ed5,century,MDRR,2021-05-14,,0,0,True,False,True,22,150619
0b7f02b3f73720206d18c6ab,century,FTHM,2021-05-14,,0,0,True,True,True,21,107900
256e83f9a7d64efdc2eb843e,century,AXTI,2021-05-14,,0,0,True,True,True,1,148991
37ee2485ea07e68f30adfab7,century,OUST,2021-05-14,,0,0,False,True,True,28,166190
381e030a6216dce9667ea3e8,century,RSI,2021-05-14,,0,0,True,True,True,57,115474
4fc84572055566cefb122845,century,IBRX,2021-05-14,ImmunityBio,0,0,True,True,True,38,176657
57ac0dc127b91853942deacf,century,SLDB,2021-05-14,Biosciences,0,0,True,True,True,25,165173
5f7eb7f566101728ac8e79f8,century,REAL,2021-05-14,ASSOCIATES,11,0,False,True,True,18,40928
6162e6bd8aa4d65d71f3627f,century,PALI,2021-05-14,,0,0,False,True,True,24,125330
79524e84bdb0bda7ffdd99f4,century,KXIN,2021-05-14,Kaixin,31,0,True,True,False,15,219937
7f541943a9a5c7bdf84db803,century,LFMD,2021-05-14,LifeMD,24,0,True,False,True,19,143116
83b73f77aa94fbada1f6411e,century,MBIO,2021-05-14,,0,0,True,False,True,10,114952
89e0ea746019adf3e5fcd0d3,century,CAPR,2021-05-14,CAPRICOR,160,0,True,True,True,20,177511
89f2ecc8114455cec5cd25d6,century,PTN,2021-05-14,PALATIN,10,0,True,False,True,25,94208
8ea0341ab508d4a381af05c5,century,MLSS,2021-05-14,,0,0,True,True,True,123,109083
8ed39a55ad98592a535dbe36,century,PLUG,2021-05-14,,0,0,False,True,True,76,219759
a1459d7fd6bbd4eb122cc56d,century,PLX,2021-05-14,Protalix BioTherapeutics,41,0,True,True,True,18,219365
b02cad934944c5a9fe939fc0,century,PHUN,2021-05-14,Phunware,0,0,True,True,True,32,104662
b1f6c3c9ff6307e4477268d0,century,GEVO,2021-05-14,Gevo,0,0,True,True,True,106,103671
b343ed5fc51652e073a55f22,century,ASTC,2021-05-14,ASTROTECH,0,0,True,True,True,31,93338
b3ba1304b70ce6b0e1f3b97f,century,OTLK,2021-05-14,,0,0,True,True,True,30,127369
b448cb411a265f3d76bbe0bb,century,PMVP,2021-05-14,,0,0,True,True,True,22,83558
ce5ef4c08cbe4bbeedc35e6e,century,GDRX,2021-05-14,GoodRx,44,0,True,True,True,16,122182
e3259f7692543577e4f75046,century,EGAN,2021-05-14,EGAIN,14,0,True,True,True,15,186434
02a28b4d5408c007ba7bee17,century,BFLY,2021-05-17,,0,0,True,True,True,78,139686
0f0affbf5ecda564f3fc2e1f,century,ALT,2021-05-17,Altimmune,0,0,False,True,True,21,78862
1d85424e2912b8d41b9b822e,century,HYLN,2021-05-17,Hyliion,0,0,True,True,True,65,68682
2fc1d6f038446d5614de64df,century,WATT,2021-05-17,Energous,0,0,False,False,True,14,128159
33567356225c5c1b22676013,century,COCP,2021-05-17,Cocrystal Pharma,11,0,True,False,True,13,72269
4b378d17fdca305fa08a892a,century,GRNQ,2021-05-17,Greenpro,7,0,True,False,True,15,105994
5202d3ddc0f3d2028c4661c3,century,AIM,2021-05-17,ImmunoTech,0,0,False,False,True,26,143615
5b94f3b713562c3b099ca042,century,DRIO,2021-05-17,DarioHealth,0,0,True,True,True,35,78437
66c665083b1507e234df7305,century,ALXO,2021-05-17,,0,0,True,True,True,33,124109
8743c7af3903c60032b83228,century,IBIO,2021-05-17,iBio,0,0,True,True,True,189,193202
924db18082d3cba51bbd13cf,century,CLOV,2021-05-17,INVESTMENTS,37,0,True,True,True,2,164081
9469eaf77762b601b7d75ab4,century,TLSA,2021-05-17,Tiziana Sciences,9,0,True,False,False,25,219738
b7ac6b459a6e328a1832ec5a,century,AYTU,2021-05-17,AYTU BIOPHARMA,1,0,True,True,True,83,135386
bfa3f732af7de246356e5b28,century,RIOT,2021-05-17,Blockchain,5,0,False,True,True,43,91544
d44dfc0a7c37c4b297ebafbd,century,RMTI,2021-05-17,ROCKWELL,17,0,True,True,True,36,98998
e3cf34cb623faa9467534ae1,century,GNPX,2021-05-17,Genprex,0,0,True,True,False,15,82536
eddfac73cb87768daa70a741,century,ANNX,2021-05-17,Annexon,0,0,True,True,True,30,144966
278c72e5bc23d97c1ffb53d8,century,JFU,2021-05-18,,0,0,True,True,False,20,220097
3dbdac4d96cf657fdcb15f94,century,ASTS,2021-05-18,SpaceMobile,5,0,True,False,True,41,92070
c6ed203b260af4cfcd522942,century,PCT,2021-05-19,PureCycle,25,0,True,False,True,381,157162
6dc919efe8761c001a8f8532,century,NVVE,2021-05-24,Nuvve,234,0,True,True,True,7,168054
86f31677f913577e730624a7,century,AEI,2021-05-24,Alset EHome,62,0,True,False,True,35,140096
ba0f6a4da8dae8fd08edc4bb,century,LUNG,2021-05-24,PROLUNG,0,0,False,False,True,51,57123
391b7355f6193c03703b69a5,century,PETS,2021-05-25,PETMED,6,0,True,True,True,33,169249
8560bfd5e0ffab8a31b228cc,century,HAE,2021-05-26,HAEMONETICS,0,0,True,True,True,59,219764
fd0df9f2e822f651d9412126,century,RAMP,2021-05-27,LiveRamp,0,0,False,True,True,65,145344
62e516d95609b012c88ac263,century,OESX,2021-06-01,,0,0,True,True,True,18,219829
6a4bce6b243f7ac11ebfc484,century,AMSC,2021-06-02,,0,0,True,True,True,12,162447
796131507814761cece8bbfa,century,AEVA,2021-06-02,Aeva,0,0,True,True,True,214,134549
87b895b4000f2dd98e5eb259,century,SFIX,2021-06-08,,0,0,True,True,True,23,129013
77c3031b381ae191d0e56ffc,century,LAKE,2021-06-09,,0,0,False,True,True,15,64124
4025ddab647ff7d3b7d040d4,century,FCEL,2021-06-10,FUELCELL,3,0,True,True,True,39,189702
912e223c7915d5ea9888c1fb,century,IGC,2021-06-14,Globalization,0,0,True,True,True,68,155280
9008d6dec28140d82d14150f,century,EH,2021-06-15,EHang,47,0,False,True,False,2,220077
21672efd46beda2764bbfb68,century,BGI,2021-06-17,BIRKS,76,0,True,True,False,65,219597
47a63b3e2c465851ffb92b42,century,AEMD,2021-06-24,AETHLON,16,0,True,False,True,38,216987
234047bdcd915be8a3cada09,century,AI,2021-06-25,,0,0,False,True,True,231,221190
0263d90930a7d71905278eb1,century,FIZZ,2021-06-30,,0,0,False,True,True,46,121982
a46c1d40c37ce16fdcd8e8c0,century,AIHS,2021-07-08,Senmiao,127,0,True,False,True,15,219957
3236d026d99930ea2c34ec0e,century,LEDS,2021-07-13,SemiLEDs,0,0,True,True,True,66,127070
24ce90463a3df45e9cab3d40,century,SLP,2021-07-14,Simulations,3,0,True,True,True,63,125614
953e39408e7dc838ca9c967c,century,PI,2021-07-28,IMPINJ,23,0,False,True,True,2,126334
9e553b3999d673457509b308,century,VKTX,2021-07-28,,0,0,True,True,True,13,145699
0b9dcd6adc657cef22f6d648,century,SAM,2021-07-29,STARCORE,31,0,False,True,False,12,211577
2c63e97d54c9fb36dbb58042,century,TVTX,2021-07-29,Travere,2,0,True,True,True,15,129809
36a192ad1443a9d7495b358e,century,STRA,2021-07-29,,0,0,False,True,True,18,185150
5b66729c9baac07e3864632d,century,PBF,2021-07-29,,0,0,True,True,True,187,123465
ce89cc17f90192beab6693cf,century,CRSP,2021-07-29,CRISPR,14,0,True,True,False,12,130563
1778357e856349832ed037ee,century,CVI,2021-08-03,,0,0,True,True,True,15,100333
5b5998a57fafa98802a456b8,century,XFOR,2021-08-03,,0,0,True,True,True,29,164833
67046002e84f784e468c8249,century,LGND,2021-08-03,LIGAND,9,0,True,True,True,15,136950
76dd395182564efd3246bfb4,century,CRIS,2021-08-03,CURIS,48,0,False,True,True,2,149494
82065527a1a5d2a85c56a703,century,CRSR,2021-08-03,,0,0,True,True,True,12,130562
8c5a4929e0d5257d531a27a9,century,CVI,2021-08-03,,0,0,True,True,True,48,163799
8f4207a82b6768e87eba05b6,century,COHN,2021-08-03,,0,0,True,True,True,1,220069
c6ef18fdfacb45ebe73504e7,century,CERS,2021-08-03,CERUS,7,0,True,True,True,13,189315
1c3d34059bbe06e7bd7408ab,century,URGN,2021-08-04,UroGen Pharma,1,0,True,True,True,13,117387
23efa254a58e6991592942b0,century,VTVT,2021-08-04,,0,0,True,True,True,53,113116
68edaf47f8db6a653bb7d704,century,IONS,2021-08-04,IONIS,37,0,True,True,True,19,124595
8b3fe92bd1544f6a98892d47,century,TXMD,2021-08-04,TherapeuticsMD,0,0,True,True,True,20,126288
8b92358aba75f893fb5d5c50,century,XNCR,2021-08-04,Xencor,15,0,True,True,True,1,131785
9dd812548d512dd56c010968,century,PBF,2021-08-04,,0,0,True,True,True,209,200090
a581ba1edafbf4edaa844ecf,century,SANA,2021-08-04,Sana Biotechnology,7,0,True,True,True,14,152553
a5a0094c8606f12146821f2f,century,MASS,2021-08-04,Devices,37,0,False,True,True,19,135011
b2d6833b320d2eff2065ea4f,century,QUAD,2021-08-04,,0,0,False,True,True,132,217475
d139471b7d25d8c29a452ee3,century,GTE,2021-08-04,GRAN TIERRA,18,0,True,True,True,13,89636
275d2608c14072e83928749e,century,KURA,2021-08-05,Kura,0,0,True,True,True,14,119234
2b5ba4b1a7b5ee127b86c893,century,ALDX,2021-08-05,Aldeyra,1,0,True,True,True,14,130630
2d4f43cad03f83f0eebaeee4,century,TRIP,2021-08-05,TripAdvisor,0,0,False,False,True,44,146879
38b0977a17ad02d379c4efaa,century,CABA,2021-08-05,,0,0,False,True,True,13,160588
3cbd1490ea36caeb28ed75d6,century,GRPN,2021-08-05,Groupon,0,0,True,True,True,52,194550
3fe0155dcf137e7d61299e42,century,ALGS,2021-08-05,Aligos,19,0,True,True,True,10,190259
43996c22ba81e74bfb0cd07d,century,KROS,2021-08-05,Keros,4,0,True,True,True,11,133138
45878c2b4acfd2dedb7dfe0b,century,GKOS,2021-08-05,GLAUKOS,0,0,True,False,True,20,149449
4cb6176f613f8f514f5f761e,century,PBYI,2021-08-05,BIOTECHNOLOGY,0,0,True,True,True,39,180593
4e642e074c226a30f395b737,century,PASG,2021-08-05,,0,0,True,True,True,20,107943
534e3168bde6eba8d55567a1,century,AMRN,2021-08-05,,0,0,True,True,False,1,174801
59f885ef00be0e1a52548b97,century,LPCN,2021-08-05,Lipocine,0,0,True,False,True,160,174747
5a40099added02e5bedfd1f3,century,CHRS,2021-08-05,Coherus BioSciences,44,0,True,False,True,13,170941
74bb3943cb484c0ca10859aa,century,PENN,2021-08-05,PENN,0,0,True,True,True,112,205061
8212862f1d47131779324e94,century,ARQT,2021-08-05,Arcutis Biotherapeutics,0,0,True,True,True,24,150215
a64184a8640d319c8f42c80e,century,PUMP,2021-08-05,ProPetro,0,0,False,True,True,30,114325
a6d4575442a52fc6c8efcdd0,century,INSM,2021-08-05,INSMED,3,0,True,True,True,29,149235
b1c402be355fa3d56f558352,century,ACRS,2021-08-05,Aclaris,3,0,True,True,True,22,134050
c73b05fa994fdfcf765e66ca,century,VERI,2021-08-05,Veritone,0,0,False,True,True,18,99505
d12fa4573a8bbee09db9f356,century,MIRM,2021-08-05,Mirum,1,0,True,True,True,10,174617
e7a1d476b5cc93675793c9e0,century,CPS,2021-08-05,Cooper-Standard,0,0,True,True,True,35,112872
f4bcaf72027957a37610afe6,century,VIR,2021-08-05,Biotechnology,6,0,True,True,True,78,199879
fde9ed174d287ca7a73b0428,century,Z,2021-08-05,ZILLOW,154,0,False,True,True,20,191964
44047a165e64ee762ff707eb,century,HRTG,2021-08-06,,0,0,True,False,True,16,134319
4947fcae416994eaa7b4e93f,century,TGTX,2021-08-06,,0,0,True,False,True,13,127500
5b7c717b9f388e08dd465699,century,DMRC,2021-08-06,Digimarc,0,0,True,True,True,51,104021
93e4f0148864b449e2a58092,century,VIVO,2021-08-06,BIOSCIENCE,1,0,True,False,True,14,106541
ba41418a15f7d3ab3c4a5564,century,NFE,2021-08-06,,0,0,True,True,True,26,220011
c0a60047635ec7c44e611467,century,CNK,2021-08-06,Cinemark,0,0,True,True,True,157,174360
ed2896e5f562983485636064,century,TISI,2021-08-06,,0,0,True,True,True,2,153422
025688b8413a21ea7bf1ab5b,century,NCMI,2021-08-09,CineMedia,1,0,True,True,True,28,157583
1402140a1dfc514be8f3c986,century,CLRB,2021-08-09,Cellectar Biosciences,3,0,True,True,True,11,87743
1b290d0d9636829b7278682d,century,FF,2021-08-09,FutureFuel,0,0,False,True,True,74,86039
3a2271332585711980c7a5fb,century,OCUL,2021-08-09,THERAPEUTIX,0,0,True,True,True,10,168227
4530a4556aa4f461f929cfe0,century,VOR,2021-08-09,Biopharma,0,0,True,True,True,13,108790
490fec5431393ad895266d5e,century,PLRX,2021-08-09,,0,0,True,True,True,11,155380
4ffb4be046e61856d9d226a9,century,REAL,2021-08-09,TheRealReal,0,0,False,True,True,3,175504
88578a18770be550b1923bc8,century,KOD,2021-08-09,Kodiak Sciences,4,0,True,True,True,11,101313
a4eb150d7453cefd6bcffbc1,century,NGL,2021-08-09,,0,0,True,True,True,54,151769
b5d6e518cf26ac9066b0709d,century,GOSS,2021-08-09,,0,0,True,True,True,15,113254
c1fc0bf85051e589db0d7e1b,century,AXSM,2021-08-09,Axsome,2,0,True,True,True,11,162111
d7d6d63f00c5805a6b39a5aa,century,AI,2021-08-09,Arlington,4,0,False,True,True,10,119458
dc268cdda14b4329900cccc5,century,RCKT,2021-08-09,,0,0,True,False,True,14,132934
fbf8acdecec299273909f66b,century,HRTX,2021-08-09,,0,0,True,True,True,2,99722
8712ead469eb556cc745bd77,century,FULC,2021-08-10,,0,0,True,True,True,10,125250
8c3f84e9d9b9ab377babba8f,century,BARK,2021-08-10,,0,0,False,False,True,322,137491
9eb2dea947081036690c3a2b,century,NAUT,2021-08-10,Biotechnology,1,0,False,True,True,52,170084
bfa427d6344d0e76c31f43fb,century,MRKR,2021-08-10,,0,0,True,True,True,11,73129
cbdfb0a0d130ec6cd7100730,century,CGEM,2021-08-10,Cullinan,151,0,True,True,True,20,204931
ec1202591c83898c6cd47e4e,century,RLMD,2021-08-10,RELMADA,21,0,True,True,True,20,88944
f8b52303ebf99cc759dfb56f,century,OLMA,2021-08-10,Olema,2,0,True,True,True,13,152043
14a688d67eba2bbbdf17e1c0,century,LDI,2021-08-11,loanDepot,0,0,True,True,True,60,209145
21a3ff3ebb69581d8573c45d,century,AEI,2021-08-11,,0,0,True,True,True,29,50524
2ec80ad1e5a68ddf2343d55a,century,DMAC,2021-08-11,DiaMedica,10,0,True,True,False,20,77075
5f20a7627a00b7b6cca6661a,century,AEI,2021-08-11,XXII,13,0,True,True,True,26,43766
6ef6b7777925b6aa88955cae,century,AEI,2021-08-11,,0,0,True,True,True,25,50129
9b3fdba215f272105621b4cf,century,GOVX,2021-08-11,GeoVax Labs,4,0,True,True,True,10,58094
b293da1339972a5ceab50019,century,STEM,2021-08-11,,0,0,False,True,True,77,137428
b4149874392dfbab6877530a,century,AEI,2021-08-11,,0,0,True,True,True,25,48141
b453560070c970889713af68,century,PUBM,2021-08-11,PubMatic,0,0,True,True,True,14,132192
c035f6999e188476c475a70d,century,AEI,2021-08-11,,0,0,True,True,True,25,48063
f14ce76d3efbac6c8185416f,century,AEI,2021-08-11,,0,0,True,True,True,26,45871
07a0c18be5fdafe635bd9962,century,MVIS,2021-08-12,MICROVISION,0,0,True,True,True,12,104516
269529a5339b323e6314739b,century,XCUR,2021-08-12,EXICURE,0,0,True,True,True,72,181968
2840b3b2ddb86c4eef769a46,century,CTXR,2021-08-12,Citius,16,0,True,False,True,20,77288
452a50c344e7006003e54a75,century,VVOS,2021-08-12,Vivos,38,0,True,False,True,13,118233
4bdbc32e106d9ca08d09579c,century,BOLT,2021-08-12,Biotherapeutics,0,0,False,True,True,20,99628
4e7e94a8d7b38fb710bfa7a5,century,CODX,2021-08-12,Co-Diagnostics,0,0,True,False,True,17,67145
506159c193138171521e31e9,century,ACHV,2021-08-12,SCIENCES,1,0,True,True,True,12,129087
800b42b84bdf61f9a1bdd20b,century,NUVB,2021-08-12,Nuvation,4,0,True,True,True,65,160659
833a69a0bf773cf6c53d0e39,century,TPST,2021-08-12,,0,0,True,True,True,49,129656
b31955adaab41a0fc28ab9dc,century,FDMT,2021-08-12,,0,0,True,True,True,13,140349
bcaba7403e0a3e8a5acbe43f,century,MYPS,2021-08-12,PLAYSTUDIOS,0,0,True,False,True,78,190571
c9ec66f7c087bd19715b499f,century,RCAT,2021-08-12,,0,0,True,True,True,8,176282
daa55b139cbdcb82c181b1e3,century,SEER,2021-08-12,,0,0,False,False,True,23,141189
e986c6add078ac0e0dcac25a,century,SINT,2021-08-12,Sintx,3,0,True,False,True,14,80389
01a77e25aa2c031d7cdf8851,century,CVM,2021-08-13,,0,0,True,True,True,1,91065
0444f31cf0d43cfea853780f,century,MDIA,2021-08-13,Mediaco,0,0,True,True,True,60,102457
143faa127e7d9b5a4d70df6c,century,MARA,2021-08-13,,0,0,False,False,True,29,106940
27cd712d734f3f6eb6960499,century,ENVB,2021-08-13,Enveric Biosciences,12,0,True,False,True,33,131377
2e527b05c0baaabdb28af300,century,CMMB,2021-08-13,Chemomab,55,0,True,True,True,22,59432
34759ccc5aab20896d5a3c34,century,EVGO,2021-08-13,EVgo,0,0,True,True,True,32,89225
7f3c2a13022ec0d904f4b803,century,SXTC,2021-08-13,,0,0,True,False,False,19,219703
80da992260da7c000774453b,century,DSP,2021-08-13,Viant,1,0,True,True,True,84,137518
a6b9329b9db6847d09082713,century,ABCL,2021-08-13,AbCellera Biologics,11,0,True,True,False,11,161859
b94d2dc7d75a86e555949e85,century,BCAB,2021-08-13,BioAtla,0,0,True,True,True,51,118287
c50d7916ffaabf9db4b2dc87,century,AUUD,2021-08-13,AUDDIA,26,0,True,True,True,13,83098
c579fe696d478e3be32767e3,century,MAX,2021-08-13,MediaAlpha,0,0,False,True,True,28,145136
df76502531b33697ddd91fa6,century,HYFM,2021-08-13,HYDROFARM,0,0,True,False,True,41,125519
11752dd928403cb19ae551d3,century,PLBY,2021-08-16,PLBY,0,0,True,True,True,124,182883
12738423ff55da05014ea938,century,NRXP,2021-08-16,,0,0,True,True,True,151,152664
1dc8854334ccc1346fe5c03b,century,LCID,2021-08-16,,0,0,True,True,True,24,172347
1edfa18014c602a1f7a4dce3,century,LWLG,2021-08-16,Lightwave,2,0,True,True,True,23,108016
21820237d809a2b7980059e9,century,BLIN,2021-08-16,Bridgeline,8,0,True,True,True,47,156380
25e915bd4aa03fba94dd8432,century,GERN,2021-08-16,GERON,5,0,True,True,True,12,163292
3798a5ebc5d9d102f79bae84,century,KPLT,2021-08-16,Katapult,0,0,True,True,True,77,152377
43ed2fd0dc186d8fad767f40,century,HIPO,2021-08-16,,0,0,True,True,True,32,110543
48db11fd315e9022ddfa2f3e,century,DTST,2021-08-16,,0,0,True,False,True,28,104397
4d83b4d1d4cbe339fd6e5566,century,REKR,2021-08-16,Rekor,50,0,True,False,True,18,162925
5231397944076ba9d8a9a257,century,AVPT,2021-08-16,AvePoint,0,0,True,True,True,83,104585
5750595b1e0852559eb59603,century,FOA,2021-08-16,Companies,11,0,True,True,True,157,218785
5d5d87d635cbefd4967fb11f,century,OGEN,2021-08-16,ORAGENICS,0,0,True,True,True,21,114746
693907250c45573833d92114,century,ETON,2021-08-16,Eton,0,0,True,False,True,41,112018
897bb8688c64372a862990f1,century,ENVX,2021-08-16,Enovix,81,0,True,True,True,16,183489
9135166d3148ecee1c427904,century,SNOA,2021-08-16,Sonoma,4,0,True,True,True,25,110353
b1e716b9b093e4a7ea66c9f7,century,IKT,2021-08-16,Inhibikase,0,0,True,True,True,53,81033
c0c9c10b950efd160fd93a6f,century,FBIO,2021-08-16,Biotech,0,0,True,False,True,43,213233
c322768e26eb7460e58eb300,century,SBEV,2021-08-16,,0,0,True,False,True,45,79995
c3d8ed9e262d49726bf9c9ae,century,CETX,2021-08-16,CEMTREX,0,0,True,False,True,55,94318
d1ccdd49a05a312e1e584a15,century,SOFI,2021-08-16,SoFi,0,0,True,True,True,195,219294
d57209811a5524aeba47cb7f,century,SONM,2021-08-16,SONIM,14,0,True,True,True,23,115496
e4c299eb6819aa6f44651fca,century,LIVE,2021-08-16,VENTURES,0,0,False,True,True,28,121991
eefbcf6ad1d44a98952fd3c6,century,LIVE,2021-08-16,FORCES,0,0,False,True,True,18,48001
efd688aff77e48e78f04196b,century,TSHA,2021-08-16,Taysha Therapies,12,0,True,True,True,127,171109
fc91fec2b83da00f91bd1435,century,QSI,2021-08-16,Quantum-Si,0,0,True,True,True,67,160366
2f8a7cc194209d0f2b3d96b2,century,MRCY,2021-08-17,,0,0,True,True,True,18,202558
0cfeaa3ff98863108efcb7eb,century,RRGB,2021-08-18,BURGERS,0,0,True,True,True,14,83327
29c5440775551ff75481d9e2,century,CELU,2021-08-19,Celularity,0,0,True,True,True,117,92937
f3c5933cbd7875e3c8f14c5a,century,GTBP,2021-08-23,Biopharma,0,0,True,True,True,26,91479
4d1b227d7c68d3c6728e15ec,century,SLQT,2021-08-26,SelectQuote,0,0,True,True,True,29,201467
7f7753d0a27e4cd78782d639,century,RGS,2021-08-26,REGIS,5,0,True,True,True,19,148375
3faabd029784f673d483ef92,century,ATHE,2021-09-02,,0,0,True,False,False,60,214354
756e395595a86eb0d4a42eb6,century,LOVE,2021-09-09,Lovesac,0,0,False,True,True,12,106264
e70689e6c319f02b6c2cfebe,century,CHPT,2021-09-10,ChargePoint,0,0,True,True,True,280,134192
f21c9ef67e781dfe417e0b51,century,OPTT,2021-09-13,,0,0,True,False,True,16,147824
b07a385f20036052c16a2502,century,PMCB,2021-09-14,PharmaCyte Biotech,4,0,True,True,True,17,107576
6bc5f1e9515e6454092308d6,century,MNSO,2021-09-17,MINISO,141,0,True,True,False,2,220073
283629338ec575ce78de5d20,century,INNV,2021-09-23,InnovAge,0,0,True,True,True,50,219881
e81c75581c9c25132a9d5776,century,EDU,2021-09-24,,0,0,True,True,False,11,219842
919294907c259318aa4d0063,century,ACB,2021-09-27,,0,0,True,False,False,8,27483
862f7981b903dbf852c7208c,century,DTSS,2021-09-28,DATASEA,0,0,True,True,True,36,220027
2406098fa94d6b334a240b66,century,NG,2021-09-29,NOVAGOLD,8,0,False,True,False,15,52692
a182994b6bde8bd1cdee9bf1,century,BSET,2021-09-30,BASSETT,44,0,True,True,True,46,113764
a88bd1725f5d3a70aad03db0,century,NRIX,2021-10-14,Nurix,1,0,True,True,True,11,140628
f141e8bb38825021a8451ca9,century,IHT,2021-10-20,INNSUITES,21,0,True,False,True,54,149513
5f3ed1d7478b9748135b68af,century,SAM,2021-10-21,,0,0,False,True,True,11,95187
cd139320502657673804cef9,century,BOOM,2021-10-21,,0,0,False,True,True,17,124354
e23b448d479c99653a90f997,century,LVS,2021-10-22,VEGAS SANDS,174,0,True,True,True,54,198124
011435bd5030565690d47bb9,century,QURE,2021-10-25,uniQure,8,0,True,True,False,12,145759
3c1f37729804bef4cb23dc9b,century,SRI,2021-10-27,STONERIDGE,0,0,False,True,True,100,178790
37d11bac19dccfbc736e3f13,century,MSTR,2021-10-28,MICROSTRATEGY,0,0,True,True,True,56,201278
a19f2816d971addf619e66a7,century,RBBN,2021-10-28,Communications,27,0,True,True,True,57,214166
af4dcd955df49ea8571cc433,century,QS,2021-10-28,QuantumScape,0,0,False,True,True,104,153429
e74ab9a94f5e44c3c7e131d4,century,OPK,2021-10-28,OPKO,33,0,True,True,True,11,148360
eeb6c9a730bbe4bd5f2c3ff9,century,NVCR,2021-10-28,NovoCure,0,0,True,True,True,20,84785
f5f9e7e555cbb84285d666f5,century,AGL,2021-10-28,agilon,13,0,True,True,True,21,133672
e101fc050f517844c7d6a58e,century,CLB,2021-10-29,LABORATORIES,7,0,True,True,False,37,113746
587d76c927bb90c9e636689b,century,CRVS,2021-11-01,,0,0,True,True,True,9,115455
7df3c2a2fca2c0dd67373303,century,TDOC,2021-11-01,Teladoc,7,0,True,False,True,40,139109
b0713c69fdf87294812c5fdd,century,CHGG,2021-11-01,CHEGG,58,0,True,True,True,14,122733
b4be48451693e00baadf8688,century,BJRI,2021-11-01,RESTAURANTS,56,0,True,False,True,2,95485
41b1b6563bcb916880c4863d,century,HVT,2021-11-02,HAVERTY COMPANIES,0,0,True,True,True,19,52878
583141fe6af6e65f9e549a5e,century,RYTM,2021-11-02,,0,0,True,True,True,12,144238
7b75ed3dce3736ca17e699b1,century,MGNX,2021-11-02,MACROGENICS,0,0,True,True,True,13,119919
a4fdd2214f3712f6453d28b8,century,VYGR,2021-11-02,,0,0,True,True,True,10,171744
f9de31f4f19947ea4cdd1f82,century,CDLX,2021-11-02,Cardlytics,0,0,True,True,True,51,178194
fb9bdd9bfb4a386e1f4e965d,century,HY,2021-11-02,HYSTER-YALE MATERIALS,5,0,False,True,True,26,127957
ff73ac945306f2f0f4654ea7,century,MDXG,2021-11-02,MIMEDX,14,0,True,True,True,17,117725
04a2941d092f35961c532e54,century,EAT,2021-11-03,BRINKER,2,0,False,True,True,12,93746
05766f77130199ff1109ebc2,century,MGNI,2021-11-03,MAGNITE,0,0,True,True,True,23,212101
0c307a1be7ffcbf4f607999e,century,RARE,2021-11-03,Ultragenyx,0,0,False,True,True,26,143134
3c0edd6029a93431f7bc100b,century,IMMR,2021-11-03,,0,0,True,True,True,60,218572
493665c6fc774ecab93bd800,century,ZYME,2021-11-03,Zymeworks,0,0,False,True,True,16,138307
53ad64bd89cab042f121b6c3,century,ADPT,2021-11-03,Biotechnologies,0,0,True,True,True,69,124696
9a0b08b3d1ab8a9851cfbd3e,century,KPTI,2021-11-03,Karyopharm,0,0,True,True,True,10,157904
9f773b55b0fcdafc7cbed15b,century,SRPT,2021-11-03,Sarepta,12,0,True,True,True,10,141671
a41c0c085153cba41bffae04,century,CORT,2021-11-03,CORCEPT,0,0,True,True,True,11,154420
dc2a03f8ee55cbf2ca99d97b,century,BMEA,2021-11-03,Biomea,7,0,True,True,True,21,140225
f4dae167f6cad624c0624a90,century,ANVS,2021-11-03,Annovis,3,0,True,False,True,10,64178
02c01bf84d7947c2d68259c7,century,PINS,2021-11-04,PINTEREST,0,0,True,True,True,37,109438
25283d8ff623caf9711ca098,century,DYN,2021-11-04,,0,0,True,True,True,11,133749
2cd3135bea3a2b65c6be334a,century,PSNL,2021-11-04,Personalis,0,0,True,True,True,20,131190
31b6d4dfee1c6f79f3c05816,century,CLNE,2021-11-04,Fuels,16,0,True,True,True,20,159176
3d97f1a17a8d11870e4b790e,century,ORA,2021-11-04,ORMAT,19,0,False,True,True,36,205218
517d1329484e5e1017c564e3,century,APPN,2021-11-04,APPIAN,8,0,True,True,True,29,150516
52adef29a47c1220453bb69f,century,QNST,2021-11-04,QUINSTREET,0,0,True,True,True,16,202305
602366bbb5ec292c6a51eb6c,century,TARA,2021-11-04,Protara,2,0,False,True,True,67,103409
64f25046f2ce3638ab61ef8f,century,ALLO,2021-11-04,,0,0,True,True,True,46,142897
66d7e81d0455f9486ecc7169,century,INGN,2021-11-04,,0,0,True,True,True,2,134727
72d460cadb8005608f3ef61e,century,QTWO,2021-11-04,,0,0,True,True,True,4,125559
7a69e7e5dc0aafe35c001f6e,century,ECOR,2021-11-04,electroCore,0,0,True,True,True,38,101357
8df5c16b97697b2d92793430,century,AQMS,2021-11-04,Metals,13,0,True,True,True,39,111403
902eddef0cd236b019eedbda,century,BNGO,2021-11-04,Bionano Genomics,2,0,True,True,True,14,157020
96c0d83e2126baaeb184e705,century,ASMB,2021-11-04,BIOSCIENCES,0,0,True,True,True,23,172359
a5a289942ad0d247f003c25b,century,FATE,2021-11-04,,0,0,False,True,True,20,144490
aaa6d49014f976d9415a2fdd,century,CRDF,2021-11-04,Cardiff,0,0,True,True,True,27,72443
b1222c8acf09aa2827b93715,century,IOVA,2021-11-04,IOVANCE BIOTHERAPEUTICS,2,0,True,True,True,14,134609
c05bae6a06f5763c0e6881fe,century,VSTM,2021-11-04,Verastem,0,0,True,True,True,13,149998
c4c21811b6c700d56739f20a,century,KOPN,2021-11-04,KOPIN,10,0,True,False,True,15,72825
c7b0a312858b2af050778837,century,UONE,2021-11-04,,0,0,True,True,True,20,146325
cb5087d1f236eccb2fe93130,century,AQB,2021-11-04,AquaBounty,6,0,True,False,True,12,92983
fdd1040b08dcc42703d80c3f,century,CTSO,2021-11-04,Cytosorbents,0,0,True,True,True,51,148271
03e91ad58f64f7c5fb489106,century,APT,2021-11-05,,0,0,False,True,True,45,91195
0812ae0b37739623a98b5ccc,century,SHAK,2021-11-05,,0,0,True,True,True,107,149722
0d84f74ffaec584da1389948,century,PBI,2021-11-05,PITNEY BOWES,84,0,True,True,True,3,114763
0dcdaed17e4bee180de3125e,century,EBS,2021-11-05,BioSolutions,0,0,True,False,True,50,141162
1b5ca62ad7bab9f249623f86,century,INSG,2021-11-05,INSEEGO,0,0,True,True,True,67,134509
36197beccea807261e516403,century,PACB,2021-11-05,BIOSCIENCES,1,0,True,True,True,15,146074
4f904c89e2883294d1b84d82,century,QDEL,2021-11-05,QUIDEL,40,0,True,True,True,2,89889
663487f2a015d103084a6e64,century,QUBT,2021-11-05,Computing,6,0,True,False,True,56,93756
6b9f8d26a85961bc6a95030c,century,BTU,2021-11-05,PEABODY,69,0,True,True,True,32,154791
768b9b59e7fd22c32979c902,century,IRTC,2021-11-05,iRhythm,0,0,True,True,True,19,140056
81a238e1c35b9b8b17306d27,century,PTON,2021-11-05,,0,0,True,True,True,13,181680
a36426164fb8e2405e85eb01,century,AMCX,2021-11-05,Networks,23,0,True,True,True,76,153651
d482fbdcda2fffa5a578de9e,century,FROG,2021-11-05,JFrog,6,0,False,False,True,5,164795
f5a4e69c6bcbee68ce3659ea,century,IMVT,2021-11-05,Immunovant,0,0,True,True,True,31,136901
02512d019b9ac47ee772d7df,century,BDTX,2021-11-08,,0,0,True,True,True,37,105725
11cf98f150f03ac029a9105a,century,TZOO,2021-11-08,TRAVELZOO,0,0,True,True,True,178,169340
3a25b705fc176136140ab5e1,century,TNXP,2021-11-08,Tonix,50,0,True,True,True,39,160629
4374e20b66c545d33f4766cf,century,PNTG,2021-11-08,,0,0,True,True,True,65,153989
476b9b4cd259a4439b3b9422,century,FBRX,2021-11-08,Biosciences,0,0,True,True,True,20,127814
4dac24a800ce2b0529a51070,century,CLNN,2021-11-08,Clene,99,0,True,True,True,30,220041
51ad6b18ecb6a625eb052699,century,FSLY,2021-11-08,Fastly,9,0,True,True,True,15,178536
53988f84e3e9a6a508a60480,century,EHTH,2021-11-08,eHealth,0,0,True,True,True,30,127896
718b0ffff1d28133e2d7d16d,century,NSPR,2021-11-08,InspireMD,0,0,True,True,True,24,68701
7e431db07a103c97aa914ff3,century,EVER,2021-11-08,EverQuote,0,0,False,True,True,16,139575
a1e8e9f1812b4796e0c0b12c,century,AHT,2021-11-08,ASHFORD,164,0,False,True,True,46,191255
a250192a7bca8bb43068545f,century,TBPH,2021-11-08,Theravance Biopharma,6,0,True,True,True,25,163115
ab6539a0bd9e03555c3ef66a,century,APRE,2021-11-08,Aprea,8,0,True,True,True,24,112194
ac50e9faca8f1e11258dcb33,century,ORIC,2021-11-08,Oric,0,0,True,True,True,93,150540
de06cc874cea8eed145a3c80,century,PGEN,2021-11-08,PRECIGEN,0,0,True,True,True,99,179938
e3a4551738811c72a73a1ab8,century,DDD,2021-11-08,,0,0,True,True,True,34,146887
e849111cc8e1bd4b636b7648,century,PHAT,2021-11-08,Phathom,6,0,True,True,True,14,133535
ef9ff8707ea43c9410c9383c,century,STOK,2021-11-08,,0,0,True,True,True,10,123484
f353374f4cdfd3a60ad12587,century,PRVA,2021-11-08,Privia,59,0,True,True,True,32,141368
0a3a1543705f4cb5cdba57d8,century,ZDGE,2021-11-09,Zedge,91,0,True,True,True,25,142959
0e2dc52c571b75e5e9dec2e7,century,CRMD,2021-11-09,CorMedix,0,0,True,True,True,41,141973
114e0b636b4b0bc7f8b3c185,century,VFF,2021-11-09,Farms,42,0,True,True,True,34,175278
1a3517eb4afc9d1388ffec8d,century,UWMC,2021-11-09,,0,0,True,True,True,19,163311
3bdd7906cd83982251ebe123,century,DSGN,2021-11-09,,0,0,True,True,True,20,156789
3c6f2f94b5d33410cb9ead1f,century,KNDI,2021-11-09,Kandi,75,0,True,True,True,75,158754
3c7c606764336d7c629ae633,century,KODK,2021-11-09,EASTMAN,6,0,True,True,True,26,175802
4eb02698697f79f16dab0d04,century,FTEK,2021-11-09,,0,0,True,False,True,59,77690
615ffab9b6a442af0207a3ab,century,BAND,2021-11-09,Bandwidth,0,0,False,True,True,21,216778
62a964eb6064ea8a57d2528c,century,LXRX,2021-11-09,,0,0,True,True,True,16,91161
7952210d2367bd754cec8b1e,century,FLGT,2021-11-09,,0,0,True,True,True,14,158370
83ba2a5e963e3b2b68fcb0a8,century,EDIT,2021-11-09,Editas,1,0,False,True,True,39,107382
841a21e3d278f7b80c50d495,century,STIM,2021-11-09,Neuronetics,0,0,False,True,True,27,124910
9a8dd30e03d20c1729af772b,century,ORGO,2021-11-09,,0,0,True,True,True,38,150227
a025320a97fea19758f74926,century,RKT,2021-11-09,Companies,9,0,True,True,True,114,217362
a6f432822c8398429e0c2bc9,century,LMND,2021-11-09,,0,0,True,True,True,46,145191
ab18409272b146c4295dbcd1,century,RNG,2021-11-09,RingCentral,0,0,True,True,True,31,161567
ac471db66dd2ae7f1fa9c26f,century,OMER,2021-11-09,OMEROS,1,0,False,True,True,11,108243
b21f14816793b8d1c544a2c8,century,SRRK,2021-11-09,,0,0,True,True,True,11,140923
b437412b66cad4b761ddc987,century,ATER,2021-11-09,,0,0,True,True,True,26,212142
c2f4addbe3349814cc3aa03e,century,PXLW,2021-11-09,PIXELWORKS,0,0,True,True,True,60,206321
c6aefffc7ae7347c54f42db6,century,ARCT,2021-11-09,,0,0,True,True,True,120,142785
c937a90bc59386d4bd60a0c0,century,ZLAB,2021-11-09,,0,0,True,True,True,1,206934
dec3187b73a6351e6092ea92,century,LODE,2021-11-09,Comstock,0,0,False,True,True,108,195092
e49712d73a249fad047147db,century,VITL,2021-11-09,Farms,23,0,True,True,True,40,140265
ee7fdf528e2515a2f76964a8,century,WKHS,2021-11-09,Workhorse,0,0,True,True,True,25,91409
f24cc08eaceef1813d34db90,century,INO,2021-11-09,INOVIO,11,0,False,True,True,50,165257
f4014594f840b5e4ffecb288,century,CYCN,2021-11-09,Cyclerion,24,0,True,True,True,13,109776
fab77cb594a9fca6093cd848,century,ACAD,2021-11-09,,0,0,True,True,True,17,111442
0529e94577b7142429d06642,century,DFH,2021-11-10,Finders Homes,122,0,True,True,True,133,181285
09ea25d62cef2e9c1face3f0,century,XERS,2021-11-10,Xeris Biopharma,84,0,True,True,True,17,180615
0d0c145a96d418950d51d0af,century,SDGR,2021-11-10,Schrodinger,0,0,True,True,True,3,151083
13122c4337d981b44ce663e2,century,ADMA,2021-11-10,ADMA BIOLOGICS,3,0,True,True,True,75,176990
19f57c4a7bdc18eb7b3a782c,century,EOSE,2021-11-10,Enterprises,0,0,True,True,True,34,155498
290d4d7f976cbd6f0c0d7019,century,LFMD,2021-11-10,LifeMD,36,0,True,False,True,28,178149
2958a0b334b8f2c4dbcc005a,century,SWIM,2021-11-10,Latham,27,0,False,True,True,8,147000
296fc77f469f82adc6c6eb89,century,MNTS,2021-11-10,Momentus,0,0,True,True,True,100,169731
3895778bc117247b153ad55c,century,OPAD,2021-11-10,Offerpad Solutions,68,0,True,True,True,114,201738
3b9482841dceb99ef96550e6,century,COUR,2021-11-10,Coursera,0,0,True,True,True,21,127377
3d696ac40e0c75e3f37517cc,century,ACVA,2021-11-10,Auctions,7,0,True,True,True,18,146877
44d7bc139e5f370d71f341df,century,OPEN,2021-11-10,Opendoor,58,0,False,True,True,80,215148
49c3ec1d4aa76e2c334b4281,century,RVMD,2021-11-10,Medicines,1,0,True,True,True,18,153835
64e667096a9246e29c5f3f0a,century,IZEA,2021-11-10,IZEA Worldwide,2,0,True,True,True,51,148844
654fdd0452f960673431c8c8,century,FUBO,2021-11-10,fuboTV,53,0,True,False,True,14,145907
67e1d101f80ee63d7838ebc8,century,DTIL,2021-11-10,BIOSCIENCES,0,0,True,True,True,18,190776
6b6777ea4bc6f394d1867a8a,century,WWR,2021-11-10,WESTWATER,49,0,True,True,True,27,89831
7fa3a8cd08d4c7cc9819c916,century,HIMS,2021-11-10,Hims,0,0,True,False,True,112,178250
83e58356b4f29087d0add048,century,TRVI,2021-11-10,Trevi,2,0,True,True,True,12,202297
84e8fdc1d2906451afc0698e,century,ROOT,2021-11-10,,0,0,False,True,True,41,135328
901c56b35ede1702fd717e39,century,WVE,2021-11-10,Sciences,0,0,True,True,False,73,120028
96f658aaefe4345c773b15b0,century,EWTX,2021-11-10,,0,0,True,True,True,10,151348
9e5b0555686fe9e88a17f45d,century,DARE,2021-11-10,Bioscience,15,0,False,True,True,127,193495
ada712cf1c9e30bc340c31a7,century,GBR,2021-11-10,,0,0,True,True,True,11,26410
c73575e90398cdce9ec146fb,century,SPIR,2021-11-10,,0,0,True,True,True,25,181184
cb904bd3d91203771447c993,century,RLAY,2021-11-10,,0,0,True,True,True,9,129629
cf617828dc5bb15e7e58b650,century,HNST,2021-11-10,,0,0,True,True,True,13,146350
d20cfef0f9bcb3efe47da998,century,RXRX,2021-11-10,,0,0,True,True,True,15,153850
d5a41e859f21a6a33adc25c9,century,INM,2021-11-10,InMed,7,0,True,True,True,48,90740
d7339710ecc7c3ddad902b47,century,GO,2021-11-10,,0,0,False,True,True,25,138642
ddd5f62e71b5285962c78426,century,BWEN,2021-11-10,BROADWIND,0,0,True,True,True,20,108187
e7c7b18e6b6573d780317f2a,century,MCRB,2021-11-10,,0,0,True,True,True,12,173279
f9275d3386ae55844630ea84,century,NKTX,2021-11-10,Nkarta,4,0,True,True,True,16,140000
ff32b02363b03f6d98d48483,century,ITP,2021-11-10,PACKAGING,0,0,True,False,True,34,142263
07d2c11216d6406c70b49259,century,CPHI,2021-11-12,PHARMA,0,0,True,True,True,20,92213
0a0dba8fd8746d100e1d1dc6,century,AMWL,2021-11-12,,0,0,True,False,True,30,165064
18cb0d6cbe888ed6bd90da0e,century,COMP,2021-11-12,,0,0,True,True,True,57,150806
1959be4946f3d7ca038ef770,century,CDZI,2021-11-12,CADIZ,14,0,True,True,True,47,84325
1e827352df2cb6a8dba89623,century,AXTI,2021-11-12,,0,0,True,True,True,1,168638
25d8ef87de98519046d49b29,century,XOS,2021-11-12,,0,0,True,True,True,158,156150
369045241219754ac7212b3f,century,FLUX,2021-11-12,,0,0,False,False,True,26,74746
37c17d8af75cbcce69a03c03,century,CIFR,2021-11-12,,0,0,True,True,True,59,216181
3f90d701e0d226b0ffcd3393,century,AIRI,2021-11-12,,0,0,True,True,True,20,88186
46c6b4e58f1c11094f98a984,century,CURI,2021-11-12,CuriosityStream,0,0,True,True,True,44,135289
4d4c57577e4dbbafff2c792b,century,ASTC,2021-11-12,ASTROTECH,0,0,True,True,True,31,79735
534aca1ae5cb34ee4672097a,century,CPNG,2021-11-12,Coupang,0,0,True,False,True,26,189137
555966036f3e068c798d8479,century,XBIO,2021-11-12,Xenetic Biosciences,10,0,True,True,True,17,80857
6007c603f1fa17dbe8c5025a,century,PMVP,2021-11-12,,0,0,True,True,True,13,106535
64715abcc43deece1b58aab4,century,ARRY,2021-11-12,,0,0,False,True,True,20,131849
6a03319ce772b7f3300b9376,century,SLS,2021-11-12,SELLAS Sciences,9,0,True,False,True,35,102192
715a03ecf0587123129db330,century,BMBL,2021-11-12,,0,0,True,True,True,73,193016
7b1862f4b58caf9afe1034a7,century,OUST,2021-11-12,,0,0,False,True,True,27,165890
7bffd18b7540abeaee8b4c62,century,CRCT,2021-11-12,Cricut,80,0,True,False,True,13,186916
826e4ad1d7e576016c9a23ba,century,UTZ,2021-11-12,Brands,26,0,True,True,True,33,202925
90063eb7ac7fdd014fe7ef96,century,CRBP,2021-11-12,Corbus,11,0,True,True,True,13,129291
979ea6e1e7e230ca5a3adb97,century,AVIR,2021-11-12,Atea,8,0,True,True,True,14,180209
a0e164a49e3d1df8d3ea9df2,century,IBRX,2021-11-12,ImmunityBio,0,0,True,True,True,64,219817
a6893123b618d93b4b712f1f,century,PRLD,2021-11-12,,0,0,True,True,True,10,123433
a6a164f7d2477ab4e572dfc9,century,BEEM,2021-11-12,,0,0,True,True,True,11,86402
ad21c12ae546e3aa1cccd763,century,BYND,2021-11-12,,0,0,True,False,True,98,175984
b8d5ee4e93b90caa66556a61,century,MKTW,2021-11-12,,0,0,True,True,True,238,218929
be045d95b2a3c3edaa01ae36,century,MBIO,2021-11-12,,0,0,True,False,True,11,117702
c61dedf89195f811e137dfbf,century,GRWG,2021-11-12,GrowGeneration,0,0,True,True,True,51,97081
dac8b48a4f50a3430c3b816d,century,ACHR,2021-11-12,,0,0,True,True,True,50,181451
e0ff8bfceaecdba090397a5d,century,OSCR,2021-11-12,,0,0,True,True,True,16,155288
e4184bdb19f357b549a9472e,century,VERX,2021-11-12,,0,0,True,True,True,8,166816
faaa5f7bacc0e3b200bac24b,century,SCKT,2021-11-12,,0,0,True,False,True,19,102186
fc0fcaa7e148352e21fd2193,century,PHUN,2021-11-12,Phunware,0,0,True,True,True,32,132308
0129ae6c7197754cb78bcb05,century,DRIO,2021-11-15,DarioHealth,0,0,True,True,True,37,99681
016611480216a858f703f038,century,ABVC,2021-11-15,ABVC BIOPHARMA,0,0,True,False,True,23,196616
03a262638f4b7e23cd45324e,century,CBAT,2021-11-15,CBAK,103,0,True,False,True,35,131852
0512c847eed352a34a275d0f,century,POLA,2021-11-15,,0,0,True,False,True,14,180496
055c241d19337714283ce36e,century,KALA,2021-11-15,,0,0,False,True,True,21,203042
1b90cdef57ef82424cb28ff3,century,IBIO,2021-11-15,iBio,0,0,True,True,True,166,166394
1fb0f23bbea836152293dbe8,century,RIOT,2021-11-15,Blockchain,8,0,False,True,True,80,200074
2476bebee356a4193b6167c5,century,RVP,2021-11-15,,0,0,True,True,True,11,101795
2c0681d2d5fbdb5ced1b9f93,century,JOBY,2021-11-15,Joby,0,0,True,True,True,102,188785
34e27696bee4d618a2b5784c,century,MYSZ,2021-11-15,,0,0,True,False,True,6,76880
38bf915517f5071496e07c6d,century,RCON,2021-11-15,,0,0,True,True,False,16,219921
478e37a3c9cbeec42ab99f7b,century,BKSY,2021-11-15,BlackSky,192,0,True,True,True,18,210069
50c3156d983470a0ba0ce50a,century,ASTS,2021-11-15,SpaceMobile,32,0,True,False,True,21,169776
602881e3fa3484dc282a8f05,century,ATOS,2021-11-15,,0,0,True,True,True,10,185321
884fcc12ad49993020fdbafb,century,WATT,2021-11-15,Energous,0,0,False,False,True,18,144866
9d1b095f71a1a9f32b5c6003,century,AMPY,2021-11-15,,0,0,True,True,True,39,166729
b28a2c8d1125a9df72d14852,century,OWLT,2021-11-15,,0,0,True,True,True,12,145624
b8305faa0f070cb88bd224f8,century,PED,2021-11-15,PEDEVCO,0,0,False,True,True,23,93098
b9446954b98634f61e6b4a0b,century,KPRX,2021-11-15,KIORA,20,0,True,True,True,31,111646
b94c8dba2895f4a8523a1fde,century,IMNM,2021-11-15,Immunome,0,0,True,True,True,21,107168
bbe96c69ce52dd3018c5fe03,century,AMPG,2021-11-15,AmpliTech,0,0,True,True,True,56,93377
ccdd354d0d5fc7fb606f4984,century,BFLY,2021-11-15,,0,0,True,True,True,33,153632
e1cb33d82f001f1e588f0e16,century,REAL,2021-11-15,Brands,3,0,False,True,True,23,67316
f44a375d886085aed9dc0660,century,AREC,2021-11-15,,0,0,True,False,True,23,106067
f8fb805e21eab9a23c096681,century,LIDR,2021-11-15,AEye,50,0,True,True,True,16,137262
fadf02f14ea67833ce8b74c9,century,XELB,2021-11-15,XCel Brands,48,0,True,False,True,42,118949
fda40c3ce6f7a2f39fef0a0d,century,RXT,2021-11-15,Rackspace,17,0,True,True,True,62,173960
8683c36fad66dd5528431826,century,JAGX,2021-11-17,,0,0,True,True,True,22,181516
b5e7b326b7cc8cd327a37127,century,FTFT,2021-11-17,FinTech,2,0,True,False,True,35,140388
49b1700743116ecc21564278,century,DLPN,2021-11-19,,0,0,True,False,True,35,141467
cc334248b9e172790e983abb,century,PAVM,2021-11-22,PAVmed,33,0,True,False,True,87,145144
257cc890e4af0bdbae4c4f1d,century,TWST,2021-11-23,Bioscience,0,0,True,True,False,19,192200
5c9665c5bd93ee9a534e2fc6,century,ZM,2021-11-23,Communications,17,0,False,True,True,13,164026
96bc55facc76bfc4368d2a5e,century,OGI,2021-11-23,ORGANIGRAM,0,0,True,False,False,12,55700
5efcb32e898e9e46de13ca04,century,PLG,2021-11-24,METALS,20,0,True,True,False,7,219968
35ac48f9136f4e263201b2c0,century,ARTL,2021-11-29,ARTELO BIOSCIENCES,7,0,True,True,True,23,183854
3ac766610d9179d881984f20,century,LE,2021-12-02,LANDS',0,0,False,True,True,2,102570
b428a1d6b05ed1a088b0dd1a,century,VERU,2021-12-02,VERU,0,0,True,True,True,36,220149
7b637ae150bf5db069c33246,century,YEXT,2021-12-03,Yext,0,0,True,True,True,20,149378
65e092f2efe7ada0b85b567c,century,OLLI,2021-12-07,Ollie's,0,0,True,True,True,1,99087
1f49485e280b2304b776b1d0,century,AVAV,2021-12-08,AeroVironment,0,0,True,True,True,35,189433
359dc402a1b4dce0d51345e5,century,SFIX,2021-12-08,,0,0,True,True,True,30,215180
958d7822b732d4c8a0bc1987,century,PD,2021-12-08,PagerDuty,0,0,False,False,True,33,131841
c379e43da83bc9f1c52cf623,century,GME,2021-12-08,GameStop,0,0,True,True,True,23,141753
4cca9eddd8bb4bd7cb5082f5,century,LAKE,2021-12-09,,0,0,False,True,True,20,79865
81d75399c3816c0ca7fc2192,century,CHWY,2021-12-09,,0,0,True,True,True,16,89062
bb435c05ce91fef2a5b78b8e,century,HQY,2021-12-09,HEALTHEQUITY,0,0,True,True,True,36,169932
19d297974c7c9e3f0560803a,century,KLXE,2021-12-10,Services,59,0,True,False,True,52,126004
7b05338776410b9d12842364,century,PATH,2021-12-10,UiPath,6,0,False,True,True,28,140163
f6c3ea714d661d58c76f606d,century,DOMO,2021-12-10,DOMO,0,0,True,False,True,29,186654
60c0f74d83c7a2e78e109b4e,century,CLSK,2021-12-14,CLEANSPARK,0,0,True,True,True,29,219941
4932ef0593175f23cf5244d0,century,MSB,2021-12-15,MESABI,11,0,True,True,True,119,95209
8fc88905df1e0991742dfd4b,century,BLBD,2021-12-15,,0,0,True,True,True,53,190997
de67a85506d1ebe5b65971f3,century,UEC,2021-12-15,,0,0,True,True,True,26,151257
6046dc950d91c89525786445,century,ARQQ,2021-12-16,Arqit,369,0,True,False,False,50,219733
4e5aa6472236e3321898abcd,century,YCBD,2021-12-17,cbdMD,24,0,True,True,True,31,138325
c8f98084af80d98454fdcc2a,century,OTLK,2021-12-23,,0,0,True,True,True,29,219683
f5ddcca61f8d3a1b88c10ede,century,FCEL,2021-12-29,FUELCELL,2,0,True,True,True,20,219947
917db38e7e4f03c84b0f059b,century,BBBY,2022-01-06,,0,0,True,True,True,35,171998
000e4b02487703dea8523c5d,century,TLRY,2022-01-10,Tilray,78,0,True,True,True,20,149727
efb6f2eede1a7dc95922aad9,century,ORMP,2022-01-11,ORAMED,5,0,True,True,True,21,83679
479e36b8f8085b5531630e2b,century,AEHR,2022-01-14,AEHR,0,0,True,True,True,34,86038
e72b902f856aef9d105dd0a3,century,FAMI,2022-01-26,Farmmi,123,0,True,True,False,14,220105
4cc041dc111797b6da410546,century,CMPR,2022-01-27,CIMPRESS,0,0,True,True,True,61,146244
7e766f8ea7bcb6ffcb6b541b,century,AGYS,2022-01-27,AGILYSYS,0,0,True,True,True,27,84254
dba4a32585a9bdb7865584cd,century,LOGI,2022-01-27,LOGITECH,24,0,True,True,False,16,124300
f5e60e5dda711517b532ea98,century,NFLX,2022-01-27,NETFLIX,0,0,True,False,True,37,215869
2d6599c4b44a6b35046bc1d0,century,ARAY,2022-01-28,ACCURAY,0,0,True,True,True,18,152641
7629be7ae2421e7b713d6f45,century,BON,2022-01-31,,0,0,False,False,False,22,219926
97225d12a5388031f1f437d9,century,AMSC,2022-02-02,,0,0,True,True,True,13,139247
3e7e2c3a077465030c35238c,century,BIIB,2022-02-03,,0,0,True,False,True,79,193289
527c04483725a5b883566a8d,century,PYPL,2022-02-03,PayPal,109,0,True,True,True,39,219609
85a918a3f20b3cbb9bd4334d,century,SPOT,2022-02-03,Spotify,13,0,False,True,False,8,219987
a4822921f2a654861ef129bd,century,MOD,2022-02-03,MODINE MANUFACTURING,24,0,False,True,True,32,128068
bed2d87ee76420bbd1c97fdb,century,REPL,2022-02-03,Replimune,0,0,True,True,True,32,172394
edb63957ccc9d8ed7e649d9f,century,EGHT,2022-02-03,,0,0,True,True,True,2,102619
00aa6b9e2bcff0aedc5fdcf9,century,PETS,2022-02-04,PETMED,2,0,True,True,True,18,60946
157ccf18272244a1eb551c46,century,JOUT,2022-02-04,JOHNSON,5,0,True,True,True,39,90686
71bd5fb70c9429bb7d53fb60,century,SNAP,2022-02-04,,0,0,False,True,True,37,220137
92148b85cdc094dbae92fd37,century,KOSS,2022-02-04,KOSS,0,0,True,True,True,21,49906
9c91100c6c8ff1edaf8ca3ec,century,BILL,2022-02-04,,0,0,False,True,True,20,177899
9db69bc7e183166dc5218878,century,FLWS,2022-02-04,FLOWERS,1,0,True,True,True,19,125332
147c47a7a2f3bb08df9f65f2,century,CRNC,2022-02-08,Cerence,0,0,True,True,True,23,136032
1513078537ea259064b0dcd3,century,APPS,2022-02-08,,0,0,True,True,True,41,129923
4f392f350db17b92edaa93b6,century,HAE,2022-02-08,HAEMONETICS,0,0,True,True,True,24,119916
bceada1adbb100db2eb9c4dd,century,VRNS,2022-02-08,VARONIS,11,0,True,True,True,20,196617
d94f8212d4bfc7b9ea6414c3,century,MTRX,2022-02-08,,0,0,True,True,True,25,122805
03d53ebe1591a46f7b442e20,century,AVXL,2022-02-09,ANAVEX SCIENCES,193,0,True,False,True,22,98135
1ddbcdde0e56ba36d5cc6041,century,VKTX,2022-02-09,,0,0,True,True,True,30,219609
a1bdb3cc0f8a7b075c375ef0,century,OESX,2022-02-09,,0,0,True,True,True,20,84790
e0128a1b163292ddd7134092,century,DOCS,2022-02-09,Doximity,0,0,True,True,True,27,144491
e4c5a27aa2dcba5c5dc973f6,century,RAMP,2022-02-09,LiveRamp,0,0,False,True,True,38,114300
e4fb9e3da9b1c2a4aa47ee86,century,SMG,2022-02-09,SCOTTS MIRACLE-GRO,5,0,True,True,True,90,127566
110b7a71523bcf24a507cdd4,century,XAIR,2022-02-10,,0,0,True,False,True,55,116141
4f817283902a1617690972f3,century,INMD,2022-02-10,InMode,7,0,True,True,False,21,220030
59edd41627954353c6dffa84,century,CTXR,2022-02-10,Citius,28,0,True,False,True,19,70809
9f456b3aa697531220212b2b,century,VTGN,2022-02-10,VistaGen,1,0,True,True,True,11,167050
e1d2d6470838cfaeef1f63f3,century,Z,2022-02-10,ZILLOW,194,0,False,True,True,10,219965
1fb36efc1223671040959b7f,century,ENPH,2022-02-11,Enphase,10,0,True,True,True,69,219303
3496b545f795e2712898e565,century,BARK,2022-02-11,,0,0,False,False,True,373,158901
3af2ecddbc5a9426acddf9d2,century,CVM,2022-02-11,,0,0,True,True,True,1,74856
3dad2c7cb6ea76e90e61bd63,century,BYRN,2022-02-11,Byrna,45,0,True,True,True,34,219617
ef552232608a8493dd48777d,century,MARA,2022-02-11,,0,0,False,True,True,0,163513
f1304c5560a01f3c33c3878f,century,INTA,2022-02-11,Intapp,9,0,True,True,True,12,140879
18b05a1e98d2892ff1e13da1,century,POWW,2022-02-14,,0,0,True,False,True,11,104760
3225529954049fea2aba5f7e,century,TRT,2022-02-14,TRIO-TECH,23,0,True,True,True,49,191953
da6d4500ac1bd86fffb35050,century,AFRM,2022-02-14,,0,0,True,True,True,19,164039
89454470aa78b2ca07dd16c8,century,ATOM,2022-02-15,Atomera,0,0,False,False,True,31,178740
a5e68a0ac550a30baf66fb91,century,CRSP,2022-02-15,CRISPR,27,0,True,True,False,13,210628
c49ca4d2a3dbb4f7fd33a410,century,UPWK,2022-02-15,,0,0,True,True,True,3,220077
6e0ddbe9be84eec06f439138,century,CROX,2022-02-16,Crocs,60,0,True,False,True,25,209036
d3d18c8283cee1bc73bbd641,century,CDE,2022-02-16,Coeur,61,0,True,True,True,28,219851
ead2840328566c7859bf1c0e,century,SHOP,2022-02-16,SHOPIFY,0,0,False,False,True,22,20835
0a9dd403eb937bdb9360af2e,century,SKYW,2022-02-17,SKYWEST,0,0,True,False,True,107,171217
472f22296d521187a8922217,century,CAR,2022-02-17,,0,0,False,True,True,130,149634
684c5a79068b61785e3e4458,century,TRUP,2022-02-17,TRUPANION,0,0,True,False,True,56,185328
7d0161cd8381c4cac528b01c,century,FVRR,2022-02-17,Fiverr,20,0,True,True,True,12,219928
b9bf8c124ae4b7a911147681,century,RUN,2022-02-17,Sunrun,23,0,False,True,True,20,220053
bc58c136f1487c761000e39b,century,INSM,2022-02-17,INSMED,4,0,True,True,True,30,197653
f59019123c53ecc951d022a7,century,RGEN,2022-02-17,REPLIGEN,0,0,True,True,True,69,219851
09b7b06437070050d8648bcc,century,CPS,2022-02-18,Cooper-Standard,0,0,True,True,True,82,154122
2b72c9bda85e1b2cfeccd12d,century,AMST,2022-02-18,,0,0,True,True,True,21,65964
32435a7da2e107b3837531d4,century,TRIP,2022-02-18,TripAdvisor,0,0,False,False,True,62,219895
3c581f3c7681f6a9c2c17729,century,UPST,2022-02-18,,0,0,True,True,True,131,219602
58a7df77254c8da388d0127d,century,HCSG,2022-02-18,HEALTHCARE SERVICES,112,0,True,True,True,33,139534
6308fff906df2acaecacd2e9,century,PRLB,2022-02-18,Labs,0,0,True,True,True,46,133323
677dcd1280d0acd49bf5b383,century,CRON,2022-02-18,Cronos,94,0,True,True,False,43,209589
b9f22552f33727b8a24257a3,century,ROKU,2022-02-18,ROKU,0,0,True,False,True,53,194720
ff44be4f2c9679a3ed33a430,century,TXG,2022-02-18,Genomics,1,0,True,True,True,27,219891
0c06c7eb951979fba23f1f53,century,KTOS,2022-02-22,KRATOS SOLUTIONS,72,0,True,False,True,27,219345
18359cc39acb555e1decba57,century,IPGP,2022-02-22,PHOTONICS,0,0,True,True,True,44,197163
4174fd3c075a07722ec4d3d4,century,AORT,2022-02-22,ARTIVION,0,0,True,True,True,44,219985
4c90ec2b318406a9ef536862,century,PHG,2022-02-22,KONINKLIJKE PHILIPS,261,0,True,True,False,3,220042
4daeacd0254c917a47d1a2ba,century,TWLO,2022-02-22,TWILIO,56,0,True,True,True,8,220067
9b1367f69a38fc73b5c78bac,century,U,2022-02-22,,0,0,False,False,True,71,219284
bc1880a5117835c79facc09b,century,GNRC,2022-02-22,GENERAC,0,0,True,True,True,73,202509
d19172a99aba944a62ee44f8,century,ARQT,2022-02-22,Arcutis Biotherapeutics,5,0,True,True,True,10,219936
d58b8a3c3e30f82b5aa47ba5,century,OIS,2022-02-22,STATES,51,0,True,True,True,37,219366
eb71a8774681fec5221917be,century,OSPN,2022-02-22,OneSpan,0,0,True,True,True,58,171107
0972f59395fc4092f952825a,century,TCMD,2022-02-23,,0,0,True,False,True,18,219763
28f497a7fd0601877d96547a,century,STAA,2022-02-23,STAAR,41,0,True,True,True,46,139031
403be05dcb0a25552b6b2de7,century,CHRS,2022-02-23,Coherus BioSciences,47,0,True,False,True,13,219940
4c9a689b4ee3f3547afac81c,century,HL,2022-02-23,HECLA,67,0,False,True,True,3,220083
65fab83e4f409d00b1144a6c,century,MELI,2022-02-23,MERCADOLIBRE,0,0,True,False,True,63,219889
7dc7cbe5968b530c31a99730,century,MED,2022-02-23,MEDIFAST,0,0,True,True,True,55,219441
9f8455fb61b8ffcd0d124343,century,TPL,2022-02-23,,0,0,True,True,True,111,166091
ab486d38b1502f9950e4afb4,century,CNDT,2022-02-23,CONDUENT,0,0,True,True,True,115,190741
b52908819a143dfdebc96a3b,century,ULCC,2022-02-23,,0,0,True,False,True,42,219791
c137a92a58a83919c5db9fe1,century,HTZ,2022-02-23,,0,0,True,False,True,264,218904
cd6dfb74c18c4f305e707f2e,century,OLED,2022-02-23,,0,0,True,True,True,210,167551
dec05abba2023ca063e0c578,century,ROCK,2022-02-23,,0,0,False,True,True,33,191521
e434918a42bec191e8e2ff0a,century,SPT,2022-02-23,,0,0,True,True,True,38,188107
01b17bc7a6ce252bcabe3dde,century,MNKD,2022-02-24,MANNKIND,0,0,True,True,True,136,219929
0b183a8b05c2a7a0135b119b,century,KYMR,2022-02-24,Kymera,7,0,True,True,True,13,219889
224668eca152c11018847ae4,century,ALEC,2022-02-24,Alector,0,0,False,True,True,27,207932
265731bf70b34c0d62791568,century,KURA,2022-02-24,Kura,0,0,True,True,True,19,200103
35e91d51ed3f47ee37d5810c,century,HLX,2022-02-24,SOLUTIONS,1,0,True,True,True,15,206072
3644c3443d5344c4ecc3a412,century,VTEX,2022-02-24,VTEX,0,0,True,True,False,40,220225
42cf5a860dd0703656e77b9c,century,TPC,2022-02-24,PERINI,4,0,True,True,True,47,176795
593d0701ec608219f0a015b0,century,NAUT,2022-02-24,Biotechnology,2,0,False,True,True,25,219661
6103e1389bb04451ae495bf6,century,WWW,2022-02-24,,0,0,True,True,True,4,170541
61e1e0a42b1c25c45706bf81,century,ZNTL,2022-02-24,Zentalis,20,0,True,True,True,52,219119
6f5bd9a9cc8812cc027683e8,century,UBER,2022-02-24,Uber,0,0,True,True,True,34,219949
733cb77ac99052acfc947549,century,MTCH,2022-02-24,,0,0,True,False,True,84,219374
773d8663474dc4dae6874c49,century,CRIS,2022-02-24,CURIS,91,0,False,True,True,2,220073
84dd889d5469eb9b34ed245b,century,CVNA,2022-02-24,CARVANA,0,0,True,True,True,117,220094
87feafcce393955ddef2c5ff,century,DHC,2022-02-24,HEALTHCARE,22,0,True,True,True,17,219800
8ba43cc50b82c18ed8c20580,century,AGIO,2022-02-24,AGIOS,9,0,False,True,True,14,219868
90d00b98757d251c55b82545,century,CDNA,2022-02-24,CareDx,3,0,True,True,True,17,210666
97d462049e1b3a67fe422bcb,century,VCEL,2022-02-24,Vericel,0,0,True,True,True,32,190426
b1ff5b97d0a0f451f1c7720a,century,HOOD,2022-02-24,Robinhood Markets,81,0,False,True,True,16,219926
b54779f439a3f9a4b6e52ab2,century,HYLN,2022-02-24,Hyliion,0,0,True,True,True,111,208839
be6df0f9dc2036e2b482d533,century,ACRS,2022-02-24,Aclaris,6,0,True,False,True,16,190951
c10455803004f017a36874cc,century,PLTR,2022-02-24,Palantir,16,0,True,True,True,30,216910
c4030b72062bacf4ed3abd5a,century,NTLA,2022-02-24,Intellia,9,0,True,True,True,36,219933
c846edcb7a56069bfd5fd5cf,century,CMPS,2022-02-24,Pathways,1,0,True,True,False,18,219929
ce453a736075be542c2ac940,century,GEVO,2022-02-24,Gevo,0,0,True,True,True,114,220347
ceab26f2372e9b41994571ec,century,SVC,2022-02-24,Properties,172,0,True,True,True,20,219808
d684faa70a95bf4220b1e153,century,CCCC,2022-02-24,,0,0,True,True,True,21,219855
ec328431ec382af0ade87e61,century,KNSA,2022-02-24,Kiniksa,9,0,True,False,True,32,219538
ecc9be754cb1f27a86dd9996,century,GH,2022-02-24,,0,0,False,True,True,28,219782
eeccee99500e9c5b255460bf,century,AAOI,2022-02-24,OPTOELECTRONICS,0,0,True,True,True,46,219136
f918f55b74fa5d1b60060e30,century,SSYS,2022-02-24,STRATASYS,0,0,True,True,False,80,219880
0392499b36bfc0604ce643e5,century,COIN,2022-02-25,Coinbase,47,0,False,True,True,13,219964
047683191296333a844244a8,century,EPAM,2022-02-25,EPAM,0,0,True,True,True,46,171172
143421a6cef235fea250fb2a,century,BE,2022-02-25,,0,0,False,True,True,243,220988
29e609e3308e4562e25801ed,century,RBLX,2022-02-25,Roblox,62,0,True,True,True,19,220029
33bec8fd6cccf5ad2b29b455,century,FTDR,2022-02-25,Frontdoor,0,0,True,True,True,66,189826
39e1efef45cd3d634cadfd8d,century,BBIO,2022-02-25,BridgeBio Pharma,33,0,True,True,True,8,219995
467824c2404607f4941d0086,century,GSAT,2022-02-25,Globalstar,0,0,True,True,True,34,170894
4955d000fba119a5c3f4a619,century,BL,2022-02-25,BLACKLINE,0,0,False,True,True,67,219838
5805ae4eed68bb2b3d1e3d97,century,NEO,2022-02-25,NEOGENOMICS,0,0,False,True,True,79,196107
5cfa7f3fc9b81dfba7d0f161,century,IONS,2022-02-25,IONIS,47,0,True,True,True,34,207384
825663f667bc4b030bc14be6,century,DOCN,2022-02-25,DigitalOcean,0,0,True,True,True,30,202976
a2b827115f255930bcbccbe4,century,PRTA,2022-02-25,PROTHENA,42,0,True,True,True,5,220085
a9899e3f5a731406a65293ad,century,NTRA,2022-02-25,Natera,5,0,True,True,True,11,220037
ae82e595a68761a7a09641f6,century,RSKD,2022-02-25,Riskified,0,0,True,True,False,24,220031
affe34863dfefad88bf93980,century,ETSY,2022-02-25,ETSY,0,0,True,True,True,133,220597
ccc4baf68774e4bb643f544e,century,TALK,2022-02-25,Talkspace,0,0,False,True,True,121,219863
d264bd634646c1f898fe23d9,century,ALKT,2022-02-25,ALKAMI,24,0,True,True,True,13,219908
dbdf154681cd7e928d523642,century,KLTR,2022-02-25,KALTURA,0,0,True,True,True,18,220089
e05a73e252b816282490c0f1,century,ABCL,2022-02-25,AbCellera Biologics,10,0,True,True,False,13,219922
f60392ca8e57eabda581b445,century,AXGN,2022-02-25,Axogen,80,0,True,True,True,28,195443
f7f0ce4cfe4ff2fe2c80f30e,century,MRNA,2022-02-25,Moderna,0,0,True,True,True,132,220443
f9a1d38ef9c66d1605149c3a,century,SITM,2022-02-25,SITIME,8,0,True,True,True,29,194117
fe248d4f662b4ec0bd867e31,century,LAW,2022-02-25,Disco,5,0,False,True,True,40,191450
004a9bf3b5132f52aab74a20,century,PTGX,2022-02-28,,0,0,True,False,True,31,206511
136c1ac5775c71908df6f30d,century,LYFT,2022-02-28,Lyft,0,0,True,True,True,64,220237
14b4c888dd85b90cc12204ba,century,REAL,2022-02-28,TheRealReal,0,0,False,True,True,7,220072
18fcaa66c3f29205431dec6a,century,ICHR,2022-02-28,,0,0,True,True,False,15,173183
1a48597f489eb3995653e486,century,BEAM,2022-02-28,,0,0,False,True,True,20,220037
222c8553de34ee54ea118063,century,HRTX,2022-02-28,,0,0,True,True,True,4,189711
3b9114eb7ef835468ddf990c,century,OPRX,2022-02-28,OptimizeRx,0,0,True,True,True,58,184792
42d42c9166413dd282ade82f,century,VIR,2022-02-28,Biotechnology,8,0,True,True,True,62,220335
443778283ab89110d9784b83,century,RCKT,2022-02-28,,0,0,True,True,True,33,200253
470857da2afde46c66db8cde,century,GRPN,2022-02-28,Groupon,0,0,True,True,True,73,203453
56d613f036ff69a35f0cda56,century,NUVB,2022-02-28,Nuvation,6,0,True,True,True,85,219701
5b6b1a975a13dfa853b236e0,century,GDOT,2022-02-28,,0,0,True,True,True,120,176057
629d04995146c7b231649e7f,century,ITRI,2022-02-28,ITRON,48,0,True,False,True,33,201660
6667f9901f1f9c3bb6e2f8e2,century,CSTL,2022-02-28,BIOSCIENCES,0,0,True,True,True,24,218352
697b3c827291147d4d8d7d71,century,CGEN,2022-02-28,COMPUGEN,0,0,True,True,False,81,215416
69dfd89dd6df086511af9831,century,FIVN,2022-02-28,Five9,10,0,True,True,True,12,220050
72cf94c17dcb3d5b2a21fe07,century,CLOV,2022-02-28,INVESTMENTS,33,0,True,True,True,2,220073
7a71c694ad08e2b927f1bc4c,century,SHEN,2022-02-28,SHENANDOAH TELECOMMUNICATIONS,57,0,False,True,True,3,154807
83a35d639f89b15919101ad6,century,VCYT,2022-02-28,VERACYTE,0,0,True,True,True,49,220039
8605962d4dbc80035a7c5391,century,CDXS,2022-02-28,CODEXIS,0,0,True,True,True,32,220013
90937b1ef40202fdf4d67fda,century,RVLV,2022-02-28,,0,0,True,True,True,56,167853
90ad7f61f18d45252d594d5e,century,PRAX,2022-02-28,Medicines,3,0,True,True,True,61,219839
966398b8ddfc6bddd301150d,century,AUPH,2022-02-28,Aurinia,11,0,True,True,True,14,162710
a99ea992cfef1d3062c3b5ef,century,OCGN,2022-02-28,Ocugen,25,0,True,True,True,25,219989
aa3f0cfb87fd1ff99637368e,century,GKOS,2022-02-28,GLAUKOS,0,0,True,False,True,27,215752
ab9fd6141a35eaa854be1542,century,BCAB,2022-02-28,BioAtla,0,0,True,True,True,42,220023
ad1a9e2be5f568cd7cfd44f1,century,LPSN,2022-02-28,LIVEPERSON,0,0,True,True,True,66,219957
ae1c14c5b029f19115544ff3,century,EYE,2022-02-28,,0,0,False,True,True,48,219879
afa1a09824339ffd73db1286,century,ALXO,2022-02-28,,0,0,True,True,True,42,212071
b60e43637fc019bcc58187d1,century,PENN,2022-02-28,PENN,0,0,True,False,True,113,220309
b6a8ae02a6c90b6a2941892b,century,STEM,2022-02-28,,0,0,False,True,True,76,220255
bd591008c13a3ebfa74a9232,century,OCUL,2022-02-28,THERAPEUTIX,0,0,True,True,True,9,219973
c04f845f054b7eadbfbe966e,century,NRDY,2022-02-28,Nerdy,234,0,True,True,True,176,219743
c167514638b78cdbcb7592db,century,LCID,2022-02-28,,0,0,True,True,True,17,219951
c247e5fc8a9b03cb4b77503f,century,MAX,2022-02-28,MediaAlpha,0,0,False,True,True,39,219816
e10dcc5c05688611b4410c60,century,CYRX,2022-02-28,Cryoport,0,0,True,True,True,72,219957
e40cb77819755d39ec9b3663,century,OLMA,2022-02-28,Olema,8,0,True,True,True,19,219851
e9305dd97fb2ef7b8c402961,century,PACK,2022-02-28,Ranpak,33,0,False,True,True,29,219756
fc167c417164ad95d14fb71a,century,CLDX,2022-02-28,Celldex,25,0,True,True,True,21,214124
fd241c5a7164ef5817431a5e,century,YETI,2022-02-28,YETI,0,0,True,True,True,62,189670
ff7cd11eb12ed7bf879345b6,century,STRO,2022-02-28,SUTRO BIOPHARMA,1,0,True,True,True,67,220084
08cec93433c7a49758a6ce44,century,OPRT,2022-03-01,Oportun,30,0,True,True,True,10,219979
0d109ff5e9a255c7e5c79673,century,PLUG,2022-03-01,,0,0,False,True,True,106,219829
0d348466475315712eb22b19,century,ANGI,2022-03-01,Angi,0,0,True,False,True,265,200581
1661b716d3f82b1c2cf25c90,century,ANNX,2022-03-01,Annexon,0,0,True,True,True,23,198951
170e3a4b6380f215e48ddf22,century,AMC,2022-03-01,,0,0,True,True,True,75,219776
1c8af959e07cba3af55e3af3,century,AEVA,2022-03-01,Aeva,0,0,True,True,True,458,192744
2163b26444fd68fa6197bbe6,century,NFE,2022-03-01,,0,0,True,True,True,65,219933
255cd3a3c9db8eec0dc89779,century,NET,2022-03-01,Cloudflare,0,0,False,True,True,131,220379
2b50bf93a28bd74922944960,century,LWLG,2022-03-01,Lightwave,0,0,True,True,True,22,138903
4a675898ace45d5524a634fc,century,MVIS,2022-03-01,MICROVISION,0,0,True,True,True,42,197583
4be134b53f0e5ffe9cd2bb8d,century,AGEN,2022-03-01,AGENUS,36,0,False,True,True,21,220047
4e8fd2eee7a4e76182034ed1,century,QSI,2022-03-01,Quantum-Si,0,0,True,True,True,61,219916
5804f864fa998632cc3df937,century,TMDX,2022-03-01,TransMedics,0,0,True,True,True,35,188687
6079a7999497af6bf6264b3c,century,FOUR,2022-03-01,Shift4 Payments,124,0,False,True,True,91,219275
635af10ecff4404994e59463,century,PGNY,2022-03-01,Progyny,0,0,True,True,True,48,187034
640d65b5b6b0f002b409de28,century,SENS,2022-03-01,Senseonics,0,0,True,False,True,25,219862
6a68b9cc1197fbddf13283fc,century,SEER,2022-03-01,,0,0,False,False,True,25,220063
6c7507bc57aaad0a39049f3a,century,AMRN,2022-03-01,,0,0,True,True,False,4,220076
6c76d1d9fe2d036bae1ac9ff,century,HCAT,2022-03-01,,0,0,True,False,True,60,218546
7251242a18937b24a6f455db,century,VICR,2022-03-01,VICOR,31,0,True,True,True,39,159812
732b4eb1b3e3fb2054b64be5,century,HYFM,2022-03-01,HYDROFARM,0,0,True,False,True,28,219627
7825af153bbff8493f70c989,century,DASH,2022-03-01,DoorDash,0,0,False,True,True,63,220009
790226c68f6256c3f2e0fc82,century,CTMX,2022-03-01,CytomX,27,0,True,True,True,14,203107
870514f1f95f2688c9ddfdd7,century,VRT,2022-03-01,Vertiv,158,0,True,True,True,32,219835
8be71470dfc5ff7740dc4a81,century,RYAM,2022-03-01,RAYONIER MATERIALS,27,0,True,False,True,74,181869
8eeed9c0a89982014d6db12f,century,NVAX,2022-03-01,NOVAVAX,0,0,True,True,True,73,220146
946c130426c0a2839be0fac6,century,RGNX,2022-03-01,REGENXBIO,0,0,True,True,True,17,217836
95ab154352e65f4b34607123,century,AHCO,2022-03-01,AdaptHealth,0,0,True,True,True,441,218618
9a20c364b9a75a0aa2306c9a,century,TGTX,2022-03-01,,0,0,True,True,False,53,219499
9f4847029cd7d0a1b6fc416f,century,NCLH,2022-03-01,,0,0,True,True,True,108,220104
a3c80ec098f0e563e430e112,century,ASPN,2022-03-01,AEROGELS,8,0,True,True,True,12,220023
a7d99005adea2a797fee9ad9,century,TIGO,2022-03-01,MILLICOM,155,0,True,True,False,37,220213
a92c06976b47876183ca73a1,century,LUNG,2022-03-01,Pulmonx,0,0,False,False,True,39,220086
aa978b85e4d175146df17292,century,BSY,2022-03-01,BENTLEY,25,0,True,True,True,37,219854
af366e1be739a96ab5503627,century,NKTR,2022-03-01,NEKTAR,18,0,True,True,True,92,219608
b333cf23d428ebc73cd125a9,century,KOD,2022-03-01,Kodiak Sciences,9,0,True,True,True,30,219757
bd6317211cca4b2499458379,century,TREE,2022-03-01,LendingTree,0,0,False,True,True,54,219881
c4d72b3955847ad425ff3011,century,PUBM,2022-03-01,PubMatic,0,0,True,False,True,23,219993
c9614941596ae942c9f8d839,century,CEVA,2022-03-01,CEVA,0,0,True,True,True,55,154211
cdcdbc44937272a49f1d464b,century,GDRX,2022-03-01,GoodRx,70,0,True,True,True,21,219826
d139214aa7f86c656c3013e2,century,AKBA,2022-03-01,,0,0,True,True,True,10,219964
d59a6c3d0db9992ce7a5529d,century,PLRX,2022-03-01,,0,0,True,True,True,14,219890
d66596e43db521ddcffe212a,century,JRVR,2022-03-01,,0,0,True,True,True,39,219745
dda93615d55142bf893d6eea,century,CERT,2022-03-01,Certara,0,0,True,True,True,21,220056
e28c4d3fcaf411618ba1c8c9,century,RIGL,2022-03-01,,0,0,True,True,True,14,219917
e2a34f8977340bee0e333837,century,SOFI,2022-03-01,SoFi,0,0,True,True,True,147,220487
ece7b050e8f234175267c45d,century,PAR,2022-03-01,,0,0,False,True,True,116,212256
f65acbbb9e0ab91e9d476456,century,OSUR,2022-03-01,ORASURE,17,0,True,True,True,11,219965
fa1aacb5813494ad0b348670,century,CRSR,2022-03-01,,0,0,True,True,True,14,194641
fd276afb75b7fd4c0f3bb5f9,century,AXSM,2022-03-01,Axsome,8,0,True,True,True,19,219844
0082a4380f7bad7f148829e5,century,PRTS,2022-03-02,CarParts,0,0,True,True,True,62,198123
0b84215579002b2d592a8dac,century,ATEC,2022-03-02,Alphatec,0,0,True,True,True,74,186434
9a8c76155725817ef86ef4d6,century,RMNI,2022-03-02,Rimini,11,0,True,True,True,36,219768
ae0ecdad48933f5aed0a9f3c,century,APEI,2022-03-02,,0,0,True,True,True,74,204389
d6ad1b2a75a42ae35da9e73c,century,CVGI,2022-03-02,,0,0,True,True,True,47,162817
fb57e728c7f344aefc88418c,century,MEC,2022-03-02,Mayville,6,0,True,True,True,35,170846
05559a2fb03cc075d5065003,century,PBYI,2022-03-03,BIOTECHNOLOGY,5,0,True,False,True,47,218137
08ffd3631e6032eaa9f44866,century,PASG,2022-03-03,,0,0,True,True,True,28,194689
24b6be1028b18a0edbf1d3fb,century,GDYN,2022-03-03,,0,0,True,True,True,151,201512
24eb110cb01ae4cc351a809f,century,SWBI,2022-03-03,WESSON BRANDS,8,0,True,True,True,33,107070
28de5d3cc2c352ef0bde8fb8,century,IMCR,2022-03-03,Immunocore,0,0,True,True,False,12,220021
2d0328e90a53de36bce09ab6,century,AI,2022-03-03,,0,0,False,True,True,97,139424
42f97209a307e1cde63adb2a,century,CLLS,2022-03-03,Cellectis,79,0,True,False,False,28,219907
738a3bcca209c1c5c525602d,century,NCMI,2022-03-03,CineMedia,2,0,True,True,True,28,219681
8570a2e11e16071774e16f17,century,INMB,2022-03-03,Inmune,0,0,True,True,True,43,177111
c0edc0671e54b85a607fa6f7,century,FULC,2022-03-03,,0,0,True,True,True,17,214045
c19cf2c205ff4c48e0fa06b1,century,ALHC,2022-03-03,Healthcare,67,0,True,True,True,55,197553
e438c500d1e3f6b3e6cfc950,century,DIBS,2022-03-03,stdibs,0,0,False,True,True,34,218589
ea3d9042cdb2393e06da7b80,century,MYPS,2022-03-03,PLAYSTUDIOS,0,0,True,True,True,91,219675
3c02352e5e8728712b9e40c0,century,PCOR,2022-03-04,PROCORE,15,0,True,True,True,30,219597
5e79b9f4ca62b6ebeff5d10f,century,DUOL,2022-03-04,Duolingo,0,0,True,False,True,59,167133
7ce2d29bb1e9836576e02812,century,TRVG,2022-03-04,trivago,47,0,True,True,False,41,219933
aadec4dc045527098edc0c6c,century,UEIC,2022-03-04,,0,0,True,True,True,40,179182
c1b3c161df8a3ca08edd762f,century,TMCI,2022-03-04,TREACE CONCEPTS,0,0,True,True,True,13,219860
d6a8db2150e752aac2c3a6d1,century,GWH,2022-03-04,,0,0,True,True,True,31,220012
746776f573f3e967a2ff31a4,century,HOV,2022-03-07,HOVNANIAN ENTERPRISES,43,0,True,True,True,23,188729
834fb247606ef503cf9eed11,century,MUX,2022-03-07,McEwen,31,0,False,True,True,30,219860
8728c6309360d5430e33ffdd,century,RSI,2022-03-07,,0,0,True,True,True,64,219461
9400f3ba57909a3980b528fd,century,TIL,2022-03-07,Instil,0,0,False,True,True,79,220361
f0c0eead9fe5d8698856c652,century,DMRC,2022-03-07,Digimarc,0,0,True,True,True,119,178067
fcf7ab69a612d5f2f79b3ae6,century,OKTA,2022-03-07,Okta,0,0,True,True,True,47,220175
07fb008ad4cdcea0d2b6895e,century,DV,2022-03-08,DoubleVerify,0,0,False,True,True,52,219887
2407ed1cf7c3807ccfaeb346,century,BNED,2022-03-08,Barnes,6,0,True,True,True,37,187049
6ac37c2adee353f1bcf10c4c,century,THO,2022-03-09,THOR,18,0,False,True,True,16,164753
fca9f40e63adbf28cb2f9cba,century,CRMT,2022-03-09,AMERICAS CARMART,0,0,True,True,True,1,127325
00c0e8329f76c6046ee318d0,century,AOUT,2022-03-10,Brands,26,0,True,True,True,12,109168
0d0ecc89e11039700dc9e1c1,century,DSP,2022-03-10,Viant,6,0,True,True,True,197,206166
366b356b0802a68731c18390,century,FHTX,2022-03-10,,0,0,True,True,True,20,219813
3cda5b0398e6066d59b7aaed,century,AUTL,2022-03-10,Autolus,11,0,True,True,False,16,219913
454041fb6b28bb8800883bbf,century,STXS,2022-03-10,,0,0,True,False,True,70,202277
5c742abd92803ad2180f1b61,century,AVO,2022-03-10,,0,0,False,True,True,18,72868
6bc11a292a98752772a8849a,century,DCBO,2022-03-10,Docebo,3,0,True,False,False,4,15444
72f822cb3d65a51e4b81e504,century,GERN,2022-03-10,GERON,14,0,True,True,True,17,220049
7dd61424033b2b0f46c19351,century,FIGS,2022-03-10,FIGS,0,0,True,True,True,24,220095
846210d122d78a81ad3dbd0e,century,UP,2022-03-10,Wheels,53,0,False,True,True,99,220227
8b671cf041a61166d84ed19b,century,AMTX,2022-03-10,AEMETIS,0,0,True,True,True,125,220002
9c924e073f0d7fcbdcd6e5e8,century,NTNX,2022-03-10,Nutanix,0,0,True,True,True,75,184676
a26d3d09b087202462872edd,century,ESTC,2022-03-10,,0,0,True,True,False,11,141008
a85d3dc944112358a07b74af,century,IMRX,2022-03-10,Immuneering,0,0,True,True,True,26,219946
adbac61efc19e5c314e073a2,century,RRGB,2022-03-10,BURGERS,12,0,True,True,True,26,167946
c502b07e361d2f45ad5aed79,century,MARA,2022-03-10,,0,0,False,False,True,58,219300
d4637e1c091b31e9c62e7329,century,HCI,2022-03-10,,0,0,True,False,True,76,219845
d8a98db474ca844dd2fc6ead,century,CLVT,2022-03-10,CLARIVATE,0,0,True,True,False,95,219831
e897be09d4ec6109d9afb888,century,WB,2022-03-10,WEIBO,92,0,False,True,False,20,220041
fa89409fbdb30cb0acd83b5a,century,AI,2022-03-10,Arlington,5,0,False,True,True,6,219951
fc531a61526f97b92d0d41d6,century,ALGS,2022-03-10,Aligos,14,0,True,True,True,8,219977
11feb25570ec7480f0f46263,century,SMSI,2022-03-11,,0,0,True,True,True,18,214253
13413c6f099756acaad9c00c,century,SHLS,2022-03-11,Shoals,92,0,True,True,True,39,219348
5fd55544e6e0d6f5f6498a27,century,MASS,2022-03-11,Devices,54,0,False,True,True,82,220250
626b0cb8e923f8d1d2fa05f3,century,ANIK,2022-03-11,Anika,17,0,True,True,True,22,194981
8c64c42df4f54b011ce79c1d,century,TPB,2022-03-11,Brands,22,0,True,True,True,62,219369
90b99aa5afbf05f6a71a43d7,century,AUR,2022-03-11,,0,0,True,True,True,39,219091
9ab8fc8de8a7a9f003a1b501,century,ZVIA,2022-03-11,Zevia,224,0,True,False,True,70,214595
aee6fec511e17ff81e3725c2,century,APP,2022-03-11,AppLovin,0,0,True,False,True,79,220160
d035d9cd9e05fb531903089e,century,LGVN,2022-03-11,Longeveron,0,0,True,True,True,25,220029
05ae656739d3f00a679c1d52,century,INVE,2022-03-14,Identiv,0,0,True,True,True,17,163325
33e395da13df2b5859f26c0c,century,HIPO,2022-03-14,,0,0,True,True,True,30,219825
3899709677a46bca65e8fb21,century,WPRT,2022-03-14,WESTPORT,0,0,True,False,False,6,16569
4304f8b6516c9bf6a29f8c7c,century,AEO,2022-03-14,OUTFITTERS,1,0,True,True,True,39,181155
4caac04f48e74dd02dd84ffb,century,ADSK,2022-03-14,Autodesk,0,0,True,True,True,172,218088
abeedc2d7ab21e364f738825,century,SLDB,2022-03-14,Biosciences,0,0,True,True,True,9,220013
aec31d53ad05850d2f513b44,century,HRTG,2022-03-14,,0,0,True,False,True,14,219789
bddbd05f49ba88bd3d6afcc7,century,OPTT,2022-03-14,,0,0,True,False,True,16,155980
f12551511b8c3a5566c281bb,century,BLDP,2022-03-14,Ballard,2,0,True,False,False,8,13582
f43433cceee52cb9cb101375,century,IDT,2022-03-14,,0,0,True,False,True,63,133125
4dab6804e4fc2a9e378ffb32,century,ALT,2022-03-15,Altimmune,0,0,False,True,True,34,220049
7b62d0369fd8355783b6bb39,century,ATLC,2022-03-15,Atlanticus,0,0,True,False,True,48,219743
8aa108d6b62b9575caf5a1e6,century,RLYB,2022-03-15,Rallybio,0,0,True,True,True,73,220013
9c9f4c2fa8e12c07b50f6c36,century,COGT,2022-03-15,Biosciences,2,0,True,True,True,31,200639
bcdf46f4089871645b25d4c4,century,CAMT,2022-03-15,CAMTEK,49,0,True,True,False,23,220035
cb2f30e53ccfdde3236609a0,century,DH,2022-03-15,Healthcare,57,0,False,True,True,92,218613
d3fb7f73f927754035469190,century,FOA,2022-03-15,Companies,23,0,True,True,True,73,220115
fa6446bbc65ba144ad677bff,century,KPLT,2022-03-15,Katapult,0,0,True,True,True,88,219792
facb570ce55f7debfd527cf4,century,INFU,2022-03-15,InfuSystem,0,0,True,True,True,35,172504
0322dad8cce8049536e4bd3d,century,SANA,2022-03-16,Sana Biotechnology,12,0,True,True,True,5,220065
093ffe4642f9023fc0ee7e6c,century,PLBY,2022-03-16,PLBY,0,0,True,False,True,148,220117
5abed1b4bc59c9cd9477b8a8,century,TISI,2022-03-16,,0,0,True,True,True,3,220077
83de05e294e8953019cad501,century,BURL,2022-03-16,Stores,130,0,False,True,True,18,206100
97baf562a38b0bc27576e538,century,CELH,2022-03-16,,0,0,True,True,True,49,140174
bcac193a7f26861475394d34,century,PRCH,2022-03-16,,0,0,True,True,True,20,219950
c00fc59093560779f04d25b5,century,SRG,2022-03-16,Seritage Properties,212,0,True,True,True,27,217450
fa6013d66e0df5a41db73a1b,century,MNDY,2022-03-16,,0,0,True,True,False,32,219957
1b10a527448c2a603f9cb2da,century,PALI,2022-03-17,,0,0,False,True,True,18,219931
2d3aa65f96e785d1e1fd3804,century,RCAT,2022-03-17,,0,0,True,False,True,4,99592
3afaf808493e4e8009f986cd,century,CTKB,2022-03-17,Cytek Biosciences,27,0,True,True,True,17,219872
56dc61d426ae6d481ae6b603,century,ADCT,2022-03-17,,0,0,True,True,False,32,220103
7be21a9bb0871f7353770a80,century,CGEM,2022-03-17,Cullinan,202,0,True,True,True,13,219933
b881ed627cc697ee35d11fed,century,VERI,2022-03-17,Veritone,0,0,False,True,True,26,212370
c973e0745c656adc866d17c5,century,ALDX,2022-03-17,Aldeyra,8,0,True,True,True,12,219877
ef4ae55a391f65907d1e0cd0,century,DXLG,2022-03-17,,0,0,True,True,True,25,137166
fdcfc7d64805ff3001620ebc,century,XFOR,2022-03-17,,0,0,True,True,True,58,219336
3bfe76f365024e46abf50463,century,FUTU,2022-03-18,Futu,0,0,True,True,False,88,220417
4f923543e375be2495714af8,century,INTZ,2022-03-18,,0,0,True,True,True,132,186053
53dc7f13de768ab3e687e9ef,century,GENI,2022-03-18,,0,0,True,True,False,56,219839
7a5d13542b3cfc36d3ecda65,century,XMTR,2022-03-18,Xometry,0,0,True,True,True,54,220065
864ae8da73cb9f1d7c401f2e,century,LDI,2022-03-18,loanDepot,0,0,True,True,True,45,219900
952844915ee79aa26e4c71de,century,HUT,2022-03-18,,0,0,False,False,False,5,16049
97c278997f9e2637a47ae326,century,IDYA,2022-03-18,IDEAYA Biosciences,9,0,True,True,True,26,219715
d17279e59b78f29639e3bd84,century,ONON,2022-03-18,,0,0,True,True,False,19,219997
21712271886c943b232b5b19,century,FTCI,2022-03-21,,0,0,True,True,True,17,220007
65342ede9342d9fe09eb9c4e,century,SONM,2022-03-21,SONIM,17,0,True,True,True,25,219857
7507caf6f24c4bf547408a3e,century,GLSI,2022-03-21,LifeSciences,0,0,True,False,True,37,167721
c1f306e8aef8125f6945f0fd,century,CRBU,2022-03-21,Biosciences,0,0,True,True,True,7,219994
39f4ad589962264f2fb71422,century,ISPC,2022-03-22,iSpecimen,0,0,True,True,True,72,220008
5d83cae563a2791d9c8f88aa,century,ABSI,2022-03-22,Absci,13,0,False,True,True,23,220037
64048a57aa95141c98b9940a,century,TDUP,2022-03-22,ThredUp,0,0,True,True,True,41,220050
8eed26f1989d492d8de970d8,century,ALLT,2022-03-22,,0,0,True,True,False,28,220031
b8823ec6d052c20652cee538,century,BRLT,2022-03-22,,0,0,True,True,True,140,218722
f5cce566b604ddac70398a02,century,MXCT,2022-03-22,MAXCYTE,0,0,True,True,True,25,220063
82c5adefcaa758e75dafe584,century,TXMD,2022-03-23,TherapeuticsMD,0,0,True,True,True,57,219483
f7898a58e997ab82aa79de5e,century,TNYA,2022-03-23,Tenaya,0,0,True,True,True,11,219920
78daa461a2d90437a876850c,century,ASAN,2022-03-24,,0,0,True,True,True,33,218960
8151b3b4a54f5f3b2ed30c6d,century,LZ,2022-03-24,LEGALZOOM,11,0,False,True,True,22,219978
85469bcc82cb339465f00449,century,RPID,2022-03-24,BIOSYSTEMS,0,0,True,True,True,10,219937
d0b3030dd8fc01d19a65d5a4,century,RKLB,2022-03-24,,0,0,True,True,True,108,219441
d4afb9576f78a01533ba1418,century,TBLA,2022-03-24,Taboola,132,0,True,True,False,11,220020
e3f68eca5bb39cc8d9c7b87a,century,CODX,2022-03-24,Co-Diagnostics,0,0,True,False,True,69,190874
f01b422dd54ad51bb561ec8f,century,SGHT,2022-03-24,Sciences,0,0,True,True,True,10,219989
f48ee85002f16cb528017122,century,ERAS,2022-03-24,Erasca,22,0,True,True,True,43,220221
0d388276f9dbdaa1b83a014d,century,SMWB,2022-03-25,SIMILARWEB,0,0,True,True,False,16,220025
40298d8c64297575b51a0c94,century,TMC,2022-03-25,metals,58,0,True,True,False,57,220350
83dedf5e046a78f53546d54a,century,XCUR,2022-03-25,EXICURE,0,0,True,True,True,48,220029
a476e9810cd08a56a7cf57ea,century,PLCE,2022-03-25,Childrens,0,0,True,True,True,5,149294
b6311f13b45f9e2089cc319b,century,HYPR,2022-03-25,,0,0,True,True,True,108,219912
e2ddd429bb6e8bf1db015d22,century,LRMR,2022-03-25,Larimar,6,0,True,True,True,17,219781
ecf5c606b32a78a450cf06f7,century,ENVX,2022-03-25,Enovix,113,0,True,True,True,33,219980
f82b9b9794173c9f1647e385,century,SMRT,2022-03-25,SmartRent,0,0,True,True,True,102,219809
2d4f84cadbcdf944ada442fb,century,TNGX,2022-03-28,,0,0,True,True,True,35,219589
424a361a654ddde85bf51190,century,AVAH,2022-03-28,Aveanna Healthcare,49,0,True,True,True,13,219963
467e28452703f0d5e46d7388,century,BIDU,2022-03-28,Baidu,52,0,True,True,False,29,219992
4966cabb7f20393fb3a02a0a,century,ABOS,2022-03-28,,0,0,True,True,True,10,219913
591f299931e6d768fbe288bb,century,FDMT,2022-03-28,,0,0,True,True,True,19,219700
aad18732719ea30efa2dfbe0,century,TLS,2022-03-28,TELOS,97,0,True,True,True,36,193912
cb8548b4dbebe3cb70da8e0e,century,PSFE,2022-03-28,Paysafe,0,0,True,True,False,143,220220
d0d7d3ac7963e86481cf8036,century,IQ,2022-03-28,iQIYI,55,0,False,True,False,20,220032
ed7aba7bab667dcfdc25d269,century,GLBE,2022-03-28,Global-E Online,39,0,True,True,True,8,220015
efbe0ea019d4c2918854f009,century,CCL,2022-03-28,,0,0,True,False,True,88,90645
0f6d3814346415fac08b5416,century,FLYW,2022-03-29,Flywire,0,0,True,True,True,26,220072
16c46dd447fa5ae734c53397,century,LYEL,2022-03-29,Lyell Immunopharma,4,0,True,True,True,19,219821
181cc371866775b436b096fd,century,PCT,2022-03-29,PureCycle,33,0,True,False,True,485,221426
1ebbeb70ce5e27a406f839a6,century,DNA,2022-03-29,Bioworks,0,0,True,True,True,26,219979
544772cf84f40297b46cf330,century,VRA,2022-03-29,,0,0,True,True,True,154,202606
603fe398be610be3b4381223,century,RELY,2022-03-29,Remitly,19,0,False,True,True,28,219987
933534f099e54306b672a4a3,century,CLBT,2022-03-29,Cellebrite,151,0,True,True,False,4,220039
a0f40beb9a02c9e24006abb2,century,HUMA,2022-03-29,Humacyte,0,0,False,True,True,98,219921
cb23c22328245d5b7cef1eec,century,GLUE,2022-03-29,,0,0,False,True,True,40,217395
e34158da0f8e68792adb4d60,century,SSTI,2022-03-29,SHOTSPOTTER,0,0,True,True,True,101,219711
e74dc608a73bb76c0feab32c,century,COOK,2022-03-29,Traeger,0,0,False,True,True,72,219975
ed356bb7b5f0633a96bbd42d,century,SCYX,2022-03-29,SCYNEXIS,0,0,True,True,True,18,211960
2a234cb75ef7c20e261a1d7c,century,KRNT,2022-03-30,Kornit,18,0,True,False,False,19,219950
55a587cf23183441cedf5d0d,century,BNTX,2022-03-30,BioNTech,16,0,True,True,False,7,220065
57b7bbec85611443d0242d4e,century,DQ,2022-03-30,DAQO,110,0,False,True,False,12,219971
7e2dae92623c8d9ef0dac86c,century,YOU,2022-03-30,,0,0,False,True,True,56,219778
83e22fb1abd0539bf7ccb429,century,CURV,2022-03-30,,0,0,True,False,True,18,219881
90dc99583e35f9e75a0ceb6b,century,RH,2022-03-30,,0,0,False,True,True,97,220647
b19b8ce5adb163c68e1f9c7a,century,INVZ,2022-03-30,Innoviz,36,0,True,True,False,29,219669
cc28df9fc7ce4965bb098a9d,century,SNOW,2022-03-30,,0,0,False,True,True,41,208221
d1ec9565d4b856ab76512779,century,ATAI,2022-03-30,ATAI Sciences,43,0,True,True,False,87,220109
df861a1b8f7f5f2cfb7dca24,century,CELZ,2022-03-30,,0,0,True,True,True,22,161091
f4a6cefbf6d10dfb09a536c7,century,TCRT,2022-03-30,Alaunos,4,0,True,True,True,19,219767
02c855943c7f51e903947ecb,century,AEI,2022-03-31,Alset EHome,138,0,True,False,True,26,219889
0449e16797f10e6905bb4e12,century,MLCO,2022-03-31,Melco Resorts,210,0,True,True,False,6,219989
0b72eebbc9a1caf2a6537f49,century,CTRM,2022-03-31,,0,0,True,True,False,10,220003
1c68f5e073196be545e1e30b,century,BKKT,2022-03-31,Bakkt,62,0,True,True,True,8,220001
2237c40b492acda95d2ceb98,century,AEI,2022-03-31,,0,0,True,True,True,70,113722
24cf9660dd1d705641623f86,century,SBEV,2022-03-31,,0,0,True,True,True,63,209938
266a026537514e17b433f75b,century,HYMC,2022-03-31,HYCROFT,145,0,True,True,True,32,219739
2794374aac73a8b09bbd66e5,century,FSM,2022-03-31,FORTUNA,1,0,True,False,False,4,18081
365591a188ee0ca673c7123f,century,BSET,2022-03-31,BASSETT,34,0,True,True,True,38,85310
36be36da9df0f996f0c917db,century,GNLN,2022-03-31,Greenlane,0,0,True,True,True,62,219793
44f5465bf7fe6751990395d0,century,BLND,2022-03-31,Labs,0,0,True,True,True,19,219949
4699e7808bf2668540ac14d3,century,DTST,2022-03-31,,0,0,True,True,True,70,175876
668389f5ae3be5dc921d9402,century,AEI,2022-03-31,,0,0,True,True,True,71,103925
6eaed06087d1f10a65c5622a,century,PW,2022-03-31,,0,0,False,False,True,188,210056
73a808c1ae41777fb0e723f8,century,TSHA,2022-03-31,Taysha Therapies,15,0,True,True,True,123,220287
7c20cf7a1c02aa633274093f,century,DBGI,2022-03-31,Brands,57,0,True,True,True,111,219143
7da6a3fe509e5d1f9cd547d6,century,AVPT,2022-03-31,AvePoint,0,0,True,True,True,213,219102
81074365e32ab112d9492f1d,century,BLFS,2022-03-31,BIOLIFE SOLUTIONS,21,0,True,False,True,19,219972
8273bf65279e49503170a688,century,PPSI,2022-03-31,SOLUTIONS,55,0,True,False,True,21,191466
84e7d5ae8c2a2c8c04d8074f,century,AEI,2022-03-31,XXII,25,0,True,True,True,78,107571
86e9e8ca0fba6c5ed3136e9b,century,NRXP,2022-03-31,,0,0,True,True,True,64,219339
8cce72aff131693f834296b9,century,AEI,2022-03-31,,0,0,True,True,True,82,117053
90c83a248ab52dde7e8db685,century,ANY,2022-03-31,,0,0,False,True,False,230,220519
9cef6706eb87004925312e16,century,SPRO,2022-03-31,Spero,5,0,True,True,True,8,219977
9fce497234f08f090a668ba4,century,NCNO,2022-03-31,nCino,106,0,True,True,True,55,219921
adbe62807381339aba4a7f48,century,WULF,2022-03-31,TERAWULF,0,0,True,True,True,358,207775
b9ad17244cb63bc46aaf36bf,century,DSS,2022-03-31,,0,0,True,False,True,204,220989
ca59cae6c917ecfd269eef16,century,ENVB,2022-03-31,Enveric Biosciences,23,0,True,False,True,8,219998
e3198cd68718306c5216816b,century,USAS,2022-03-31,Americas,7,0,True,False,False,2,37475
e328dd20fb429acc6b217877,century,NNDM,2022-03-31,Nano,8,0,True,False,False,59,219635
e8377662aa5d9c1364ebd912,century,PHR,2022-03-31,Phreesia,0,0,True,True,True,66,209152
eb8ee597b6765f5ebf6e310d,century,AEI,2022-03-31,,0,0,True,True,True,69,113888
ed857ef9e0d415eeeafc2db4,century,REKR,2022-03-31,Rekor,30,0,True,True,True,19,203011
ed8ba037ad2b1cf20946ef14,century,PDSB,2022-03-31,Biotechnology,14,0,True,True,True,19,172333
f829b683d00d98f65848a486,century,ACTG,2022-03-31,,0,0,True,True,True,53,219482
ff4dfba052d8d66ef205369d,century,AEI,2022-03-31,,0,0,True,True,True,76,114825
0ddadcc73f57a2e8d2ee5d09,century,WIX,2022-04-01,,0,0,True,True,False,75,220210
38b0eaf994e7bec906e4fa01,century,AMBA,2022-04-01,,0,0,False,True,True,33,216116
d9d8850b80a0d7362b6911d9,century,GFAI,2022-04-01,Guardforce,40,0,True,False,False,73,220041
fcf0ad1cca1e7176ce5cd9de,century,PXS,2022-04-01,Tankers,57,0,True,False,False,8,220065
4e2aa285dcb4928ff2e249ff,century,DPRO,2022-04-04,Draganfly,0,0,True,False,False,116,219939
53882897617af0dfa2c796c3,century,SPCB,2022-04-04,SuperCom,0,0,True,True,False,47,205946
8eb360c196c05fdfc8d60dd6,century,CHPT,2022-04-04,ChargePoint,0,0,True,True,True,663,217857
596c98da91969b310d846663,century,CGNT,2022-04-05,Cognyte,24,0,True,False,False,55,219384
0dceec5ea404585038435601,century,NOAH,2022-04-06,,0,0,False,True,False,60,220305
d6b8438ab8390c178a923860,century,OTLY,2022-04-06,Oatly,25,0,True,True,False,20,219987
2dc251b5483a340435915370,century,WDFC,2022-04-07,,0,0,True,True,True,3,130689
d33a61df1da1c9bd4da6e280,century,S,2022-04-07,SentinelOne,0,0,False,True,True,44,209668
f40323b63e2e2ceae8227a30,century,LEDS,2022-04-07,SemiLEDs,0,0,True,True,True,59,122710
6026efff2a6448109c88ec68,century,ZH,2022-04-08,Zhihu,57,0,False,True,False,9,220079
de3240e85ae415c2a62682d3,century,F,2022-04-08,SolarWindow,17,0,False,True,True,15,56539
f929efcff75070466e3f9116,century,GTLB,2022-04-08,Gitlab,34,0,True,True,True,14,216832
12ed15f5bbf1e78aee732873,century,RDW,2022-04-11,Redwire,0,0,True,True,True,45,220005
24d162bf6a18a33834792cc0,century,CXM,2022-04-11,Sprinklr,0,0,True,True,True,147,220482
903b0a066018b2e63f9f7647,century,INDI,2022-04-11,indie,73,0,True,True,True,41,219518
9b5edcf59319255bdeddd26a,century,XP,2022-04-13,,0,0,False,True,False,211,221311
3875abc0803b81be4d642474,century,PL,2022-04-14,Labs,4,0,False,True,True,24,219988
a36125ad202082264088fe68,century,ARTW,2022-04-14,ARTS MANUFACTURING,17,0,True,True,True,1,64043
cd7b19defef8cba2f4ae016a,century,CTRN,2022-04-14,Citi Trends,39,0,True,True,True,59,206892
e810092ee17de7585ec4ccba,century,TLYS,2022-04-14,TILLY'S,4,0,True,True,True,11,174196
4abd86bbdd633e7522c12d93,century,BTBT,2022-04-15,,0,0,True,False,False,33,219955
697070705b96b32e0d4b3266,century,TOPS,2022-04-15,SHIPS,2,0,False,True,False,10,220045
6c5f63468c89ba62129850c0,century,HOFT,2022-04-15,FURNISHINGS,13,0,True,True,True,32,170468
7328e2291528c078c7bcd0b1,century,BTX,2022-04-15,Brooklyn ImmunoTherapeutics,191,0,True,True,True,43,219157
e45e838c58a6596944501865,century,SWVL,2022-04-15,Swvl,0,0,True,True,False,588,222165
41ca35d4df99a84f870bd12d,century,SKIL,2022-04-18,Skillsoft,0,0,False,True,True,196,219812
5f3109ea79a8b5c213421f30,century,Z,2022-04-18,ZHEN,78,0,False,True,True,17,165248
4dc6dd9046eb79c038b2b227,century,BEKE,2022-04-19,,0,0,True,True,False,14,219977
8f5ed14619a8bfecca489818,century,SAM,2022-04-21,,0,0,False,True,True,11,69750
17d7eebdc22bf92f5b4c603b,century,DUO,2022-04-22,Fangdd,18,0,False,True,False,45,219652
2cadf5b0c5f6174b537aeabb,century,LGHL,2022-04-22,,0,0,True,False,False,8,220025
690bbed0c024c631c6e1f46d,century,YSG,2022-04-22,Yatsen,50,0,True,True,False,2,220075
ab2372bf5d1d867531b1532a,century,SE,2022-04-22,,0,0,False,True,False,2,220077
0339442bd7bcf9485bed0348,century,YALA,2022-04-25,,0,0,True,True,False,5,220085
2edd746e4c3375e600570189,century,ATHM,2022-04-25,Autohome,0,0,True,True,False,44,219978
4de4ae5cff6b6edf37f53932,century,YMM,2022-04-25,,0,0,True,True,False,13,219898
69a08643742a0e11aef0329d,century,BILI,2022-04-25,Bilibili,0,0,True,True,False,83,219972
cd7e84a98017f2f3eb6c5f73,century,PDD,2022-04-25,Pinduoduo,0,0,True,True,False,43,219954
e02f4f7f1683b05485c9c15f,century,CENN,2022-04-25,CENNTRO,0,0,True,True,False,56,220052
1ab0d5b71cbbdf13d2ca50d1,century,TME,2022-04-26,Tencent,99,0,True,True,False,24,219801
32d01eff644f73dc3572e2e4,century,VNET,2022-04-26,VNET,0,0,True,True,False,158,220481
754cb6b89952cdc98b795fe5,century,EVO,2022-04-26,Evotec,75,0,True,False,False,52,220151
939f13424f04f155e5c236d4,century,GOTU,2022-04-26,Gaotu Techedu,13,0,True,True,False,22,219927
c09f68837b6e41f1b98c7aa2,century,CALX,2022-04-26,,0,0,False,True,True,17,165507
13d0af31b1a0434e38a69fa7,century,MOMO,2022-04-27,,0,0,False,True,False,62,220037
1b6d3181f3cd71d3ba825b50,century,MKTX,2022-04-27,MARKETAXESS,0,0,True,True,True,29,129938
31eae4595bc774e45d3b0624,century,RERE,2022-04-27,ATRenew,0,0,True,True,False,23,220042
3752c5cfcfdec2e8541cf522,century,VIPS,2022-04-27,Vipshop,0,0,True,True,False,47,220115
3836be900580aca1ce4a75ad,century,PI,2022-04-27,IMPINJ,22,0,False,True,True,2,118503
753e454236ac1d60f4513fce,century,GOVX,2022-04-27,GeoVax Labs,7,0,True,True,True,10,48437
7cf28f22bef7db5088b7dce6,century,GM,2022-04-27,Motors,0,0,False,True,True,236,151490
999433065b92f760ec34fdbc,century,HTHT,2022-04-27,Huazhu,32,0,True,True,False,1,220069
a95fd68e3abbe9661bfe0427,century,TCOM,2022-04-27,,0,0,True,True,False,31,220069
aa751a73b18e1d309dac68d5,century,NIU,2022-04-27,,0,0,True,True,False,57,220051
d8d954fced210c14ff0bca57,century,MXL,2022-04-27,MAXLINEAR,0,0,True,True,True,37,175856
02b5ff8e570c3cecea8ebd0c,century,F,2022-04-28,,0,0,False,True,True,49,178890
02da3d51a2641931ddb5543f,century,CLB,2022-04-28,LABORATORIES,5,0,True,True,False,32,95812
12b4a093dc6ec8ff9c2d2ecb,century,HUYA,2022-04-28,HUYA,0,0,True,True,False,78,220217
14a640057fa8edf21811562d,century,QFIN,2022-04-28,DigiTech,0,0,True,True,False,16,219945
24b9f616cce1933ff9b10991,century,DAO,2022-04-28,Youdao,125,0,False,True,False,10,220043
2bfaa014d2df1bfb22b51507,century,CSIQ,2022-04-28,,0,0,True,True,False,12,220003
2cd23aa216550270d83401b8,century,GDS,2022-04-28,,0,0,True,True,False,45,220290
34b42c248a2c8efb03b28992,century,GRAB,2022-04-28,,0,0,False,True,False,60,220305
3e15fa6d9e853c48ffb6fdd2,century,SNDL,2022-04-28,Growers,0,0,True,False,False,12,219985
53edf0278611639e5eed8ed8,century,F,2022-04-28,CEMENTOS PACASMAYO,144,0,False,True,False,0,220065
5c31861d2f592db19d049178,century,EH,2022-04-28,EHang,72,0,False,True,False,2,220077
64dfe5c20f17e7f3c0fc6487,century,BZH,2022-04-28,BEAZER HOMES,62,0,True,True,True,14,139337
6d8b7d54440c31568f5bae97,century,SPRC,2022-04-28,SciSparc,0,0,True,False,False,41,219973
7c67fd2a21afffb754ffc485,century,CYH,2022-04-28,,0,0,True,True,True,67,167672
7d157125ab7d6bcfce7aabcb,century,XPEV,2022-04-28,XPENG,10,0,True,True,False,18,220041
8dc6deee645ce5e482f29acd,century,NDLS,2022-04-28,NOODLES,0,0,True,True,True,16,76980
95462df240a9a187039e3fd5,century,PKX,2022-04-28,POSCO,195,0,True,True,False,64,219409
9651ac837e7a9f911b426327,century,API,2022-04-28,,0,0,True,True,False,9,220054
9cf96d3d8ece7ad5ec6df588,century,NEGG,2022-04-28,Newegg,122,0,True,False,False,18,219965
beafe99f4050d61e8aa9e00b,century,NVCR,2022-04-28,NovoCure,0,0,True,True,True,16,69095
c069e2868c45038c391faca0,century,TROW,2022-04-28,ROWE,140,0,False,False,True,2,116761
c476fccee400db692f3f81aa,century,DAN,2022-04-28,,0,0,False,True,True,12,127203
cefa3bb10bd6fe015fc88eda,century,TIGR,2022-04-28,Fintech,7,0,True,True,False,14,220055
ddae1d7febd35f3cfacaa37a,century,PEGA,2022-04-28,PEGASYSTEMS,0,0,False,True,True,46,78071
e33cee2242c99d82541d8b86,century,BZ,2022-04-28,Kanzhun,0,0,False,True,False,20,220100
eb28778d9d73a3326c2b45f0,century,LPL,2022-04-28,,0,0,True,True,False,65,219690
f156d0fc339b935a3fd701f8,century,TUYA,2022-04-28,Tuya,0,0,True,True,False,60,220240
010ded65a7901e70b7473314,century,MHK,2022-04-29,,0,0,True,True,True,23,92137
142286ed5f03c22dcad8ac52,century,KXIN,2022-04-29,Kaixin,40,0,True,True,False,14,219931
194bc0a7423b118afe49d16a,century,FSLR,2022-04-29,,0,0,True,True,True,29,146962
1c84dc800eb16a11f17a3e0a,century,AFYA,2022-04-29,Afya,0,0,True,True,False,137,220613
1dae687a63184573aefd99fa,century,PETZ,2022-04-29,,0,0,True,False,False,9,219975
1e27bc9fed9eff8116d0a3ef,century,LVS,2022-04-29,VEGAS SANDS,107,0,True,True,True,50,159087
208ea8d668e40d76059d08a0,century,BNR,2022-04-29,Biotech,1,0,True,True,False,11,219967
210e7c5b452f78086f958c43,century,COHU,2022-04-29,COHU,0,0,True,True,True,67,143802
2d428178a11ccc91b1cfe995,century,EVTL,2022-04-29,Aerospace,6,0,True,True,False,32,219753
3c9d4505603c30b7275c7839,century,VIP,2022-04-29,VEON,100,0,False,True,False,75,220014
4d4424b92cfe6eb057c439d2,century,JBLU,2022-04-29,JETBLUE AIRWAYS,31,0,True,True,True,26,126511
4ee784db3c33934e391b3acd,century,EBON,2022-04-29,Ebang,29,0,False,False,False,9,219983
560183995474918aec76871e,century,GRFS,2022-04-29,Grifols,127,0,True,True,False,3,220077
5d3a908b75d5f3a7a96e5c96,century,EXTR,2022-04-29,NETWORKS,13,0,True,True,True,24,173735
8e3f4dfe1265d42f903d7aa1,century,CD,2022-04-29,Chindata,0,0,False,True,False,34,220083
a1749c13e60b0d5d0ad97a18,century,NIO,2022-04-29,,0,0,True,True,False,137,220690
a6762184806645149d29f4a1,century,CHTR,2022-04-29,COMMUNICATIONS,31,0,True,True,True,2,85884
aa6883bd3c643e0e5b886bf1,century,F,2022-04-29,,0,0,False,True,False,2,220055
abfc250bffc6685039f88452,century,CX,2022-04-29,CEMEX,217,0,False,True,False,1,220071
b10492f31b85096449b16bac,century,YI,2022-04-29,,0,0,False,True,False,19,220053
bd020f7a5b6f61d9daadf0c3,century,LX,2022-04-29,LexinFintech,0,0,False,True,False,13,219893
be42ddf39d1967d5228acc0e,century,F,2022-04-29,NutriBand,0,0,False,True,True,17,198564
c30fa1fa4421030f2cc66e2a,century,BZUN,2022-04-29,Baozun,32,0,True,True,False,20,220019
c8f2f4a90426c3f8a227b296,century,JMIA,2022-04-29,Jumia,52,0,True,True,False,8,219995
cbb6774070dd2adb2711a7a5,century,CAN,2022-04-29,,0,0,False,True,False,48,220193
e9b58e6deb07dc1cb50e97d9,century,RLX,2022-04-29,,0,0,True,True,False,36,219807
f2b8ced3dc6538d163397c41,century,ORC,2022-04-29,,0,0,False,True,True,17,177636
f3557ebd61131061640d0496,century,FINV,2022-04-29,FinVolution,0,0,True,True,False,36,219845
ff88c512c798df83eaf83721,century,STNE,2022-04-29,StoneCo,0,0,True,True,False,31,220126
05d1dfd9f101c9de19df8b4e,century,TRIB,2022-05-02,BIOTECH,0,0,True,False,False,83,219532
0b03cdbdaf2fa7d5f7776306,century,INDO,2022-05-02,Indonesia,72,0,True,False,False,6,220053
0c9f830906041a81625b57c9,century,F,2022-05-02,,0,0,False,True,False,0,220065
20318683d84c0b3cac2a916b,century,QS,2022-05-02,QuantumScape,0,0,False,True,True,73,159552
21d74b8000fdf930b93da4c3,century,BJRI,2022-05-02,RESTAURANTS,43,0,True,False,True,2,72589
384a1edd826af9881bf7edb2,century,DLO,2022-05-02,dLocal,51,0,True,False,False,1,220070
496b8796b87396a91ecd75e6,century,CHGG,2022-05-02,CHEGG,54,0,True,True,True,14,92854
496bbed0c52fec6948317054,century,CENX,2022-05-02,,0,0,True,True,True,42,107223
4c67bf3aec5e4f0aec6957c9,century,F,2022-05-02,Hi-Great,0,0,False,True,True,16,43263
4d276530fcdb296c31bc7275,century,LU,2022-05-02,Lufax,17,0,False,True,False,22,219912
5bf467da09d8629308e29a4c,century,GGR,2022-05-02,Gogoro,153,0,True,True,False,21,220026
7d5ce19b8f524efd8044604c,century,KMPR,2022-05-02,KEMPER,64,0,True,True,True,38,181081
8e4f917b1208f35397c52421,century,NCTY,2022-05-02,The9,27,0,True,True,False,4,220081
93ce91f2e53952ba35fda7d9,century,MTLS,2022-05-02,MATERIALISE,75,0,True,True,False,29,219921
97b4584c47fe88ec4c85d1ad,century,PAGS,2022-05-02,PagSeguro,120,0,True,True,False,15,219967
9f7e068981495f52df0e6a51,century,HEPS,2022-05-02,D-MARKET Services,98,0,True,False,False,4,220013
a451704f2154acdca56559e1,century,CDLX,2022-05-02,Cardlytics,0,0,True,True,True,51,177120
a577b3c52367b7652c7b8cdb,century,NNOX,2022-05-02,Nano-X Imaging,56,0,True,True,False,6,220049
a61f345a6b4c2699686425db,century,SOS,2022-05-02,,0,0,True,False,False,105,220518
b7feb3cf2782d13668c9bf9d,century,ARBK,2022-05-02,Blockchain,72,0,True,True,False,3,220047
bde79afc243d59d62323ca89,century,QURE,2022-05-02,uniQure,6,0,True,True,False,10,98826
c2ff0c8c7d5efcd633ea191c,century,CAKE,2022-05-02,,0,0,False,True,True,44,112753
c95a0c3dc79c0df95b815bb9,century,DDL,2022-05-02,,0,0,True,True,False,13,220130
e3df9cc7d0ae1eead667c4c5,century,TDOC,2022-05-02,Teladoc,5,0,True,False,True,33,115739
f964ec8bb2fcc235a06177b4,century,SAIA,2022-05-02,SAIA,0,0,True,True,True,43,72338
f996dcb869a746e408760859,century,KC,2022-05-02,Kingsoft,54,0,False,True,False,64,219705
1e62cab18a008eaca4927d2f,century,HY,2022-05-03,HYSTER-YALE MATERIALS,5,0,False,True,True,26,93243
2873946d4868f3a78e8af9d4,century,MDXG,2022-05-03,MIMEDX,10,0,True,True,True,18,86589
3794eba8bbe4d7db2f9c2323,century,HLF,2022-05-03,HERBALIFE,0,0,True,True,True,59,148427
385da87e9ddbfb81409511db,century,QTWO,2022-05-03,,0,0,True,True,True,4,206185
4775f7bd0a449a120c74eb0f,century,AMRC,2022-05-03,Ameresco,0,0,True,True,True,41,112954
4a449213df003fd22ab81433,century,MSTR,2022-05-03,MICROSTRATEGY,0,0,True,True,True,59,168702
97c5d767bd0065dd8283fc2a,century,LGIH,2022-05-03,Homes,76,0,True,True,True,20,112692
a0b26a62f9cd045b4d5467b4,century,PEN,2022-05-03,,0,0,False,True,True,51,108427
dab90a03c55122d43b5bae6f,century,NRDS,2022-05-03,NERDWALLET,0,0,True,True,True,19,62521
ea66feb4c64e77667932454b,century,RYTM,2022-05-03,,0,0,True,True,True,13,147774
f00aaae52c4c9c34b9b1a5dc,century,MGNX,2022-05-03,MACROGENICS,0,0,True,True,True,14,99023
0577568b3cd77e2fccd14713,century,LSCC,2022-05-04,,0,0,True,True,True,12,76714
0cd6da782b30de6f0d10d0cc,century,LOB,2022-05-04,Bancshares,2,0,False,True,True,44,164111
23643bf24991f24da50b366b,century,MGNI,2022-05-04,MAGNITE,0,0,True,True,True,24,202782
24320cd75a865255468dfe98,century,AMD,2022-05-04,DEVICES,5,0,True,True,True,27,101713
290a26623fc0bbe8167d8038,century,IVR,2022-05-04,Invesco,9,0,True,True,True,18,174994
4ac78ce2a981bd6a9de82b90,century,POWL,2022-05-04,POWELL,13,0,True,True,True,16,93919
4afa1984029b56b2770d48b2,century,ZYME,2022-05-04,Zymeworks,0,0,False,True,True,23,149664
66fe341fdb3d36e3c202f9dd,century,WING,2022-05-04,Wingstop,0,0,False,True,True,31,74188
7d86c3d47fb180658d971a21,century,PSNL,2022-05-04,Personalis,0,0,True,True,True,20,157408
8bc1013e839a9d8f7e3ce3f5,century,CRL,2022-05-04,LABORATORIES,1,0,True,True,True,41,116738
98da0e1209029438da7921d3,century,SRI,2022-05-04,STONERIDGE,0,0,False,True,True,79,137508
b269da59d6ad20f3499f258d,century,EAT,2022-05-04,BRINKER,1,0,False,True,True,12,114089
baa1863e9a8905baf13f9ece,century,FATE,2022-05-04,,0,0,False,True,True,20,144075
c35a8e3cee7a38dd8def507d,century,SITE,2022-05-04,SiteOne,2,0,False,True,True,21,134596
d224a9a1c0958cb126e9f289,century,ALLO,2022-05-04,,0,0,True,True,True,54,159558
da103e8c2e91097b300b04a8,century,SPNT,2022-05-04,SiriusPoint,0,0,True,True,True,107,218114
dc33edeb996828ee3e2d4c5f,century,ADPT,2022-05-04,Biotechnologies,5,0,True,True,True,55,109920
f6bd4e7c50732651397e0528,century,INSG,2022-05-04,INSEEGO,0,0,True,True,True,58,109398
ffd6b69b114c1457a25887a2,century,CZR,2022-05-04,Caesars,125,0,True,False,True,49,193313
07ac4f4a095e2e9e4068dc1b,century,LQDT,2022-05-05,SERVICES,22,0,True,True,True,31,136458
0d4d6f4d691de1313c84c54e,century,MTW,2022-05-05,MANITOWOC,0,0,True,True,True,29,86522
1785759bcbd97426d3731f21,century,PWP,2022-05-05,Perella Weinberg,4,0,True,True,True,298,193767
199e952616ba43b9ce1837c7,century,PAYC,2022-05-05,Paycom,7,0,True,True,True,32,132528
2ff693b020a23bcb41981d2a,century,LTRX,2022-05-05,LANTRONIX,0,0,True,True,True,41,161812
302a1fee45d9ab0881250f3b,century,ABUS,2022-05-05,Biopharma,0,0,True,True,True,19,136183
3b004f1fa5ec42069043226f,century,AGL,2022-05-05,agilon,13,0,True,True,True,23,106631
42c640f7406938b1228c3a4b,century,ATRA,2022-05-05,Atara Biotherapeutics,11,0,True,True,True,18,130270
43b098dca00c85a1464383d1,century,BCYC,2022-05-05,,0,0,True,True,False,12,189696
54cc1d827da83186cf37d906,century,ILMN,2022-05-05,ILLUMINA,0,0,True,True,True,41,101433
56d25470cb1f78583a2c1169,century,BFH,2022-05-05,,0,0,True,True,True,48,136235
5edd2b05322009464b21f071,century,AMPL,2022-05-05,,0,0,True,True,True,21,129704
62bd0ba262e901bb8de8a926,century,IOVA,2022-05-05,IOVANCE BIOTHERAPEUTICS,2,0,True,True,True,16,134400
68fcc528a5017a28f44f38e8,century,FOXF,2022-05-05,,0,0,True,True,True,33,199567
6d35132955da3c288e908cb1,century,PBI,2022-05-05,PITNEY BOWES,68,0,True,True,True,3,90885
6f7bdec8b493333a11f9eb19,century,IIPR,2022-05-05,PROPERTIES,70,0,True,True,True,14,128673
75370066873b6933b969f328,century,CLNE,2022-05-05,Fuels,31,0,True,True,True,20,152209
753a13e2fbdee13ce9024e77,century,APPN,2022-05-05,APPIAN,7,0,True,True,True,34,138992
8912940bbe99021c800717bd,century,HUBS,2022-05-05,HUBSPOT,0,0,True,True,True,16,146478
96fd0e705f555368daa95265,century,DFIN,2022-05-05,Donnelley Solutions,115,0,True,True,True,72,120571
9aa4024d58b6ff02da27f744,century,BNGO,2022-05-05,Bionano Genomics,2,0,True,True,True,12,152456
a2445ff8c9bac1685ee80ae7,century,CRDF,2022-05-05,Cardiff,0,0,True,True,True,21,53522
abb2db175677f11774f77331,century,SYNA,2022-05-05,SYNAPTICS,0,0,True,True,True,12,142358
b0c9e7c3f2da7eda49dc872d,century,ASTE,2022-05-05,ASTEC,8,0,True,True,True,24,103997
b62cd8c47d7ccd9b0e787036,century,BOOM,2022-05-05,,0,0,False,True,True,39,118804
c5d822feb319be4b63e7d638,century,ALGN,2022-05-05,,0,0,True,True,True,12,127441
c622b50025995dfe5033b1da,century,PLMR,2022-05-05,Palomar,0,0,True,True,True,26,142492
c8c445d4622ec5a585431a29,century,AQB,2022-05-05,AquaBounty,1,0,True,False,True,12,64780
ccf6a654dc3a8073242c54a2,century,KOPN,2022-05-05,KOPIN,10,0,True,False,True,15,64888
d9fe06b96f5464cf4d475b47,century,XNCR,2022-05-05,Xencor,16,0,True,True,True,1,112336
dd6bdcab0fa9f4f819ef8640,century,AMCX,2022-05-05,Networks,19,0,True,True,True,58,108841
ea6022334dfde64c249653cf,century,PTLO,2022-05-05,Portillo's,0,0,True,True,True,107,97670
ebe94d999e79505c3b15cdde,century,ARVN,2022-05-05,ARVINAS,0,0,True,True,True,25,99402
f262aa361bf970d60261693c,century,INGN,2022-05-05,,0,0,True,True,True,2,129946
fe774c5078ce1a37ac289b8a,century,KPTI,2022-05-05,Karyopharm,1,0,True,True,True,11,142227
ff17bb22857c349ba05e5369,century,SLQT,2022-05-05,SelectQuote,0,0,True,True,True,26,170396
0061ae052b84edf6dda94ca8,century,QNST,2022-05-06,QUINSTREET,0,0,True,True,True,17,215981
0d586c5bf47483f136a8a1e9,century,VNDA,2022-05-06,,0,0,True,False,True,16,98079
438e2201bbe722db58471d63,century,RARE,2022-05-06,Ultragenyx,0,0,False,True,True,20,124618
4a27759141b445b522027502,century,HVT,2022-05-06,HAVERTY COMPANIES,0,0,True,True,True,12,39691
57ad57c537e98ec9c2d74e3a,century,DKNG,2022-05-06,DraftKings,0,0,True,True,True,120,142026
593f165acc87a5cc1713598f,century,MYGN,2022-05-06,,0,0,True,True,True,21,96327
6a1d41ce4ea573dac6b36cb5,century,LOCO,2022-05-06,Pollo,5,0,False,True,True,24,144296
740798f9542d25738182f5de,century,FRSH,2022-05-06,Freshworks,0,0,True,True,True,18,107793
744d0dec00f23881341745b5,century,EVC,2022-05-06,ENTRAVISION COMMUNICATIONS,2,0,True,True,True,11,164593
87e1ba0bdb7c029ac991d7d3,century,GT,2022-05-06,,0,0,False,True,True,1,167047
88167db8ac07d55c01263253,century,SHAK,2022-05-06,,0,0,True,True,True,97,122268
88dc74b4864ccb9f785b1bd6,century,MRVI,2022-05-06,MARAVAI LIFESCIENCES,12,0,True,True,True,34,166031
903ad67ad51dd00a5c7d5015,century,AMRX,2022-05-06,Amneal,69,0,True,True,True,50,164409
905b4b0d11915daff99eb331,century,PAY,2022-05-06,Paymentus,0,0,False,True,True,20,108990
9083de24177475e4173c67fd,century,YUMC,2022-05-06,,0,0,True,False,True,38,144652
97777bc00c202e4fa12608dd,century,BFAM,2022-05-06,HORIZONS SOLUTIONS,5,0,True,True,True,18,100811
9baef41613ca147f08e1cec3,century,LBRDA,2022-05-06,Broadband,4,0,True,True,True,168,123640
9c6ecdf12dfb517f8f879c81,century,DLX,2022-05-06,,0,0,True,True,True,28,124161
aaa8c2bf30eb9ca7ed3f53dd,century,CABO,2022-05-06,,0,0,True,True,True,25,127593
c73c05067e068c483bdce177,century,CARS,2022-05-06,Cars,0,0,True,True,True,34,78125
cd5c347248a2239b165eea62,century,NTGR,2022-05-06,NETGEAR,0,0,True,True,True,40,181936
d333fcbddd83d160e2cdd7d6,century,DDOG,2022-05-06,Datadog,0,0,True,True,True,24,160621
e6e68c98d02d27e036c22696,century,PACB,2022-05-06,BIOSCIENCES,1,0,True,True,True,9,129458
0157e1b24a2547f440dbb6f9,century,ARCT,2022-05-09,,0,0,True,True,True,105,125101
02c6eb1e4df90fab38c91e45,century,LGND,2022-05-09,LIGAND,63,0,True,True,True,19,111625
0c9f5b918fd857e0b2f869c5,century,UONE,2022-05-09,,0,0,True,True,True,28,185488
1b9ec4679de3990023bb8230,century,ORIC,2022-05-09,Oric,0,0,True,True,True,92,156800
2fa4eeaf4c29ce3e6e2ff036,century,ATRO,2022-05-09,ASTRONICS,0,0,True,True,True,19,77787
31f67d7a7f7916b7de515f27,century,F,2022-05-09,MAKAMER,0,0,False,True,True,69,60928
3ae2c74b151116b626cad0db,century,RCUS,2022-05-09,Arcus Biosciences,7,0,True,True,True,9,148985
3bc5545e1880cfd143d39daf,century,RVMD,2022-05-09,Medicines,2,0,True,True,True,10,147422
47e617b9d20be3e03f7914ee,century,ACMR,2022-05-09,,0,0,True,True,True,60,159984
49b1b0418dee7f49c3c19de3,century,OSG,2022-05-09,SHIPHOLDING,0,0,True,False,True,34,61300
4de2bee9aa5ac78efd02f73a,century,TREX,2022-05-09,TREX,0,0,True,True,True,165,86350
5a4fa4b18284254426a473af,century,CPSH,2022-05-09,,0,0,True,True,True,1,37822
635cdef71ce8b6fde4303319,century,MITK,2022-05-09,MITEK,34,0,True,True,True,24,194417
6e00ea554e6fb21581b8c837,century,LPCN,2022-05-09,Lipocine,0,0,True,False,True,195,181982
6f92aedc8f24972806c7a9b7,century,MDGL,2022-05-09,,0,0,True,True,True,11,86539
739dd953776dc56338393968,century,DTIL,2022-05-09,BIOSCIENCES,0,0,True,True,True,17,187818
745b4806a52f16af5f847815,century,FROG,2022-05-09,JFrog,7,0,False,False,True,5,130103
74fb4b2617bf2f6a6bfe8972,century,CUBI,2022-05-09,Customers,249,0,False,True,True,89,175740
7a4ff4d97688df651cbce328,century,DSGN,2022-05-09,,0,0,True,True,True,18,156866
858bbec9c162bd430538ae79,century,ENTA,2022-05-09,ENANTA,0,0,True,True,True,9,68989
8fc050e879041b68d87173d3,century,F,2022-05-09,Ipsidy,12,0,False,False,True,9,83185
9aa57d376dd8e38788432648,century,PNTG,2022-05-09,,0,0,True,True,True,55,135346
a4869fc91ce25761119bdfe2,century,F,2022-05-09,,0,0,False,True,True,17,70419
ab4fe569eaa5a3084d2531ec,century,HGTY,2022-05-09,Hagerty,0,0,True,True,True,278,170987
b349eec2e18be01550d1b0ea,century,VSTM,2022-05-09,Verastem,0,0,True,True,True,15,117536
c164743b2c55d7a1f947f455,century,CNNE,2022-05-09,Cannae,31,0,True,True,True,34,104938
c65b58f1f005e3e003a13b98,century,PGEN,2022-05-09,PRECIGEN,0,0,True,True,True,95,153785
ccbd6a760a10f45821fa0a60,century,KNDI,2022-05-09,Kandi,63,0,True,True,True,59,108025
d26eac0fca6ab6a3e68a2fa5,century,F,2022-05-09,Products,5,0,False,True,True,8,30480
d4c439064a8269933c45e489,century,HIMS,2022-05-09,Hims,0,0,True,True,True,36,126181
dbaef7d4c37d3f0db1a7c09b,century,EOSE,2022-05-09,Enterprises,0,0,True,True,True,34,118450
dd8b7b6c15809880abc4398e,century,TNXP,2022-05-09,Tonix,43,0,True,True,True,43,122725
df498f4a1dbc36be5dff219e,century,BCRX,2022-05-09,BIOCRYST,5,0,True,True,True,15,182286
e27f64b0a71d9f3be67e2ccf,century,OPK,2022-05-09,OPKO,44,0,True,True,True,12,209474
004f5d7a8b8ae12e5c40234f,century,TTD,2022-05-10,,0,0,True,True,True,12,194946
022025105254103b642453c8,century,PHAT,2022-05-10,Phathom,3,0,True,True,True,12,106878
023f977e403b45f012509e6b,century,U,2022-05-10,Ridgewood,2,0,False,True,True,9,50986
06546941187bf8c6b75932c8,century,UCTT,2022-05-10,,0,0,True,True,True,14,107514
10fed68962bed9fa99db253d,century,LMND,2022-05-10,,0,0,True,True,True,40,125911
131e8589a52ee6a92e85ade1,century,ARWR,2022-05-10,,0,0,True,False,True,16,127893
1b63757d003779934aa10bf0,century,HOWL,2022-05-10,,0,0,False,True,True,16,134352
1df0a9d37c8939dc400e20b0,century,TROO,2022-05-10,Troops Islands,105,0,True,True,False,1,220069
1fbc502616e809ea8113deb7,century,WKHS,2022-05-10,Workhorse,0,0,True,True,True,16,71218
21953fb9d9b790d265858391,century,ONEW,2022-05-10,OneWater,71,0,True,True,True,23,177171
26e57029dd74a72ef8be8c77,century,UWMC,2022-05-10,,0,0,True,True,True,15,153349
2a2ebc28463fce6414b5c1ed,century,DDD,2022-05-10,,0,0,True,True,True,29,142817
2e9a571057417d0824a59831,century,RKT,2022-05-10,Companies,9,0,True,True,True,96,183697
34a2b63253aa4270d92cfbaa,century,CCO,2022-05-10,,0,0,True,True,True,22,89316
3c55e6a3b3ec484b08486365,century,TTGT,2022-05-10,TechTarget,0,0,True,True,True,29,115067
43afa41ce9297266e5371199,century,RXRX,2022-05-10,,0,0,True,True,True,16,94639
44b033217ba0885734e761d4,century,ANIP,2022-05-10,,0,0,True,True,True,26,160607
45ea3ea2fbe449e4dca1cde9,century,S,2022-05-10,RIDGEWOOD,2,0,False,True,True,9,52981
4744bf71771c534330d710e2,century,AOSL,2022-05-10,,0,0,True,False,True,3,188644
4b86ad27b4fcf077042fef7f,century,RGS,2022-05-10,REGIS,0,0,True,True,True,19,105880
4bdf5bb35e40aee1425b94a3,century,XPO,2022-05-10,,0,0,True,True,True,49,90188
4f973c639dd0c80f28cf39b9,century,WMG,2022-05-10,,0,0,True,True,True,43,156467
532f00bb1cc7caea72bc42f3,century,ZD,2022-05-10,ZIFF DAVIS,0,0,False,False,True,65,180588
6216f1999665f7a79ba2a34a,century,STOK,2022-05-10,,0,0,True,True,True,10,129982
6600e9b639e1c47f9a67b1bc,century,FUBO,2022-05-10,fuboTV,37,0,True,False,True,12,137867
70079bb9af5f0fa07a9e6d8e,century,OMER,2022-05-10,OMEROS,3,0,False,True,True,13,93816
700ad41f0b544f129a38e20f,century,KODK,2022-05-10,EASTMAN,5,0,True,True,True,26,115201
79f57692d26e28c20b671bc0,century,AKA,2022-05-10,BRANDS,8,0,False,True,True,59,130464
7b35688254b66a023d1352b7,century,PLTK,2022-05-10,Playtika,0,0,True,False,True,23,119707
83ad644b5c559f68cc8fc838,century,DFH,2022-05-10,Finders Homes,81,0,True,True,True,83,126021
83caf81ae72703a5f41403f2,century,WYNN,2022-05-10,RESORTS,8,0,False,True,True,162,116353
84b749eafea6e3b3c692ed7c,century,INO,2022-05-10,INOVIO,9,0,False,True,True,45,149414
89484393f2ad8747d40c20f3,century,ORGO,2022-05-10,,0,0,True,True,True,24,111800
8ab44599840a704e2a0ee501,century,XPEL,2022-05-10,XPEL,0,0,True,True,True,48,75978
8c5220b0c61b36594d3160d2,century,BHC,2022-05-10,Bausch Companies,147,0,True,True,True,29,213479
8cace003fcdb55081e80f6d1,century,AXON,2022-05-10,,0,0,False,True,True,86,136221
8e0a80c968249c91be154e0c,century,CTOS,2022-05-10,,0,0,True,True,True,31,139397
90a6b855a8b216b3e8c4a601,century,ATER,2022-05-10,,0,0,True,True,True,23,173935
96e3d72e3e2920950c832f93,century,ESE,2022-05-10,ESCO,0,0,True,True,True,9,71869
99dd780fd9e5713767bcb7e2,century,ZLAB,2022-05-10,,0,0,True,True,True,1,159824
a44656075161754b82a38b72,century,GOSS,2022-05-10,,0,0,True,True,True,15,106819
a52d3a42ba9b0e0cd5c4a858,century,WWR,2022-05-10,WESTWATER,10,0,True,True,True,27,56195
ad01e90bbfacc0bb43d3fae0,century,HLIO,2022-05-10,,0,0,True,True,True,12,71827
afdfb4fbb4fb26a1a72ae078,century,VFF,2022-05-10,Farms,54,0,True,True,True,35,112607
b68eaecfd9adb23f8b3a66c5,century,INNV,2022-05-10,InnovAge,0,0,True,True,True,57,179300
bb1b91be2f0d91791cbb7235,century,URGN,2022-05-10,UroGen Pharma,2,0,True,True,True,24,156412
bf723fd7157a594e0948b4db,century,VRTS,2022-05-10,VIRTUS,3,0,True,True,True,22,97801
c0f764d9f362c7b7139aeb59,century,PTON,2022-05-10,,0,0,True,True,True,22,196222
c1ad26d45709830bf034160a,century,ASLE,2022-05-10,AerSale,0,0,True,True,True,37,97395
c2e1ecf163e94514996ea99d,century,UGP,2022-05-10,ULTRAPAR,0,0,True,True,False,176,220067
c447df98f7c2a862bc2e6498,century,ESTA,2022-05-10,LABS,0,0,True,True,False,34,148025
c91dcda1daf331eea594d0e5,century,RPAY,2022-05-10,,0,0,True,True,True,49,113960
d00b1cc54d6562000523ff51,century,F,2022-05-10,,0,0,False,True,True,38,135440
d5ed13c4168f08a0065ab256,century,ADV,2022-05-10,Solutions,8,0,True,True,True,19,163325
d8adc31f88a1e029f49886d5,century,INSE,2022-05-10,,0,0,True,False,True,9,119936
e45e689fcf7afd37cbe75245,century,FWRG,2022-05-10,,0,0,True,True,True,19,87238
e4e387d396f3a0cc4dd9291d,century,SKIN,2022-05-10,,0,0,False,True,True,54,129717
e869210b3539e92070381d30,century,COLL,2022-05-10,,0,0,False,True,True,16,129433
eaf1476de07b26eb71196ec0,century,FLL,2022-05-10,RESORTS,2,0,True,True,True,13,111488
f5a5ecc302ff3049f9e00ed6,century,RDNT,2022-05-10,RadNet,24,0,True,True,True,31,140778
fd543547522260b0b9c6a2c5,century,RNG,2022-05-10,RingCentral,0,0,True,True,True,35,166211
ff7640d11e69110097691586,century,SIBN,2022-05-10,SI-BONE,3,0,True,True,True,18,131079
1f79e0088a0e1646072f0f97,century,TARS,2022-05-11,,0,0,False,True,True,30,137919
25b61d5937a70bf0334dd818,century,SPIR,2022-05-11,,0,0,True,True,True,38,165587
3c8d13390690adca9bc9ec39,century,BVS,2022-05-11,Bioventus,0,0,True,True,True,45,125713
3ddf2070f836443fec71f54c,century,BCDA,2022-05-11,BioCardia,0,0,True,True,True,24,73027
3f423f49d2da69a9ce89b77c,century,ACVA,2022-05-11,Auctions,9,0,True,True,True,19,156044
4f0c1fc6bfb317db29e67005,century,ARLO,2022-05-11,Arlo,0,0,True,True,True,93,130333
5efae6349eeb5ac6ee19f61d,century,PLSE,2022-05-11,Biosciences,2,0,True,True,True,9,159388
77f3046804dacee95cb71512,century,REPX,2022-05-11,,0,0,True,True,True,47,125450
78e28ebf3531f5a261cf10a3,century,F,2022-05-11,Ondas,65,0,False,False,True,35,152050
87e5ac5a71665849e599f723,century,DIS,2022-05-11,Disney,158,0,False,True,True,37,201560
8a084594162ab25340bebcc4,century,ARHS,2022-05-11,Arhaus,18,0,True,True,True,30,100669
94d032db595c737dd2fc8bd7,century,DNUT,2022-05-11,Krispy Kreme,1,0,True,True,True,47,111806
9857714ac49a10043d0a2016,century,MNTS,2022-05-11,Momentus,0,0,True,True,True,105,192905
a6366f37100dc52177771630,century,LTH,2022-05-11,,0,0,True,True,True,66,119296
aa67e2b640a1424fd462f5a3,century,BDSX,2022-05-11,BIODESIX,0,0,True,True,True,37,183834
abca5c65c9fb7ecabecc34e8,century,CRCT,2022-05-11,Cricut,67,0,True,False,True,13,167791
c6233645dfe5ed0cf2fd4355,century,EWTX,2022-05-11,,0,0,True,True,True,10,141682
e65e12d8912433ffb3279f93,century,BIRD,2022-05-11,Allbirds,0,0,False,False,True,39,141653
ebc04e1f46b63e2c65b99027,century,XERS,2022-05-11,Xeris Biopharma,91,0,True,True,True,48,190003
f5c31a3330aa60a27a50d02f,century,RIVN,2022-05-11,Rivian,52,0,True,True,True,2,79957
00297a9b116851a182757c2e,century,F,2022-05-12,NEXTNAV,0,0,False,True,True,47,74134
0911f79d7cfd926a4652238b,century,SLS,2022-05-12,SELLAS Sciences,5,0,True,False,True,32,93884
0fc3e62779eee0676e9df4b9,century,UTZ,2022-05-12,Brands,12,0,True,True,True,19,140240
17184875727444671c272eb1,century,F,2022-05-12,Cryomass,21,0,False,True,True,16,112062
1fbb022d3e9fa007bf280798,century,OSCR,2022-05-12,,0,0,True,True,True,23,152995
32a8053685b1df2c950d0ae3,century,NDRA,2022-05-12,ENDRA Sciences,4,0,True,False,True,12,82312
428d8e9443161dcca2cfb3a2,century,SWIM,2022-05-12,Latham,31,0,False,True,True,5,119972
431a898f0d0490810c747890,century,HLLY,2022-05-12,Holley,62,0,True,True,True,37,114539
434db47926e2128ac8af211c,century,CYN,2022-05-12,Cyngn,9,0,True,False,True,14,79792
43dcaa06f68a6b403c9ee49d,century,BYND,2022-05-12,,0,0,True,False,True,94,201092
51f7c1c64fce43a141da47d1,century,SABS,2022-05-12,Biotherapeutics,0,0,True,True,True,45,153593
59c9e284ec0a2fefd794c520,century,ACET,2022-05-12,Adicet,19,0,True,True,True,13,180670
5e16aff1ecce2174c72a53dd,century,NABL,2022-05-12,N-able,53,0,True,False,True,32,137203
6bc8f1bd2b1ceb9e147f20a1,century,CRNX,2022-05-12,Crinetics,3,0,True,True,True,12,128868
7ad457f0598414863ad084f0,century,TRVI,2022-05-12,Trevi,2,0,True,True,True,12,208810
7f160f7cb083e290f662b8c8,century,HRI,2022-05-12,Highlands,28,0,True,True,True,29,98480
8b508507d31a56ce47388368,century,MRAM,2022-05-12,EVERSPIN,3,0,True,True,True,58,165552
8cb7d1aa0db7a432209a789a,century,F,2022-05-12,Veritas Farms,1,0,False,True,True,41,120088
92dc50816266023a697c9680,century,PRVA,2022-05-12,Privia,52,0,True,True,True,32,131276
9eb173c3dc20d80ab32fea9f,century,TPR,2022-05-12,,0,0,True,True,True,62,168040
a2e317e9f4fc0b8c314e8990,century,WVE,2022-05-12,Sciences,0,0,True,True,False,63,102513
a91327a7fb865094ed8b1c98,century,ACHR,2022-05-12,,0,0,True,True,True,47,124600
b2f02a466294e03d65dbe192,century,BROS,2022-05-12,Bros,0,0,True,True,True,233,172128
b3d3dfb23812a5aa8e2e9eac,century,F,2022-05-12,RenovaCare,0,0,False,True,True,21,63205
b46862e532cc747ccf4942e2,century,IDAI,2022-05-12,,0,0,True,True,False,10,155743
b96f152c92821faa9d264d35,century,PHIO,2022-05-12,Phio,0,0,True,False,True,20,75827
bb85e64782c9a0ebba33a03b,century,LOCL,2022-05-12,Bounti,410,0,True,True,True,3,169727
c52ad6932a899b0855bd0387,century,CPNG,2022-05-12,Coupang,0,0,True,False,True,20,103971
c6740a5d5f1244b34f93f07e,century,DARE,2022-05-12,Bioscience,16,0,False,True,True,53,137420
cca72bcdcc3d11390d1e0532,century,BBAI,2022-05-12,BigBear,0,0,True,True,True,59,111967
d1b3b8fe4393cb21e15bfc5c,century,F,2022-05-12,RemSleep,0,0,False,True,True,16,46140
d4a1d287c58360bedce378e0,century,SONO,2022-05-12,Sonos,90,0,True,True,True,1,190173
e84c815b5c8658a724b2a669,century,F,2022-05-12,Properties,66,0,False,True,True,44,172944
e91913cc73e1cbd2d08312c3,century,FOSL,2022-05-12,,0,0,True,True,True,6,129442
eb6413fefd0ce49dfcc1498c,century,MGTX,2022-05-12,MeiraGTx,0,0,True,True,True,23,156297
ed30ef0538f2ca724f66ca7e,century,LTBR,2022-05-12,LIGHTBRIDGE,0,0,True,True,True,38,92394
ef40c265f6fd8bdca723feeb,century,NKTX,2022-05-12,Nkarta,4,0,True,True,True,15,135350
f6e9c3c402f10787421260b2,century,F,2022-05-12,YUMMIES,0,0,False,True,True,11,42215
f952911819b37c4319832811,century,CRMD,2022-05-12,CorMedix,0,0,True,True,True,40,135697
fe652eda18d2be21d06ba78d,century,F,2022-05-12,ENTERPRISES,12,0,False,False,False,12,219829
01db13b89439a7602d14b26b,century,EVGO,2022-05-13,EVgo,0,0,True,True,True,369,151875
0888fbf9a706132a0457eda8,century,TPST,2022-05-13,,0,0,True,True,True,39,100448
1af0617b4c3dfc9815742baf,century,COCO,2022-05-13,,0,0,False,True,True,52,111906
1d0b8fc5cc76ea262af1f077,century,F,2022-05-13,Solutions,3,0,False,True,True,31,101909
322f04e6c6649fe0c31d27f6,century,F,2022-05-13,OILFIELD,17,0,False,True,True,15,101349
32770dc314049827633457b2,century,F,2022-05-13,TRANS,0,0,False,True,True,11,26110
42b94b359b5a39ece67b6c84,century,COMP,2022-05-13,,0,0,True,True,True,70,137150
4a3abdca29d480681c280bf4,century,BFRI,2022-05-13,Biofrontera,0,0,True,False,True,75,97868
58beaf1221dd83b3bad06a3d,century,AIM,2022-05-13,ImmunoTech,0,0,False,False,True,34,181295
6b5dcfa934178f61df3b6990,century,ATNM,2022-05-13,,0,0,True,True,True,11,98436
872d6d93fcfb35ac17565299,century,ZIP,2022-05-13,ZIPRECRUITER,0,0,False,False,True,33,107432
87996d2914f213720ffb3ace,century,NVVE,2022-05-13,Nuvve,100,0,True,True,True,38,112705
8d3d4f99791192236de86b6a,century,F,2022-05-13,,0,0,False,True,True,12,91504
9057473e06de6c0e8fe2c037,century,HNST,2022-05-13,,0,0,True,True,True,12,164827
954e8229c7737c0d345a72b5,century,SKIN,2022-05-13,SKINOVATION,2,0,False,True,True,9,22288
a11f1a80735d54647a085790,century,ANGH,2022-05-13,Anghami,0,0,True,False,False,203,220135
a33b2a3f4335c253f78e59e3,century,F,2022-05-13,Genufood Enzymes,2,0,False,False,False,9,65754
b324bac56ff1278ec394a3be,century,VELO,2022-05-13,,0,0,False,True,True,26,105254
b3d499e6bfa1ddc625b8264e,century,F,2022-05-13,Pharma,10,0,False,False,True,36,166222
d686cb1c64934fb33d97c954,century,BVN,2022-05-13,BUENAVENTURA,75,0,True,True,False,7,220084
e2ddde897c195fdf166af813,century,IMMR,2022-05-13,,0,0,True,True,True,49,107460
e349e8f0b9fc4be3b5ec0d37,century,AIRS,2022-05-13,Airsculpt,12,0,True,True,True,16,71406
e3a7e8ec878dbc53f4b25805,century,VIVK,2022-05-13,Vivakor,0,0,True,True,True,27,85541
e647f2f7e6a3d062823fb24a,century,FLNC,2022-05-13,Fluence,40,0,True,True,True,112,141911
f343837a17252e970109b157,century,TOST,2022-05-13,,0,0,False,True,True,11,171452
f9f9c2cde82e290ee7c61278,century,F,2022-05-13,Tengjun Biotechnology,15,0,False,True,True,11,65527
fae6ed98263f788b9600a687,century,SES,2022-05-13,,0,0,True,False,True,119,163272
052f63547726eda0f72677f4,century,F,2022-05-16,Aeluma,16,0,False,False,True,4,65395
1e9cf9ace4d46ece94a3e25f,century,GRWG,2022-05-16,GrowGeneration,0,0,True,True,True,33,75431
2184eec13b732726e2536296,century,F,2022-05-16,HealthLynked,0,0,False,True,True,47,132040
3b1e6536461b1d2942c26f51,century,ASTS,2022-05-16,SpaceMobile,35,0,True,True,True,14,137689
3cb59ca4be2472c3f480e0be,century,F,2022-05-16,,0,0,False,True,True,11,113801
3fa8f43acf6d8dcaeddc9ec5,century,F,2022-05-16,,0,0,False,True,True,8,51452
4a3a10c09e28e22d13db57b7,century,F,2022-05-16,,0,0,False,True,True,11,120801
4cdd227efadca5c81ff53072,century,F,2022-05-16,Nu-Med,7,0,False,True,True,13,40075
55439b510939492d606a4be3,century,WIMI,2022-05-16,WiMi Hologram,29,0,True,True,False,105,220335
5a362beea122f218ff1c9876,century,NVTS,2022-05-16,Navitas,55,0,True,True,True,40,109995
5addcd5cd363cdc013528881,century,PLX,2022-05-16,Protalix BioTherapeutics,25,0,True,True,True,16,110797
5b06302adc8c815edc3375a9,century,CELU,2022-05-16,Celularity,0,0,True,True,True,133,165319
5b5e01b7d5a0dbc706c17bf8,century,F,2022-05-16,Brands,1,0,False,False,True,15,91822
65aff086298d6bb75c692335,century,AREC,2022-05-16,,0,0,True,False,True,21,88191
67d3426487125fb093f741a9,century,F,2022-05-16,,0,0,False,False,True,0,66271
70661b3a702df0a94b2e6e04,century,EXFY,2022-05-16,Expensify,0,0,True,True,True,68,122301
7259bcd1c4f0ae607233298d,century,MVST,2022-05-16,Microvast,0,0,True,True,True,74,124903
781a6e33c10113e81c2d3875,century,F,2022-05-16,,0,0,False,True,True,0,105838
79ce3673025742ba34fe6fb8,century,F,2022-05-16,,0,0,False,True,True,8,37460
7d366ded2aa4e6382b7a6b13,century,F,2022-05-16,SUNHYDROGEN,0,0,False,True,True,24,74220
7dd371072f12bc8845f89c58,century,F,2022-05-16,Venetian-1,0,0,False,True,True,12,39040
7f01edfde2a7657383d5e8e8,century,SJ,2022-05-16,Scienjoy,0,0,False,True,False,50,219992
80e34b17760b44a9b62967ec,century,F,2022-05-16,SHARING,19,0,False,False,True,11,96495
8253fc20b8c87914b0694576,century,F,2022-05-16,Gushen,9,0,False,False,True,2,95905
8458ee8322578ed95181d529,century,F,2022-05-16,Aspen-1,0,0,False,True,True,12,39147
84cdbb019fc6d6ac15f1e67c,century,F,2022-05-16,Opportunities,0,0,False,True,True,23,98431
8c4edc6590ca7151efda6fd5,century,F,2022-05-16,DecisionPoint,5,0,False,False,True,13,64741
8d507444f4524095c099e0e3,century,MITQ,2022-05-16,,0,0,True,True,True,34,102701
901ba6ef904693e3022953bd,century,F,2022-05-16,Surfside,0,0,False,True,True,12,39301
9ac3730b1d78d3431c19b5c3,century,F,2022-05-16,Elvictor,0,0,False,True,True,31,66743
9f347f4738572fd93e2dd6e4,century,F,2022-05-16,Nano,18,0,False,False,False,1,220061
a7a3daf590e1084cc8fa8f8c,century,F,2022-05-16,,0,0,False,True,True,9,143611
a9ed656073472bd419e8719b,century,F,2022-05-16,LOGIQ,30,0,False,True,True,22,160599
af359664fef54d94153bf92a,century,NRGV,2022-05-16,,0,0,True,True,True,129,160932
b6687ef71306255a35cb6a6a,century,F,2022-05-16,MULIANG VIAGOO,308,0,False,True,False,40,139389
bbf9e6fac57f98afe27c29c5,century,F,2022-05-16,,0,0,False,True,True,18,39289
bd15b08f1280dbb728873177,century,PHUN,2022-05-16,Phunware,0,0,True,True,True,24,100337
bd6d264e8d8289599cc0f5ce,century,WRBY,2022-05-16,Warby,0,0,True,False,True,31,112329
bf597574c2c94a6cb1cf70e8,century,F,2022-05-16,SATIVUS,1,0,False,True,True,25,61117
c429c83cbb1afb0a5e84f90f,century,F,2022-05-16,ORIGINCLEAR,0,0,False,False,True,60,160962
c4576cb072ece8742172e4da,century,SRRK,2022-05-16,,0,0,True,True,True,13,141757
cab9b31e96feae79d8456c10,century,F,2022-05-16,BOXSCORE BRANDS,0,0,False,True,True,12,80884
cb8447eaa21bdcf49ee76fd5,century,AYTU,2022-05-16,AYTU BIOPHARMA,25,0,True,True,True,43,176689
cc91e228152218f52a79d07a,century,VERA,2022-05-16,,0,0,False,True,True,11,169656
d320a193b76552464c3c4d10,century,F,2022-05-16,,0,0,False,True,True,30,73222
daf6eabe30b28754ceb5509c,century,F,2022-05-16,,0,0,False,False,True,26,121975
dcddd900913ab2d509d6d5fa,century,BMBL,2022-05-16,,0,0,True,True,True,60,173427
e1d81f149824e41704f55a65,century,F,2022-05-16,MICROALLIANCE,0,0,False,True,True,11,61761
edb542273a8763a31c9c59c3,century,F,2022-05-16,,0,0,False,True,True,12,39803
ee4c2a04c55b4079e3ce9b92,century,F,2022-05-16,,0,0,False,True,True,14,40076
fdca4c7d0e1086ec51553c2b,century,F,2022-05-16,NightFood,0,0,False,True,True,57,133777
63a1d733e9cb6e4c30472e42,century,F,2022-05-17,Allarity,40,0,False,True,True,43,219464
846b3fcfd0c95677ada802a0,century,F,2022-05-17,Sino Agro,22,0,False,True,True,56,183128
95a5c7d3e0cb9a7f813d4e47,century,BAOS,2022-05-17,Baosheng,139,0,True,True,False,11,220039
b99593170362d11c5dcf7568,century,LVLU,2022-05-17,Lulu's,0,0,True,True,True,1,135147
bc37164d6d9b30471240034f,century,F,2022-05-17,NANOMIX,0,0,False,True,True,58,117494
e857fb6eabc708a4a861eec2,century,TTWO,2022-05-17,,0,0,True,True,True,37,164621
2d916156cf268ab89f9eb249,century,F,2022-05-18,COMMUNITIES,0,0,False,True,True,11,42254
4e0165fa19d7e4e3b5878318,century,SID,2022-05-18,,0,0,False,True,False,2,220061
0634aed654aa6750650f35f8,century,F,2022-05-19,,0,0,False,False,True,54,148933
1796c60e8307700b03e960f1,century,LSPD,2022-05-19,Lightspeed,11,0,True,False,True,6,19520
47909244d31b6bb5cfca538a,century,SST,2022-05-19,System1,0,0,True,True,True,101,203504
fac19580e4f34eac6cd936b0,century,NFGC,2022-05-19,,0,0,True,False,False,5,28816
1e78df4ab272857670749135,century,CBAT,2022-05-20,CBAK,157,0,True,True,True,24,189604
21b9788db1115eeb758cb008,century,F,2022-05-20,JRSIS,0,0,False,False,True,29,91110
7bca752294023beeef576426,century,F,2022-05-20,,0,0,False,True,True,21,153931
a694bccc913776f43023056d,century,F,2022-05-20,IMAGING,44,0,False,True,True,0,97395
aec1ec3cde275be109bd5a91,century,F,2022-05-20,LOVARRA,0,0,False,True,True,39,51806
0f75bd33a1cceee5129d1fa2,century,F,2022-05-23,INNOVATIONS,0,0,False,True,False,30,79272
1af77ad06b7a9ec690e2ae75,century,F,2022-05-23,,0,0,False,True,True,22,67078
5e0b7811ac6efbc3143a385d,century,F,2022-05-23,Kenongwo,13,0,False,True,True,23,64438
5e60cd06c303a80d0080cac0,century,F,2022-05-23,Sysorex,0,0,False,True,True,43,146912
6f70c84aa3b7a275e9f4892c,century,F,2022-05-23,,0,0,False,False,True,35,94895
adbe97bb547674a6a524252a,century,F,2022-05-23,Nukkleus,0,0,False,True,True,70,119433
b6d709b430e3c627fefe6d04,century,F,2022-05-23,Tiziana Sciences,15,0,False,True,False,32,219593
b7575c758beaaeae7866781c,century,F,2022-05-23,Services,1,0,False,False,True,16,59893
e968af473aecc5cb29051837,century,MNRO,2022-05-23,MONRO,63,0,True,True,True,68,173317
ed5c7a19779631aaef63cb93,century,F,2022-05-23,,0,0,False,True,True,33,79737
d9af18ea6d23b090cd6d812b,century,INTU,2022-05-24,,0,0,True,True,True,14,139414
dbcb7f7eca3daaa0f7db8c74,century,F,2022-05-24,Heyu,6,0,False,True,True,11,57682
4ce099485e57842b0130d055,century,ZM,2022-05-25,Communications,21,0,False,True,True,12,147176
63e15c76a853b6344b3125eb,century,BEEM,2022-05-25,,0,0,True,True,True,13,76103
71d51b9e76159d9569a83c37,century,DKS,2022-05-25,DICK'S,1,0,True,True,True,2,73854
03cfd9b3a6854483a179055d,century,DT,2022-05-26,Dynatrace,0,0,False,True,True,96,219888
2b565b76c814a6f0d9ee376d,century,WDAY,2022-05-26,,0,0,True,True,True,25,133492
3d5f994a9c85b3572d235b7b,century,HLNE,2022-05-26,,0,0,True,True,True,63,219634
8d529a8263944b6641dad9b7,century,DLPN,2022-05-26,,0,0,True,True,True,46,219373
c6938dc5f4d1ed07a6caf98e,century,VFC,2022-05-26,,0,0,True,True,True,3,173286
3df7225d65e3568ce45236e9,century,NVDA,2022-05-27,NVIDIA,63,0,True,False,True,32,116425
986730d127e7481899fcaf44,century,DECK,2022-05-27,DECKERS,4,0,False,True,True,30,185428
accdc193ef36f83a5e709986,century,WRLD,2022-05-27,,0,0,True,True,True,17,187382
fc2ecf36d598b9a4c5387857,century,JACK,2022-05-27,,0,0,False,True,True,71,128021
0e9d3b93128d0dd743025b54,century,FRHC,2022-05-31,,0,1,True,True,True,240,220101
ddc6ddeca2bfa1beeffed69e,century,STEP,2022-05-31,,0,0,False,True,True,102,219692
2f194ce4c6c359a4cb2bf3a8,century,CRM,2022-06-01,Salesforce,0,0,True,True,True,27,219979
b7ad416204bc209153a82548,century,SPWH,2022-06-01,SPORTSMAN'S,0,0,True,True,True,4,92086
8d9148070330407285de6df2,century,WSM,2022-06-02,WILLIAMS SONOMA,0,0,True,True,True,22,71646
a599e2591d6e51c79fbb9df7,century,BBY,2022-06-02,,0,0,True,True,True,21,75544
cec7f9a4ceab5fd796010974,century,LE,2022-06-02,LANDS',0,0,False,True,True,2,80403
dc30c6457ef236e9981136fc,century,BBWI,2022-06-02,,0,0,True,True,True,20,106585
1e2779bca26023c56cf4be08,century,VEEV,2022-06-03,VEEVA,59,0,True,True,True,51,115324
307bc5fe10885c9cbc7805d5,century,CRWD,2022-06-03,CrowdStrike,0,0,True,True,True,43,202400
7f7a082eb4cf7e1bf1d30bda,century,MDB,2022-06-03,MongoDB,0,0,True,True,True,58,144732
d41dee9304ee2122de94bd9c,century,DLTH,2022-06-03,DULUTH,11,0,True,True,True,29,72671
3649b0f162adff4fa2334912,century,ZUMZ,2022-06-06,Zumiez,10,0,True,True,True,12,115086
7ffa1026decdce6e6bea62fa,century,LMNR,2022-06-07,Limoneira,0,0,True,True,True,58,147712
09247a488f57d24da0545715,century,IOT,2022-06-08,,0,0,True,True,True,48,198171
174476b6ac6fd1979864064c,century,DOMO,2022-06-08,DOMO,0,0,True,False,True,27,179134
1a6aff8e64638c6a5eee2bbf,century,IMVT,2022-06-08,Immunovant,0,0,True,True,True,35,219935
313c0154769c75c97d225bb9,century,ANF,2022-06-08,ABERCROMBIE,75,0,True,True,True,2,110679
7296283bee9053e29a15c0db,century,LOVE,2022-06-08,Lovesac,0,0,False,True,True,13,91113
bbcdcdaada9401924b797a6a,century,OOMA,2022-06-08,OOMA,0,0,True,True,True,69,76785
d1d7bb44433fbb9decb202c0,century,OLLI,2022-06-08,Ollie's,0,0,True,True,True,1,84444
43c8c3e217df78dc3c83b9bc,century,SFIX,2022-06-09,,0,0,True,True,True,19,122275
45a13c253c1d5d50394e7eed,century,PVH,2022-06-09,,0,0,True,True,True,67,195084
5ff638ff5aa3b122496628f1,century,SIG,2022-06-09,JEWELERS,7,0,False,False,False,18,157667
63ad652c153e009ebf6d2a9c,century,YEXT,2022-06-09,Yext,0,0,True,True,True,21,147161
925aa5935ee5f735214c93bb,century,CMTL,2022-06-09,COMTECH TELECOMMUNICATIONS,74,0,True,True,True,2,200772
9ebc1d8e0957ab5bc26da29d,century,WOOF,2022-06-09,Petco,19,0,False,True,True,2,79448
d7a70558a249cfd6c527bb8c,century,FIVE,2022-06-09,,0,0,False,True,True,16,90222
fe51c84261c6236ad7a59a1a,century,URBN,2022-06-09,OUTFITTERS,0,0,True,True,True,34,79852
4528b3b72ab041548fd0e7ab,century,F,2022-06-10,,0,0,False,True,True,0,140473
e7141a5fc0e79c91965e3ad8,century,RENT,2022-06-10,,0,0,False,True,True,31,126631
5fad51a8403eec9013168f9f,century,UEC,2022-06-14,,0,0,True,True,True,68,181008
9f4d3c3d8d41ad55bcde761f,century,TAL,2022-06-14,,0,0,False,True,False,78,219971
b2f37b0ada549032e63ec56b,century,BRZE,2022-06-14,,0,0,True,True,True,26,194895
d55454f1d6921b7060cab454,century,F,2022-06-14,Migom,116,0,False,False,True,53,141905
80e2cab3aa3bd39deecfe281,century,F,2022-06-15,,0,0,False,True,True,32,199277
21099c376b93ed9213b77d10,century,F,2022-06-16,Rasna,7,0,False,False,True,9,51501
0977d42aae72e9966d11f8a9,century,F,2022-06-21,Digerati,29,0,False,True,True,13,182561
dc1acebbad6478ff1c7b7f25,century,F,2022-06-21,,0,0,False,True,True,34,204153
24c92fc0af09d41c649f84a2,century,COCO,2022-06-22,Karbon-X,0,0,False,True,True,40,38043
47e2b24dfdab9fb486e8e0d9,century,SVM,2022-06-22,SILVERCORP METALS,3,0,True,False,False,6,16458
b1ebe21d25b55bc66042b4c8,century,WGO,2022-06-22,,0,0,True,True,True,19,101563
804028256e17ec25ce4d0d42,century,DH,2022-06-29,,0,0,False,True,True,144,201204
90d5a19117fbb22940fa5ad6,century,ADBE,2022-06-29,,0,0,True,True,True,30,202713
a669fcaaa374de87e48a8cee,century,F,2022-06-30,,0,0,False,True,True,0,123462
acbcff3e1a3f879ef357bd85,century,F,2022-06-30,AVRA Robotics,51,0,False,True,True,10,80927
828a209c86951121b11a43fa,century,MU,2022-07-01,,0,0,False,True,True,19,204132
eb16ad986759eb9907489035,century,F,2022-07-01,Aerkomm,0,0,False,False,True,181,220091
e6176cb75da4598320eda20c,century,NRIX,2022-07-07,Nurix,0,0,True,True,True,10,130745
44f16c5cdc74994c176b22a7,century,F,2022-07-14,,0,0,False,False,True,74,165087
481d5bba9b58e06e193bcccd,century,F,2022-07-15,Liaoning Shuiyun Qinghe,5,0,False,True,True,22,76691
9a34981bc45a13bd50aa66ef,century,F,2022-07-15,COMPONENTS,10,0,False,True,True,29,70182
1d47240bde84f95c6548dca9,century,TANH,2022-07-18,TANTECH,0,0,False,True,False,104,220055
7d467419d19e86849db6d19c,century,F,2022-07-18,,0,0,False,False,False,19,219657
77e00a31235dcdc174d277e8,century,HRI,2022-07-21,HERC,56,0,True,False,True,20,99753
726ade6f66e4e3f2ea8d8857,century,HIVE,2022-07-22,Blockchain,3,0,False,False,False,5,32748
2d102b8159460612c716bd86,century,RYAAY,2022-07-25,RYANAIR,0,0,True,True,False,537,220361
619e500c9dc40bd765d01c62,century,RNW,2022-07-25,,0,0,True,True,False,5,220014
99b544b2f2942239f741629d,century,TBI,2022-07-25,TrueBlue,0,0,True,True,True,22,132806
9cc30a5304e6f259782325f1,century,AA,2022-07-25,Alcoa,62,0,False,True,True,101,156729
03d11ca02d43fda2c77c1873,century,ILPT,2022-07-26,Properties,198,0,True,True,True,37,157831
365c60b6a0a51809c0eb9654,century,CLF,2022-07-26,CLEVELAND-CLIFFS,0,0,True,True,True,32,139745
868b9b5c6b8c530f183fa4f0,century,SSTK,2022-07-26,Shutterstock,0,0,True,True,True,58,143476
9aa3c1360f756c169c86f911,century,PNR,2022-07-26,PENTAIR,0,0,True,True,True,70,114814
9bbe70859237b0ec011b5b89,century,BABA,2022-07-26,Alibaba,0,0,False,True,False,55,220126
a536e6eb80efd25d7a6f132f,century,GRMN,2022-07-27,GARMIN,7,0,True,True,True,14,79686
07254d44da10d04b4a7d8264,century,LXU,2022-07-28,,0,0,True,True,True,27,121866
13729bf2eeb50b824e15436e,century,RBBN,2022-07-28,Communications,13,0,True,True,True,52,178001
5730745baf3c55b2f453e1ae,century,TLRY,2022-07-28,Tilray Brands,98,0,True,True,True,43,219946
987d72455929eaabab54a57c,century,SWK,2022-07-28,,0,0,True,True,True,23,209247
b51ef8d5d036b89c3e3cc91e,century,LOGI,2022-07-28,LOGITECH,29,0,True,True,False,20,206116
bac86e6fc5f5d4e542e8f764,century,KALU,2022-07-28,,0,0,True,True,True,31,122778
d507919ac7c05afd99afc71d,century,DXCM,2022-07-28,DEXCOM,34,0,True,True,True,2,141159
eb7bded3bd1bd66971f92e03,century,CG,2022-07-28,Carlyle,0,0,False,True,True,223,219654
f426c4fc572337f7aa823174,century,BOOT,2022-07-28,,0,0,False,True,True,20,104598
0977badd860200884f4f62f2,century,SAM,2022-07-29,STARCORE,20,0,False,True,False,35,204099
38335e63e5a4dee7211bf6c2,century,HAYW,2022-07-29,,0,0,True,False,True,33,129393
5e94b8ac5a16c4e9b8694eb7,century,RCL,2022-07-29,CRUISES,43,0,True,True,True,16,139066
a757e0b524263464bcb484c1,century,HPP,2022-07-29,Hudson Properties,104,0,True,True,True,195,213155
bf541e21694ba0d33ab8fb3f,century,MIR,2022-07-29,Mirion,44,0,False,False,True,53,207679
cd1217637091ed4ce6badf18,century,RILY,2022-07-29,,0,0,True,True,True,22,167974
f15c5d4f048bb98a6903045c,century,OII,2022-07-29,OCEANEERING,5,0,False,True,True,11,107550
08fc416ed1ff51dc3c6179e5,century,UXIN,2022-08-01,Uxin,0,0,True,True,False,28,220177
943310a81adc00f7afe91274,century,PINS,2022-08-01,PINTEREST,0,0,True,True,True,34,102966
00f9a49f8b1ed6e80f5b888d,century,STIM,2022-08-02,Neuronetics,0,0,False,True,True,27,108482
142481de6cda783f7d2c983b,century,IDXX,2022-08-02,IDEXX LABORATORIES,61,0,True,True,True,2,182509
2b491a3de4fe0a0c8f779525,century,URG,2022-08-02,UR-ENERGY,0,0,True,True,False,38,97139
3c3a440f67e2581473fb7c26,century,OM,2022-08-02,,0,0,False,True,True,14,86129
a91c0169c2e031fe40707f76,century,EBS,2022-08-02,BioSolutions,0,0,True,False,True,64,167690
b026ef11e083f03fa14a6359,century,ZBRA,2022-08-02,,0,0,True,True,True,19,131429
b1e8dc58ea6b203cdcd10e23,century,CGNX,2022-08-02,COGNEX,13,0,True,False,True,28,94578
c50b59199cd0729149b3a590,century,LIND,2022-08-02,LINDBLAD EXPEDITIONS,75,0,True,True,True,26,123305
e742c79055859b943a7e9fb2,century,CSV,2022-08-02,SERVICES,66,0,True,True,True,19,211053
ffff3070204f6142ff8a4d56,century,SABR,2022-08-02,Sabre,33,0,True,False,True,22,170016
13802aa849e848db26e8e9aa,century,ABNB,2022-08-03,Airbnb,9,0,True,True,True,27,180354
1f5c6f76b203e12be1862a16,century,ONL,2022-08-03,,0,0,True,True,True,45,184783
20416bbac1f4e29e28b36b9f,century,QUAD,2022-08-03,,0,0,False,True,True,77,175658
284d68e95745a3f624841ab2,century,PYPL,2022-08-03,PayPal,26,0,True,True,True,40,142563
36db9d0d1078a5ce3c02dd21,century,MCRB,2022-08-03,,0,0,True,True,True,13,177003
3da8be8cecb8fd02a763a611,century,UIS,2022-08-03,UNISYS,6,0,True,False,True,32,100569
49df91b6ffca144ab60c923f,century,NYT,2022-08-03,,0,0,True,False,True,79,141803
549ddb6e46239ce2b9d1a28d,century,EDIT,2022-08-03,Editas,1,0,False,True,True,43,101167
6cb17c4f8fc6551553b47dab,century,BFLY,2022-08-03,,0,0,True,True,True,29,104546
7466c845ca009183121250d7,century,LILA,2022-08-03,,0,0,False,True,True,104,200245
a9b305aa65f1e5a48b43a1d9,century,HBB,2022-08-03,Brands,0,0,True,True,True,86,64635
b1688b3b17698b275e37352d,century,AMSC,2022-08-03,,0,0,True,True,True,8,116958
d110b0acc6e33cdd3bfa2381,century,LXRX,2022-08-03,,0,0,True,True,True,14,72264
d59480f13d8689f21b93c394,century,ATRC,2022-08-03,AtriCure,0,0,True,True,True,25,69436
e66185471fc4d8e5c5a3d041,century,TNDM,2022-08-03,,0,0,True,True,True,16,156838
faa139e6da1cf10f5d0d603b,century,OPAD,2022-08-03,Offerpad Solutions,90,0,True,True,True,116,164560
0626e5667c5c005a1f881d01,century,DYN,2022-08-04,,0,0,True,True,True,11,140752
07f675020b9d1346038f1110,century,FND,2022-08-04,Decor,1,0,True,True,True,18,100952
114292f840c707240912baa4,century,BAND,2022-08-04,Bandwidth,0,0,False,True,True,16,198434
1302da4692b5595f4b88f08c,century,PUMP,2022-08-04,ProPetro,0,0,False,True,True,33,123633
1ef049ca807f120fe3f62470,century,KWR,2022-08-04,,0,0,True,True,True,66,189104
2a99e19425a9208a187a48ad,century,IHRT,2022-08-04,iHeartMedia,0,0,True,True,True,50,135599
2bd1655746367a99196d23d3,century,REI,2022-08-04,,0,0,True,True,True,27,132864
3509c94988d1e06fcadea78f,century,FLGT,2022-08-04,,0,0,True,True,True,13,119133
40550f80891ef4779da3ff48,century,OPEN,2022-08-04,Opendoor,51,0,False,True,True,62,161228
4cb5495e3f9b0b645b780c72,century,FA,2022-08-04,,0,0,False,True,True,27,155169
6db57cfd8ffbfc6f7b02022d,century,META,2022-08-04,Metaterra,0,0,False,False,True,9,29296
7424bbe2f022ace340df3b95,century,KROS,2022-08-04,Keros,3,0,True,True,True,10,158968
7b1bcae614bcc2d8bc3f42b2,century,REPL,2022-08-04,Replimune,0,0,True,True,True,28,146786
8068dfcfb95809c669b444e5,century,ALGT,2022-08-04,,0,0,True,True,True,14,77173
93000b0652c08839cc467c2f,century,BTU,2022-08-04,PEABODY,46,0,True,True,True,39,208729
a59e30890dc3adbf78d55b07,century,RPD,2022-08-04,Rapid7,4,0,True,True,True,14,173501
ac47674f674a035b41558123,century,THRY,2022-08-04,Thryv,186,0,True,True,True,17,152172
b1362b2a70a03c8fbb643add,century,SDGR,2022-08-04,Schrodinger,0,0,True,True,True,3,200631
b2ce36539bbb72959f90d942,century,RLAY,2022-08-04,,0,0,True,True,True,10,121474
cdf4045477f727b42ffca86a,century,COUR,2022-08-04,Coursera,0,0,True,True,True,16,119916
d8ea974e8e2850c5bfc85b87,century,GPRO,2022-08-04,GoPro,25,0,True,True,True,38,151460
ebb8d635a160c88bf2c93319,century,EVER,2022-08-04,EverQuote,0,0,False,True,True,14,147820
ef9d7b31804e237ae9a78ee4,century,UA,2022-08-04,Armour,0,0,False,True,True,29,149632
fd3efc5dc12258d0ba9b10fd,century,HBIO,2022-08-04,BIOSCIENCE,0,0,True,True,True,18,72320
fe02e066281252de70316dc9,century,CIA,2022-08-04,CITIZENS,0,0,True,False,True,75,133866
1677cd3ec835b8b9399c273e,century,AMWL,2022-08-05,,0,0,True,False,True,25,129230
231cb9a403783be07265f676,century,EXPE,2022-08-05,Expedia,0,0,True,False,True,72,138819
2417a72041764f69e32e0bcf,century,OUST,2022-08-05,,0,0,False,True,True,28,170226
2bbc8c958786deadc998c0bd,century,JOUT,2022-08-05,JOHNSON,5,0,True,True,True,42,102226
3413b53a5e1c42868b0a410e,century,CMP,2022-08-05,MINERALS,16,0,True,True,True,51,150245
5dcc4ea8da3500ee15fcc1c3,century,FSLY,2022-08-05,Fastly,2,0,True,True,True,11,165193
6a73cf0b4563ce4d51c3a111,century,DOUG,2022-08-05,Elliman,2,0,False,False,True,109,98886
851d7318e588e897870b56b5,century,IPI,2022-08-05,,0,0,True,True,True,15,129661
98d282763c2a059bcbeb3887,century,CMPR,2022-08-05,CIMPRESS,0,0,True,True,True,71,204330
c1592d45b95091afd724e6ab,century,FCX,2022-08-05,FREEPORT-MCMORAN,0,0,True,True,True,104,202735
c57fc5cf33b9da856fca1adb,century,QDEL,2022-08-05,QuidelOrtho,0,0,True,True,True,21,124711
e8b7afee99f42a3cb8acaeef,century,ROAD,2022-08-05,,0,0,False,True,True,16,137115
e8f841e99b1d6640a9f4cdbb,century,OFIX,2022-08-05,Orthofix,4,0,True,True,True,10,78647
f7e4f83ee2507ebffe48a2b0,century,SLG,2022-08-05,,0,0,True,False,True,60,174320
fa74d8d1d4279807ed53f0ed,century,STGW,2022-08-05,Stagwell,0,0,True,True,True,149,193539
5591065c4b1726297aea96ee,century,HPK,2022-08-08,HighPeak,12,0,True,True,True,74,172265
5a7da6bcb8f582b1705cc1bb,century,WTI,2022-08-08,,0,0,True,True,True,30,141739
5b3bf6368fad416c0190d777,century,GTE,2022-08-08,GRAN TIERRA,12,0,True,True,True,15,83883
70a00c46a8c1733356dcab3c,century,CARG,2022-08-08,CarGurus,0,0,True,True,True,16,88129
7e12a4185b75467e76b53b63,century,ROOT,2022-08-08,,0,0,False,True,True,39,130605
809236aa905bccfe89316d55,century,AVIR,2022-08-08,Atea,0,0,True,True,True,13,169938
8a8b861114baaa07f1cca11c,century,ANVS,2022-08-08,Annovis,2,0,True,False,True,10,57752
9139a30edd86b866c06571d9,century,APPS,2022-08-08,,0,0,True,True,True,26,110141
916d4ddfca2015877cf21918,century,MAC,2022-08-08,MACERICH,0,0,False,False,True,44,149392
cfe21ce961385110927dbce8,century,ATOS,2022-08-08,,0,0,True,True,True,9,164405
e0fb5d3ab48efe015992333a,century,ELAN,2022-08-08,Elanco,26,0,True,True,True,20,127646
e1f64e1a935316bc6fb0fcf5,century,TWST,2022-08-08,Bioscience,0,0,True,True,True,15,146374
e9b1734069fa1a7a185f5cb2,century,IBRX,2022-08-08,ImmunityBio,0,0,True,True,True,41,182619
0820ca51b849efd0000336d0,century,CGTX,2022-08-09,,0,0,True,True,True,10,128167
0ed84099b82aa739f5b9a5d0,century,CRNC,2022-08-09,Cerence,0,0,True,True,True,23,176254
13f06eb681e5cc51dd4e5505,century,WK,2022-08-09,WORKIVA,0,0,False,True,True,29,110247
1ec1b1161487f63dea568da0,century,EHTH,2022-08-09,eHealth,0,0,True,True,True,29,123662
29f3f1e247d004e6fec403fa,century,AVXL,2022-08-09,ANAVEX SCIENCES,189,0,True,False,True,23,101724
4ea62170e8daff4fccd7b37d,century,VERX,2022-08-09,,0,0,True,True,True,33,203127
524a83f494a8863fe6f61856,century,RXT,2022-08-09,Rackspace,26,0,True,True,True,61,169279
77f6cc752fe967587c23361e,century,OMCL,2022-08-09,OMNICELL,0,0,True,False,True,46,188746
7a5b9eaa9021be868390a4d5,century,CASH,2022-08-09,PATHWARD,23,0,False,True,True,71,172257
7c0f00f4594adc47bfe926b5,century,MATV,2022-08-09,Mativ,11,0,True,True,True,38,135580
8649a093dd87629b6f006bb0,century,NERV,2022-08-09,Neurosciences,0,0,True,True,True,12,113524
86d4e752dbebbde85e5947cd,century,AZTA,2022-08-09,Azenta,14,0,True,True,True,7,177178
8ce0094f9b6e3116222971fe,century,PMVP,2022-08-09,,0,0,True,True,True,19,89603
997c6ef9e0f17804294b2a2e,century,KD,2022-08-09,Kyndryl,0,0,False,True,True,63,112067
a8910abe102ecf996f87697b,century,TCX,2022-08-09,TUCOWS,24,0,True,True,True,1,115687
b3d3674df461f45d97722f20,century,METC,2022-08-09,Ramaco,49,0,True,True,True,14,96598
bb537e88f9971f332e7e4510,century,VSAT,2022-08-09,VIASAT,89,0,True,True,True,1,215816
d5be045144c27ab3d75cb45e,century,AEMD,2022-08-09,AETHLON,13,0,True,True,True,14,74652
0b038032b2891bd0810d1f86,century,SMG,2022-08-10,SCOTTS MIRACLE-GRO,9,0,True,True,True,106,169121
25cd6a5fbc34a54e201cef05,century,ORMP,2022-08-10,ORAMED,3,0,True,True,True,24,90063
2a423e2f0e64b098aa4e25c8,century,SLDP,2022-08-10,,0,0,True,True,True,81,98265
4ac3240d013271cc4e0b316b,century,BKSY,2022-08-10,BlackSky,91,0,True,True,True,16,155883
7a73ffdcc3657e450fe90d66,century,CLSK,2022-08-10,CLEANSPARK,0,0,True,True,True,38,179749
8b04b81e057b8f3ff61a4c01,century,SG,2022-08-10,Sweetgreen,0,0,False,True,True,54,188490
a757c62f05df87657c2e936d,century,EGY,2022-08-10,VAALCO,160,0,True,False,True,2,184121
2c8f207029b2192fcfbcaeaf,century,VRCA,2022-08-11,Verrica,1,0,True,True,True,12,93733
3b0662ee8c8c6eea211ef22d,century,ABEO,2022-08-11,ABEONA,3,0,True,False,True,20,87458
b5d1daefe480aa119a083eb8,century,MRKR,2022-08-11,,0,0,True,True,True,13,98815
e59ccd168f1a56680bb90351,century,VTGN,2022-08-11,VistaGen,1,0,True,True,True,11,164015
e8d28af2fff4b663352b65da,century,BRCC,2022-08-11,,0,0,True,False,True,43,114466
0580790d4acb7e136ee9c948,century,SKYX,2022-08-12,SKYX Platforms,4,0,True,False,True,11,74889
1d268b6be99546081a537d8a,century,APRE,2022-08-12,Aprea,16,0,True,True,True,23,139312
449fbc5a42bcda7e67b5677e,century,SIDU,2022-08-12,Sidus,10,0,True,False,True,20,102262
5cd900690c246b45db776721,century,GROV,2022-08-12,,0,0,True,False,True,72,178011
64611a560ade1aaae3ae5499,century,CVM,2022-08-12,,0,0,True,True,True,1,86045
797b0f2f301c9e54ee22c3a4,century,GRNQ,2022-08-12,Greenpro,6,0,True,False,True,13,99715
7cd3761cc4c7f1b8b7a3bbdb,century,JOBY,2022-08-12,Joby,0,0,True,True,True,43,119511
a5aebacd5e72e5f5a8183361,century,MDIA,2022-08-12,Mediaco,0,0,True,True,True,62,90467
ed7ac794755b8c5ef4a4486f,century,RGTI,2022-08-12,Rigetti Computing,150,0,True,True,True,22,219791
127d63f34bc7e83a81017670,century,CLNN,2022-08-15,Clene,60,0,True,True,True,22,177948
1c66efdca4438b8255fe3b1d,century,LIDR,2022-08-15,AEye,31,0,True,True,True,21,124181
2ba958fcf112f17e4198587d,century,TKLF,2022-08-15,Yoshitsu,0,0,True,True,False,65,219876
39ee7a6a1602457296ad666f,century,RIOT,2022-08-15,Blockchain,0,0,False,True,True,51,170430
3d1e2cb77b64ba52ae65f650,century,TOMZ,2022-08-15,TOMI Solutions,50,0,True,True,True,14,150163
44e9e26cb9a53a6ea1c37c78,century,PAVM,2022-08-15,PAVmed,34,0,True,False,True,69,134249
4bd1d59a39fe773c5edb8bd0,century,SNTI,2022-08-15,Senti Biosciences,62,0,True,True,True,51,180552
5ee5eb0427f39bccf277d8ff,century,HSDT,2022-08-15,HELIUS,3,0,True,True,True,17,83106
9cce829303a7c53e5919addc,century,DRIO,2022-08-15,DarioHealth,0,0,True,True,True,39,112068
c2e8894ee98c9b0e62487d38,century,DRMA,2022-08-15,Dermata,0,0,True,True,True,28,125284
ca286610bc9085aa81aea6cc,century,REVB,2022-08-15,BIOSCIENCES,0,0,True,True,True,17,114157
e3baa4300e002c2bf7bf7120,century,ADIL,2022-08-15,ADIAL,4,0,True,True,True,15,140900
01d0a9599e3f6f68d55d77f4,century,ARAY,2022-08-17,ACCURAY,0,0,True,True,True,29,220048
c670f26cdd7a0f87160e4268,century,BILL,2022-08-22,,0,0,False,True,True,29,219981
d293f239884e500cdffa7c79,century,JAGX,2022-08-22,,0,0,True,True,True,30,156619
2e13810b367b36d8cb8fc916,century,HAIN,2022-08-25,,0,0,False,True,True,57,211943
26732e03295d528a6959496c,century,M,2022-08-26,Macy's,4,0,False,True,True,29,82582
b5eac83a3f98577ce7ff8d70,century,KOSS,2022-08-26,KOSS,0,0,True,True,True,74,168045
dbd821e59cd6e6ab986d4122,century,AFRM,2022-08-29,,0,0,True,True,True,17,219895
86988eb5ac37bad000feba04,century,CHWY,2022-08-30,,0,0,True,True,True,18,83593
64530be659a884664c6cdf80,century,SMTC,2022-08-31,SEMTECH,0,0,True,True,True,22,146216
1bf8c4c41abd69bda7579f24,century,AI,2022-09-01,,0,0,False,True,True,94,134672
ae04b960050526d05b168b6d,century,KSS,2022-09-01,KOHLS,1,0,True,True,True,1,55664
ef132d445bcc306eb71c915e,century,TOL,2022-09-01,Brothers,0,0,False,True,True,21,169734
aad2d5726a8952adafd37e70,century,PD,2022-09-02,PagerDuty,0,0,False,False,True,53,132854
31f597b57550e1a1322f3dd4,century,HOV,2022-09-06,HOVNANIAN ENTERPRISES,38,0,True,True,True,16,107843
13a030966f28ec819a9d5a5b,century,CIEN,2022-09-07,CIENA,152,0,True,True,True,15,165635
76d60077c82a9976715ca5a5,century,GME,2022-09-07,GameStop,0,0,True,True,True,25,91404
847ec1d123ac59356f550a44,century,PLAB,2022-09-07,PHOTRONICS,0,0,True,True,True,42,105741
0dea67f2cdf2d8ba0b4eba0b,century,SWBI,2022-09-08,WESSON BRANDS,11,0,True,True,True,28,83446
c6ee93aa6b194558642adaa3,century,PATH,2022-09-08,UiPath,12,0,False,True,True,33,188383
d132afba605c9faae30ccd37,century,AOUT,2022-09-08,Brands,25,0,True,True,True,10,85369
d3b1ba83624b1f2e260f31f9,century,FCEL,2022-09-08,FUELCELL,0,0,True,True,True,36,199311
56dc4e8330101be23f0cb0d6,century,INTA,2022-09-09,Intapp,15,0,True,True,True,17,170938
cf7d58ce54d418d586566f9d,century,GIII,2022-09-09,,0,0,True,True,True,1,139353
c87d538d646b9a1011b5dc59,century,IREN,2022-09-13,,0,0,True,True,False,21,220023
5974ba15cb00e17bdbfdaff1,century,FLWS,2022-09-16,FLOWERS,17,0,True,True,True,50,174039
8d3c9f6f3a15bad766a349e9,century,NTNX,2022-09-21,Nutanix,0,0,True,True,True,71,219812
dfe0133189f69b22023a037f,century,ACB,2022-09-21,,0,0,True,False,False,8,26978
5efc9029f267ce90210f0651,century,FDX,2022-09-22,FEDEX,233,0,True,True,True,22,120551
0873c30ebce37b0365e412fa,century,SLI,2022-09-23,,0,0,True,False,False,4,29316
55fbeb7b1aa55c3164a75847,century,INM,2022-09-23,InMed,22,0,True,False,True,69,219722
f631479e044c2bffc73b2e83,century,GWRE,2022-09-26,Guidewire,59,0,True,True,True,16,219855
bd068ac0e26dc47e4452e897,century,BIVI,2022-09-27,BIOVIE,20,0,True,True,True,34,190470
035a19521774ca765fa66fbb,century,THO,2022-09-28,THOR,26,0,False,True,True,25,193930
8c836c504bba5a02dd7d3be7,century,MARA,2022-09-28,,0,0,False,True,True,0,219708
8fb55aac852bacc38c6c8413,century,MTN,2022-09-28,RESORTS,72,0,True,True,True,69,190561
b63c38e1aeea32f8e44cd25b,century,B,2022-09-28,B2Digital,0,0,False,True,True,29,196820
e145ea312f35bb7b278d7c8f,century,FEAM,2022-09-28,Materials,49,0,True,True,True,25,219682
672031491403e632c54045a7,century,CCL,2022-09-30,,0,0,True,False,True,93,111370
83ce5fb6fd81e0249c55824b,century,BBBY,2022-09-30,,0,0,True,True,True,35,169286
f1bfb48a184f228583644618,century,KMX,2022-09-30,CARMAX,63,0,True,True,True,2,154065
04af5f5109b9d68cb237ac15,century,NKE,2022-10-06,NIKE,116,0,True,True,True,31,120487
dce4d0d4b93cbd666338d3ad,century,HELE,2022-10-06,,0,0,False,True,True,23,178457
20ca5be0ecd8ddc78f489273,century,KBH,2022-10-07,,0,0,True,False,True,16,189515
20e4b981640658934c1039bd,century,ANGO,2022-10-11,ANGIODYNAMICS,0,0,False,True,True,29,96765
848c865ab310c1ec6d2895ad,century,APLD,2022-10-12,Blockchain,2,0,True,True,True,50,78743
be0a37a783b97f71249e9396,century,MLKN,2022-10-12,MILLERKNOLL,0,0,True,True,True,41,106254
635b40631083fdc450558039,century,F,2022-10-13,Longduoduo,0,0,False,False,True,136,200077
bd47c8a7deaa5a6c0fa389e8,century,DPZ,2022-10-13,DOMINOS,0,0,True,True,True,1,94524
0d6e43db466a441e704adbf3,century,IDT,2022-10-14,,0,0,True,True,True,111,182265
536140129febb1f710f7b65d,century,TREX,2022-10-17,T-REX,0,0,True,True,True,15,128275
23b6df76eb9517b022fadd13,century,MNSO,2022-10-19,MINISO,169,0,True,True,False,2,220073
057c24061c742b41f0de7564,century,NFLX,2022-10-20,NETFLIX,0,0,True,True,True,14,100978
263ff484e93714a64cbdfa11,century,EFX,2022-10-20,EQUIFAX,0,0,True,True,True,64,135781
2f9805a9ff3fe2253d1e63e1,century,HCSG,2022-10-21,HEALTHCARE SERVICES,99,0,True,False,True,12,133355
452297b474a01d5d3dc6a142,century,ISRG,2022-10-21,,0,0,True,True,True,37,207402
53ed8be006762a0f7ec5fcd1,century,SNAP,2022-10-21,,0,0,False,True,True,19,156958
76f188401fec27e1824df416,century,WHR,2022-10-21,,0,0,True,True,True,2,166201
29ffa521d0499caae94d2a86,century,LRCX,2022-10-24,,0,0,True,True,True,56,155872
4dc210ef46e908ccb30eeb0d,century,TSLA,2022-10-24,Tesla,11,0,True,True,True,11,121199
3b3a5fae4c25c5bf2213f3f1,century,HIW,2022-10-25,HIGHWOODS PROPERTIES,68,0,True,True,True,23,145014
69664f14ddc6de9eb8ea91fc,century,GM,2022-10-25,Motors,0,0,False,True,True,259,182769
7ec75f974075597cee9b241a,century,MXL,2022-10-25,MAXLINEAR,0,0,True,True,True,68,200565
dd6191278fc7f3f4217b9675,century,SUI,2022-10-25,COMMUNITIES,20,0,False,True,True,69,144376
084ed027bd145caff22fa692,century,PEGA,2022-10-26,PEGASYSTEMS,0,0,False,True,True,45,91727
11bf4962579853e291676bfb,century,TPB,2022-10-26,Brands,8,0,True,True,True,70,158415
154d86fc40cfb37190a381aa,century,MKTX,2022-10-26,MARKETAXESS,0,0,True,True,True,22,148953
27411c89b0fe34aed7192d13,century,NXRT,2022-10-26,NexPoint,5,0,True,True,True,16,128500
7110ea6484457dc1a070e2ad,century,UPWK,2022-10-26,,0,0,True,True,True,2,152485
a1579bdf4759dccea8e42902,century,ULCC,2022-10-26,,0,0,True,True,True,34,187533
a2e1c22a3b1df11c6cd15756,century,JOE,2022-10-26,,0,0,False,True,True,18,191290
a2ee02c0c5647a741748a0cf,century,KRC,2022-10-26,KILROY,7,0,True,True,True,104,205662
c23d127f0e6b68cfed6d3f08,century,ARR,2022-10-26,Armour,34,0,True,True,True,68,179741
dfdd349fcb39f1784dc4ae6b,century,SLAB,2022-10-26,LABORATORIES,0,0,False,True,True,30,170223
030ae19207941ca2faa4179e,century,TFX,2022-10-27,TELEFLEX,0,0,True,True,True,28,86810
0ef1d1a58424d3d68c26144f,century,CMCO,2022-10-27,COLUMBUS MCKINNON,0,0,True,True,True,16,136709
16a792715b6d55f313fe8cfc,century,AMRN,2022-10-27,,0,0,True,True,False,1,164943
2a3af7eceffcccaae8ab9861,century,DAN,2022-10-27,,0,0,False,True,True,12,154581
374750bf6ffc88944ac3f2fd,century,CUZ,2022-10-27,COUSINS PROPERTIES,53,0,True,True,True,21,112970
3946560018f2e9fbfc3c7ef1,century,TROX,2022-10-27,Tronox,44,0,True,False,True,24,140712
3ce7260afc071c631a939413,century,IIIN,2022-10-27,INSTEEL,16,0,True,True,True,38,162680
418a69b592f6ba43661b33e4,century,LAD,2022-10-27,MOTORS,1,0,False,True,True,35,146538
4dafcc536129540057facc38,century,STX,2022-10-27,Seagate,10,0,True,True,True,24,115428
58ab055b76927b029a4015cc,century,INSM,2022-10-27,INSMED,5,0,True,True,True,28,173929
709e276571a668b1eb67a8cb,century,NOW,2022-10-27,ServiceNow,0,0,False,False,True,22,133157
761f4242c2b21fa0767b1dea,century,TW,2022-10-27,Tradeweb Markets,55,0,False,True,True,68,179547
8a0fae8387fd01c6a2ffd9e6,century,F,2022-10-27,,0,0,False,True,True,54,203762
9bf292f9c0d39d7726b63fdd,century,CYH,2022-10-27,,0,0,True,True,True,60,200989
a69f57ff72dba677bf3712b5,century,POOL,2022-10-27,,0,0,False,True,True,41,95115
ab771857645960c4e112f7bb,century,CMCSA,2022-10-27,COMCAST,0,0,True,False,True,97,121830
b5d9c4fb2c3466a0f6d54536,century,CCS,2022-10-27,Communities,16,0,True,True,True,34,158501
bce92a015c06233321171884,century,WST,2022-10-27,SERVICES,15,0,True,True,True,11,121761
bf14cfde17a58eeb0452fc68,century,CNMD,2022-10-27,CONMED,26,0,True,True,True,13,113633
d4f2ed49cea46137d9fde4d8,century,NVCR,2022-10-27,NovoCure,0,0,True,True,True,16,82229
d7de39762284165362e79d67,century,TROW,2022-10-27,ROWE,148,0,False,False,True,2,140292
f00d3a76c928e27d0ed06ebe,century,KN,2022-10-27,Knowles,0,0,False,True,True,28,133566
fbf41d7179f7c113ef6b3ab0,century,IRT,2022-10-27,,0,0,True,True,True,51,124428
002db5a2f463d464ffa49018,century,THC,2022-10-28,HEALTHCARE,15,0,True,True,True,27,134178
14f752c3d42785afac0892e1,century,INTC,2022-10-28,INTEL,127,0,True,True,True,10,141473
5a5aa95b1fb6fc78cf42cbc0,century,BIO,2022-10-28,BIO-RAD LABORATORIES,4,0,True,True,True,22,178408
5c430a1350737c094dfce3ab,century,MHK,2022-10-28,,0,0,True,True,True,24,128423
65e978def10d0210c349a55e,century,CLB,2022-10-28,LABORATORIES,5,0,True,True,False,36,119400
841d3ceb3f8481d6375e4fbf,century,BDN,2022-10-28,,0,0,True,True,True,43,170577
a4847dc7969b3df6ba2fb09c,century,CHTR,2022-10-28,COMMUNICATIONS,46,0,True,True,True,2,105781
bd1835edd41745f64784957a,century,AVTR,2022-10-28,Avantor,0,0,True,True,True,18,88937
dbd5617bb956ecf6a3049a40,century,AX,2022-10-28,Axos,51,0,False,True,True,20,152160
f345ded8571d43834ab97ae6,century,MVIS,2022-10-28,MICROVISION,0,0,True,True,True,12,105498
fa14b021247a01f3738e73b1,century,ORC,2022-10-28,,0,0,False,True,True,17,193610
103b5b43c0c2307c73283aa9,century,F,2022-10-31,ZKGC,339,0,False,True,False,18,207212
1de0131a35d38c3d65c54445,century,HMY,2022-10-31,,0,0,True,True,False,9,219998
220d2980edd08c1ce5895574,century,F,2022-10-31,,0,0,False,True,True,16,54637
5af606cc0dbc10e55c82d818,century,MCB,2022-10-31,,0,0,True,True,True,38,144835
655a29a6bc56580b6685b086,century,DAVA,2022-10-31,Endava,38,0,True,True,False,13,220063
73a88871016c4e4fa13cef7c,century,HLF,2022-10-31,HERBALIFE,0,0,True,True,True,64,154670
ae2ad20935f0a3461899e18e,century,ATEX,2022-10-31,Anterix,0,0,True,True,True,16,91383
bf42d4b034135e330fc5893f,century,VRT,2022-10-31,Vertiv,102,0,True,True,True,18,120117
c0f5b76e46f1d7d7ae8000b6,century,DVA,2022-10-31,DAVITA,18,0,True,False,True,55,147446
c1125339f0c521684ac837dd,century,VNO,2022-10-31,VORNADO,127,0,True,True,True,54,139120
1dfc6871a2a7b6fde8a56f63,century,SAIA,2022-11-01,SAIA,0,0,True,True,True,44,82045
2ce89c87c9473d9121d91e2e,century,CRSP,2022-11-01,CRISPR,15,0,True,True,False,11,110010
3a7204c04af792eedf16adb8,century,OSPN,2022-11-01,OneSpan,0,0,True,True,True,23,121236
428d03cb288380160e53ddb7,century,CDLX,2022-11-01,Cardlytics,0,0,True,True,True,60,184391
4b14a058dbbe4af9600359a5,century,CNDT,2022-11-01,CONDUENT,0,0,True,True,True,65,110800
53541b34f1b4dc54acf3f8d6,century,FSP,2022-11-01,PROPERTIES,107,0,True,True,True,27,155570
5789c9dae0b8b8c34e2a254f,century,KIDS,2022-11-01,ORTHOPEDIATRICS,0,0,False,True,True,48,139128
579304a82a7b030d4b37da56,century,HYMC,2022-11-01,HYCROFT,53,0,True,True,True,34,155937
58100242a3909c7f824bce63,century,LGIH,2022-11-01,Homes,89,0,True,True,True,19,138763
59a7067ef2725f2b55546315,century,IPGP,2022-11-01,PHOTONICS,0,0,True,True,True,38,114468
6691b88c4215832932eef858,century,MSTR,2022-11-01,MICROSTRATEGY,0,0,True,True,True,44,182915
795654f49964b51ec99bf2c1,century,WAL,2022-11-01,BANCORPORATION,0,0,True,True,True,29,205710
7c31406d6a30ec8a30e26c38,century,F,2022-11-01,,0,0,False,True,True,50,205707
86cdf134a0e492e593b9e0da,century,CHGG,2022-11-01,CHEGG,56,0,True,True,True,14,110754
9fb4086028b289ca437774c7,century,RGEN,2022-11-01,REPLIGEN,0,0,True,True,True,27,135663
a7dff563c31ca1c8f5e4a473,century,LBTYA,2022-11-01,,0,0,True,True,True,82,118002
b36590a15d22136687b1a90d,century,LSCC,2022-11-01,,0,0,True,True,True,14,88361
ccbaea11806e39cea464485a,century,MCY,2022-11-01,,0,0,True,True,True,11,159789
cd10b37d810cd70fb03ddb31,century,NEM,2022-11-01,NEWMONT,95,0,True,True,True,2,114792
d249301d53a426ef419368e9,century,PACK,2022-11-01,Ranpak,18,0,False,True,True,29,150002
db29a64eaf53a90f50ef1dcb,century,CCK,2022-11-01,,0,0,True,True,True,48,107920
e34da03ecc511643b10f6eab,century,JELD,2022-11-01,JELD-WEN,0,0,True,True,True,41,147102
f24aecd4a4cf2163d7d1c1a9,century,CRTO,2022-11-01,Criteo,41,0,True,True,False,25,141821
f6cabfb360da4d38979d0c74,century,VRNS,2022-11-01,VARONIS,6,0,True,True,True,13,157206
0ab6e68cb713d1bb2f371662,century,DHC,2022-11-02,HEALTHCARE,14,0,True,True,True,35,202338
199dcd8bf5c3df0d594804f3,century,ENTG,2022-11-02,ENTEGRIS,0,0,True,True,True,38,159804
2aa63c028aecb404a44e9931,century,LIVN,2022-11-02,LivaNova,0,0,True,True,True,84,177186
2d8228d9a893c4efe22d7e3a,century,RUN,2022-11-02,Sunrun,9,0,False,True,True,15,207722
3b6ae2ba4df2779bfd07a520,century,TPC,2022-11-02,PERINI,1,0,True,True,True,54,151953
4090bd276436e133d969b0aa,century,CSTL,2022-11-02,BIOSCIENCES,0,0,True,True,True,23,182746
46fea6afbd747379be3203e2,century,AVNT,2022-11-02,AVIENT,74,0,True,True,True,17,83195
4add098f7f93cfa2e9eb3a05,century,RRGB,2022-11-02,BURGERS,0,0,True,True,True,14,87320
56b95aeaea3274ee28de6f4d,century,Z,2022-11-02,ZILLOW,123,0,False,True,True,21,182871
582b257284bab45df5be6b14,century,RMNI,2022-11-02,Rimini,14,0,True,True,True,34,172575
5bf38cb17111e53836b59077,century,SITE,2022-11-02,SiteOne,2,0,False,True,True,20,155858
68d534c7a3986afa03e0d344,century,PDM,2022-11-02,,0,0,True,True,True,21,134486
6a8ec6e6648fa5226f61af4c,century,AMD,2022-11-02,DEVICES,2,0,True,True,True,18,97207
79de0269fce754a65335a2c4,century,TDOC,2022-11-02,Teladoc,4,0,True,False,True,33,132224
7aed13baab0ac0eceae6ad58,century,ALLO,2022-11-02,,0,0,True,True,True,49,164704
8038e163d92346eb8dee5fa6,century,CZR,2022-11-02,Caesars,149,0,True,False,True,50,211343
80c7e25dab66fb17a791d9f3,century,SAFE,2022-11-02,,0,0,False,True,True,76,162100
91e7b967c74b413101a1a8e0,century,WDC,2022-11-02,,0,0,True,True,True,50,119044
94169e268c0ac5f5ade2b644,century,MDXG,2022-11-02,MIMEDX,12,0,True,True,True,19,126489
966a6124a96f7ff82cbda8e5,century,CRL,2022-11-02,LABORATORIES,0,0,True,True,True,47,139540
b394b68c05acabc0d55ce19e,century,UVE,2022-11-02,,0,0,True,True,True,22,165683
b43c6fcf1fbce35e443192eb,century,MYGN,2022-11-02,,0,0,True,True,True,20,115483
b6427f2127b86bfdaaf99a28,century,EL,2022-11-02,ESTEE COMPANIES,82,0,False,True,True,2,152877
bcc20ac43bf0b4927ace6083,century,QURE,2022-11-02,uniQure,6,0,True,True,False,11,98963
bcce549e5ac261b57fae368f,century,LOB,2022-11-02,Bancshares,2,0,False,True,True,50,191400
c68d34b782e03a69385474e3,century,SANA,2022-11-02,Sana Biotechnology,7,0,True,True,True,12,176787
cff6c631b5a2589a37a031bb,century,IVR,2022-11-02,Invesco,9,0,True,True,True,21,194980
d339f7bd8ed4d606b5d284f9,century,ALLY,2022-11-02,,0,0,False,True,True,158,184113
d850353b9a8bb5922420ab7b,century,JBLU,2022-11-02,JETBLUE AIRWAYS,69,0,True,True,True,32,153052
dd2dc47516ed60f992fade6e,century,SHC,2022-11-02,Sotera,0,0,True,True,True,61,191461
df6acf249f9d1a3e6ecac10e,century,HUBS,2022-11-02,HUBSPOT,0,0,True,True,True,16,158427
e6889c405e2c1ba5b5ed9ed6,century,CPS,2022-11-02,Cooper-Standard,0,0,True,True,True,32,118540
ef6f4b1f822f3fcfbcb59499,century,NRDS,2022-11-02,NERDWALLET,0,0,True,True,True,30,90341
f3614a0dfd918b465090b24c,century,KRO,2022-11-02,KRONOS WORLDWIDE,4,0,True,True,True,14,80705
fb1e2ac6b15e6a306cdff7ac,century,JLL,2022-11-02,LANG LASALLE,34,0,True,True,True,52,142043
fea401a2ac64292de1789b74,century,RVLV,2022-11-02,,0,0,True,True,True,26,124391
008317ef1a6fd5b3e40b1bc7,century,APPN,2022-11-03,APPIAN,12,0,True,True,True,25,144156
03e86e518f040e02ac315bdd,century,DSGR,2022-11-03,Solutions,5,0,True,True,True,13,161483
06546ec5439b6ff5710410cd,century,IOVA,2022-11-03,IOVANCE BIOTHERAPEUTICS,3,0,True,True,True,18,147503
07fc802c7f19cf4ae66040e1,century,APG,2022-11-03,,0,0,True,True,True,14,202849
0b8c070a557cdb370fd16e3a,century,KPTI,2022-11-03,Karyopharm,1,0,True,True,True,11,145592
0bd44bca702ef0891903850f,century,CROX,2022-11-03,Crocs,87,0,True,False,True,4,151268
0e4720d0989289bfb005fc87,century,SYNA,2022-11-03,SYNAPTICS,0,0,True,True,True,28,124883
1311b07ac479d9f63d7983fa,century,ITRI,2022-11-03,ITRON,40,0,True,False,True,33,182700
14a6a679fc6561c329c67678,century,ASTE,2022-11-03,ASTEC,10,0,True,True,True,23,128947
154f132feac8124deed91ace,century,NUVB,2022-11-03,Nuvation,3,0,True,True,True,36,145524
19d5beca774d0f4dfafda9bb,century,ALHC,2022-11-03,Healthcare,21,0,True,True,True,38,145974
19f3910e5664721e91ca1222,century,CCCC,2022-11-03,,0,0,True,True,True,17,128295
1a47cbdd354d9cb1e7762082,century,ADPT,2022-11-03,Biotechnologies,5,0,True,True,True,68,139258
1bf64f65f958be16a14d5596,century,KTOS,2022-11-03,KRATOS SOLUTIONS,89,0,True,True,True,18,141055
1efcee6993b61488d1dbe9b7,century,IBP,2022-11-03,Installed Products,31,0,True,True,True,35,148723
25a710725ccadcc52e6dedf0,century,MED,2022-11-03,MEDIFAST,0,0,True,True,True,19,76670
27b9b093ff9d8d1e39278f58,century,EGHT,2022-11-03,,0,0,True,True,True,2,126380
27f4f9f685fdf1bfcb8dbf40,century,APTV,2022-11-03,Aptiv,155,0,True,True,True,49,172826
2ad4c78bde6f32964ec54408,century,BNGO,2022-11-03,Bionano Genomics,14,0,True,True,True,12,142582
2ef7d6695eea5a67467cf5d5,century,RARE,2022-11-03,Ultragenyx,0,0,False,True,True,40,145379
377bbb103f5cd11bec4fbbc5,century,EBAY,2022-11-03,EBAY,0,0,True,False,True,93,177635
3a49600a6dd797e5fa79d24a,century,DMRC,2022-11-03,Digimarc,0,0,True,True,True,65,129129
3b5c6f0c7b4c4fb5c40dd78f,century,SIGA,2022-11-03,SIGA,0,0,True,True,True,57,101728
3c01e0566523040ba43a0a49,century,VCYT,2022-11-03,VERACYTE,0,0,True,True,True,47,146550
3ef2b36369eb8680f40945a1,century,RSI,2022-11-03,,0,0,True,True,True,54,135680
3f782b08d8c07a53b32a0f9f,century,KMT,2022-11-03,KENNAMETAL,0,0,True,True,True,60,83244
44995dbd85e153b2572fccf5,century,PZZA,2022-11-03,JOHNS,3,0,True,True,True,2,135722
44ab5dd4bac9585f1cd53190,century,CRSR,2022-11-03,,0,0,True,True,True,24,150909
4753ec9c18b84b9dcf642305,century,BOOM,2022-11-03,,0,0,False,True,True,49,138338
48c48a2e202030505bb818a5,century,AUPH,2022-11-03,Aurinia,21,0,True,True,True,15,90372
49bc0c7021fa648590b4b888,century,OLED,2022-11-03,,0,0,True,True,True,93,143817
52d581833c7d3e4e65155627,century,DH,2022-11-03,Healthcare,12,0,False,True,True,102,162561
597cbe09674ae5d610704c5d,century,NET,2022-11-03,Cloudflare,0,0,False,True,True,97,188549
5b7c5a773f1111665d89902f,century,OTEX,2022-11-03,,0,0,True,True,True,18,134073
5ca77087bbc0e54514761f1f,century,MRNA,2022-11-03,Moderna,0,0,True,True,True,194,139479
5d37b7aff2df0a24ac29bbee,century,ETSY,2022-11-03,ETSY,0,0,True,True,True,77,173338
603ee56a7723b5cce3bac848,century,AGIO,2022-11-03,AGIOS,1,0,False,True,True,12,154168
62b0d0ff71228a51b803f68d,century,LUMN,2022-11-03,,0,0,True,True,True,18,93700
64572f32ccfd4707b42e2c79,century,ACAD,2022-11-03,,0,0,True,True,True,16,116109
657477e9c8c1c618aabee4a7,century,FTDR,2022-11-03,Frontdoor,0,0,True,True,True,27,111583
6d9d9cb63acc9f39e3f04bef,century,GDYN,2022-11-03,,0,0,True,True,True,75,127603
6fc80e25bc6a70534a44f7fb,century,PK,2022-11-03,Hotels Resorts,78,0,False,True,True,28,85905
753c60a7bc4b01c41aa3511f,century,CDNA,2022-11-03,CareDx,3,0,True,True,True,10,103924
75dc6fe100d882384718c0cb,century,FOXF,2022-11-03,,0,0,True,True,True,33,215676
7e942d2f364d285e2dff7b95,century,CIM,2022-11-03,,0,0,True,True,True,21,181437
86b5d3324716a65ca62897b3,century,AMPL,2022-11-03,,0,0,True,True,True,18,147139
91dd0d22c46bbd5f413d06ab,century,PAYC,2022-11-03,Paycom,5,0,True,True,True,30,138548
9aab1706a8c8a80491274ba9,century,BBIO,2022-11-03,BridgeBio Pharma,85,0,True,True,True,36,159373
9d2c49f86511afd46879df3d,century,PENN,2022-11-03,PENN,0,0,True,True,True,109,187901
a0b11f3f047fbd6050586e77,century,VNDA,2022-11-03,,0,0,True,False,True,17,110169
a98033c741d31c78f6f1e3ac,century,INGN,2022-11-03,,0,0,True,True,True,1,115319
ad48fe7978d739748c37e681,century,MGNX,2022-11-03,MACROGENICS,0,0,True,True,True,14,131572
ae3dce7c1a453c76ea979b3d,century,RIGL,2022-11-03,,0,0,True,True,True,11,184217
aeb9ea676ec5f0a03778e996,century,HOOD,2022-11-03,Robinhood Markets,46,0,False,True,True,21,209577
b04687aef4b0377c34db698c,century,FATE,2022-11-03,,0,0,False,True,True,10,170631
b1092f413aa1ca912bc4d7a0,century,VICR,2022-11-03,VICOR,5,0,True,False,True,48,91408
b2ad47fab9b691c2fba5541a,century,VIR,2022-11-03,Biotechnology,4,0,True,True,True,86,220021
b3baf0092db41581fc2193eb,century,NTLA,2022-11-03,Intellia,7,0,True,True,True,27,148336
b5ee54a5292b5781b7fef046,century,BCYC,2022-11-03,,0,0,True,True,False,18,190229
bad4cbc8352debb13e247d43,century,MATX,2022-11-03,Matson,45,0,True,True,True,5,151285
beef986d422fba9698aa4a8a,century,SSNC,2022-11-03,SS&C,23,0,True,True,True,17,126651
bf92b90bbcbc3d339bd88744,century,BE,2022-11-03,,0,0,False,True,True,90,155836
c3bea2ec4d997b3703041868,century,RMAX,2022-11-03,,0,0,True,True,True,25,141415
c3d1e9d42cee1045fb8b54fa,century,VIRT,2022-11-03,,0,0,True,True,True,103,194598
c44dfae9caadf0bfcc8a987c,century,PEN,2022-11-03,,0,0,False,True,True,51,127549
c4b1e268f1ec1aef4a47e784,century,ROKU,2022-11-03,ROKU,0,0,True,True,True,44,156046
c6eb5e915a563e592ae4f8cb,century,PTLO,2022-11-03,Portillo's,0,0,True,True,True,127,121332
c79c9753153f17e7c602d700,century,XFOR,2022-11-03,,0,0,True,True,True,27,173546
c97c48ba305840710595272b,century,LUMN,2022-11-03,,0,0,True,True,True,38,178144
cae397bb2e10042fc4ab5e09,century,KYMR,2022-11-03,Kymera,2,0,True,True,True,12,142740
d142a4ae87105d2d9f6b74b7,century,AUR,2022-11-03,,0,0,True,True,True,17,126227
d4ac2d4c62bec4681e48b14a,century,PATK,2022-11-03,,0,0,True,True,True,14,105265
d8373bc05348035c58b823bb,century,COIN,2022-11-03,Coinbase,9,0,False,True,True,34,186093
d9814859c54bb678510ce4d3,century,CERS,2022-11-03,CERUS,5,0,True,True,True,29,181092
ddcfbf992b0aae3d777d07e3,century,CVNA,2022-11-03,CARVANA,0,0,True,True,True,167,215977
e7db5ffce3a2c5143d32044c,century,TXG,2022-11-03,Genomics,0,0,True,False,True,25,94157
eb7ffdbbb7febe5e8226ebd9,century,GWH,2022-11-03,,0,0,True,True,True,20,177122
f0002831119679c587228122,century,MLAB,2022-11-03,LABORATORIES,2,0,True,True,True,11,90217
f60f8cd5faf2e9215c068ce9,century,CMPS,2022-11-03,Pathways,1,0,True,True,False,10,219977
fc22ed60b497c8546977ddbd,century,MC,2022-11-03,Moelis,24,0,False,True,True,52,139413
fd9e0da7a7f926e1c87ecef4,century,MFA,2022-11-03,,0,0,True,True,True,51,219862
fe7482c8af37a8fa95cfdfb1,century,GH,2022-11-03,,0,0,False,False,True,33,195692
0364543a062372eed92a0e46,century,ENVX,2022-11-04,Enovix,27,0,True,True,True,29,141337
03b54eb0970e2fc949748800,century,ALKT,2022-11-04,ALKAMI,10,0,True,True,True,11,124952
047407e3e2dbe1174f14eb92,century,DDOG,2022-11-04,Datadog,0,0,True,True,True,25,166478
0b36ded5c3c466d3f9e339ab,century,DASH,2022-11-04,DoorDash,0,0,False,True,True,43,137619
109d15b0facb6f70fd7b52fb,century,BL,2022-11-04,BLACKLINE,0,0,False,True,True,47,121616
1bda18d74e29503523c94d44,century,SHAK,2022-11-04,,0,0,True,True,True,101,136789
1e1895637919b2f3c2e0c158,century,DLX,2022-11-04,,0,0,True,True,True,30,147544
26bab48237abe96c53e7c114,century,ILMN,2022-11-04,ILLUMINA,0,0,True,True,True,70,143628
27913bf9774a9fb32928bfe0,century,MUX,2022-11-04,McEwen,45,0,False,True,True,30,142448
28c5821407b1dc16cda562ec,century,AORT,2022-11-04,ARTIVION,0,0,True,True,True,22,209674
2a84fa15fc4f9d2d226782a6,century,PCOR,2022-11-04,PROCORE,2,0,True,True,True,23,150129
2bf2d54302c2a40e3cb63186,century,DKNG,2022-11-04,DraftKings,0,0,True,True,True,156,174706
2f71a8cf1f3cb23c5e393ab3,century,PBI,2022-11-04,PITNEY BOWES,80,0,True,True,True,3,115432
315c136f4539dfc0859f5664,century,MTCH,2022-11-04,,0,0,True,False,True,62,147440
32f68a68c327e50dfe17dda1,century,QNST,2022-11-04,QUINSTREET,0,0,True,True,True,15,197789
345390dce3632c374de90707,century,MP,2022-11-04,Materials,33,0,False,False,True,19,137915
3c7ad5b61a82211ae955b00f,century,CNS,2022-11-04,STEERS,2,0,True,True,True,50,122873
4830767900592975002f15d9,century,SPT,2022-11-04,,0,0,True,True,True,30,99037
49724e041555470e222e1780,century,FRSH,2022-11-04,Freshworks,0,0,True,True,True,18,129035
4a35d293a1444901b8484b53,century,DLR,2022-11-04,,0,0,True,True,True,228,208078
4fac74636fc64b4a719d9bbb,century,ARCB,2022-11-04,ARCBEST,75,0,True,False,True,1,194019
536562e5ae5d72dfaf797aaa,century,GTN,2022-11-04,,0,0,True,True,True,17,93598
5cd7a27ce5607c736a25d426,century,AMCX,2022-11-04,Networks,23,0,True,True,True,70,135708
5da34f101dc539f23cfac435,century,EEFT,2022-11-04,EURONET WORLDWIDE,27,0,True,True,True,21,154531
71526681fedd8fdd14d224e9,century,SKYW,2022-11-04,SKYWEST,0,0,True,True,True,118,137526
72a50d257e7f735650736830,century,CWK,2022-11-04,Cushman Wakefield,0,0,True,True,True,16,126562
920b3ec19f0829b6dedf42ef,century,ALGN,2022-11-04,,0,0,True,True,True,13,122904
9598fb0d315ef3bce35b8db0,century,SHOO,2022-11-04,,0,0,False,True,True,45,127623
9bb22ea2c4ab8563e0428287,century,RCKT,2022-11-04,,0,0,True,False,True,15,143085
9d03b15240017125c87ed6e5,century,CE,2022-11-04,,0,0,False,True,True,73,162930
9f5588f72dfe93c732228fc7,century,TWLO,2022-11-04,TWILIO,16,0,True,True,True,4,142684
9f5c8d3f249bd9f4505bf647,century,BXP,2022-11-04,PROPERTIES,48,0,True,True,True,223,154762
a34990aefeadbbf13b1b90ef,century,ECL,2022-11-04,ECOLAB,21,0,True,True,True,8,218879
ac821395b5946ffd49c8b9e5,century,VNT,2022-11-04,Vontier,0,0,True,True,True,26,121060
adf18718fe66229635ec6e31,century,PGNY,2022-11-04,Progyny,0,0,True,True,True,39,135019
b1e396198d12b130aa444f18,century,MELI,2022-11-04,MERCADOLIBRE,0,0,True,False,True,44,150085
b2a7b893b3781da8fc50a983,century,EPAM,2022-11-04,EPAM,0,0,True,True,True,52,176815
b637b2f6821052602a8ab1e0,century,VTR,2022-11-04,Ventas,78,0,True,True,True,7,194753
b68c8fffd03aed21367594d1,century,CYRX,2022-11-04,Cryoport,0,0,True,True,True,39,161786
c06d7f00815d1f1cb99beceb,century,PRM,2022-11-04,Solutions,0,0,True,True,True,19,134321
c28aaaa3aa65cade6a265fd9,century,BFH,2022-11-04,,0,0,True,True,True,49,153917
c309503b304b8c7cad27830d,century,CNK,2022-11-04,Cinemark,0,0,True,False,True,164,186399
c51ebbe332bda87a8510ef57,century,FIS,2022-11-04,Services,46,0,True,True,True,81,126161
c838ec301b55daf1b1189bd8,century,CDXS,2022-11-04,CODEXIS,0,0,True,True,True,22,152481
c987aafc8b0782d6315626ba,century,TEAM,2022-11-04,Atlassian,0,0,False,True,True,64,191624
ca34a98f5413875802a3d589,century,SITM,2022-11-04,SITIME,3,0,True,True,True,11,214339
d504d4274d2b496943cfff3d,century,CABO,2022-11-04,,0,0,True,True,True,23,147378
d51566461195ac95a347e4fa,century,BCAB,2022-11-04,BioAtla,0,0,True,True,True,19,115285
d69df4a7507b2476bf58273a,century,LBRDA,2022-11-04,Broadband,4,0,True,True,True,183,146981
d71599588965e11474637d64,century,NKTR,2022-11-04,NEKTAR,8,0,True,True,True,37,137060
d9f9ecac34a415ab2fc1f41a,century,STEM,2022-11-04,,0,0,False,True,True,93,161494
dcbb809fa9caef444d8b53d8,century,FORR,2022-11-04,FORRESTER,12,0,True,True,True,15,101207
dfa351cbf8b8cffcbb4c301e,century,MRVI,2022-11-04,MARAVAI LIFESCIENCES,14,0,True,True,True,41,204096
ea63fae6e2a7b0ac9d8b475a,century,TER,2022-11-04,TERADYNE,0,0,True,True,True,215,157210
eaf07c89314ad6943e013c77,century,TREE,2022-11-04,LendingTree,0,0,False,True,True,58,155079
edad3fb2fef990271fb4db86,century,OWL,2022-11-04,,0,0,False,True,True,200,160343
f3331e93d27814fa834bb10c,century,PRLB,2022-11-04,Labs,0,0,True,True,True,15,96092
f81f571d25bb56c5a33c8954,century,TRUP,2022-11-04,TRUPANION,0,0,True,False,True,15,118396
1886e2fed799a7a9915e586b,century,PNTG,2022-11-07,,0,0,True,True,True,65,162306
1a1b96e756d9a1f8d6f77fb5,century,AOSL,2022-11-07,,0,0,True,False,True,4,147778
1c8577113e75d000f12c9234,century,AMTX,2022-11-07,AEMETIS,0,0,True,True,True,49,171882
45a92227e91bab0d01225f03,century,MKSI,2022-11-07,INSTRUMENTS,19,0,True,True,True,29,172323
4e24c3b53543bfb895933409,century,UNIT,2022-11-07,Uniti,83,0,False,True,True,37,184444
4e7ba829b4401ae400289469,century,QTWO,2022-11-07,,0,0,True,True,True,4,114678
55e9b84491a07df3d0e03498,century,TCMD,2022-11-07,,0,0,True,False,True,14,113317
5f262982ab5a2de36f1d4b9c,century,ASPN,2022-11-07,AEROGELS,0,0,True,True,True,21,156234
6b3f142463f424179c9095e5,century,GRPN,2022-11-07,Groupon,0,0,True,True,True,36,171860
749cb63738119039b76f1178,century,AMRX,2022-11-07,Amneal,80,0,True,True,True,50,215145
79e32acd15b994beb8622377,century,TECH,2022-11-07,BIO-TECHNE,0,0,False,True,True,42,106812
7d30b8f059664126d5e03147,century,AGNC,2022-11-07,AGNC,0,0,True,True,True,24,180691
85672a92dafe2a381a163ce1,century,AHT,2022-11-07,ASHFORD,151,0,False,True,True,44,217624
86f713d9b7acf1913ca4d79b,century,CRON,2022-11-07,Cronos,90,0,True,True,False,35,192941
930f81924dee1cc63dffcd9d,century,S,2022-11-07,RIDGEWOOD,5,0,False,True,True,9,57948
9accc3aad27cf01cfa6e9a6b,century,RWT,2022-11-07,,0,0,True,True,True,69,201280
9b952a58ce4252d03ccf89f6,century,FIVN,2022-11-07,Five9,1,0,True,True,True,14,155144
9c8e318275f553de96a033b5,century,OCUL,2022-11-07,THERAPEUTIX,0,0,True,True,True,11,150948
a200011fc80bf396191e9893,century,CENX,2022-11-07,,0,0,True,True,True,48,129477
aabc5a486237d0e2ada14428,century,CLOV,2022-11-07,INVESTMENTS,47,0,True,True,True,3,160573
b0027cf1e3ed5c870fc23a59,century,CLAR,2022-11-07,Clarus,6,0,True,True,True,50,126193
bc8f3552fdb210be5b296826,century,BEAM,2022-11-07,,0,0,False,True,True,23,121488
c10c629bd7e91144213d73f5,century,XRAY,2022-11-07,DENTSPLY SIRONA,7,0,True,True,True,32,129732
c2429c004e33cdee7a61390a,century,EOSE,2022-11-07,Enterprises,0,0,True,True,True,43,165111
c5b6290e74a62a7a2d2346a3,century,U,2022-11-07,Ridgewood,2,0,False,True,True,9,53982
c99950fa2a63556242d81b0d,century,DOCN,2022-11-07,DigitalOcean,0,0,True,True,True,17,139413
c9bd06708a77a87ef2838a4e,century,HIMS,2022-11-07,Hims,0,0,True,True,True,33,118659
cb693bd89b2720ba79077dd5,century,ICUI,2022-11-07,,0,0,True,True,True,2,184528
dd6f9fa129ed92cfbea3098e,century,FUBO,2022-11-07,fuboTV,10,0,True,True,True,57,150878
df4fcd5446e3bf3bbdb79a80,century,VECO,2022-11-07,VEECO INSTRUMENTS,57,0,True,True,True,31,143166
e461528cacf9f96d1a89a6bd,century,CERT,2022-11-07,Certara,0,0,True,True,True,18,154103
ea304f953ad42025c1feb591,century,PLTR,2022-11-07,Palantir,2,0,True,True,True,23,154380
ea7c07d38eb924e5c9dbce5b,century,GNRC,2022-11-07,GENERAC,0,0,True,True,True,60,169188
f20698a43c6c7300164a68dd,century,BHR,2022-11-07,Braemar Hotels Resorts,72,0,True,True,True,33,130337
0331f09cc45ebf834b9c55c6,century,SSRM,2022-11-08,,0,0,True,True,True,64,128533
05abb23b2bbdf346dfd0611a,century,HRTX,2022-11-08,,0,0,True,True,True,2,111621
0b6928c21b6d16759c466820,century,CUBI,2022-11-08,Customers,239,0,False,True,True,57,178064
0be049d13309294419d544e7,century,LPSN,2022-11-08,LIVEPERSON,0,0,True,True,True,33,116357
0e81966d11eb7f8ae5fb1814,century,FOUR,2022-11-08,Shift4 Payments,142,0,False,True,True,113,204134
1d67772e8f87c9d3a8c24150,century,BFAM,2022-11-08,HORIZONS SOLUTIONS,5,0,True,True,True,18,134762
24472ef14dae96a68a819e57,century,CRBU,2022-11-08,Biosciences,0,0,True,True,True,13,145844
2be847749ba39c239ee24c00,century,BSY,2022-11-08,BENTLEY,4,0,True,True,True,29,142639
2ecea943d41a373cd69adbf4,century,CHRS,2022-11-08,Coherus BioSciences,46,0,True,False,True,11,167874
352b22f01aea1c6d6d9877c0,century,PACB,2022-11-08,BIOSCIENCES,1,0,True,True,True,9,119991
3d06a369e9896f14467a4242,century,OCGN,2022-11-08,Ocugen,20,0,True,True,True,10,112388
3dd61c860762c721650bff18,century,SSP,2022-11-08,SCRIPPS,41,0,True,True,True,20,114801
44a93182920d9dcad3404933,century,NEO,2022-11-08,NEOGENOMICS,0,0,False,True,True,61,157772
4c64ef2e91ec34ffc49e317c,century,PUBM,2022-11-08,PubMatic,0,0,True,True,True,16,137636
4c9ffb1fab8f8afd62b09f3d,century,ZYME,2022-11-08,Zymeworks,0,0,False,True,True,76,172511
51dcd4767d0eb0b0d0e8ede8,century,BW,2022-11-08,Wilcox Enterprises,13,0,False,True,True,21,181476
551b68df36b2f75f4ddb2b1c,century,LQDA,2022-11-08,Liquidia,0,0,True,True,True,42,150108
597b0d9cff5b46d7eb7facae,century,ALEC,2022-11-08,Alector,0,0,False,True,True,25,165984
5af2f228f2afc15035612c86,century,GEVO,2022-11-08,Gevo,0,0,True,True,True,83,122012
617b1acd30617e69d5a5c397,century,SEER,2022-11-08,,0,0,False,False,True,21,159201
61cd92a1249fb1cd935fb529,century,USNA,2022-11-08,USANA SCIENCES,9,0,True,True,True,22,75989
65491045978243ee27419211,century,ALXO,2022-11-08,,0,0,True,True,True,24,155949
6be21745fcf6588233fd81cc,century,INO,2022-11-08,INOVIO,9,0,False,True,True,28,150807
6c12f1018988a692a7a4f959,century,MTW,2022-11-08,MANITOWOC,0,0,True,True,True,26,109529
7345e5033b0cc8b32db8a9cc,century,QSI,2022-11-08,Quantum-Si,0,0,True,True,True,47,126764
73873e4f9a0ad3e88cb75837,century,LYEL,2022-11-08,Lyell Immunopharma,1,0,True,True,True,12,168613
7be1c7f48411c365b15cd356,century,FULC,2022-11-08,,0,0,True,True,True,14,127082
7c394f9007cf17751dfad1ab,century,HLIO,2022-11-08,,0,0,True,True,True,15,89414
7c6bc552d352a9f3c680f1aa,century,OSUR,2022-11-08,ORASURE,4,0,True,True,True,12,118338
832edd188ebb73c027637336,century,INVE,2022-11-08,Identiv,0,0,True,True,True,16,111359
84cda4f259a59768c48cf956,century,LYFT,2022-11-08,Lyft,0,0,True,False,True,45,184479
86e99f3ed1a85b7046b1811b,century,CCO,2022-11-08,,0,0,True,True,True,21,117649
9384613b71174891dece8a8f,century,ATRA,2022-11-08,Atara Biotherapeutics,10,0,True,True,True,18,123732
9964019aa86825546ca04ce7,century,TDC,2022-11-08,TERADATA,61,0,True,True,True,2,100184
99e4a06ee0e3ea29e5233707,century,AGEN,2022-11-08,AGENUS,15,0,False,True,True,20,135388
9f899d2b1531e4eb38fb4dd2,century,PTGX,2022-11-08,,0,0,True,False,True,14,128782
a17819b8073f5818543a35b2,century,PLTK,2022-11-08,Playtika,0,0,True,False,True,35,144074
a71a8916591cba78775cc021,century,MX,2022-11-08,MAGNACHIP,1,0,False,False,True,22,160958
a93210803f23d4e0a107fdb4,century,ACMR,2022-11-08,,0,0,True,True,True,128,177346
afc264a972041144462e7ac2,century,LCID,2022-11-08,,0,0,True,True,True,15,193883
b1e75c586db54aa69d254765,century,NCLH,2022-11-08,,0,0,True,True,True,47,149869
b319182953dcd5154047c0f4,century,CLVT,2022-11-08,CLARIVATE,0,0,True,True,False,116,192419
ba9e66aae64f5ecddf269a38,century,STRO,2022-11-08,SUTRO BIOPHARMA,0,0,True,True,True,37,143527
bda95e27ab33784f740beded,century,STC,2022-11-08,SERVICES,26,0,True,True,True,5,89863
be47cd310740425e03291e98,century,NEWT,2022-11-08,Newtek Services,94,0,False,True,True,47,174298
c24dc2cba51f9545d3019902,century,WKHS,2022-11-08,Workhorse,0,0,True,True,True,23,90551
c30f8811a5a187da6e80d49e,century,AMC,2022-11-08,,0,0,True,True,True,104,174334
ca4842a264ab423971525b06,century,APEI,2022-11-08,,0,0,True,True,True,36,197995
cbc745dd1fa19941b382368b,century,PHAT,2022-11-08,Phathom,4,0,True,True,True,12,134257
d168c5dddef0bb52675b6f3a,century,OPK,2022-11-08,OPKO,32,0,True,True,True,11,157415
d20ed40df76cc390f5d7b1d3,century,RAMP,2022-11-08,LiveRamp,0,0,False,True,True,38,114714
d4a0a429a28ef0593f3d74dc,century,SENS,2022-11-08,Senseonics,0,0,True,False,True,25,144241
d533435b4792f6b584a8a86b,century,TSHA,2022-11-08,Taysha Therapies,24,0,True,True,True,127,175576
d95dea301aa177b5f2528533,century,LUNG,2022-11-08,Pulmonx,0,0,False,False,True,44,146314
d9cfe313554558c05867e558,century,LAND,2022-11-08,,0,0,False,True,True,43,188605
db8207137becb1fdf763a287,century,PLUG,2022-11-08,,0,0,False,True,True,43,143077
def9a9e20435358f0b5c8880,century,XAIR,2022-11-08,,0,0,True,False,True,65,114438
e3a8018e042455112195e402,century,SGRY,2022-11-08,,0,0,True,True,True,42,112341
e3dd60ac558b231d92ca0cf6,century,BKD,2022-11-08,Brookdale,3,0,True,True,True,15,177545
e6f074947cae95827101166e,century,ACCO,2022-11-08,ACCO BRANDS,8,0,True,False,True,75,123880
e9c09779c0e28c459edcb70e,century,OPRX,2022-11-08,OptimizeRx,0,0,True,False,True,24,71548
ec9d4a71c7b1a4bcf2779063,century,SEDG,2022-11-08,SOLAREDGE,8,0,True,True,True,35,121234
eecd1391e07dfa3fa3d6d477,century,REAL,2022-11-08,TheRealReal,0,0,False,True,True,3,158476
f0ef35a675790d692750a854,century,RXRX,2022-11-08,,0,0,True,True,True,17,110674
f5b61be939affb18377c382b,century,FDMT,2022-11-08,,0,0,True,True,True,11,151769
f7e233a385a761e1d3700924,century,VRTS,2022-11-08,VIRTUS,3,0,True,True,True,23,109728
fb91b28b497b736e70468455,century,GPMT,2022-11-08,,0,0,True,True,True,60,214798
011c39a74d148fba8249715e,century,KOD,2022-11-09,Kodiak Sciences,2,0,True,True,True,18,120077
01d7d57abd77cd8b96d7b641,century,VFF,2022-11-09,Farms,48,0,True,True,True,36,149907
04a9e7c39df24ff8b5dbe802,century,ANGI,2022-11-09,Angi,0,0,True,False,True,189,126903
08585227642bb485625e35e8,century,NVAX,2022-11-09,NOVAVAX,0,0,True,True,True,47,139996
08b1e942caa65c50769012f7,century,ZD,2022-11-09,ZIFF DAVIS,2,0,False,False,True,37,103929
08fbc8228d69309e24644669,century,PCT,2022-11-09,PureCycle,19,0,True,False,True,235,160409
091b260b1009530d9c348d8e,century,PAR,2022-11-09,,0,0,False,True,True,58,140978
093409bb56e204a54d1a171a,century,ZLAB,2022-11-09,,0,0,True,True,True,2,146475
0cc8811479a90532322e01b8,century,FTCI,2022-11-09,,0,0,True,True,True,17,185769
0ea47d7e13d6cd992973f590,century,XERS,2022-11-09,Xeris Biopharma,72,0,True,True,True,45,188365
121ea9244fa1f9a8b2e5ea09,century,ZIP,2022-11-09,ZIPRECRUITER,0,0,False,False,True,37,135680
1367d89d69365c49d0914aad,century,LMND,2022-11-09,,0,0,True,True,True,52,161887
169f8e5ea1022ac79c3c31b5,century,HYLN,2022-11-09,Hyliion,0,0,True,True,True,22,74018
1752db553429c20d90776522,century,IIPR,2022-11-09,PROPERTIES,115,0,True,True,True,18,166816
1a141c78d6a3c10045134f07,century,RKT,2022-11-09,Companies,6,0,True,True,True,99,195333
1d0f6994d5fe9b58bef85ca2,century,UCTT,2022-11-09,,0,0,True,True,True,14,116337
1ebda4398475e382b88eb126,century,ARCT,2022-11-09,,0,0,True,True,True,86,131461
1ef4a66773d9a8b67bffed67,century,ORGO,2022-11-09,,0,0,True,True,True,26,125810
1f904defc9eea3eb002b7b2e,century,ICHR,2022-11-09,,0,0,True,True,False,11,71608
1fe6db1a6dc7f737e6157b06,century,HCAT,2022-11-09,,0,0,True,True,True,33,147232
23d515c127b7535d1a1a4b0e,century,RBLX,2022-11-09,Roblox,45,0,True,True,True,16,192571
263796f75ccc1fe443530522,century,UFI,2022-11-09,UNIFI,167,0,True,True,True,3,92573
2ff3c51d9e39b5bd23ec50c9,century,RDNT,2022-11-09,RadNet,28,0,True,True,True,32,164119
3091673c0e0a8a741a9b420f,century,MXCT,2022-11-09,MAXCYTE,0,0,True,True,True,15,116281
3284d0a35cc459c503d55705,century,INBK,2022-11-09,Internet,3,0,True,True,True,15,115356
3297b982e6fd87125220d128,century,ARLO,2022-11-09,Arlo,0,0,True,True,True,61,111436
38d848fdcce0b5063230d70f,century,HCI,2022-11-09,,0,0,True,False,True,95,210865
40e679cd77114907468e0253,century,PLBY,2022-11-09,PLBY,0,0,True,True,True,102,163026
48646cfb2b471c21caf75c2a,century,LTH,2022-11-09,,0,0,True,True,True,69,137878
488716e08279c826d9e322b0,century,VCEL,2022-11-09,Vericel,0,0,True,True,True,32,102411
497b6be38aaad12ca94e3df0,century,HYFM,2022-11-09,HYDROFARM,0,0,True,False,True,44,143401
4b07432cff069830df86e13f,century,GOVX,2022-11-09,GeoVax Labs,10,0,True,True,True,15,54267
4b093cec49c1469271a51b9b,century,ATOM,2022-11-09,Atomera,0,0,False,False,True,16,49808
4e06829ba2ea288754488795,century,OMER,2022-11-09,OMEROS,5,0,False,True,True,13,109934
527dd285cd55c01af412f254,century,TTGT,2022-11-09,TechTarget,0,0,True,True,True,31,134145
5e7f2fef138e8c3b74a96e10,century,MGNI,2022-11-09,MAGNITE,0,0,True,True,True,21,218492
623666b6eff46da2fef8759d,century,BLFS,2022-11-09,BIOLIFE SOLUTIONS,21,0,True,False,True,19,155829
661a0e496e7b1459a9ce69dc,century,TGTX,2022-11-09,,0,0,True,False,True,16,116296
6dc229a0a594ef9664a99ae3,century,LWLG,2022-11-09,Lightwave,4,0,True,True,True,25,136406
7299c567e186f0d44bb8c1c9,century,KPRX,2022-11-09,KIORA,13,0,True,True,True,29,102505
7333c3cf1a183793a77d6c81,century,ZNTL,2022-11-09,Zentalis,13,0,True,True,True,12,133750
74a7d6d44f76d8b7b6d55bd5,century,OSCR,2022-11-09,,0,0,True,True,True,26,176827
756ddae760d3e0daad5fbfeb,century,CTKB,2022-11-09,Cytek Biosciences,35,0,True,True,True,14,197943
7aaaee43871cc773c95cc741,century,CRCT,2022-11-09,Cricut,69,0,True,False,True,13,195468
891b24aa5c6e499200c08343,century,ADV,2022-11-09,Solutions,10,0,True,True,True,19,183540
8fe48f69b47d99c995c884df,century,U,2022-11-09,,0,0,False,False,True,50,125859
9047bd44a2ba58b7940ffaf9,century,BIRD,2022-11-09,Allbirds,0,0,False,False,True,39,171114
91df9c8fb036855938796157,century,DDD,2022-11-09,,0,0,True,True,True,49,185314
95303cdab99ac2ab6842ee95,century,ALTO,2022-11-09,Ingredients,61,0,False,True,True,36,157641
9593ddb4d4f12e596900a0da,century,HASI,2022-11-09,Hannon Armstrong,28,0,True,True,True,31,214223
97537060a028c576be40cff8,century,TTEC,2022-11-09,TTEC,0,0,True,True,True,136,155982
9bd32ee9db42a720dfd5547a,century,GNK,2022-11-09,GENCO,96,0,True,True,True,40,182022
9d7a797de18b0755d65545a6,century,SKIN,2022-11-09,,0,0,False,True,True,38,152352
9e5f82ae67cb94406a6f994f,century,ATER,2022-11-09,,0,0,True,True,True,24,191584
9ebe08b5280a363bb8cf9a8c,century,ABUS,2022-11-09,Biopharma,0,0,True,True,True,19,149148
9ef61a7caef74a90e205fa9d,century,GDOT,2022-11-09,,0,0,True,True,True,43,100683
a2ffc932004d86c70b680a88,century,WD,2022-11-09,,0,0,False,True,True,66,173210
a3994d763871862dc7d92827,century,GDRX,2022-11-09,GoodRx,31,0,True,True,True,18,135011
a6b74e13a28d36aa4fd2e5d0,century,UPST,2022-11-09,,0,0,True,True,True,123,219099
a952f532d5dd5ac88ff97b78,century,RKLB,2022-11-09,,0,0,True,True,True,67,152735
aa2d2b06b01c0f3adaa7d63f,century,RNG,2022-11-09,RingCentral,0,0,True,True,True,34,186909
adff8955a6b540b362ba4a20,century,BARK,2022-11-09,,0,0,False,True,True,77,201284
b830ef782643f23ed6361bbf,century,CEVA,2022-11-09,CEVA,0,0,True,True,True,27,199082
ba89926ef231b1d65347b9f2,century,RIVN,2022-11-09,Rivian,43,0,True,True,True,2,144758
bddaadf19e44f13ef985aba6,century,ESTA,2022-11-09,LABS,0,0,True,True,False,35,131793
c316a610223bea131adcd94a,century,RELY,2022-11-09,Remitly,14,0,False,True,True,27,173316
c453c7fb60c6ceb996b48a87,century,ROG,2022-11-09,ROGERS,13,0,False,True,True,30,123402
c65d30aadfab4782908acd46,century,SOFI,2022-11-09,SoFi,0,0,True,True,True,232,218712
c75f2af32a7598ada201cc22,century,NKTX,2022-11-09,Nkarta,4,0,True,True,True,16,139633
cd2c87dfbff5a3501cd33d71,century,ARVN,2022-11-09,ARVINAS,0,0,True,True,True,24,113643
ceb9d04fa53dd7651c6bfd45,century,AEVA,2022-11-09,Aeva,0,0,True,True,True,132,126468
d1c15df6dce252ac89932420,century,RPAY,2022-11-09,,0,0,True,True,True,52,133426
d218d4c5b2dff405359b084a,century,ERAS,2022-11-09,Erasca,26,0,True,True,True,56,144076
d3c4f7e5540727dc6b1d016e,century,NTRA,2022-11-09,Natera,8,0,True,True,True,11,194757
d617f89c871e021abd689bb6,century,TTD,2022-11-09,,0,0,True,True,True,14,212993
dce27c8f7d239b277e701e6c,century,BGS,2022-11-09,Foods,2,0,True,True,True,50,182494
f360c54cc24f0a3e40cf21f3,century,PRCH,2022-11-09,,0,0,True,True,True,4,198117
f5d1969cf43c7c2810a0aaac,century,ACVA,2022-11-09,Auctions,9,0,True,True,True,19,155721
fa1d2db67e4a49bb025fa45d,century,PGEN,2022-11-09,PRECIGEN,0,0,True,True,True,101,179795
fb04680b167bc15406ad540b,century,TLS,2022-11-09,TELOS,63,0,True,True,True,16,107900
ff10f513c4a952990f5aae96,century,UP,2022-11-09,Wheels,89,0,False,True,True,124,168342
0aaba39a97f1a6b2f4751617,century,BROS,2022-11-10,Bros,0,0,True,True,True,278,181075
0d09d622c305ceb796fc8a40,century,WEAV,2022-11-10,Communications,10,0,True,True,True,17,143659
0e192f479b72f943a649a857,century,RLMD,2022-11-10,RELMADA,26,0,True,True,True,22,96670
12f87a06ca34126e6a594094,century,F,2022-11-10,Steele,5,0,False,True,True,25,176288
1e29dcf81262a296f5fd5e55,century,AXTI,2022-11-10,,0,0,True,True,True,1,180398
2d2ffc874c4ea4aa57d9a18c,century,F,2022-11-10,authID,18,0,False,True,True,19,96808
2d44e770908407d7b3fe069b,century,F,2022-11-10,Pharma,11,0,False,True,True,39,182644
34d2f8e7e576e56786df401d,century,ATAI,2022-11-10,ATAI Sciences,41,0,True,True,False,135,219993
3f74dba9cc2d9446d9cbac6e,century,YETI,2022-11-10,YETI,0,0,True,True,True,42,190925
3f8310a1e925f5c25ab02eac,century,SRTS,2022-11-10,Sensus Healthcare,5,0,True,True,True,15,61824
422b154c55979b73d7aa81eb,century,COCO,2022-11-10,,0,0,False,True,True,59,124938
54fcdcf82aa7b7bcfa293765,century,BKKT,2022-11-10,Bakkt,84,0,True,True,True,37,182046
551a983edc8f52395d8c95c6,century,F,2022-11-10,PRINCETON,0,0,False,True,True,45,160080
55801c6567e5c1e0dfdfe5c5,century,APP,2022-11-10,AppLovin,0,0,True,False,True,43,146721
55b50bef7cacdecca3ac815e,century,ACHR,2022-11-10,,0,0,True,True,True,48,142003
5edaf3d188a5bf745fd44599,century,CABA,2022-11-10,,0,0,False,True,True,26,175595
7064fc6ada70f78be8b80cb5,century,CPNG,2022-11-10,Coupang,0,0,True,False,True,24,114722
7aa82b19ac33726bd333fb55,century,DOCS,2022-11-10,Doximity,0,0,True,True,True,24,143929
827a6b8ce738647cfffecf60,century,HIPO,2022-11-10,,0,0,True,True,True,52,191326
87fc295fd7c25b53f4839a74,century,FIGS,2022-11-10,FIGS,0,0,True,True,True,23,139021
883eca438298f45206ffc832,century,HGTY,2022-11-10,Hagerty,0,0,True,True,True,317,215433
8d61ea401a07e1499c08bc87,century,F,2022-11-10,,0,0,False,True,True,34,62072
8ec15d5708f34f49c7689a59,century,BRLT,2022-11-10,,0,0,True,True,True,165,181464
909cfcc4bf8060d7cedc276f,century,PRVA,2022-11-10,Privia,59,0,True,True,True,32,149210
91808d37cb7496cefaafc1dc,century,SMRT,2022-11-10,SmartRent,0,0,True,True,True,134,203858
9228120f59e46cebba61aff4,century,F,2022-11-10,Optimus Healthcare Services,60,0,False,True,True,26,112031
9860aa9242495e88cbd5cde5,century,HOLO,2022-11-10,MicroCloud Hologram,9,0,True,True,False,20,218379
9bcd50f49512d394240d29e1,century,PRTS,2022-11-10,CarParts,0,0,True,False,True,19,165235
9c714b86d8c11f5cfd7c8655,century,FOSL,2022-11-10,,0,0,True,True,True,6,156444
9ccc35ee83faaff4fea5f81a,century,ALDX,2022-11-10,Aldeyra,1,0,True,True,True,14,158296
9eb75aefc0af8de9662e28d9,century,EYE,2022-11-10,,0,0,False,True,True,35,138783
a0c12f48f3b992f11355ebff,century,LZ,2022-11-10,LEGALZOOM,2,0,False,True,True,18,175965
a473407b3da5846c59ac7911,century,SWIM,2022-11-10,Latham,34,0,False,True,True,5,142401
b0ab0d9050f88a08bc100e1b,century,MIST,2022-11-10,,0,0,False,False,False,18,107886
b4fd9dbb208d063abd256f4c,century,BZH,2022-11-10,BEAZER HOMES,113,0,True,True,True,19,188171
b61136a657a9446abf927743,century,HNST,2022-11-10,,0,0,True,True,True,13,194255
b709ed5d95267d0fa4da9fe7,century,PAY,2022-11-10,Paymentus,0,0,False,True,True,22,125448
bbf4b0a29d6bf4a2085c331b,century,BBAI,2022-11-10,BigBear,0,0,True,True,True,70,154890
bc51d6fe6657009927148531,century,F,2022-11-10,Properties,71,0,False,True,True,47,193159
bd49be8a64fb53083414baa9,century,ALT,2022-11-10,Altimmune,0,0,False,True,True,16,86321
c27c90cff0e099f5e9cb6b6b,century,BLND,2022-11-10,Labs,0,0,True,False,True,42,190619
c39a6d45020817df5a12187b,century,TNGX,2022-11-10,,0,0,True,True,True,25,142439
c3aaa8ac8bcfcf233e6e9522,century,BYND,2022-11-10,,0,0,True,False,True,31,118970
c46ddf8842fc838f2408ce9d,century,F,2022-11-10,Cryomass,23,0,False,True,True,20,127006
c4ee388c9ccd9657445d3504,century,LAW,2022-11-10,Disco,3,0,False,True,True,24,152256
c64657500cc01c82c9d77d47,century,SGHT,2022-11-10,Sciences,0,0,True,True,True,17,105607
c86870de899507bb0815b29f,century,WWW,2022-11-10,,0,0,True,True,True,2,118390
c9413ce3258ed967fc23c3aa,century,GLUE,2022-11-10,,0,0,False,True,True,27,103440
ca6b2cada932ef21c70e63f2,century,HUMA,2022-11-10,Humacyte,0,0,False,True,True,97,154070
d26e4e221f3faf7bbb4083a1,century,F,2022-11-10,,0,0,False,True,True,52,200333
dbf5180d6f039a3d68fb349b,century,F,2022-11-10,,0,0,False,True,True,41,152585
0250cf1511111381b8d04fb5,century,KULR,2022-11-14,KULR,0,0,True,True,True,64,111757
02aa6f500e5ed75211387239,century,F,2022-11-14,Veritas Farms,1,0,False,True,True,43,127401
032ea3bacf61571f0b0859a7,century,POWW,2022-11-14,,0,0,True,False,True,13,101060
04d65c82520891980d1cea53,century,SOUN,2022-11-14,SOUNDHOUND,125,0,True,True,True,62,206944
05f3354972215cd548f281a9,century,F,2022-11-14,Kayne,7,0,False,True,True,55,162914
0792164b652601cb28832f76,century,F,2022-11-14,,0,0,False,False,True,0,68532
0bfe68b87672152c45cf4424,century,HTCR,2022-11-14,HeartCore Enterprises,44,0,True,False,True,30,108073
1009b636dbfe534f297023f7,century,F,2022-11-14,HealthLynked,0,0,False,True,True,52,174557
146bb2cbbb733734cb4c61e4,century,DNA,2022-11-14,Bioworks,0,0,True,True,True,58,205755
166e00e7de43b00f89266601,century,COMP,2022-11-14,,0,0,True,True,True,73,159755
17da03ee8a56f937240c278a,century,COOK,2022-11-14,Traeger,0,0,False,True,True,53,149043
1aac146ad5aaa04ab2f5af42,century,F,2022-11-14,Surfside,0,0,False,True,True,13,42554
1ab0d70ab8dd90068d4a6dad,century,F,2022-11-14,SATIVUS,1,0,False,True,True,27,69239
1d485d413ff0f0209418d523,century,TCRT,2022-11-14,Alaunos,3,0,True,False,True,15,130374
1f2726e672913b34df082f4c,century,CGEM,2022-11-14,Cullinan,137,0,True,True,True,13,132000
23bdaa20b6918cbbc20aaa2e,century,TOST,2022-11-14,,0,0,False,True,True,12,172573
267c976f61d165634c44f82a,century,F,2022-11-14,,0,0,False,True,True,14,40802
26e75ba568a30c0698b6c96a,century,F,2022-11-14,MICROALLIANCE,0,0,False,True,True,11,72525
2a8445d48335a1c79477bae2,century,F,2022-11-14,OILFIELD,17,0,False,True,True,15,113972
2f9d1f5ff7e1cefb25840c80,century,FLYW,2022-11-14,Flywire,0,0,True,True,True,22,142444
302ec8372958c9998d1bdd3b,century,F,2022-11-14,DecisionPoint,1,0,False,True,True,12,78366
368a80bb7553d456d1da7967,century,SLS,2022-11-14,SELLAS Sciences,5,0,True,False,True,30,102289
409138a6c4e4a89bdc7fbbf7,century,DBGI,2022-11-14,Brands,16,0,True,True,True,19,112371
4323251bd30a1a48f2502f25,century,DFLI,2022-11-14,,0,0,True,True,True,43,175888
43ace8dac0b14006ff04a871,century,F,2022-11-14,Kayne,7,0,False,True,True,28,109508
465522a6e11fb746b8115fba,century,F,2022-11-14,Solutions,3,0,False,True,True,36,130908
4d20b443f28cd76ead10dfd6,century,DUOL,2022-11-14,Duolingo,0,0,True,False,True,35,137444
4dd2b4755490195ca85e2354,century,F,2022-11-14,,0,0,False,True,True,12,156550
4deb03a066d02ca6a9161194,century,F,2022-11-14,,0,0,False,True,True,0,102931
4e740d9cc42e67c53eb2292d,century,F,2022-11-14,,0,0,False,True,True,9,58406
56a9ed9be7bad9e228aa7b4a,century,F,2022-11-14,Tengjun Biotechnology,15,0,False,True,True,11,78943
5e737bbee7fef2d60363bb13,century,F,2022-11-14,,0,0,False,True,True,13,85136
5fb5d2245cda0d5fa2ceb597,century,F,2022-11-14,LOGIQ,22,0,False,True,True,43,186609
61b71c2421b908f7082202d0,century,PDSB,2022-11-14,Biotechnology,2,0,True,True,True,16,134957
630ef78a7aa2e580001a25ef,century,SPRO,2022-11-14,Spero,3,0,True,True,True,18,185684
63f82f58f6735ad9c23be93e,century,SNOA,2022-11-14,Sonoma,1,0,True,True,True,22,90670
646b43a29d0cbed0e81626f0,century,TIL,2022-11-14,Instil,0,0,False,True,True,23,156065
69694749f9dfbe463fe1e55f,century,ATXG,2022-11-14,ADDENTAX,0,0,True,False,True,21,84489
6d037cfabd288e1056e48f57,century,GETY,2022-11-14,Getty Images,68,0,True,True,True,70,208036
746d062a0f025407eaaca267,century,F,2022-11-14,Brands,1,0,False,True,True,13,97172
74c857e59e69d30692d3c2ba,century,AIRS,2022-11-14,Airsculpt,13,0,True,True,True,16,91229
751290c7e9910a62fe868a7f,century,F,2022-11-14,,0,0,False,True,True,25,132995
78dd84f7b60cb75eb94421f2,century,F,2022-11-14,,0,0,False,True,True,21,103484
7e39cf0b01dc4d4a3e97f99d,century,VELO,2022-11-14,,0,0,False,True,True,28,115683
7eae4d4fe0d97da45b912b55,century,ROIV,2022-11-14,Roivant Sciences,44,0,True,True,True,21,203781
85762635e86e68070af0fb76,century,AREC,2022-11-14,,0,0,True,False,True,26,98137
85fab3d35532c95b4ce4e1bb,century,SRRK,2022-11-14,,0,0,True,True,True,14,142688
895ab217853b52477e52c1f8,century,INDI,2022-11-14,indie,63,0,True,True,True,32,163783
8c4bbf6b4e6ea5625db9a42d,century,BTX,2022-11-14,Eterna,71,0,True,True,True,16,173359
8e02388ab1938ecbbee9775a,century,F,2022-11-14,Allarity,12,0,False,True,True,22,141009
958e161f7b25861d2351926b,century,EXFY,2022-11-14,Expensify,0,0,True,True,True,73,126594
a121d1edd51e85d98eca77c1,century,F,2022-11-14,,0,0,False,True,True,13,106027
a4a1586a9676ffc721569938,century,F,2022-11-14,,0,0,False,True,True,13,43482
a4c43f9c056c541f79a6c573,century,F,2022-11-14,NANOMIX,0,0,False,True,True,65,136111
a58c308f79e66dcf66eb03fb,century,ICU,2022-11-14,SeaStar,0,0,True,True,True,108,135822
a6a60fd6e59370375c8c09f1,century,MARA,2022-11-14,,0,0,False,False,True,28,140490
a7a7c024ae738c522e51aaae,century,MASS,2022-11-14,Devices,42,0,False,True,True,21,170308
a9790fd90149b73bb55e48f5,century,SES,2022-11-14,,0,0,True,True,True,104,158721
aa37e7390a235e5c20d2325b,century,F,2022-11-14,Aeluma,11,0,False,True,True,9,66644
aba8f4c3ff4c660224557ce9,century,VERI,2022-11-14,Veritone,0,0,False,True,True,24,153129
ad3815e1f5957231958e529d,century,RNAZ,2022-11-14,Transcode,10,0,True,True,True,27,154891
b62ca1796b1139d5311065df,century,F,2022-11-14,Hi-Great,0,0,False,True,True,16,40505
b73b603221bc67c13967966d,century,F,2022-11-14,,0,0,False,True,True,19,49502
be02a456f1fb6a50c8b9a0e6,century,NRGV,2022-11-14,,0,0,True,True,True,116,167777
c00aeae96b3b10d41da02e46,century,NVTS,2022-11-14,Navitas,65,0,True,True,True,52,154350
ccceec20ca346395798f2658,century,Z,2022-11-14,ZHEN,43,0,False,True,True,17,58372
d072e4d54b5888c4ba617c25,century,F,2022-11-14,RemSleep,0,0,False,False,True,17,54063
d2f52c4055e268a8a63b7b77,century,AVPT,2022-11-14,AvePoint,0,0,True,True,True,109,190998
d80adbe9a14b488987fa1415,century,F,2022-11-14,Ondas,86,0,False,True,True,38,186019
e126ad0de3d370c5a38416a5,century,F,2022-11-14,,0,0,False,True,True,17,179490
e601b405d7a60628f6e559f0,century,STOK,2022-11-14,,0,0,True,True,True,10,124836
f073937e56c9ac6d52aad251,century,F,2022-11-14,Aspen-1,0,0,False,True,True,13,42486
f157404ea0671bdeee348d19,century,YOU,2022-11-14,,0,0,False,True,True,71,180360
f1a4b6a13f584760d7197c66,century,ABOS,2022-11-14,,0,0,True,True,True,20,111267
f341ae97c780cf489625409c,century,F,2022-11-14,Venetian-1,0,0,False,True,True,13,42466
f5e8b235b117b85d2ce7df36,century,SOBR,2022-11-14,SOBR,0,0,True,True,True,36,156374
f87b257e7240e928ecfc65bf,century,F,2022-11-14,,0,0,False,True,True,30,83779
fa0af7ea06c044ffccedfa79,century,F,2022-11-14,ENVIRO,3,0,False,True,True,22,151708
fe53de1a2a4913bbcd16a7dd,century,F,2022-11-14,,0,0,False,False,True,1,40030
ff5599df560d1e3722b63040,century,HLLY,2022-11-14,Holley,70,0,True,True,True,37,141581
49de1f0ffef7f209ca71a7cc,century,F,2022-11-15,Elvictor,0,0,False,True,True,32,71752
f5bc32f6dd5ade3b7fa8f48c,century,F,2022-11-15,ORIGINCLEAR,0,0,False,False,True,45,167695
3b89d7202e5a420805c97fda,century,SBH,2022-11-17,,0,0,True,True,True,46,125826
699ee7da3852574349dd93dc,century,BV,2022-11-17,BrightView,0,0,False,True,True,74,191938
6d4555f826f4609f7b6d7666,century,F,2022-11-17,,0,0,False,True,True,22,161462
0c76c0d8a260afbdcac96adb,century,F,2022-11-18,SHARING,20,0,False,True,True,10,100515
ae72340808c8785f26e1fb44,century,HZO,2022-11-18,MARINEMAX,0,0,True,False,True,75,187498
fd58332e842bda2bca0d0d77,century,F,2022-11-18,RenovaCare,0,0,False,True,True,25,71084
1ccd0c940ccf497ade9c75f3,century,F,2022-11-21,BOXSCORE BRANDS,0,0,False,True,True,13,95047
3766f4d44a2b376124a86c59,century,BVS,2022-11-21,Bioventus,0,0,True,True,True,40,187304
4c38ef219f1487d63cb36c7c,century,F,2022-11-21,MULIANG VIAGOO,314,0,False,True,False,42,151559
e0460d41e65d2d99197df936,century,F,2022-11-21,NightFood,0,0,False,True,True,66,119396
f732cf9589d0e7cfcd7eee02,century,NUTX,2022-11-21,Nutex,19,0,True,False,True,70,154253
f804207ad88d23746b01c097,century,F,2022-11-21,Kenongwo,13,0,False,True,True,21,68159
ffdf0828fc991017c00f48d5,century,F,2022-11-21,COMMUNITIES,0,0,False,True,True,11,42850
1ac0021bcd997b5ed30bde90,century,F,2022-11-22,,0,0,False,False,True,29,77712
aab3f64709a01c28f45e0596,century,BURL,2022-11-22,Stores,59,0,False,True,True,15,136576
f7413e897a8d9b7c8927c523,century,SPB,2022-11-22,Brands,13,0,True,False,True,45,219264
1ef4d8ae723b6eac692637f2,century,SWKS,2022-11-23,SKYWORKS SOLUTIONS,14,0,True,True,True,24,210801
24df520a61c6b45bb40f5d3d,century,AEO,2022-11-23,OUTFITTERS,0,0,True,True,True,21,124311
436ebe547e692adc67a23a64,century,SONO,2022-11-23,Sonos,86,0,True,True,True,3,166592
4b9fbb127dd0fc7031b7517a,century,ZM,2022-11-23,Communications,13,0,False,True,True,13,139929
873769b030be959b14a8a375,century,ENTA,2022-11-23,ENANTA,4,0,True,False,True,15,176506
7fec506467709568e4744b3b,century,ARWR,2022-11-28,,0,0,True,False,True,41,188647
d8e446aed19cedb7ed9ccbf2,century,WDAY,2022-11-29,,0,0,True,True,True,21,143908
e3530c4a616a1c508e83fd8d,century,INTU,2022-11-29,,0,0,True,True,True,16,217186
030a59f487fa8e77b91a7ecd,century,PLCE,2022-11-30,Childrens,0,0,True,True,True,2,104213
2733f3950b5ab0893d172a95,century,NCNO,2022-11-30,nCino,62,0,True,True,True,60,150309
4614bf56e01d2da21f407e37,century,BBWI,2022-11-30,,0,0,True,True,True,22,110327
7a2999eb1691058c177576c1,century,CRWD,2022-11-30,CrowdStrike,0,0,True,True,True,48,209941
11b469cace2fdb6cca16a66d,century,LE,2022-12-01,LANDS',0,0,False,True,True,19,99608
29bcabe59eacb846d37256d2,century,CRM,2022-12-01,Salesforce,0,0,True,True,True,25,219970
382245c4af26efd0203f09ff,century,OKTA,2022-12-01,Okta,0,0,True,True,True,44,158570
77e7401bff4b8aa454e9e0d1,century,ASAN,2022-12-01,,0,0,True,True,True,31,178110
13cf191e18118c330ef4fa05,century,F,2022-12-02,NutriBand,0,0,False,True,True,27,109299
25b74b4e9d65a7814d8a63fe,century,WSM,2022-12-02,WILLIAMS SONOMA,0,0,True,True,True,21,82048
5be5dcd4a63b8cffe6bce73c,century,ESTC,2022-12-02,,0,0,True,True,False,11,130699
99b7a9bb557f1e9c08d10c9e,century,MRVL,2022-12-02,Marvell,5,0,True,True,True,55,162841
9ce2683f36d2b6c02891098f,century,SNOW,2022-12-02,,0,0,False,True,True,28,119985
6c1306c496abb2fd8f9158c7,century,VERU,2022-12-05,VERU,0,0,True,True,True,32,220133
99cdeb64b205b7bc29a29cbf,century,ZUMZ,2022-12-05,Zumiez,10,0,True,True,True,13,120594
1bd52b4d524da1a2d86fac82,century,ANF,2022-12-06,ABERCROMBIE,79,0,True,True,True,2,122956
2cabe0a99e111e2d10685090,century,IOT,2022-12-06,,0,0,True,True,True,50,188316
72b97e719f92d7806f04d151,century,S,2022-12-06,SentinelOne,0,0,False,True,True,29,133242
9151586b9c3b61b2edd1057e,century,GTLB,2022-12-06,Gitlab,23,0,True,True,True,11,152602
e2b715ee5b24903c60a542eb,century,CXM,2022-12-06,Sprinklr,0,0,True,True,True,130,195642
c4e990e7766af663a3404174,century,TLYS,2022-12-07,TILLY'S,2,0,True,True,True,6,113460
f5175802eda5d88c09f48334,century,SFIX,2022-12-07,,0,0,True,True,True,32,213582
1d0afb507f0acdfc36c456dd,century,RH,2022-12-08,,0,0,False,True,True,118,214859
331eaa71e29c19dc1d7f2b26,century,MDB,2022-12-08,MongoDB,0,0,True,True,True,66,152077
3a2b02437ccea591cdb17e86,century,WOOF,2022-12-08,Petco,17,0,False,True,True,1,87632
47763003ea47d601d7390ce2,century,LOVE,2022-12-08,Lovesac,0,0,False,True,True,15,108836
4c35da345b63e144e76ec01a,century,CHPT,2022-12-08,ChargePoint,0,0,True,True,True,389,177466
94507ac93f327f1d42126f7f,century,CTRN,2022-12-08,Citi Trends,6,0,True,True,True,12,61952
bc8f7b74a8cd8b09602595db,century,CMTL,2022-12-08,COMTECH TELECOMMUNICATIONS,89,0,True,True,True,2,196517
2e4830e45779b21c3cf379c9,century,SYM,2022-12-09,Symbotic,0,0,True,False,True,206,220015
304f2cbb9c47732b4ff126b6,century,RENT,2022-12-09,,0,0,False,True,True,31,125840
7c17f2d20f19b33ead492737,century,DOMO,2022-12-09,DOMO,0,0,True,False,True,29,182843
96b41662e10d6f007ed57d2f,century,PHR,2022-12-09,Phreesia,0,0,True,True,True,40,120222
ffe64d11eaed1b784b254db8,century,AMBA,2022-12-09,,0,0,False,True,True,15,124854
be0841053426b9f354cc3ed9,century,CRMT,2022-12-12,AMERICAS CARMART,0,0,True,True,True,1,140142
ea6a9d23e8d9479b5e2914b9,century,BLBD,2022-12-12,,0,0,True,True,True,70,219870
0162bdd1e240be32f20ba857,century,PL,2022-12-14,Labs,4,0,False,True,True,20,173833
0bb946c0e129984d9a8cd0a5,century,ARQQ,2022-12-14,Arqit,411,0,True,False,False,39,219815
422c712b8ff077340e38dda7,century,F,2022-12-14,Projects,0,0,False,False,False,9,42117
bc2e582edd7f35ab56b4876a,century,BRZE,2022-12-14,,0,0,True,True,True,29,193467
ca527f0d1b14ab866fd09446,century,F,2022-12-14,Cyber Apps,0,0,False,False,True,10,30117
dfcaf9a8ae6bcbe268a02cae,century,F,2022-12-14,,0,0,False,False,True,0,29357
11b7bf59e9d32a4f4c85f731,century,F,2022-12-15,COMSovereign,0,0,False,False,True,40,126948
3b887003951ffb01792b9b71,century,ONEW,2022-12-15,OneWater,232,0,True,True,True,23,208208
eb53ea825b0eb530391075c4,century,F,2022-12-15,Enterprises,4,0,False,False,True,0,27420
32accee34468d0c6072729ab,century,UEC,2022-12-19,,0,0,True,True,True,31,153209
5bb7ddcfca9863515386aa31,century,F,2022-12-21,Products,24,0,False,True,True,19,90539
29b089e54684f75c6cd92a51,century,EMBC,2022-12-22,Embecta,0,0,True,True,True,478,185968
cf4d7e9a2a31a56c07a9655a,century,F,2022-12-22,Heyu,5,0,False,True,True,11,63535
f3b852e66082c4a094884299,century,GROY,2022-12-27,,0,0,True,True,False,50,219829
774bc953316fe29e969f6d2c,century,F,2022-12-29,YUMMIES,0,0,False,True,True,13,95087
462612a10d09ad3030826b56,century,KRUS,2023-01-05,KURA SUSHI,38,0,True,True,True,15,73113
025d9171a004ea99277ddfdf,century,F,2023-01-13,ZEUUS,8,0,False,True,True,8,67986
0db603ed7b08c40cc9536243,century,F,2023-01-13,,0,0,False,True,True,9,110404
59eab57dd87d7396ff1bd3bd,century,F,2023-01-17,Genufood Enzymes,3,0,False,False,True,25,136094
796b0da4826e5fd10f2e7308,century,PTON,2023-02-01,,0,0,True,True,True,20,183613
dbb36aaaec328cf1b3f232a1,century,SPOT,2023-02-02,Spotify,28,0,False,True,False,8,219987
b448d760e0aaaf8ddf380b7c,century,WRLD,2023-02-03,,0,0,True,True,True,17,131126
265ca4c0ff70fbaa4c0857cd,century,VTGN,2023-02-07,VistaGen,1,0,True,True,True,13,183747
66500c0ce618b1716e771470,century,CLFD,2023-02-07,Clearfield,0,0,True,True,True,42,76053
73c11e8a0b798526c32e4f46,century,TWST,2023-02-07,Bioscience,0,0,True,True,True,15,128720
a832353fff914afa681a2dd1,century,PRAX,2023-02-07,Medicines,6,0,True,True,True,43,219683
801a6f627365cef4c729385b,century,CRNC,2023-02-08,Cerence,0,0,True,True,True,26,154928
95c353aed1708580ebc9bd00,century,VFC,2023-02-08,,0,0,True,True,True,2,168634
f3c60f0f5f6f414b5087786b,century,APPS,2023-02-08,,0,0,True,True,True,25,119498
fc65e0124ebaf289362a8695,century,SMG,2023-02-08,SCOTTS MIRACLE-GRO,7,0,True,True,True,88,124936
19d16b0e1b59acc05e3a1d43,century,CLSK,2023-02-09,CLEANSPARK,0,0,True,True,True,43,153678
5e2a29588bc46e79323f4fb5,century,BAX,2023-02-09,,0,0,True,True,True,14,219954
7bb5aa982dced5523b95c1b0,century,NRIX,2023-02-09,Nurix,5,0,True,True,True,13,219917
bcc8190ce94694711f7709fa,century,VSAT,2023-02-09,VIASAT,73,0,True,True,True,1,175590
1c3b199128af89cc9fe6e851,century,HPP,2023-02-10,Hudson Properties,192,0,True,True,True,180,216427
c97a6bca9a513af768fa04fb,century,GPRO,2023-02-10,GoPro,59,0,True,True,True,47,209205
ecc0b9864069533a66c98779,century,EXPE,2023-02-10,Expedia,0,0,True,False,True,141,216202
3edf9921a16fb0a3dc50ab55,century,AEMD,2023-02-13,AETHLON,5,0,True,True,True,17,90502
9227159ec09533ef23f4184f,century,GT,2023-02-13,,0,0,False,True,True,2,220077
de0188638810fc29f8e4fb63,century,OM,2023-02-13,,0,0,False,True,True,14,219933
2301424d4cc006b47a7734c3,century,CETX,2023-02-14,CEMTREX,0,0,True,False,True,71,79449
9d00d7183651bb29f6fe6734,century,DH,2023-02-14,,0,0,False,True,True,65,93981
dd09ec778b0f4b680bceaa17,century,ILPT,2023-02-14,Properties,227,0,True,True,True,64,204847
e24594bd4fdbea4704291819,century,S,2023-02-14,Wellings,3,0,False,True,True,12,68781
e7201fecc954a7d6d39ae8c2,century,IBIO,2023-02-14,iBio,0,0,True,True,True,134,196490
681e735a4e32e87180d55043,century,GSUN,2023-02-15,,0,0,True,True,False,10,219993
86dd379fc9f1cc8c29563304,century,AR,2023-02-15,ANTERO,70,0,False,True,True,20,219891
a6f0014737d34c7278a3a177,century,TDS,2023-02-16,,0,0,True,True,True,705,223590
ac38925b0445b7827d14f595,century,LNC,2023-02-16,,0,0,True,True,True,47,220149
21847dda5891b267b04ce00a,century,SLG,2023-02-17,,0,0,True,False,True,44,219632
279de0b0d12666b7663a3d2d,century,SABR,2023-02-17,Sabre,45,0,True,False,True,21,220041
73c918e47a57ed967f3c4135,century,MD,2023-02-17,Pediatrix,22,0,False,True,True,30,196396
a62b1bd11bdd462489af0266,century,AMST,2023-02-17,,0,0,True,True,True,19,75217
74b14c03542119c7cda0c033,century,PHG,2023-02-21,KONINKLIJKE PHILIPS,334,0,True,True,False,3,220042
962c88623fa6382cd783fcc1,century,PEB,2023-02-21,Pebblebrook,14,0,True,True,True,72,219125
0f5ab4489f65397ffb54bd68,century,HAS,2023-02-22,HASBRO,52,0,True,True,True,94,204043
10af8b986d57daea1a1193b6,century,EDIT,2023-02-22,Editas,3,0,False,True,True,51,220028
19d374f00a9c9c102ab61c98,century,TNDM,2023-02-22,,0,0,True,True,True,15,219933
7257cac2d1eaa3c0de2100d7,century,CDE,2023-02-22,Coeur,59,0,True,True,True,30,219816
9815d848e71fa37371ed781b,century,ATRC,2023-02-22,AtriCure,0,0,True,True,True,51,173141
bb9c11f20e05260986f6191e,century,GTE,2023-02-22,GRAN TIERRA,28,0,True,True,True,17,143377
da94056166c673ebe324a87a,century,PAAS,2023-02-22,,0,0,True,False,False,4,17862
0b48d5436859cf8a79a3dc94,century,PSNL,2023-02-23,Personalis,0,0,True,True,True,27,182064
20bef089d198b87bbfa3b000,century,SM,2023-02-23,,0,0,False,True,True,19,220041
306b78a2afa97c4796407866,century,COUR,2023-02-23,Coursera,0,0,True,True,True,53,218832
36b6daee616ec81bf0712671,century,RLAY,2023-02-23,,0,0,True,True,True,15,219851
53e8d69dc2447a7a4f1b2813,century,LXU,2023-02-23,,0,0,True,True,True,60,192013
5a6b80c2672e260a9d240a92,century,OBE,2023-02-23,,0,0,False,False,False,43,15401
5c1269ce94b73e34606ed18e,century,OPEN,2023-02-23,Opendoor,33,0,False,True,True,81,219123
618b29c21099b0cb25bfe501,century,BAND,2023-02-23,Bandwidth,0,0,False,True,True,37,219973
8b6c949b6f1df8c65257e423,century,SWK,2023-02-23,,0,0,True,True,True,19,219820
92c97cc89efae00f05e1a79b,century,AA,2023-02-23,Alcoa,122,0,False,True,True,146,216999
b5572d25238f6c8dd2eecd4b,century,STAA,2023-02-23,STAAR,40,0,True,True,True,40,135625
ba20a73c182ad68bc51a201c,century,IMUX,2023-02-23,IMMUNIC,0,0,True,True,True,106,219985
bf6fafdfb65e21541ebcd22b,century,LYV,2023-02-23,,0,0,True,True,True,31,175112
c8eb6b12afe4545bcca9582a,century,PUMP,2023-02-23,ProPetro,0,0,False,True,True,45,219535
ded23fe6b887a0c6eea06fcb,century,SG,2023-02-23,Sweetgreen,0,0,False,True,True,52,219957
fc9b6ea371093c259f7c60e7,century,BHC,2023-02-23,Bausch Companies,174,0,True,True,True,44,219440
3d18c301ec65cbfdb9c4ca09,century,EQX,2023-02-24,,0,0,True,False,False,7,26273
6f4aac13ef7292e151d9025b,century,RPD,2023-02-24,Rapid7,22,0,True,True,True,13,220031
d8608e20da7de577a192122d,century,BTE,2023-02-24,BAYTEX,0,0,True,False,False,4,14294
48c757d84db5ff5baacb96c0,century,ALGT,2023-02-27,,0,0,True,True,True,24,166609
d5409c86288d68793862bb5d,century,TREX,2023-02-27,TREX,0,0,True,True,True,266,179942
d7f08f36deae5e258d4842f5,century,BCRX,2023-02-27,BIOCRYST,9,0,True,True,True,11,219929
0129e2e8a8281b2594553130,century,WRBY,2023-02-28,Warby,0,0,True,False,True,37,219851
0b0b0ccf1d315f2a82fa9ffd,century,SDGR,2023-02-28,Schrodinger,0,0,True,True,True,4,220068
1b05aeaad82e6420c5b58b95,century,RCUS,2023-02-28,Arcus Biosciences,4,0,True,True,True,12,191617
50a514ad5c1eb99cd251b92b,century,HCM,2023-02-28,HUTCHMED,33,0,True,True,False,1,220070
62a488387a5e818383e067f9,century,NRDY,2023-02-28,Nerdy,212,0,True,True,True,129,219837
6f186b28ea77f12ac57e50c7,century,AVIR,2023-02-28,Atea,0,0,True,True,True,6,219985
74e470550817ef230b84da61,century,IHRT,2023-02-28,iHeartMedia,0,0,True,True,True,64,219672
86eecfb88a06a899ecee1e7f,century,QS,2023-02-28,QuantumScape,0,0,False,True,True,126,216885
9147eaea3fef968f3dff352a,century,FLGT,2023-02-28,,0,0,True,True,True,31,207919
baa11db2648c03b70d222952,century,GLDG,2023-02-28,GoldMining,0,0,True,False,False,8,32187
d01c100d6580fbc935e317c5,century,PCRX,2023-02-28,Pacira BioSciences,23,0,True,False,True,84,218871
de9c67d65ac497c1a60632bd,century,ARQT,2023-02-28,Arcutis Biotherapeutics,7,0,True,True,True,11,219915
3aeb909ba0020a0929c050f8,century,SLDP,2023-03-01,,0,0,True,True,True,160,165501
5ad60cf2f11699f890646197,century,IBRX,2023-03-01,ImmunityBio,0,0,True,True,True,24,219960
62ff529f01cb036bd80b071e,century,ELAN,2023-03-01,Elanco,50,0,True,False,True,36,208915
65eb451fd29510f1c706c4e9,century,NFE,2023-03-01,,0,0,True,True,True,33,219935
768607494cbcaedd1897cffa,century,UIS,2023-03-01,UNISYS,18,0,True,False,True,32,169577
89efd717dd65cc8a37ba0116,century,OMCL,2023-03-01,OMNICELL,0,0,True,False,True,50,220025
8c38f6674df467b920de1178,century,GSAT,2023-03-01,Globalstar,0,0,True,True,True,71,204520
96a86a4470868336e31b0a5c,century,EBS,2023-03-01,BioSolutions,0,0,True,True,True,19,219792
9f3a66cc26c13abd96a1304d,century,SBGI,2023-03-01,SINCLAIR,13,0,True,True,True,46,219675
c97c3db9998a6ea24bfb6fbd,century,FNKO,2023-03-01,Funko,25,0,True,True,True,60,217425
cdf499cd627311b5882d9c0b,century,CARG,2023-03-01,CarGurus,0,0,True,True,True,50,219987
d95eb1b4bd6b1378b0a8b7ba,century,EHTH,2023-03-01,eHealth,0,0,True,True,True,27,184909
db5add7c56fce2a43cbaef94,century,TILE,2023-03-01,,0,0,False,True,True,42,190069
eeb8540030c5475a6073eb0b,century,PMVP,2023-03-01,,0,0,True,True,True,20,204846
f995025df48a923a09f5f6d0,century,GO,2023-03-01,,0,0,False,True,True,33,219705
00f2d319fca36c632c169fc7,century,DFH,2023-03-02,Finders Homes,150,0,True,True,True,128,219195
0f462aba98d6aed4f06bb091,century,RIOT,2023-03-02,Platforms,4,0,False,True,True,47,220011
b5818dac1355de9dd6d19dfe,century,CRDO,2023-03-02,,0,0,True,True,False,25,109012
4ea7f551251faf6f731afa12,century,KALA,2023-03-03,,0,0,False,True,True,8,220021
6524b1219b7fa8828eb1295f,century,AMBP,2023-03-03,Ardagh Packaging,152,0,True,False,False,89,218494
75600ec96ff28c88e7540500,century,SSYS,2023-03-03,STRATASYS,0,0,True,True,False,69,219956
b2f4d33dccffeafd5ed43077,century,NUWE,2023-03-03,Nuwellis,0,0,True,True,True,26,204471
70d001dac2c9496798500206,century,OFIX,2023-03-06,Orthofix,71,0,True,True,True,16,211651
90c82e2693f4a8e5bccf2f32,century,ORMP,2023-03-06,ORAMED,19,0,True,True,True,22,190966
91c53a4ac45776a779627b26,century,URG,2023-03-06,UR-ENERGY,0,0,True,True,False,66,164723
291b5e82a8b26b713e1a5407,century,TDUP,2023-03-07,ThredUp,0,0,True,True,True,41,220035
2c97ee4624d6b268188775c3,century,IPI,2023-03-07,,0,0,True,True,True,12,189717
4c173f65ad61bd4d92f0b763,century,AUTL,2023-03-07,Autolus,11,0,True,True,False,15,219909
752dfd7c7acb4c55e8435f8e,century,SEAT,2023-03-07,Seats,0,0,False,True,True,64,212279
3a3a7b818555f9d4a4ebdb1c,century,TNYA,2023-03-08,Tenaya,0,0,True,True,True,11,219920
44ceeb6a5171c1849c9160ab,century,UEIC,2023-03-08,,0,0,True,True,True,35,172093
728db18e9898c5016938cb7a,century,ONL,2023-03-08,,0,0,True,True,True,36,208896
34d22f361a0fb59fd3a93692,century,VET,2023-03-09,,0,0,False,False,False,4,16324
61219b3d140ddb4a8a1dd133,century,REI,2023-03-09,,0,0,True,True,True,31,219862
b17d82ada3fb537c37d5284d,century,DAC,2023-03-09,Danaos,27,0,True,True,False,25,219998
c31ff0181570036c1d798a8c,century,SMMT,2023-03-09,,0,0,True,True,True,48,219472
c4e5240ce45222aa6680d137,century,FCEL,2023-03-09,FUELCELL,0,0,True,True,True,37,193883
c8f7cb08a7a0be09a4fe98c8,century,HUT,2023-03-09,,0,0,False,False,False,7,20025
1060fbe08c0647612f76986f,century,LIND,2023-03-10,LINDBLAD EXPEDITIONS,69,0,True,True,True,40,219318
4737cc511848e3f4098e934a,century,MX,2023-03-10,METHANEX,0,0,False,False,False,6,31794
acf52e74b4d304ab9e95d62d,century,TNON,2023-03-10,,0,0,True,True,True,19,219907
df1dd36c4668ad898b12d5b2,century,WLDN,2023-03-10,Willdan,0,0,True,True,True,80,215973
0348a44a208a6d6e26d0255e,century,TBLA,2023-03-13,Taboola,51,0,True,True,False,34,219822
9b41424aa4c097390f67fee8,century,ZIM,2023-03-13,Integrated Services,70,0,True,True,False,18,220004
a81f8d1a752402ebd3f23b63,century,TNXP,2023-03-13,Tonix,18,0,True,False,True,40,219285
b2e0601b177141d41e9b6844,century,CLNN,2023-03-13,Clene,25,0,True,True,True,15,220047
13774858562716b928d86a9a,century,MGTX,2023-03-14,MeiraGTx,0,0,True,True,True,58,219670
1521a4db6734976bc5329fe3,century,DSGN,2023-03-14,,0,0,True,True,True,17,219824
3523842447ad26777c3a0d0c,century,OPRT,2023-03-14,Oportun,21,0,True,True,True,11,219965
44ce4071eb44da3589cdfa93,century,AXGN,2023-03-14,Axogen,20,0,True,True,True,9,189800
727b399cdbce55dd9c2dd651,century,METC,2023-03-14,Ramaco,21,0,True,True,True,16,219961
e6828f22a6ae2c2b8a5cde06,century,CIFR,2023-03-14,,0,0,True,True,True,8,220019
03479c1538855b9300ae97c6,century,QNRX,2023-03-15,,0,0,True,True,True,62,212481
0e7ee37c3f0a6e0430eb825b,century,ERIC,2023-03-15,ERICSSON,148,0,False,True,False,3,110498
2990da0bea32c578f92162ef,century,SD,2023-03-15,SANDRIDGE,8,0,False,True,True,54,200960
2ffc2fec3e99817d7b09f5ec,century,ACET,2023-03-15,Adicet,18,0,True,False,True,19,219949
3b84e42e574655d0cc3bb526,century,BRCC,2023-03-15,,0,0,True,False,True,55,220153
68a5241e1381365e1535e803,century,PSFE,2023-03-15,Paysafe,0,0,True,True,False,150,220226
8c8e8ef69e8beb864e939383,century,HBNC,2023-03-15,,0,0,True,True,True,5,220085
db0f3ad4e7437a39e6e66f11,century,ADCT,2023-03-15,,0,0,True,True,False,70,220015
e0393d02df603648c453b5b3,century,TCX,2023-03-15,TUCOWS,82,0,True,True,True,1,220070
f05393ac2ad081c06824df43,century,SIDU,2023-03-15,Sidus,8,0,True,False,True,18,168379
0613f3756b8e85af6aa5e2d1,century,WGS,2023-03-16,GeneDx,48,0,True,True,True,17,219934
0b49bcca0dfc348a214e43da,century,MVST,2023-03-16,Microvast,0,0,True,False,True,73,219512
1acd7e5f27f93bb145ebc3fb,century,KODK,2023-03-16,EASTMAN,9,0,True,True,True,16,219961
2c57b55110816b730138984a,century,MVBF,2023-03-16,,0,0,True,True,True,17,219942
30a61eacb8d1a2633e5afe6d,century,RXT,2023-03-16,Rackspace,14,0,True,True,True,78,219114
311fc9166b209bd4563e3cf3,century,SMR,2023-03-16,NUSCALE,293,0,True,True,True,78,165884
3787ee49d51f438f0c1958ac,century,DOUG,2023-03-16,Elliman,7,0,False,False,True,149,180706
4f1e863d56b82499f95c26a4,century,HSCS,2023-03-16,Laboratories,0,0,True,True,True,25,114980
5e4ae045493bf40dc32da161,century,KSS,2023-03-16,KOHLS,9,0,True,True,True,2,181547
5ff85de565e90c7b707b064d,century,RILY,2023-03-16,,0,0,True,True,True,18,219869
93c667db16e14a2976b97dcd,century,BZFD,2023-03-16,BuzzFeed,0,0,True,True,True,98,219919
93ca1ca17a3ec806cc322058,century,MNTK,2023-03-16,Renewables,15,0,True,True,True,35,207848
960ed47e35d6e3941934c052,century,GRWG,2023-03-16,GrowGeneration,0,0,True,True,True,84,199868
ba76715d772ca57d8ed15186,century,LDI,2023-03-16,loanDepot,0,0,True,True,True,32,219931
d3050f1551057555bb1ee6b3,century,XMTR,2023-03-16,Xometry,0,0,True,True,True,47,220040
8ecb6c1552d31ff68525b310,century,GOSS,2023-03-17,,0,0,True,True,True,14,219979
9398e3ae0d2298f7695f2fd6,century,GRND,2023-03-17,Grindr,180,0,True,True,True,21,220037
be1b5a180c089a743f064d3b,century,BLDP,2023-03-17,Ballard,85,0,True,False,False,66,170283
e61ac454b8d9a95a38c2deb7,century,CMMB,2023-03-20,Chemomab,292,0,True,True,True,46,210495
236d58c1945afa9ceed8183b,century,ARBE,2023-03-22,Arbe Robotics,0,0,True,True,True,22,219986
286b2d3d24b8abbf4124e851,century,GCO,2023-03-22,GENESCO,0,0,True,True,True,87,186349
2e1c5c6bc881e1d8a38e7368,century,DDL,2023-03-22,,0,0,True,True,False,15,220140
59a21030c90bc60fe7dbf32a,century,EDBL,2023-03-22,,0,0,True,True,True,24,213127
b1cd4b19a7a45915af5f5509,century,WLDS,2023-03-22,Devices,18,0,True,False,False,43,216170
b2c130f49dbec3006bad5f19,century,HYPR,2023-03-22,,0,0,True,True,True,93,219712
e9bad4fc9ade1c0b12a6419a,century,IMTX,2023-03-22,Immatics,79,0,True,True,False,26,219971
870abcd0c67d3215c6a743dc,century,BFLY,2023-03-23,,0,0,True,True,True,24,219923
92fe90efb47d3611d090d6e0,century,WVE,2023-03-23,Sciences,0,0,True,True,True,73,219665
a6519bfd7d00a004c72598e5,century,BKSY,2023-03-23,BlackSky,119,0,True,True,True,34,219661
ed2c29613149b082aca75330,century,SMWB,2023-03-23,SIMILARWEB,0,0,True,True,False,33,219986
0837c25381e43c017be6ea8a,century,JAGX,2023-03-24,,0,0,True,True,True,26,219887
10a0c0180a48cc1e3536e13b,century,OUST,2023-03-24,,0,0,False,True,True,24,220017
56fd8325cef90f95a714618a,century,PATH,2023-03-24,UiPath,23,0,False,True,True,32,219969
791be3e071c381b1673e5ff6,century,MSGM,2023-03-24,Motorsport Games,153,0,True,False,True,54,219686
24d5d2af4520a119eaecf33c,century,GIII,2023-03-27,,0,0,True,True,True,2,177831
8d2c895ff92cd183a8387293,century,CTMX,2023-03-27,CytomX,19,0,True,True,True,20,203944
28440e0cccd3802113e01b48,century,OCS,2023-03-28,Oculis,98,0,True,True,False,43,220196
5ce4967f5d06674ee40cbb52,century,VERA,2023-03-28,,0,0,False,True,True,12,219910
9274c27fc9c462b63210b118,century,GME,2023-03-28,GameStop,0,0,True,True,True,49,162915
21669ea6db5d470b081f05ba,century,SINT,2023-03-29,Sintx,31,0,True,False,True,29,219746
293630f32969e26677129c4b,century,VS,2023-03-29,,0,0,False,False,False,43,219641
3e36707973188accbc036887,century,CCL,2023-03-29,,0,0,True,False,True,104,96626
583cf64233bb5b34f32c2072,century,MPT,2023-03-29,METLIFE,142,0,True,False,True,21,79379
01c024dd178e4dce9f295d53,century,AMPX,2023-03-30,Amprius,149,0,True,True,True,34,219619
0250076255add4ded86233bc,century,OABI,2023-03-30,OmniAb,110,0,True,True,True,14,220029
0718eb65c36821dfbb534dd2,century,FVRR,2023-03-30,Fiverr,19,0,True,True,True,11,219950
10194a72e47952aa5a4d7f36,century,KNOP,2023-03-30,,0,0,False,True,False,21,219750
238956fcb43dc45d2c9e859e,century,MOB,2023-03-30,Mobilicom,0,0,False,True,False,65,220012
35e90500f56344584abe23f5,century,CBIO,2023-03-30,BIOSCIENCES,1,0,True,False,True,19,219789
468686b122a20efd01156cf6,century,KRNT,2023-03-30,Kornit,34,0,True,False,False,16,219969
59f163c937c4814311c95bb7,century,ACDC,2023-03-30,ProFrac,0,0,True,True,True,136,219969
918c7a6a4fb510b2d46f5f4c,century,RKDA,2023-03-30,Biosciences,0,0,True,True,True,44,196238
9ff55ad8d7a5613927cbb412,century,SMTC,2023-03-30,SEMTECH,0,0,True,True,True,21,218361
baf8bed144bf7eb49cebb7f1,century,ASPS,2023-03-30,ALTISOURCE SOLUTIONS,188,0,True,False,True,42,216949
f142acb1805f01d5870507e9,century,EVGO,2023-03-30,EVgo,0,0,True,True,True,867,223433
0f4def5368c0171f218a1ad3,century,CDIO,2023-03-31,Cardio,75,0,True,True,True,29,219651
40aa3372a4b98952b6aecc17,century,AG,2023-03-31,,0,0,False,False,False,11,21854
779d3a51b3c954de0a03cac5,century,CCSI,2023-03-31,Solutions,32,0,True,False,True,25,196849
81f291569a29b3cec7d19b49,century,SHIP,2023-03-31,Seanergy,25,0,False,True,False,18,219928
86caec797b85b311b96fe4be,century,WBX,2023-03-31,Wallbox,50,0,True,True,False,18,220038
aaa0ed2ee00ecceef634cfc5,century,BEEM,2023-03-31,,0,0,True,False,True,25,162188
b13aeca4195a9c13fc1950a2,century,IRON,2023-03-31,,0,0,False,True,True,33,219915
c12dd7b30b7ac8bb3edc0830,century,ASTS,2023-03-31,SpaceMobile,74,0,True,True,True,30,219709
e96770ebf479855bff5326c1,century,RDW,2023-03-31,Redwire,0,0,True,True,True,76,219991
5c930bbf0f8fabe8a0aabfb7,century,AIMD,2023-04-03,Ainos,129,0,True,True,True,26,198969
844d10390f56713bbee7b4fc,century,CMRE,2023-04-03,Costamare,0,0,True,True,False,45,220000
bd5e97e1041e2ed43d968ec7,century,IMPP,2023-04-03,Islands,20,0,True,True,False,4,220081
e28f17535fede3e1aefce288,century,TOPS,2023-04-03,SHIPS,2,0,False,True,False,11,220039
99a5db2680ac09c8732d04cf,century,GDS,2023-04-04,,0,0,True,True,False,43,220280
e6a36e91d268ff6d2f9c5b6f,century,NEOG,2023-04-04,NEOGEN,75,0,True,True,True,13,133753
0032007046eee1ed496cfb66,century,DLO,2023-04-05,dLocal,40,0,True,True,False,1,220070
e96e4132f17c798777a32e53,century,EGY,2023-04-06,VAALCO,67,0,True,True,True,3,220080
c5d3aab8d12931b3bce5f0ac,century,LU,2023-04-07,Lufax,14,0,False,True,False,22,219912
d0f0472c7f6ceac2128a70f4,century,TLRY,2023-04-10,Tilray Brands,87,0,True,True,True,26,201469
ee27470c875e26b66642c967,century,MLKN,2023-04-12,MILLERKNOLL,0,0,True,True,True,42,131909
f855513470afe2c87453c19c,century,XPEV,2023-04-12,XPENG,10,0,True,True,False,20,220037
fc035a1b21e1b69827341653,century,COSM,2023-04-12,,0,0,True,True,True,52,214951
152309b47a4945ee43d1fa41,century,NCMI,2023-04-13,CineMedia,7,0,True,True,True,24,219863
e94da4d5276c9c471fa84624,century,MTC,2023-04-13,MMTec,41,0,True,True,False,19,220048
bf2eb1593d8360b82f318017,century,PSNY,2023-04-14,,0,0,True,True,False,10,219895
a2d721fe228ab378fada24b2,century,GRFS,2023-04-18,Grifols,128,0,True,True,False,3,220077
13496eab5d59a4fbfa50ec2e,century,PGY,2023-04-20,Pagaya,132,0,True,True,False,9,219968
7c6e500f25af0336e4783445,century,JD,2023-04-20,,0,0,False,True,False,60,220295
e4d9958daf7b581698afb1d5,century,OTLY,2023-04-20,Oatly,38,0,True,True,False,29,219957
1037c50a6417001c10bdb345,century,LI,2023-04-21,,0,0,False,True,False,73,220253
41acbff03037e309040dc4f9,century,NIU,2023-04-21,,0,0,True,True,False,52,220000
4e49e7f7f7bcf867a2816a9e,century,TBI,2023-04-24,TrueBlue,0,0,True,True,True,19,73512
8f318822ed941cbdaf2300a7,century,SBSW,2023-04-24,Sibanye,7,0,True,True,False,91,219181
96ad90a147a7ba9e94ab7443,century,AUDC,2023-04-24,AUDIOCODES,0,0,True,True,False,51,219959
ae7dd20f5c0cfc55f72931f4,century,SNDL,2023-04-24,SNDL,0,0,True,False,False,44,220141
da35d3a3781333dd9aa3d372,century,TSLA,2023-04-24,Tesla,64,0,True,True,True,13,100408
37ed521ea4035753d33c31c5,century,HIW,2023-04-25,HIGHWOODS PROPERTIES,71,0,True,True,True,23,120603
47011142d45bbbc314ac2361,century,BOH,2023-04-25,HAWAII,22,0,True,False,True,16,178224
56a7b9c67a9d2e89a11447ea,century,ACH,2023-04-25,,0,0,False,True,False,4,220085
5d97f7e4ba4d2f42eb5221dc,century,BAK,2023-04-25,BRASKEM,176,0,True,True,False,1,220070
7f1d861b5f495fa5bbdbc6b0,century,BZUN,2023-04-25,Baozun,35,0,True,True,False,20,220019
be57e3f8ba7afbd1329b95c9,century,MDXH,2023-04-25,MDxHealth,65,0,True,True,False,22,220000
589b76aba38d0841f1405680,century,YSG,2023-04-26,Yatsen,54,0,True,True,False,1,220070
58b214f578cfa903976606fc,century,MXL,2023-04-26,MAXLINEAR,0,0,True,True,True,75,202274
5a836e88eb2aebd1bb25e51a,century,API,2023-04-26,,0,0,True,True,False,32,219993
5d317d0a27da9cb24a6c79c4,century,VNET,2023-04-26,VNET,0,0,True,True,False,157,220525
62deeab75e277547e7585e87,century,CLF,2023-04-26,CLEVELAND-CLIFFS,0,0,True,True,True,30,130835
a8c002ddd2184e9d1649437c,century,TIGR,2023-04-26,Fintech,9,0,True,True,False,12,220053
d08fabe68cd5433114f623cb,century,HUYA,2023-04-26,HUYA,0,0,True,True,False,74,220251
e96040a9ed261893fde5fc0e,century,CPF,2023-04-26,,0,0,True,True,True,17,153353
f803d61d3d3ac63775ac0549,century,PEGA,2023-04-26,PEGASYSTEMS,0,0,False,True,True,45,77049
f9e6700a7a13b5aecffa6670,century,BXMT,2023-04-26,BLACKSTONE,8,0,True,True,True,55,141174
1b52181c7ab65c6e451cc597,century,SIRI,2023-04-27,,0,0,True,True,True,202,150897
3a58a929be82eb5f87c1a99f,century,NBR,2023-04-27,NABORS,72,0,True,False,True,12,116956
43c8d9c600e4c872aed1bf97,century,HELE,2023-04-27,,0,0,False,True,True,23,192665
668381534f9dc6dc4a709d93,century,XP,2023-04-27,,0,0,False,True,False,165,221025
6f0451e3d1672ae55932a7c1,century,KRC,2023-04-27,KILROY,7,0,True,True,True,104,169328
a02dd49e6d9cad6054165efc,century,KC,2023-04-27,Kingsoft,59,0,False,True,False,49,219795
b7c3c2bf58e5dc4b1bfa674b,century,DQ,2023-04-27,DAQO,118,0,False,True,False,13,219964
eaade04794e33461fc466adf,century,CUZ,2023-04-27,COUSINS PROPERTIES,46,0,True,True,True,19,96991
f00c1420028e5d126951bdfe,century,DAO,2023-04-27,Youdao,156,0,False,True,False,19,220007
1b6ace6e6d5d236c9db361b6,century,THCH,2023-04-28,,0,0,True,True,False,3,220053
30b8e3246e82aa5dacb4d6f0,century,AVTR,2023-04-28,Avantor,0,0,True,True,True,15,70856
31ca84f190a8edf819fe3ac9,century,CVEO,2023-04-28,Civeo,32,0,True,True,True,36,92885
5c779335d882a0d12ea8f126,century,GRRR,2023-04-28,,0,0,True,True,False,25,219669
7c5f9cdf0e0dc5f226e2ca56,century,AAT,2023-04-28,,0,0,True,True,True,169,167456
86efa6c520904697e95d06cd,century,SAFE,2023-04-28,,0,0,False,True,True,182,201236
947ab1dfd183fcf570fed9a2,century,BDRX,2023-04-28,Biodexa,1,0,True,True,False,20,219839
9d6db1af07944bdaf674345b,century,NWL,2023-04-28,NEWELL BRANDS,9,0,True,True,True,29,107655
b9bff3f1cdeb7d2eea7d5ace,century,APLM,2023-04-28,Apollomics,0,0,True,True,False,94,219874
c76ec199c3ad21652d74285e,century,SNAP,2023-04-28,,0,0,False,True,True,18,149111
ce6e79d89b1117c78d6395ac,century,NIO,2023-04-28,,0,0,True,True,False,132,220675
d057282bc9a2711420511aea,century,ZH,2023-04-28,Zhihu,45,0,False,True,False,21,220039
d46265950c6751fdf4c694f0,century,NXRT,2023-04-28,NexPoint,5,0,True,True,True,15,195674
d85cefed2e41a93f25a6d78c,century,PAGS,2023-04-28,PagSeguro,123,0,True,False,False,19,219931
d86655de44ea2d056fefee99,century,TV,2023-04-28,GRUPO TELEVISA,25,0,False,True,False,54,220269
dfeb24e41a7f5da0af21f635,century,REAL,2023-04-28,Brands,13,0,False,True,True,48,208997
e6dd28fa092f6e10431308cf,century,RBBN,2023-04-28,Communications,15,0,True,True,True,48,160130
0ca1243bad4f9071e2e585a8,century,NNOX,2023-05-01,Nano-X Imaging,59,0,True,True,False,6,220049
2b1c4ba80e28ebdce43a86b0,century,GFAI,2023-05-01,Guardforce,55,0,True,False,False,88,220170
33bffdecfcb994dbc4e1ca13,century,PTEN,2023-05-01,PATTERSON,0,0,True,True,True,18,109688
3df3b68af6c9c66d8c854632,century,BDN,2023-05-01,,0,0,True,True,True,42,138609
5ad2d2acd56fee19c3e7ac05,century,INDO,2023-05-01,Indonesia,85,0,True,False,False,7,220044
6da2df7966a7a189bc8e876b,century,TTI,2023-05-01,,0,0,True,True,True,16,101307
7475e93353d3f005079c9027,century,GSM,2023-05-01,Ferroglobe,0,0,True,True,False,118,219801
7542b942139ec4836830ff9e,century,VNO,2023-05-01,VORNADO,196,0,True,True,True,71,180157
c1f03035eab7874174b96047,century,HYMC,2023-05-01,HYCROFT,47,0,True,True,True,27,110055
d3b30a0579659c02db6ea8ff,century,PDM,2023-05-01,,0,0,True,True,True,21,107774
06fbd0291e777ffde5991338,century,GBCI,2023-05-02,,0,0,True,True,True,12,147600
1b3edc4b94fc20eb77267609,century,AMTB,2023-05-02,Amerant,34,0,True,True,True,37,158340
1c39da754e235fdce4692ca9,century,VRNS,2023-05-02,VARONIS,6,0,True,True,True,15,137121
2068fd1c2604eea298869604,century,HRMY,2023-05-02,Biosciences,2,0,True,True,True,25,100992
296c9e91289326ed599c4f7f,century,BKU,2023-05-02,BankUnited,0,0,True,True,True,61,185670
32bf3328ccfccb54f05f27c0,century,AMRC,2023-05-02,Ameresco,0,0,True,True,True,43,109787
45cdda8ae8598b5a8950eae5,century,TDOC,2023-05-02,Teladoc,5,0,True,False,True,40,112885
521d2fd45d7a029c7bbded38,century,FSP,2023-05-02,PROPERTIES,85,0,True,True,True,24,144585
76d6f44b35de27d24b6ae632,century,SFBS,2023-05-02,ServisFirst Bancshares,15,0,True,True,True,13,137824
85ec9182d6a1f012ed982d0b,century,RGEN,2023-05-02,REPLIGEN,0,0,True,True,True,24,100569
9e55c5d55f9197125bf1255e,century,HLF,2023-05-02,HERBALIFE,0,0,True,True,True,59,142753
ebb1b3f9fb4ac0b35a1f4c6c,century,RYTM,2023-05-02,,0,0,True,True,True,16,176552
eecd07f8296600522882c5cb,century,RIGL,2023-05-02,,0,0,True,True,True,11,181221
fd556b09cf672618ae9d7492,century,LUMN,2023-05-02,,0,0,True,True,True,33,153226
09c9361a1e9b8256977e827e,century,ALLO,2023-05-03,,0,0,True,True,True,52,144320
0c6ca2446a926c119b73538b,century,VICR,2023-05-03,VICOR,3,0,True,False,True,40,69826
122de4a9c483adbffdd44c4d,century,UPWK,2023-05-03,,0,0,True,True,True,2,144809
20fd88e822881278847c112a,century,GOOD,2023-05-03,,0,0,False,True,True,17,131872
24bd6a124554260490d2c616,century,LOB,2023-05-03,Bancshares,2,0,False,True,True,44,172716
276a100016c2471352c330a1,century,RUN,2023-05-03,Sunrun,10,0,False,True,True,14,200526
2d1399e5013fca5f6b35b77f,century,FATE,2023-05-03,,0,0,False,True,True,11,176138
58618b0079d81a6d94b5826f,century,TENB,2023-05-03,,0,0,True,True,True,38,90606
620dabc7f9842db51052b90b,century,CNDT,2023-05-03,CONDUENT,0,0,True,True,True,61,86090
7c8aff5fca94192ae5af1b9c,century,ADPT,2023-05-03,Biotechnologies,2,0,True,True,True,57,109425
7f6a6eb699ab3250e2b72790,century,TREE,2023-05-03,LendingTree,0,0,False,True,True,46,115133
80542d60b13efa27230c3ba2,century,LUMN,2023-05-03,,0,0,True,True,True,20,96062
a6491ec9e6156843582b39a9,century,VIAV,2023-05-03,VIAVI SOLUTIONS,24,0,True,True,True,39,211627
a7eb4b029cd7f3ff206b843d,century,RVLV,2023-05-03,,0,0,True,True,True,24,124391
bd073235aad670c43cb5bef8,century,ALB,2023-05-03,ALBEMARLE,0,0,False,True,True,66,154094
bd453a893868ea6297a06212,century,VNDA,2023-05-03,,0,0,True,False,True,16,110526
d75455adf224ba133d85eff6,century,TWI,2023-05-03,,0,0,False,True,True,39,93804
dfbaa7182c50b8fedeaaad52,century,LIVN,2023-05-03,LivaNova,0,0,True,True,True,218,119999
e02cd578cbff563ddc7a7ab6,century,RGNX,2023-05-03,REGENXBIO,0,0,True,True,True,16,116975
e0766823bb5e759807315d96,century,AMWL,2023-05-03,,0,0,True,False,True,24,111744
e43b242457e22fd6820ff1b4,century,BXP,2023-05-03,PROPERTIES,50,0,True,True,True,223,133982
ebcb166d36c1c3ca55393efc,century,AMRN,2023-05-03,,0,0,True,True,False,1,153490
f82c6349fc8df392f1c323af,century,KRO,2023-05-03,KRONOS WORLDWIDE,4,0,True,True,True,13,68465
fe694b69199758fee70b2324,century,TPL,2023-05-03,,0,0,True,True,True,30,74083
00e5bc2ec79d149c12f1e3b8,century,WSBC,2023-05-04,WESBANCO,0,0,True,True,True,217,202121
07af7eca3d765c6a7573fd80,century,KPTI,2023-05-04,Karyopharm,1,0,True,True,True,11,141232
22b02555a2bd7f05c4cd8ad1,century,NTLA,2023-05-04,Intellia,6,0,True,True,True,32,128512
307983c99b907ff2b6493aab,century,TPC,2023-05-04,PERINI,1,0,True,True,True,46,137498
32057ca0bab3a7e37570200a,century,EQBK,2023-05-04,BANCSHARES,0,0,True,True,True,28,219094
48ef8f9a03bf175cb6f306ec,century,SYNA,2023-05-04,SYNAPTICS,0,0,True,True,True,28,113018
59a15fa3d74d1a39097fff28,century,GDYN,2023-05-04,,0,0,True,True,True,62,129423
6181aaadf87518af96bf9090,century,KEY,2023-05-04,KEYCORP,62,0,False,True,True,54,138888
64d2aca679f86edbb55f5780,century,CDLX,2023-05-04,Cardlytics,0,0,True,True,True,44,154270
64fe1a45fa4edd03e7e2d5c5,century,CIM,2023-05-04,,0,0,True,True,True,29,165208
656ca62df73e4113265ecf74,century,ALHC,2023-05-04,Healthcare,21,0,True,True,True,29,114271
6a50800c861a1578e2a5b35f,century,PRCT,2023-05-04,PROCEPT BioRobotics,0,0,True,True,True,11,69616
6b54c1770c456790273cc570,century,COIN,2023-05-04,Coinbase,25,0,False,True,True,39,214127
75cfbace5dbdd8ab8a93e501,century,CCCC,2023-05-04,,0,0,True,True,True,16,157729
7bbad42f38a1e76f2247a5ad,century,AUR,2023-05-04,,0,0,True,True,True,20,207124
84bc7c614098faf126a24079,century,SITM,2023-05-04,SITIME,5,0,True,True,True,13,201962
84d3c7809521c3601fae2939,century,MERC,2023-05-04,,0,0,True,False,True,23,95791
986d545bddaca92654a8976d,century,CYRX,2023-05-04,Cryoport,0,0,True,True,True,48,188386
99b2b6d7e715ebea0b13d8bd,century,ABCL,2023-05-04,AbCellera Biologics,7,0,True,True,False,11,146904
9a6f0e29d01f271e3163a2c0,century,ARHS,2023-05-04,Arhaus,3,0,True,True,True,25,93221
9bc09374f55fc40a546d49e9,century,LQDT,2023-05-04,SERVICES,25,0,True,True,True,25,128575
9d27c815d64ea853b137b4e2,century,HFWA,2023-05-04,,0,0,True,True,True,2,149418
a806e2ee14231cd7aa4adc1d,century,INDB,2023-05-04,,0,0,True,True,True,10,141503
ad738e3833fe0b100363f735,century,CDXS,2023-05-04,CODEXIS,0,0,True,True,True,11,116904
adac87bab7dbccc1c2a09e69,century,BOOM,2023-05-04,,0,0,False,True,True,41,109050
b22f40444ee44172ca277019,century,NVCR,2023-05-04,NovoCure,0,0,True,True,True,16,71530
c1066e38164631600a5b5070,century,CMPX,2023-05-04,,0,0,True,True,True,12,64770
c26b42ed32dcd94c4fb3b381,century,CVNA,2023-05-04,CARVANA,0,0,True,True,True,172,204648
c660586aa210e6fcc5510cad,century,SIGA,2023-05-04,SIGA,0,0,True,True,True,49,85954
ca74eb35cd243e0d40c4ef5c,century,MCB,2023-05-04,,0,0,True,True,True,18,144458
d9e53f6c59b6e915ff23af1a,century,WASH,2023-05-04,,0,0,False,True,True,13,204666
e4ba06ec15e8f5c8f16ee754,century,BWB,2023-05-04,Bridgewater Bancshares,7,0,True,True,True,16,136456
f5085030020a3525c17e6dbe,century,RSI,2023-05-04,,0,0,True,True,True,52,105850
f7a30901887a135db74f8098,century,CRK,2023-05-04,COMSTOCK,20,0,True,True,True,11,63157
f7cc20e505f0d53d20f23518,century,DH,2023-05-04,Healthcare,12,0,False,True,True,92,126488
f8ff88d3fca45613bce9c79a,century,CERS,2023-05-04,CERUS,5,0,True,True,True,32,162448
fd8e1877597e161c824b6d97,century,BCBP,2023-05-04,,0,0,True,True,True,16,112577
fdad68b7eced8db394ad2f40,century,TVTX,2023-05-04,Travere,2,0,True,True,True,11,145447
09f210f0757cedbc801d0ff0,century,ENVX,2023-05-05,Enovix,5,0,True,True,True,26,132973
0f08f0180f2e1ca450d43111,century,BMBL,2023-05-05,,0,0,True,True,True,60,164782
17992b18e37f4b435afb9aaf,century,MTCH,2023-05-05,,0,0,True,False,True,49,110463
1841332cd3b52fd90853c61b,century,PNFP,2023-05-05,,0,0,True,True,True,19,153082
25405cef1b8b035833053a13,century,KRNY,2023-05-05,Kearny,1,0,True,True,True,18,152184
29db2b67721826696ab0d0d5,century,MAX,2023-05-05,MediaAlpha,0,0,False,True,True,29,134646
321d3ff53d5a620d4eeb070d,century,MP,2023-05-05,Materials,35,0,False,False,True,20,113400
356eeac8d47a949ce4fe1e6c,century,PRLB,2023-05-05,Labs,0,0,True,True,True,14,69648
59b244682df6758987315eb2,century,BANR,2023-05-05,,0,0,True,True,True,23,212645
5f72b27d53476e24f13f0674,century,OGN,2023-05-05,,0,0,True,True,True,101,84536
732cbde168606db716b4be0a,century,INGN,2023-05-05,,0,0,True,True,True,1,133169
740d1dfdd4368b574a34c09b,century,NTGR,2023-05-05,NETGEAR,0,0,True,True,True,26,175386
743b2a4d65b604e7d108dcc8,century,GTN,2023-05-05,,0,0,True,True,True,20,86466
7c615a504ddac917adcc0bba,century,ZION,2023-05-05,ZIONS BANCORPORATION,208,0,False,True,True,1,218722
8f8be30002a00015b8fe17ae,century,PBI,2023-05-05,PITNEY BOWES,78,0,True,True,True,3,96442
964970a565fcca967eed1632,century,TEAM,2023-05-05,Atlassian,0,0,False,True,True,69,199602
9d2d21dc8fadff98e68b0537,century,SYBT,2023-05-05,Yards,1,0,True,True,True,8,161207
9df930e53e86fefbbb142d0e,century,TRUP,2023-05-05,TRUPANION,0,0,True,False,True,20,218656
b13265318610e055bd6d116f,century,HWC,2023-05-05,HANCOCK WHITNEY,0,0,True,True,True,29,143556
b3c4114d672f574478e069c0,century,FIBK,2023-05-05,BANCSYSTEM,0,0,True,True,True,52,208805
b8a4c36c1d6612d724643269,century,EPAM,2023-05-05,EPAM,0,0,True,True,True,44,138961
cfc087c5aeddf64622272f7f,century,AORT,2023-05-05,ARTIVION,0,0,True,True,True,23,186858
d7a1bef4418f7bcaa7904671,century,LESL,2023-05-05,Leslie's,0,0,True,True,True,1,92514
d92bf18b26c369049a625b48,century,DINO,2023-05-05,Sinclair,72,0,True,True,True,158,180758
eb072c1d2e1db0115410de0b,century,QNST,2023-05-05,QUINSTREET,0,0,True,True,True,15,205780
f02e8d915e57d87e014c568d,century,CWK,2023-05-05,Cushman Wakefield,0,0,True,True,True,18,116225
f06f65d2fc69ca428b55c625,century,CABO,2023-05-05,,0,0,True,True,True,25,120321
f1d8ec71ccae846ee7cf3d2c,century,STEM,2023-05-05,,0,0,False,True,True,50,122603
f9fc60c56e37233b7cf6ad40,century,CNOB,2023-05-05,ConnectOne,3,0,True,True,True,49,135161
0c45241de2d1382c3ce8d2c3,century,HAFC,2023-05-08,HANMI,14,0,True,True,True,29,159717
15e39daab8816d5aa8ed4acd,century,FHN,2023-05-08,,0,0,True,False,True,367,204825
22d0f13a2fbac5389afdf312,century,MX,2023-05-08,MAGNACHIP,1,0,False,True,True,19,121955
24efe967246c435abf10dea4,century,PACK,2023-05-08,Ranpak,21,0,False,True,True,29,133065
25d5245ecf134dfb97d491e4,century,SCWO,2023-05-08,,0,0,True,True,True,30,62013
29493850a8785f173da0761b,century,DCOM,2023-05-08,Bancshares,14,0,True,True,True,1,176287
2cedf9ff536330ce51972b8b,century,PLMR,2023-05-08,Palomar,0,0,True,True,True,25,135249
322d1de08219653c8dce9bc9,century,FUBO,2023-05-08,fuboTV,6,0,True,True,True,80,139841
3e24269310a6d025c6af13af,century,U,2023-05-08,Ridgewood,2,0,False,True,True,9,47392
4609445859e0bfa76dc1f561,century,WAL,2023-05-08,BANCORPORATION,0,0,True,True,True,26,153382
474fae5c1d44fff827d35108,century,AOSL,2023-05-08,,0,0,True,False,True,4,162407
494f81b71d38cb0e319fdf4c,century,LYFT,2023-05-08,Lyft,0,0,True,False,True,45,176340
4b6e026284ba4df7184ab12d,century,FBK,2023-05-08,,0,0,True,True,True,56,165296
50f4a855cbeecf95bc6410dc,century,SCHW,2023-05-08,SCHWAB,122,0,True,True,True,4,138000
5b3740ac9c5b16fd1f959ae3,century,LCID,2023-05-08,,0,0,True,True,True,16,163605
61bb1be80cea99bf3a96f14b,century,AHT,2023-05-08,ASHFORD,153,0,False,True,True,43,181048
745dc8843f8a5fca0daaef58,century,HOPE,2023-05-08,,0,0,False,False,True,31,209770
849cd07d16b66ea9d14a2e4f,century,LAND,2023-05-08,,0,0,False,True,True,38,172978
b63845b8876732ba5bcfef05,century,CHRS,2023-05-08,Coherus BioSciences,43,0,True,False,True,10,168298
bfa715d98cb3156ee3a44bc0,century,LUNG,2023-05-08,Pulmonx,0,0,False,False,True,47,142075
c79efac9503e7fac93aaa138,century,ABCB,2023-05-08,Ameris,12,0,True,True,True,16,147918
d0d67b72d87226eb05b2d2dd,century,ATRA,2023-05-08,Atara Biotherapeutics,15,0,True,True,True,16,135025
d22aa2595dfe1c0645f09d3e,century,BANC,2023-05-08,,0,0,False,True,True,23,121881
e9a77bf1885e41e8a077eafe,century,RXRX,2023-05-08,,0,0,True,True,True,16,92762
ea47743955bea3b26f18ce4a,century,ACRS,2023-05-08,Aclaris,3,0,True,True,True,15,111660
f4990b79e64a1d67ab2a7fd5,century,EBC,2023-05-08,Bankshares,0,0,True,True,True,12,169046
faabb57dd966edf5d8963037,century,S,2023-05-08,RIDGEWOOD,2,0,False,True,True,9,49350
046de10cec2c596a71286c12,century,FULT,2023-05-09,FULTON,10,0,True,True,True,19,177681
0c287853b06092fb4fbc42e1,century,COLB,2023-05-09,,0,0,True,True,True,15,158752
0c637df57f5518b9dc95a34d,century,LZ,2023-05-09,LEGALZOOM,1,0,False,True,True,17,138398
0ec599b0659cfb94075a30a3,century,HAIN,2023-05-09,,0,0,False,True,True,40,168900
14d36b0f4228fdbcc09f6c37,century,FMBH,2023-05-09,BANCSHARES,8,0,True,True,True,15,207768
15b5aa476f418bab182bd7e9,century,TTGT,2023-05-09,TechTarget,0,0,True,True,True,31,119814
1abd184bab8d435708ca7e24,century,TALO,2023-05-09,TALOS,15,0,True,True,True,45,146855
1dc3ad76d592ab31b77d1227,century,GPMT,2023-05-09,,0,0,True,True,True,61,200168
240cb41308223477f173dd01,century,CUBI,2023-05-09,Customers,212,0,False,True,True,60,166028
2887f6c6de835ea893e76381,century,ANGI,2023-05-09,Angi,0,0,True,False,True,105,108000
2940e35b463165111c7ed898,century,SENS,2023-05-09,Senseonics,0,0,True,False,True,30,118005
3078a71c22dc772d0c78e819,century,ACMR,2023-05-09,,0,0,True,True,True,130,212407
324140938b90fe2c799192b5,century,PUBM,2023-05-09,PubMatic,0,0,True,True,True,13,133881
33fde952e8a6a84868fc1f58,century,HALO,2023-05-09,HALOZYME,5,0,False,True,True,14,145150
37b4cd81d8c82ae5275dc3c3,century,GNRC,2023-05-09,GENERAC,0,0,True,True,True,68,134614
3ffd510d073239f9c7dc3728,century,HYLN,2023-05-09,Hyliion,0,0,True,True,True,27,76296
464ec9d98aef33b31297e796,century,NVAX,2023-05-09,NOVAVAX,0,0,True,True,True,39,161992
4a5f0f8d4cc1be5a9b3ba021,century,RIVN,2023-05-09,Rivian,46,0,True,True,True,2,151368
5001d8d24e55789eb062a3d8,century,LITE,2023-05-09,Lumentum,0,0,False,True,True,48,181103
51d0a273c79497bf6dd2017e,century,CRON,2023-05-09,Cronos,49,0,True,True,False,29,127160
531321a100f3684561cb6bee,century,BE,2023-05-09,,0,0,False,True,True,81,137019
595bb017a5ce9f044d045310,century,AGEN,2023-05-09,AGENUS,15,0,False,True,True,17,75917
5c9bdea79c1c446cdbfdc851,century,CENX,2023-05-09,,0,0,True,True,True,43,122387
5d9c1a6a813e2ae29a25fa97,century,APPN,2023-05-09,APPIAN,9,0,True,True,True,30,124794
5e74052932f973ee320eeed5,century,BNGO,2023-05-09,Bionano Genomics,17,0,True,True,True,14,175706
61c7201dd291af23acaabe50,century,SEER,2023-05-09,,0,0,False,False,True,20,165810
63f49b317a43280f5e101b4d,century,CMP,2023-05-09,MINERALS,17,0,True,True,True,51,157523
694415e275c2702668c800ab,century,QTWO,2023-05-09,,0,0,True,True,True,4,155167
6a552fd03d082c48e50a1de0,century,CRBU,2023-05-09,Biosciences,0,0,True,True,True,19,107847
6b29dfa737639c4bed01f743,century,GDOT,2023-05-09,,0,0,True,True,True,68,212778
6f55bc46cbf70d072606bb67,century,FBNC,2023-05-09,,0,0,True,True,True,2,178865
796c69271302d9579fe5ade3,century,GH,2023-05-09,,0,0,False,False,True,18,160964
7cbc4dbe55b9ec523d094c0d,century,CLNE,2023-05-09,Fuels,22,0,True,True,True,19,158700
8125a89320885ea042169cfe,century,JBGS,2023-05-09,Properties,38,0,True,True,True,23,156636
8a44176d0c66319d7dafc1d8,century,AVXL,2023-05-09,ANAVEX SCIENCES,215,0,True,False,True,21,113828
8db8be0ab535ad0801704881,century,AHCO,2023-05-09,AdaptHealth,0,0,True,True,True,160,167964
9dd9dab96367f7995bd3f9e3,century,OVV,2023-05-09,Ovintiv,0,0,True,True,True,145,158398
a5c07140d322b99a66f588d1,century,ALTO,2023-05-09,Ingredients,58,0,False,True,True,32,139354
a5eee28ed99bbdd90bdd7ef2,century,CLVT,2023-05-09,CLARIVATE,0,0,True,True,False,76,123352
b285b1cb76a7834b8613b126,century,RKLB,2023-05-09,,0,0,True,True,True,25,109804
b3ffaf727fe5385477c35a93,century,MRVI,2023-05-09,MARAVAI LIFESCIENCES,14,0,True,True,True,34,186386
bf14e0aa923b2371a4d1fb5a,century,NBHC,2023-05-09,,0,0,True,True,True,13,197158
c1238f6b1e00d291af5b2483,century,AMCX,2023-05-09,Networks,18,0,True,True,True,58,113610
c496d87d8171445dc2877387,century,AFRM,2023-05-09,,0,0,True,True,True,13,149329
cae47d8a1f09f7d7a6659abf,century,EWBC,2023-05-09,,0,0,True,True,True,16,174555
cb76ff044b0e78d02d32217b,century,EVER,2023-05-09,EverQuote,0,0,False,True,True,15,103023
cc57085d0dde5459089f543f,century,AMRX,2023-05-09,Amneal,73,0,True,True,True,53,163301
cc5fcf7f6cc0c9f1e18ad23b,century,FORR,2023-05-09,FORRESTER,9,0,True,True,True,15,85824
cffb38524b0ee8cce87e703a,century,PGC,2023-05-09,PEAPACK,23,0,True,True,True,14,216579
dc208ac15019405bd0464f72,century,REAL,2023-05-09,TheRealReal,0,0,False,True,True,13,151228
e56ec4500b7ba48ee0f6ad2c,century,IIPR,2023-05-09,PROPERTIES,114,0,True,True,True,22,163093
e806d3dfea94ba8e6ccca45b,century,RNG,2023-05-09,RingCentral,0,0,True,True,True,32,177226
ecca2e3fd3b057d0fc8ca3d7,century,AMAL,2023-05-09,Amalgamated,9,0,True,True,True,19,190449
ecea32030c3950b6b4f7d259,century,HNST,2023-05-09,,0,0,True,True,True,13,148994
f302ff237bd0e03f598b4d2d,century,BMRC,2023-05-09,Marin,2,0,True,False,True,9,168093
f3fa64652da006154068f70f,century,APEI,2023-05-09,,0,0,True,True,True,25,124931
f71d4cc7d955ef4107f95293,century,CCO,2023-05-09,,0,0,True,True,True,34,91131
f7e0d5737b66e5413363a9d1,century,PLUG,2023-05-09,,0,0,False,True,True,75,194361
fa5ba6276094836641c1c262,century,DLX,2023-05-09,,0,0,True,True,True,27,121470
faff932b47c8fd7c86da1efe,century,HIPO,2023-05-09,,0,0,True,True,True,36,136197
03a6b666ed661b19e6510e92,century,WDC,2023-05-10,,0,0,True,True,True,56,149858
071e1421ae4d0fa99f3be10f,century,MATV,2023-05-10,Mativ,10,0,True,True,True,35,114434
08d81a30ae2d75760c1c0cf8,century,ADTN,2023-05-10,ADTRAN,47,0,True,True,True,42,166198
10613f0489da61bc093ffe1a,century,TLS,2023-05-10,TELOS,26,0,True,True,True,13,86441
127a8eb175e1df2a5376f537,century,HPK,2023-05-10,HighPeak,4,0,True,True,True,66,198093
32b4f569a82303f344d4e206,century,FTCI,2023-05-10,,0,0,True,True,True,17,167278
40895f6c9cc3f6e2316e8786,century,U,2023-05-10,,0,0,False,False,True,60,129274
44bd085ce3ec334967392385,century,NKTR,2023-05-10,NEKTAR,9,0,True,True,True,65,210602
4849374bce5fddcc0c12fdcd,century,AZTA,2023-05-10,Azenta,11,0,True,True,True,6,194345
554b70884881a3347357e874,century,GEVO,2023-05-10,Gevo,0,0,True,True,True,102,110873
5633ddc4aa83f43ce83def02,century,SRG,2023-05-10,Seritage Properties,111,0,True,True,True,15,137111
58bafc2eea3774dcc882a150,century,BYND,2023-05-10,,0,0,True,False,True,97,187707
6abac9108ffb0450dba1c56b,century,UPST,2023-05-10,,0,0,True,True,True,144,218955
75fb47356ef977fb9d4abbfe,century,TCBK,2023-05-10,TRICO BANCSHARES,3,0,True,True,True,13,193635
788010c147983fc7973edc90,century,RYAM,2023-05-10,RAYONIER MATERIALS,2,0,True,False,True,43,78430
78eefc91e094488897cb9868,century,CFFN,2023-05-10,,0,0,True,True,True,25,119189
8173ead4f7a80cc54da85cf3,century,BEAM,2023-05-10,,0,0,False,True,True,80,169153
830acff5033a437eaa9d8d3e,century,ORGO,2023-05-10,,0,0,True,True,True,27,101386
861ac53e545a85bd33ba9368,century,CRGY,2023-05-10,,0,0,True,False,True,30,147744
89eb54d6c9633a8d369ca2cb,century,UFI,2023-05-10,UNIFI,199,0,True,True,True,2,116198
974a8718652200a8a86f7f6c,century,GRPN,2023-05-10,Groupon,0,0,True,True,True,34,123816
98106fd54b1fceffdbbeeb8b,century,GDRX,2023-05-10,GoodRx,36,0,True,True,True,19,111464
9ba67b8c3365c08c1415747c,century,LAW,2023-05-10,Disco,10,0,False,True,True,27,154487
a3f20f4ab2d54df19f352242,century,INBK,2023-05-10,Internet,6,0,True,True,True,19,217607
ac40c1aff012fd04e3acb950,century,MVIS,2023-05-10,MICROVISION,0,0,True,True,True,20,111431
af536e8d658e004c35fc130a,century,APP,2023-05-10,AppLovin,0,0,True,False,True,58,143987
b664211dcc1a939fe7eb9659,century,TWLO,2023-05-10,TWILIO,21,0,True,True,True,6,127847
b77e4a0fe343a2963bbfa5a7,century,EGBN,2023-05-10,,0,0,True,True,True,14,114121
bed3337a3727dc0ea67e2d92,century,SLQT,2023-05-10,SelectQuote,0,0,True,True,True,29,180323
c28b44e25ec6c07446e2a863,century,CVBF,2023-05-10,,0,0,True,True,True,13,200827
cc1883dce2ff5b5a0f064f53,century,SMRT,2023-05-10,SmartRent,0,0,True,True,True,61,148133
ce34c7240f9afcefb15f655b,century,IOVA,2023-05-10,IOVANCE BIOTHERAPEUTICS,3,0,True,True,True,19,143407
cfc24466078b92a5dc7699a3,century,BIRD,2023-05-10,Allbirds,0,0,False,False,True,44,168980
d81aeb5af0474d6efb0631f3,century,TPST,2023-05-10,,0,0,True,True,True,34,116033
e052a097fa351681799110c8,century,INO,2023-05-10,INOVIO,8,0,False,True,True,22,117397
e8c1ffb0339a8b6a24ba23f2,century,SBCF,2023-05-10,,0,0,True,True,True,13,195829
eacc05eceeb820802d1af7d5,century,KURA,2023-05-10,Kura,0,0,True,True,True,12,126721
edd8b80c9d81878d5cd17086,century,PGEN,2023-05-10,PRECIGEN,0,0,True,True,True,71,131659
eead43fec94b5e096cf5e2a7,century,CDNA,2023-05-10,CareDx,17,0,True,True,True,11,105708
ef7a982bc4eeff289c4c9fd7,century,WTI,2023-05-10,,0,0,True,True,True,25,109296
f069be37ebf44643d117dddd,century,LWLG,2023-05-10,Lightwave,5,0,True,True,True,27,149712
f87b4695283fd7e70e13d8bb,century,RPAY,2023-05-10,,0,0,True,True,True,43,108462
fa5535151aac218cc6c87203,century,PLBY,2023-05-10,PLBY,0,0,True,True,True,85,153219
0d651bf64d9cd8bac1941451,century,HRTX,2023-05-11,,0,0,True,True,True,1,88557
11e890a00f5c2b240fc83c9d,century,WTI,2023-05-11,,0,0,True,True,True,13,135389
16ec2eb6185c62f74fe92c15,century,LPSN,2023-05-11,LIVEPERSON,0,0,True,True,True,66,193130
29b41f6bfcd60f4f5c741d7c,century,ALT,2023-05-11,Altimmune,0,0,False,True,True,18,66583
4de02db5849414ae0e07589c,century,BCAB,2023-05-11,BioAtla,0,0,True,True,True,18,104982
57a5725e36044902f38f6db0,century,CMPS,2023-05-11,Pathways,1,0,True,True,False,12,171921
75ef8f55172bbc8955c44e49,century,PALI,2023-05-11,,0,0,False,True,True,30,177785
77be83881014ed16703c4d5b,century,ATAI,2023-05-11,ATAI Sciences,52,0,True,True,False,143,203322
9344c920e5e03c5418818b2e,century,ULH,2023-05-11,,0,0,True,False,True,21,84473
952bad2c8a782e9af6383280,century,PHIO,2023-05-11,Phio,0,0,True,False,True,25,53647
991881beba69eee606972765,century,PYXS,2023-05-11,,0,0,True,True,True,13,139629
9d2a84b28e966d724df38728,century,NEWT,2023-05-11,NewtekOne,0,0,False,True,True,25,195221
9ed247ed2eafdf91a9a847c6,century,ACHR,2023-05-11,,0,0,True,True,True,33,124384
a25f0c30d94b157d439fc00b,century,GLUE,2023-05-11,,0,0,False,True,True,25,93624
b102b879a56cd447d7840f24,century,BKKT,2023-05-11,Bakkt,46,0,True,True,True,31,137702
cb3e10a5dccae7a2ee40dd89,century,NKTX,2023-05-11,Nkarta,5,0,True,True,True,17,127817
cb6456b35c7d62ad71c24fd1,century,KLXE,2023-05-11,Services,44,0,True,False,True,34,100348
cfbc950f4ce6657391bf53e1,century,EYE,2023-05-11,,0,0,False,True,True,26,105187
d06b78b7c209924d71b9b96e,century,DRMA,2023-05-11,Dermata,0,0,True,True,True,19,87075
d575f7b979216873a3f5e026,century,ALXO,2023-05-11,,0,0,True,True,True,25,150592
e212b75d6ab2796870763a60,century,FOSL,2023-05-11,,0,0,True,True,True,4,123972
06368022a61c64b81132c2ad,century,OPRX,2023-05-12,OptimizeRx,0,0,True,True,True,20,58130
0f002d5d366be28ae3ad0466,century,SRTS,2023-05-12,Sensus Healthcare,5,0,True,True,True,15,58122
276bd6db3ee4ff0358ba18e5,century,FOA,2023-05-12,Companies,5,0,True,True,True,105,190273
3324a20978be2df6f52fbac2,century,HOUR,2023-05-12,,0,0,False,False,True,32,91524
5f1e7706de5130734ee71895,century,AEVA,2023-05-12,Aeva,0,0,True,True,True,82,66914
6b3407f2f4a9911681fd25e0,century,BANC,2023-05-12,BANCPLUS,0,0,False,False,True,205,194185
77da3e37ab7fad80418bdcf0,century,CELZ,2023-05-12,,0,0,True,True,True,24,68418
8c6645e54b82a9ada5612d89,century,LGVN,2023-05-12,Longeveron,0,0,True,True,True,23,126221
8e8e93c4781380ab3e33034c,century,SCLX,2023-05-12,Scilex,49,0,True,True,True,20,197586
98f4518c98d7bd3ecfedc6ba,century,XPER,2023-05-12,Xperi,43,0,True,True,False,21,110241
bb72392616c1c6a9a07a1054,century,BURU,2023-05-12,Nuburu,149,0,True,True,True,19,119569
d080d5988ce7cdf6cb997209,century,LUCY,2023-05-12,,0,0,False,True,True,17,87801
e196ce9907ad3f7cccbc16e0,century,BIVI,2023-05-12,BIOVIE,10,0,True,False,True,5,91703
fdbec14c86c9d6c175c7aa01,century,MARA,2023-05-12,,0,0,False,True,True,0,164600
245d3800dba05008fdeddacb,century,BBAI,2023-05-15,BigBear,0,0,True,True,True,59,126320
281fc8de01234ce83fd1cef9,century,IDAI,2023-05-15,,0,0,True,True,False,14,161491
2ba540ae4f507aadb6c60ee9,century,VHC,2023-05-15,VirnetX,0,0,True,True,True,70,146145
3474ceb23c1946f87877a2f2,century,PDSB,2023-05-15,Biotechnology,1,0,True,True,True,13,117077
35010b195ef24e1752ce448c,century,ERAS,2023-05-15,Erasca,14,0,True,True,True,47,124314
5083aa6fb2bbe5a913bffb10,century,KOD,2023-05-15,Kodiak Sciences,6,0,True,True,True,20,133816
5561a13ffed41535da1278ad,century,LUNR,2023-05-15,Machines,1,0,True,True,True,282,200708
57e6aaeb5b231afe31b3dd05,century,IPDN,2023-05-15,,0,0,True,False,True,18,116590
74751e8d5cf42dbe9f99f7fd,century,BILL,2023-05-15,,0,0,False,True,True,30,165733
7eacc4b3537b7ac4fe6d647a,century,SABS,2023-05-15,Biotherapeutics,0,0,True,True,True,38,160485
7ed6f282ab234af4c72c5797,century,WKHS,2023-05-15,Workhorse,0,0,True,True,True,17,64097
84ce55c73c791072eadd80f4,century,POLA,2023-05-15,,0,0,True,False,True,12,150040
97427b4abdd03d49cb523efd,century,SNGX,2023-05-15,SOLIGENIX,0,0,True,True,True,16,205175
99eafeb9e73db3d33c2f20aa,century,ATNM,2023-05-15,,0,0,True,True,True,11,93697
ae6bc4532498bc4393cdbc9d,century,CNSP,2023-05-15,,0,0,True,True,True,11,69935
b586fe5d532810f59d4529ca,century,DFLI,2023-05-15,,0,0,True,False,True,38,125716
b9cab9cfa10b3b3761170af9,century,FEAM,2023-05-15,Materials,4,0,True,True,True,13,73762
c07099eb3f7679dc9d06c08e,century,NERV,2023-05-15,Neurosciences,0,0,True,True,True,13,134449
d4f18d713831c485befd059c,century,SSTI,2023-05-15,SOUNDTHINKING,0,0,True,True,True,14,139261
d7c71c06883af04cea8ce8fb,century,FULC,2023-05-15,,0,0,True,True,True,15,125626
dc45ad1dbaf726d22e40a6e4,century,JWEL,2023-05-15,Jowell,29,0,True,True,False,23,220037
f0ce69db05efba0b634debd9,century,WULF,2023-05-15,TERAWULF,0,0,True,True,True,127,212427
3ae94c969fe7aa9741637f83,century,JMIA,2023-05-16,Jumia,44,0,True,True,False,9,220016
83e33d9786d7f401731722fb,century,LSPD,2023-05-18,Lightspeed,10,0,True,False,True,6,19816
b2546b76cb216cb5ff91cbf5,century,WMS,2023-05-18,,0,0,True,True,True,54,157010
0554fe07ae966a2d4b533ac0,century,CXAI,2023-05-19,CXApp,75,0,True,False,True,30,128584
ebd53dcbe2a2b407e0e3159b,century,AUUD,2023-05-19,AUDDIA,9,0,True,True,True,14,87417
3da7c354d60b520d7ab839b8,century,REVB,2023-05-22,BIOSCIENCES,0,0,True,True,True,12,106851
02bdd7927ebe713600bfa3ae,century,SHPH,2023-05-25,,0,0,True,False,True,25,73877
2a4e7e4b659fd209168c4071,century,EGHT,2023-05-25,,0,0,True,True,True,5,220085
5c53715ef7184fa59ea1ed42,century,DXLG,2023-05-25,,0,0,True,True,True,15,85268
b0d6db69e2030f4c548e1e74,century,ZM,2023-05-25,Communications,22,0,False,True,True,12,157651
43e01a1c7dd88d904a4cf913,century,CPRI,2023-05-31,,0,0,True,True,False,4,193318
8d4b1bf20106af5bf804ce55,century,SPWH,2023-05-31,SPORTSMAN'S,0,0,True,True,True,6,91665
f67950247a303bca71072547,century,TAL,2023-05-31,,0,0,False,True,False,82,220029
0272e0a24b844daed4e29488,century,LE,2023-06-01,LANDS',0,0,False,True,True,2,87545
3df7fae8dcdd29dfbc1a3724,century,BARK,2023-06-01,,0,0,False,False,True,114,196570
c9e6d4b9ba000c8dd3248f2e,century,TITN,2023-06-01,,0,0,True,True,True,21,80142
51ff205d38a8bf6e6dc497b5,century,ZUMZ,2023-06-05,Zumiez,7,0,True,True,True,16,112955
2c82f2bb6ea695982024b674,century,AAP,2023-06-06,PARTS,2,0,True,True,True,33,61338
af4c26b634b61391cbf7e37a,century,GTLB,2023-06-06,Gitlab,22,0,True,True,True,10,162584
8b126d3746fcfd68e2964c4b,century,CTRN,2023-06-07,Citi Trends,5,0,True,True,True,10,50947
dc5d143d63133e6c9a166b3b,century,PLCE,2023-06-07,Childrens,0,0,True,True,True,2,100525
e918586e9abedfecd06ca5c7,century,UNFI,2023-06-07,FOODS,9,0,True,True,True,33,134056
eea1ef30f06c308ae2e93d51,century,SFIX,2023-06-07,,0,0,True,True,True,17,121316
ffeca837925da513575798a5,century,WOOF,2023-06-07,Petco,18,0,False,True,True,1,79802
997034eda744815b140937e1,century,CHPT,2023-06-08,ChargePoint,0,0,True,True,True,397,151023
e98c935f7ee18e9f55e3ab9e,century,RENT,2023-06-08,,0,0,False,True,True,27,126301
985bdf463f82fe7cbf9f9f7f,century,LOVE,2023-06-09,Lovesac,0,0,False,True,True,15,83517
e7256dea807087d85cf7b0ef,century,DOMO,2023-06-09,DOMO,0,0,True,True,True,27,176033
8fbd89cbe49f32c35f12580a,century,ACB,2023-06-14,,0,0,True,False,False,8,26782
ecdd8714892e2ac68bbd71b1,century,MPAA,2023-06-14,PARTS,44,0,True,True,True,13,174918
3d5baa4154295f7f928d0b10,century,SNOA,2023-06-21,Sonoma,4,0,True,True,True,32,149942
c36cda4a15f4b42c5db72b1e,century,XAIR,2023-06-22,,0,0,True,False,True,82,219738
ff6d46731b4410ebf8884287,century,TOP,2023-06-30,,0,0,False,True,False,48,220195
66573132792b075ab304d623,century,ACON,2023-07-03,Aclarion,0,0,True,True,True,19,72299
b61d568f7077ad6f3121a40e,century,CNXC,2023-07-07,Concentrix,0,0,True,True,True,163,178201
d796853103046c3c66102188,century,BENF,2023-07-13,Beneficient,0,0,True,True,True,79,219835
33dcb8d942b596b268507abf,century,AROW,2023-07-18,,0,0,False,True,True,19,219885
f62c2e115e503ed22b8d3726,century,VIP,2023-07-24,VEON,109,0,False,True,False,52,220043
d98dd881f359da9f99795002,century,CENN,2023-07-25,CENNTRO,0,0,True,True,False,96,156406
0cdfd1c55e9cf2789e9b35d3,century,VKTX,2023-07-26,,0,0,True,True,True,13,167329
7555734695449976197e9963,century,PI,2023-07-26,IMPINJ,32,0,False,True,True,1,203243
6d783484fe5c8751f0656dad,century,ENPH,2023-07-27,Enphase,24,0,True,True,True,101,166441
4414da26517b37357d8c9689,century,BNED,2023-07-31,Barnes,14,0,True,True,True,33,219759
7f1f48bd2dfa88097b57667a,century,RELL,2023-07-31,RICHARDSON,4,0,True,True,True,25,168472
801a7d5e2fda04c7f70ce935,century,BMEA,2023-07-31,Biomea,1,0,True,True,True,13,134688
46463c3156b82e4be7202afe,century,QURE,2023-08-01,uniQure,22,0,True,True,False,12,113325
cfe3f87a07bc10e2ee3e72a8,century,VBIO,2023-08-01,INNOVATIONS,0,0,True,False,True,18,117129
165fdb7d0aac76e197e3270a,century,ROOT,2023-08-02,,0,0,False,True,True,43,124285
284638bc7f0ebd93ed4c00e5,century,NRDS,2023-08-02,NERDWALLET,0,0,True,True,True,21,77513
3734822abdfc9aa2299e2438,century,ATOM,2023-08-02,Atomera,0,0,False,False,True,18,54688
399c3789d615411a3f90448e,century,RMNI,2023-08-02,Rimini,50,0,True,True,True,26,182504
4cc3544ecf8d982d4c210cf5,century,OPAD,2023-08-02,Offerpad Solutions,32,0,True,True,True,81,154185
ab082cdd3ac0a48595a33cde,century,CSTL,2023-08-02,BIOSCIENCES,0,0,True,True,True,29,179542
aba6b6d959c9a4ef03343158,century,PRTS,2023-08-02,CarParts,0,0,True,False,True,20,163601
dc2b36a84988cde36fd18f6d,century,ATEX,2023-08-02,Anterix,0,0,True,True,True,15,77243
ee074a06b08b9dc18b1b96f9,century,SPWR,2023-08-02,SUNPOWER,0,0,True,True,True,45,153138
164d50bf618d47698b8262f8,century,MLAB,2023-08-03,LABORATORIES,2,0,True,True,True,11,80620
172c7a50e194422f9e944422,century,BGS,2023-08-03,Foods,2,0,True,True,True,47,168468
1bffd06b0d8f842e9ed32fec,century,ANGO,2023-08-03,ANGIODYNAMICS,0,0,False,True,True,44,167598
1c9eaaf075c035076a327619,century,CYTK,2023-08-03,CYTOKINETICS,0,0,True,True,True,48,152458
1eb7fa58ebe63a29d6cb95c6,century,ALEC,2023-08-03,Alector,0,0,False,True,True,19,175830
22af9d93c817d8bdfc337488,century,VITL,2023-08-03,Farms,11,0,True,True,True,23,143510
44649dd5547835bb2de1fd98,century,KYMR,2023-08-03,Kymera,2,0,True,True,True,9,142783
4bb8d102d4452adaaa4250f7,century,MRNA,2023-08-03,Moderna,0,0,True,True,True,79,117397
8171770bcd59e031f63c331b,century,SKIN,2023-08-03,SKINOVATION,2,0,False,True,True,9,22819
bd707f46a7cee11a1950ba3b,century,ASPN,2023-08-03,AEROGELS,1,0,True,True,True,23,136728
c62fb4743e05d5df43a83f2f,century,PRM,2023-08-03,Solutions,2,0,True,True,True,14,130768
caeb0196abfc5126ffc79ed5,century,AVTX,2023-08-03,Avalo,48,0,True,True,True,63,113626
cedb8f91f4db0eee82c39567,century,NUVB,2023-08-03,Nuvation,3,0,True,True,True,23,137986
e7b4276f69e435049b48bf8f,century,CYH,2023-08-03,,0,0,True,True,True,64,181467
f854c02af4ded15d8fb66620,century,FIGS,2023-08-03,FIGS,0,0,True,True,True,16,129111
00bb6ce182374d021a676ad7,century,HLIT,2023-08-04,,0,0,True,False,True,16,167670
0b0c06cf49ba87ab02aae016,century,TGTX,2023-08-04,,0,0,True,False,True,14,127953
845d6dff1c2ab190445f78f5,century,ROG,2023-08-04,ROGERS,8,0,False,True,True,24,114902
89bd98f20e0d64b16636fdf4,century,SSP,2023-08-04,SCRIPPS,51,0,True,True,True,18,107408
91a2afd80af9a3ab15488497,century,TTEC,2023-08-04,TTEC,0,0,True,True,True,129,143209
9bf2f5c735e649aab502cc4f,century,HASI,2023-08-04,Hannon Armstrong,28,0,True,True,True,29,209026
c1ec3181f7475fe8d1e32c91,century,ADV,2023-08-04,Solutions,12,0,True,True,True,19,135830
d39123304df6df45eaf48535,century,VIR,2023-08-04,Biotechnology,5,0,True,True,True,67,157126
e5fdecc56f1c03d8eba19635,century,LXRX,2023-08-04,,0,0,True,True,True,13,71111
f2e982d12c3bbc039f506422,century,LMND,2023-08-04,,0,0,True,True,True,62,158501
097a6adba76ba2fe23f12264,century,CHGG,2023-08-07,CHEGG,46,0,True,True,True,15,99753
0ea1dec6a521b34d56afa7d0,century,PLX,2023-08-07,Protalix BioTherapeutics,27,0,True,True,True,19,137212
111f98c1e43eb94f34fdd93d,century,TWST,2023-08-07,Bioscience,0,0,True,True,True,16,134135
244db4a17bb0252390531021,century,BHR,2023-08-07,Braemar Hotels Resorts,66,0,True,True,True,29,135894
3b261901a9975aaa357b3b67,century,SEDG,2023-08-07,SOLAREDGE,7,0,True,True,True,37,118653
4c98b6230db9d797224ea97c,century,ANAB,2023-08-07,ANAPTYSBIO,0,0,True,True,True,15,93138
5019b085963c54ebfb10672b,century,ANNX,2023-08-07,Annexon,0,0,True,True,True,27,117242
551d721c3009ef3ef9b6ec0c,century,PIII,2023-08-07,,0,0,True,True,True,61,146151
598186aef265a212246d47dd,century,OCUL,2023-08-07,THERAPEUTIX,0,0,True,True,True,11,163162
59f55d3a210efb02a064a584,century,CLAR,2023-08-07,Clarus,5,0,True,True,True,48,112964
9873ce9036debed5c3fc8a7e,century,ZLAB,2023-08-07,,0,0,True,True,True,2,112500
a314685078874015ad232a0d,century,XPOF,2023-08-07,Xponential,5,0,True,True,True,36,172327
ad84e4a69e26f27b84133c88,century,STOK,2023-08-07,,0,0,True,True,True,9,100033
07a9c4aae6b1eb0f6aba2ba2,century,CLOV,2023-08-08,INVESTMENTS,46,0,True,True,True,2,166956
2e6c7519ecfe9090956efb04,century,SWIM,2023-08-08,Latham,22,0,False,True,True,7,120274
30cbc56392b2c60e0edfecb1,century,AMC,2023-08-08,,0,0,True,True,True,157,170540
33bc3d8b4b0eabc662906fa6,century,MDGL,2023-08-08,,0,0,True,True,True,14,100655
3ddc9d0b74e7f276f091e129,century,NRGV,2023-08-08,,0,0,True,True,True,104,129217
4f8c4e1267b36773bc8d6172,century,CLFD,2023-08-08,Clearfield,0,0,True,True,True,61,92677
5b32de9f371d266947f09099,century,ARVN,2023-08-08,ARVINAS,0,0,True,True,True,26,121152
605b46f414a0fa583cdfa8ce,century,LYEL,2023-08-08,Lyell Immunopharma,1,0,True,True,True,12,152438
6a3e770068db1685482a90fe,century,CRMD,2023-08-08,CorMedix,0,0,True,True,True,44,115932
6a883fde66a3bf177852d66e,century,ENTA,2023-08-08,ENANTA,1,0,True,True,True,15,89699
8bf2520bc0f56c8cea6e4814,century,PRAA,2023-08-08,,0,0,True,True,True,8,165210
9dc4e4fffdd9e2d8e5511716,century,UGI,2023-08-08,,0,0,True,True,True,292,146021
a341f03008289f6b9035d501,century,MASS,2023-08-08,Devices,50,0,False,True,True,20,162848
b47960b56b6608b480916c51,century,APPS,2023-08-08,,0,0,True,True,True,39,79154
b65e46fc7d1c510b61f0c1f1,century,VRDN,2023-08-08,,0,0,True,False,True,13,148467
b8c7e8be30016fb49832c15c,century,CTKB,2023-08-08,Cytek Biosciences,36,0,True,True,True,15,206907
c759fbe2d1a1c7d97b612bb6,century,MCRB,2023-08-08,,0,0,True,True,True,12,172560
cce8be8b27591fe114beae1f,century,AMPL,2023-08-08,,0,0,True,True,True,18,125406
d414b08534cc63a384989544,century,PMTS,2023-08-08,,0,0,True,True,True,13,95178
e2085495215f671516a0264d,century,GSIT,2023-08-08,,0,0,True,True,True,11,161241
fa9060914d6142978d8dd175,century,TOVX,2023-08-08,Theriva Biologics,8,0,True,True,True,44,162793
220606606bf9b8102f568d85,century,DNA,2023-08-09,Bioworks,0,0,True,True,True,44,203856
2b48a024df38e7e9a9801452,century,EXFY,2023-08-09,Expensify,0,0,True,True,True,61,111025
377d9101a8416c553700bfeb,century,IFF,2023-08-09,FLAVORS FRAGRANCES,6,0,True,True,True,52,180856
44dcea27ed1cec5125e13e8a,century,TG,2023-08-09,TREDEGAR,0,0,False,True,True,59,137448
4688929a124be9d8d9dc522a,century,SRRK,2023-08-09,,0,0,True,True,True,13,135493
49bd487778b5ca2728762eb2,century,AMSC,2023-08-09,,0,0,True,True,True,3,102420
59051910ea787756cb0dc187,century,SBGI,2023-08-09,Sinclair,0,0,True,False,True,210,160947
66795683ee478995de0326e9,century,PRCH,2023-08-09,,0,0,True,True,True,10,194609
6b19a5805cee055a0b8f91eb,century,LIDR,2023-08-09,AEye,6,0,True,True,True,13,126689
76ee41adcd6ff860889e67bc,century,GEO,2023-08-09,,0,0,False,True,True,109,214731
8d6f2153ac71fe9f76a99811,century,PLRX,2023-08-09,,0,0,True,True,True,10,146006
8fd9cebdf7cc5a039f0ba9e2,century,BROS,2023-08-09,Bros,0,0,True,True,True,242,145546
9d21c218203dcea564d706f2,century,VERI,2023-08-09,Veritone,0,0,False,True,True,20,162719
aae937ae50c4396d2f4e6718,century,SES,2023-08-09,,0,0,True,True,True,30,94616
b2fe376205821759b1312c99,century,BLND,2023-08-09,Labs,0,0,True,False,True,42,202368
c4975d32695eac29a65b25b0,century,SKIN,2023-08-09,,0,0,False,True,True,30,102788
cc8f86c0afe7a385c5a2546a,century,AXTI,2023-08-09,,0,0,True,True,True,1,181128
d14af20784d4240070c7f6f5,century,OMER,2023-08-09,OMEROS,4,0,False,True,True,13,90077
e18f72ca7220903dc4245891,century,GWH,2023-08-09,,0,0,True,True,True,19,150012
f04d82689001311554e6eb08,century,DRVN,2023-08-09,Brands,1,0,True,True,True,34,119149
071183782ef2a11cb39e5ca3,century,LRMR,2023-08-10,Larimar,3,0,True,True,True,10,102979
0c35a3d3e1ffcab714c70c5f,century,VTGN,2023-08-10,Vistagen,1,0,True,True,True,9,159223
0cc36cab176aed4bce761a01,century,AMLX,2023-08-10,Amylyx,2,0,True,True,True,10,120356
0d3418647e01f9a685ddd609,century,LPCN,2023-08-10,Lipocine,0,0,True,False,True,207,174922
110a841e848ecd04c72da4f8,century,QBTS,2023-08-10,D-Wave,88,0,True,True,True,34,124963
2fdfb60d99acfe2fde9a08d5,century,VERU,2023-08-10,VERU,0,0,True,True,True,33,167002
36f9c058b8b0dfe4b41d76d3,century,HCTI,2023-08-10,Healthcare,27,0,True,False,True,37,124708
74a0cd2c163fdea6974c91ca,century,WWW,2023-08-10,,0,0,True,True,True,2,124343
859012a8881c457993b657ae,century,RGTI,2023-08-10,Rigetti Computing,120,0,True,True,True,20,204809
ab23995d17566f6bac18fb81,century,EWTX,2023-08-10,,0,0,True,True,True,9,165469
b233ae2139038ced0c738d08,century,CVKD,2023-08-10,Cadrenal,3,0,True,True,True,20,119362
bc183fb5574beaab5bd078cc,century,NDLS,2023-08-10,NOODLES,0,0,True,True,True,17,79063
cac32d61b97c89abbdaceb84,century,STRO,2023-08-10,SUTRO BIOPHARMA,0,0,True,True,True,29,162695
fbf196641bcf979516e6edae,century,CVM,2023-08-10,,0,0,True,True,True,1,70385
11a29a0535c48138b6321f04,century,TYGO,2023-08-11,TIGO,95,0,True,True,True,45,141074
2887ffb4aa6e9cf4877d3391,century,BDTX,2023-08-11,,0,0,True,True,True,57,104660
4ebff0f6cacdaa47ea307d0f,century,APYX,2023-08-11,Apyx,0,0,True,True,True,54,109156
abd958dd2403b6d8435f1333,century,SOUN,2023-08-11,SOUNDHOUND,97,0,True,True,True,38,163043
15a9376dd1a270d883676e79,century,DH,2023-08-14,,0,0,False,True,True,64,91384
19af73b0d57cfa604294f9e1,century,ABSI,2023-08-14,Absci,9,0,False,True,True,25,99191
26a5e8580886fed8d51514e0,century,CTXR,2023-08-14,Citius,46,0,True,True,True,19,78311
2e44598ba6790d3eccb99386,century,CCI,2023-08-14,Communities,11,0,True,True,True,25,141850
2f98614e1930a792e4ac7a89,century,SNAL,2023-08-14,,0,0,True,False,True,18,165035
39ab210645ff704075b62909,century,RMTI,2023-08-14,ROCKWELL,80,0,True,True,True,36,125243
3f2b7c66ec164a4ca6ebb268,century,MRKR,2023-08-14,,0,0,True,True,True,13,101011
4a4d9046954c2215c7b6b89b,century,UP,2023-08-14,Wheels,73,0,False,True,True,116,187857
6752112e03ac089b9bf681ce,century,XXII,2023-08-14,,0,0,True,True,True,24,179028
6f3e5cd5a315f0b4ef2dfbe7,century,EOSE,2023-08-14,Enterprises,0,0,True,True,True,38,143405
703d66a9a9fb2d75a833fef2,century,TOON,2023-08-14,Kartoon Studios,20,0,False,True,True,28,206234
7655134f1f50344121105752,century,SHBI,2023-08-14,BANCSHARES,0,0,True,True,True,31,173452
8079d4d178e2610b86e1d3ce,century,TMC,2023-08-14,metals,49,0,True,True,False,50,167966
85352aef4b7937eaa8162e06,century,BFRG,2023-08-14,,0,0,True,False,True,23,86039
a9be9fb98502ea6f70145f3d,century,ATXG,2023-08-14,ADDENTAX,0,0,True,False,True,24,76334
adf3fa90dd25942cf172854a,century,BJDX,2023-08-14,Bluejay,8,0,True,True,True,13,64779
b5389b791f11ab6f2b415cf7,century,ABVC,2023-08-14,ABVC BIOPHARMA,0,0,True,False,True,27,195840
d1f0019ce79f82e66980cb7a,century,KSCP,2023-08-14,Knightscope,0,0,True,True,True,26,118205
dc23e113f157b71caffb1036,century,QUBT,2023-08-14,Computing,18,0,True,True,True,62,133031
e8c24799027f464101e76704,century,PHUN,2023-08-14,Phunware,0,0,True,True,True,34,119671
ebc4cc322e1e05bfc9b55eda,century,PMN,2023-08-14,ProMIS Neurosciences,12,0,True,True,True,14,102101
fca5f72587e35cfbf20814be,century,S,2023-08-14,,0,0,False,True,True,10,47964
c3b38bd222ddc80098abf947,century,D,2023-08-15,PRIMEENERGY,10,0,False,True,True,22,96946
260614b990de9625e9210320,century,VVOS,2023-08-16,Vivos,67,0,True,False,True,14,167726
3a5306c7653dcdba6c4053ff,century,BGLC,2023-08-16,BioNexus,32,0,True,True,True,39,81088
a71373d8b63ee526119abbb4,century,EL,2023-08-18,ESTEE COMPANIES,60,0,False,True,True,2,159005
24be3130ded51715ed881a4e,century,ADIL,2023-08-21,ADIAL,4,0,True,True,True,21,97529
55f487322e682e359b83fe29,century,GETY,2023-08-21,Getty Images,32,0,True,True,True,82,152958
2ff6fccae8df2a5a737a04e7,century,PTON,2023-08-23,,0,0,True,True,True,14,219890
fd678cbb9aa606012353366a,century,HKD,2023-08-23,AMTD,77,0,True,True,False,11,219994
3f5d42b3967f9b395fa30c3a,century,M,2023-08-25,Macy's,28,0,False,True,True,33,80969
e03e391ae56dc3b06483bc67,century,CHWY,2023-08-30,,0,0,True,True,True,19,98250
96bc53f988041194c1b17854,century,S,2023-08-31,SentinelOne,0,0,False,True,True,21,143185
ab86c5293dc491595226c1e6,century,MESO,2023-08-31,,0,0,False,True,False,35,220041
147b261136c37335becb77d0,century,PL,2023-09-07,Labs,3,0,False,True,True,17,139152
b94c3e8610ec356c8a5f5f67,century,MEI,2023-09-07,METHODE,7,0,True,True,True,16,103239
f63e657a5d76d8c64f534687,century,NSSC,2023-09-08,NAPCO,22,0,True,True,True,15,143425
992f0329cbe7a814503a673c,century,AVO,2023-09-11,,0,0,False,True,True,31,94533
b0c086d05fbb881594a978b6,century,FCEL,2023-09-11,FUELCELL,1,0,True,True,True,43,219775
e8eb2fd95a1982a6d8dba0b9,century,IREN,2023-09-13,,0,0,True,True,False,29,219999
8593d28e8ff66fc6c1b69f6a,century,FLWS,2023-09-15,FLOWERS,23,0,True,True,True,43,174305
c7802efd6fff7e0ed400b1e3,century,DAVA,2023-09-19,Endava,32,0,True,True,False,10,220057
f834a158568cb0e88e2d0108,century,BNTC,2023-09-21,Benitec Biopharma,39,0,True,True,False,67,201995
ad29b0d9d125887f61be0dd0,century,SLI,2023-09-22,,0,0,True,False,False,4,31563
ed571f34c3c4303481a0ecdc,century,CBRL,2023-09-26,,0,0,True,True,True,15,163343
ca4630201288a044255aacc1,century,NG,2023-10-03,NOVAGOLD,11,0,False,True,False,16,62141
c5adb2dcdaaad216794e339e,century,APLD,2023-10-10,,0,0,True,True,True,40,70867
4a8444c2c1b27558f103edf5,century,CMTL,2023-10-12,COMTECH TELECOMMUNICATIONS,94,0,True,True,True,3,214075
640ac7df5448baa7c1b98524,century,NRIX,2023-10-12,Nurix,0,0,True,True,True,10,149098
c40edff3804ced36be55b138,century,LNN,2023-10-19,,0,0,True,True,True,43,165930
5b591cd4314d155474d02a5b,century,ARE,2023-10-23,ALEXANDRIA EQUITIES,22,0,False,True,True,242,215677
a957f91c69eacb8f28b69e10,century,CALX,2023-10-24,,0,0,False,True,True,17,174130
252d3ae619106e24dbb53191,century,MNRO,2023-10-25,MONRO,9,0,True,True,True,31,83041
4d22e9df780d6e090ce92c58,century,ARR,2023-10-25,Armour,47,0,True,True,True,70,185645
8da6c576571dfac4cb1e37cc,century,LXFR,2023-10-25,LUXFER,25,0,True,True,True,12,87730
8fa975b6eb0a31c1b9e50f70,century,ILPT,2023-10-25,Properties,144,0,True,True,True,47,120905
a8527d0b65eadac0a8ed2e05,century,MXL,2023-10-25,MAXLINEAR,0,0,True,True,True,72,194520
2b5f531ddd3085361b07359f,century,ULCC,2023-10-26,,0,0,True,True,True,43,141974
b2b68424b3e9cc7df73cc849,century,AA,2023-10-26,Alcoa,83,0,False,True,True,87,161139
b5667d931927b6d780c32faf,century,RBBN,2023-10-26,Communications,16,0,True,True,True,51,182763
dcf20dd6a00ad98b4193107e,century,CFR,2023-10-26,BANKERS,0,0,True,True,True,14,134437
f7b256c27513944ff46f3eed,century,PTCT,2023-10-26,,0,0,True,True,True,12,175162
33b8527718af0d361839689a,century,NWL,2023-10-27,NEWELL BRANDS,8,0,True,True,True,25,149046
5bd04e5892593c3253ab082c,century,NBR,2023-10-27,NABORS,88,0,True,False,True,12,135179
7663411b54c748793c77e4fa,century,BIO,2023-10-27,BIO-RAD LABORATORIES,3,0,True,True,True,23,165146
a6bbb32cd7cffe70233027de,century,ORC,2023-10-27,,0,0,False,True,True,17,186618
afab1e1b2487561e5284d121,century,RMD,2023-10-27,RESMED,12,0,True,True,True,46,111924
f1da9839c10f71cc30932256,century,QS,2023-10-27,QuantumScape,0,0,False,True,True,46,159667
657cb22abc1467fc1a13fc1a,century,LUV,2023-10-30,AIRLINES,9,0,True,True,True,35,180217
6c2136313d25e49b4296e203,century,DYN,2023-10-30,,0,0,True,True,True,9,140632
89a224041b11671df61e85d8,century,PDM,2023-10-30,,0,0,True,True,True,18,129600
03d13cb3af79208f026bbc29,century,RGEN,2023-10-31,REPLIGEN,0,0,True,True,True,26,125145
2069e7f8fd998b7b00fbc71c,century,IPGP,2023-10-31,PHOTONICS,0,0,True,True,True,36,110650
4ca972d93d66c165ed1c5e1f,century,LTH,2023-10-31,,0,0,True,True,True,43,100878
5d3dcc55e77a6be6026f41ec,century,LUMN,2023-10-31,,0,0,True,True,True,33,180686
7154d15cbd2a07dfcf969f6e,century,CGNX,2023-10-31,COGNEX,5,0,True,False,True,33,99956
7334b90b6f37e9045d288959,century,LUMN,2023-10-31,,0,0,True,True,True,21,114472
a4e91bab5b4d2b8e330a7e17,century,SSTK,2023-10-31,Shutterstock,0,0,True,True,True,47,148775
aadef6e8ed6ae2ce84fb753b,century,JBLU,2023-10-31,JETBLUE AIRWAYS,49,0,True,True,True,27,128183
b8e7ea52fe9f4c4da642bd95,century,HRMY,2023-10-31,Biosciences,2,0,True,True,True,28,122422
ba62d18ec6018d09569f9108,century,PETS,2023-10-31,PETMED,2,0,True,True,True,16,102147
c785221d306991e803347e82,century,SIRI,2023-10-31,,0,0,True,True,True,190,169925
ceec29e14e96ab02df1ab823,century,FSLR,2023-10-31,,0,0,True,True,True,38,176050
d85d82f71d2ffc9f5efb83b2,century,TFC,2023-10-31,TRUIST,165,0,True,True,True,43,97251
12938535d70a01bc40e37b33,century,AMRN,2023-11-01,,0,0,True,True,False,1,157787
148bb55982203ad63109bed1,century,AMWL,2023-11-01,,0,0,True,False,True,23,125426
229e7c48b4435033a8430705,century,ALB,2023-11-01,ALBEMARLE,0,0,False,True,True,75,178672
2d07544a1d459aee5e395fd9,century,SAFE,2023-11-01,,0,0,False,True,True,136,157750
2f73f9bcaee0eaa92e6253de,century,UVSP,2023-11-01,UNIVEST,4,0,True,True,True,13,182036
4d48c684072c0cded36102a9,century,GBCI,2023-11-01,,0,0,True,True,True,13,153871
4e29ca52a385ae85b46e7d61,century,TREE,2023-11-01,LendingTree,0,0,False,True,True,52,134110
626e405303002f7d6fa2c1cb,century,RVLV,2023-11-01,,0,0,True,True,True,23,132254
6557eed0f080a71f0f708999,century,GTE,2023-11-01,GRAN TIERRA,18,0,True,True,True,19,93200
6b753652fde8e82cce33382e,century,NVST,2023-11-01,Envista,0,0,True,True,True,19,160638
787bee83c447b45370b0eafb,century,BKU,2023-11-01,BankUnited,0,0,True,True,True,63,201572
7910c32a3d1baa44f4c97898,century,RUN,2023-11-01,Sunrun,8,0,False,True,True,16,216539
89e7a62334097d2e70d3ee7d,century,SDGR,2023-11-01,Schrodinger,0,0,True,True,True,3,183295
9838c3c2dc278dbfd5129fcf,century,SRPT,2023-11-01,Sarepta,6,0,True,True,True,10,150712
98c950c4e54ac46a284184bf,century,TNDM,2023-11-01,,0,0,True,True,True,17,181932
db30b5b80a2c457290876f14,century,SLAB,2023-11-01,LABORATORIES,0,0,False,True,True,25,151348
fbfb28f195055303de8ae963,century,ERII,2023-11-01,,0,0,True,True,True,72,85772
0d4c12483e1d21f35d40e89d,century,CVNA,2023-11-02,CARVANA,0,0,True,True,True,183,191026
0e00127f8dc8fd7a9dec8f53,century,PAYC,2023-11-02,Paycom,10,0,True,True,True,31,150395
11a238bc73195c4c010edcb7,century,LIND,2023-11-02,LINDBLAD EXPEDITIONS,60,0,True,True,True,24,106728
16336787561ebaf323f96fef,century,AGL,2023-11-02,agilon,15,0,True,True,True,24,118403
203bd23957fa790ca65ccb61,century,EXTR,2023-11-02,NETWORKS,13,0,True,True,True,24,132222
20a5a22cf2e8f99802e9e527,century,PENN,2023-11-02,PENN,0,0,True,True,True,172,178374
25e4a5636c65f785f034003e,century,ALLO,2023-11-02,,0,0,True,True,True,42,150731
2905b0cb55d1ac4337024298,century,ADT,2023-11-02,,0,0,True,True,True,137,178148
2c55522ab3e51503876409ff,century,PRCT,2023-11-02,PROCEPT BioRobotics,0,0,True,True,True,12,76978
303a835e1b7dc6f3f24c07a7,century,ASTE,2023-11-02,ASTEC,8,0,True,True,True,24,124896
3142499bfae2bd186569c88d,century,SNDX,2023-11-02,Syndax,1,0,True,True,True,10,136005
33c9dac99c394d282d46274e,century,LXU,2023-11-02,,0,0,True,True,True,25,130358
3be328655281d5027133ebb0,century,MTCH,2023-11-02,,0,0,True,False,True,55,131627
402b76a27c51159cc7d31523,century,PTGX,2023-11-02,,0,0,True,False,True,14,126765
45858134d6049861926cde66,century,NUS,2023-11-02,ENTERPRISES,0,0,True,True,True,14,116858
5688d9ac962807e4b805f083,century,MD,2023-11-02,Pediatrix,3,0,False,True,True,29,102752
5719eb0b1569ae5b6b327131,century,PYPL,2023-11-02,PayPal,25,0,True,True,True,37,133643
590b01c16a40ef1a51382f6c,century,ABCL,2023-11-02,AbCellera Biologics,9,0,True,True,False,10,171064
5d0cf7ce924017ede37f3c14,century,REI,2023-11-02,,0,0,True,True,True,17,153914
61305bdeb500835c9e0593a0,century,PEN,2023-11-02,,0,0,False,True,True,31,118140
6335337acf019ce7e08332f6,century,NGVT,2023-11-02,Ingevity,0,0,True,True,True,59,129950
69c1981f00cd9b34a91052c7,century,CLDX,2023-11-02,Celldex,5,0,True,True,True,9,110097
6abc83835583c01d0ced14d7,century,KEY,2023-11-02,KEYCORP,72,0,False,True,True,65,166186
6e9c876b9a2b8ed5144d524d,century,STGW,2023-11-02,Stagwell,0,0,True,True,True,84,205213
7d499f022039835d4638c6ad,century,OPEN,2023-11-02,Opendoor,36,0,False,True,True,82,170952
7e3b772ff81ffc108442df93,century,INDB,2023-11-02,,0,0,True,True,True,11,145714
8de228b12a766cde1c288cc9,century,CRDF,2023-11-02,Cardiff,0,0,True,True,True,31,56558
99395481ec5f8b0abf917828,century,BANR,2023-11-02,,0,0,True,True,True,17,136378
9b28617777c611c1a45c9900,century,BAND,2023-11-02,Bandwidth,0,0,False,True,True,23,187296
a7f0cfdbebb9d4e7ca55995a,century,BAX,2023-11-02,,0,0,True,True,True,21,192364
a97e167360cfa9a55b0126a3,century,MERC,2023-11-02,,0,0,True,False,True,28,122468
ab5b7f512208059fb6ce2e38,century,CERS,2023-11-02,CERUS,6,0,True,True,True,30,168893
ade9672c5d4a0114d08c5210,century,PTLO,2023-11-02,Portillo's,0,0,True,True,True,135,139066
adf96a1716ff456bfbf22507,century,NTCT,2023-11-02,NETSCOUT,34,0,True,False,True,15,158242
b0d69ff5f3f92153c63656ac,century,DOCN,2023-11-02,DigitalOcean,0,0,True,True,True,19,154712
b1a20add277c1fbb7b370c70,century,BCYC,2023-11-02,,0,0,True,True,False,18,205120
b1f9f3220b51ac3a83c948e5,century,CROX,2023-11-02,Crocs,63,0,True,False,True,7,137005
b3638a5010a136ed0c9a9561,century,RLAY,2023-11-02,,0,0,True,True,True,8,123555
b7261af7f8da8b9c45843c96,century,ALHC,2023-11-02,Healthcare,21,0,True,True,True,32,127146
b743cff4b1d50b12ae95e2ce,century,IRTC,2023-11-02,iRhythm,0,0,True,True,True,19,103080
b83fa544e9c9aafb0a8f0594,century,ARHS,2023-11-02,Arhaus,3,0,True,True,True,29,100868
b8a9c36169b3a6b1a7a1c80c,century,CWH,2023-11-02,Camping,0,0,True,False,True,40,164434
b95962a16f994693bd0694d4,century,AUPH,2023-11-02,Aurinia,18,0,True,True,True,15,99430
be0bb656e2cc4cda06cd0e83,century,ETSY,2023-11-02,ETSY,0,0,True,True,True,85,169321
c4c0d61fb9be3e76ed709f9f,century,LNC,2023-11-02,,0,0,True,True,True,53,212982
c56303de4cde320088cc36a4,century,ALK,2023-11-02,,0,0,False,False,True,12,111589
c9e434d0007e0d3dfc93d62f,century,AUR,2023-11-02,,0,0,True,True,True,17,103240
d2065f696ff76019f2467e3e,century,MTZ,2023-11-02,MASTEC,78,0,True,True,True,5,175813
d80d2b812f6cf1f165ff9908,century,KPTI,2023-11-02,Karyopharm,1,0,True,True,True,12,139544
e1331caaa3d0afd320cf91e5,century,GERN,2023-11-02,GERON,20,0,True,True,True,23,139456
e64a14e7722d49c34ad91e8c,century,PRTA,2023-11-02,PROTHENA,21,0,True,True,True,4,158767
e8465400e61ce46d6cb29624,century,FNKO,2023-11-02,Funko,17,0,True,True,True,39,160530
f6526a14bffe2e4ce323cbba,century,AES,2023-11-02,,0,0,False,True,True,201,140958
f6d60b19ac5db32a9212487a,century,DH,2023-11-02,Healthcare,14,0,False,True,True,100,170807
f957612c8fcd951d2300d8de,century,PCRX,2023-11-02,Pacira BioSciences,16,0,True,False,True,75,168398
fc32d788fd207246a2e89713,century,SABR,2023-11-02,Sabre,78,0,True,False,True,20,184109
02a2e368350bc0db3dd86091,century,OGN,2023-11-03,,0,0,True,True,True,108,96723
0d751495df880beaabceca22,century,FIBK,2023-11-03,BANCSYSTEM,0,0,True,True,True,41,148838
295284258aeef79ac936ffa6,century,VIAV,2023-11-03,VIAVI SOLUTIONS,28,0,True,True,True,35,191972
2a819f102e651e74f8b6249e,century,OMCL,2023-11-03,OMNICELL,0,0,True,False,True,31,151610
2b22697f72662e7692f1b394,century,ALGN,2023-11-03,,0,0,True,True,True,16,218365
3184cabd920bd8487b1f38e9,century,PRME,2023-11-03,,0,0,True,True,True,16,85132
32007edfee59ebd3b23edaa0,century,ARQT,2023-11-03,Arcutis Biotherapeutics,7,0,True,True,True,33,181755
477d83754d87001429b6f5fc,century,TXG,2023-11-03,Genomics,0,0,True,False,True,28,90997
4d0bd45a07bef520092c9877,century,STEM,2023-11-03,,0,0,False,True,True,52,150122
59fbd743b628f95355cf857e,century,TRUP,2023-11-03,TRUPANION,0,0,True,False,True,20,129735
6454cf4f893469f9aaa7cec8,century,NTGR,2023-11-03,NETGEAR,0,0,True,True,True,37,180144
68d1f90d6ce5d7d4694092e3,century,VFC,2023-11-03,,0,0,True,True,True,2,142649
731e9ad36312742907819c46,century,MP,2023-11-03,Materials,35,0,False,False,True,18,139219
81b08d43a81efa5a6642f8d1,century,CPS,2023-11-03,Cooper-Standard,0,0,True,True,True,43,159835
984e927c3ccb4fbd983bfebd,century,ALDX,2023-11-03,Aldeyra,1,0,True,True,True,12,158083
992b552a67bf17dd45c84495,century,EDIT,2023-11-03,Editas,1,0,False,True,True,38,87040
9dfab408ac14bb3c2936c63e,century,SG,2023-11-03,Sweetgreen,0,0,False,True,True,33,143896
a27fe65fb0bbe8a5f9dafaa9,century,INOD,2023-11-03,INNODATA,0,0,True,True,True,79,157676
a95a364d6eb5589308d25204,century,HPP,2023-11-03,Hudson Properties,42,0,True,True,True,134,143605
b061f01a43b2914c5f809512,century,RMAX,2023-11-03,,0,0,True,True,True,26,156406
bb7c070258d9ae2d0a0e5016,century,ANIK,2023-11-03,Anika,1,0,True,True,True,18,81401
c1c0597dc3add38ece7d7241,century,IEP,2023-11-03,ICAHN ENTERPRISES,321,0,True,True,True,18,210212
c1f36f43f08e4d55dea23188,century,FLGT,2023-11-03,,0,0,True,True,True,12,94904
ccebbf6d464c6f4568c2d35e,century,PODD,2023-11-03,INSULET,0,0,True,True,True,14,86951
d5b289d0cfc930b2cc4f5c05,century,VICR,2023-11-03,VICOR,5,0,True,False,True,40,80656
d84df619bf62503ddf203099,century,CDXS,2023-11-03,CODEXIS,0,0,True,True,True,12,120061
d97ca32f2347f2ecd16480e5,century,PACB,2023-11-03,BIOSCIENCES,1,0,True,True,True,10,148702
e517ef2925ddeaf6db05fb6a,century,OUT,2023-11-03,,0,0,False,True,True,100,187589
ed7435e8a54580a6734f0e00,century,RRGB,2023-11-03,BURGERS,0,0,True,True,True,16,104091
f5cd1f5edff5a45e2cc5c4db,century,MCB,2023-11-03,,0,0,True,True,True,16,168717
f6ddef10a35261701e5c837c,century,VAC,2023-11-03,MARRIOTT VACATIONS WORLDWIDE,65,0,True,True,True,42,202370
0370189968ba477fbda5a510,century,EJH,2023-11-06,E-Home,105,0,True,True,False,16,219872
08446ac0ed5efb7262d77f18,century,GH,2023-11-06,,0,0,False,False,True,19,176184
0862442a5a1369feb6e5d85c,century,TCMD,2023-11-06,,0,0,True,False,True,15,113676
1c6bae51b666cb336c7655dc,century,HALO,2023-11-06,HALOZYME,4,0,False,True,True,14,147414
22d85c0ef6a27836e30af7e4,century,CHRS,2023-11-06,Coherus BioSciences,49,0,True,False,True,11,183815
27c96fff6677867f6a03c394,century,HIMS,2023-11-06,Hims,0,0,True,True,True,22,119029
2d84c9600718283ad50fd3c9,century,ACRS,2023-11-06,Aclaris,3,0,True,True,True,15,129446
2f61067addd10d6709593b09,century,MED,2023-11-06,MEDIFAST,0,0,True,True,True,23,78000
310a9f15d8c86fc94bb212fa,century,HPK,2023-11-06,HighPeak,4,0,True,True,True,63,181742
347a90c147420779792e35a1,century,STAA,2023-11-06,STAAR,7,0,True,True,True,26,74373
42d7d56624716d40d30b452d,century,DCGO,2023-11-06,DocGo,0,0,True,True,True,62,207660
43f27851d86b4cee7a3cc1c0,century,ZNTL,2023-11-06,Zentalis,16,0,True,True,True,10,141783
6d0074ad175d2fce6d1dc30f,century,SYBT,2023-11-06,Yards,1,0,True,True,True,8,159443
84a5414d2e0d93f5df84dfc6,century,VYGR,2023-11-06,,0,0,True,True,True,10,180805
850b0523441ddaa443c67172,century,BFLY,2023-11-06,,0,0,True,True,True,17,96509
9195f8098e21b2d14a11b7c7,century,KROS,2023-11-06,Keros,2,0,True,True,True,11,142768
9d190c94f3a75bbf2969cfa3,century,JOBY,2023-11-06,Joby,0,0,True,True,True,36,115811
9ebe0b1314215154bf1e9a0e,century,ATEC,2023-11-06,Alphatec,0,0,True,True,True,17,122239
9f0bea76058b763dec79593a,century,AMN,2023-11-06,HEALTHCARE SERVICES,101,0,True,True,True,14,104549
a853a3549076f32d365d497c,century,HCAT,2023-11-06,,0,0,True,True,True,40,165955
b841f11240621573fac8f650,century,ICUI,2023-11-06,,0,0,True,True,True,2,174707
cbaa25eadf556ebbe9f70ba3,century,IVR,2023-11-06,Invesco,7,0,True,True,True,21,181764
dda6288b9063937688b3eea0,century,U,2023-11-06,Ridgewood,2,0,False,True,True,9,55889
ea0599a268a57e2a48fb7f9b,century,VMI,2023-11-06,VALMONT,13,0,True,True,True,35,123251
ef83f1a225b826c9618234b5,century,ALGM,2023-11-06,MICROSYSTEMS,0,0,True,True,True,35,106444
fe92a0602fb7b8ba580f963e,century,WASH,2023-11-06,,0,0,False,True,True,14,131290
042a4b890f74aaca79f0ee10,century,OSCR,2023-11-07,,0,0,True,True,True,28,169927
0f5cbb6c86c6b348322c0824,century,GMED,2023-11-07,GLOBUS,21,0,True,True,True,19,152901
1c94ba9a8f66979e0e55d35d,century,FMC,2023-11-07,,0,0,True,True,True,80,188286
25f5b7760f58323ded6da501,century,SGRY,2023-11-07,,0,0,True,True,True,39,106818
2751069810c12bb2ed4a4c1a,century,EVER,2023-11-07,EverQuote,0,0,False,True,True,14,143107
2ab83d027b46e873a4e7b34a,century,UIS,2023-11-07,UNISYS,7,0,True,False,True,27,102664
2dae868d8851c88d80b77063,century,CLVT,2023-11-07,CLARIVATE,0,0,True,True,False,87,157900
2f4453cad49b3bdae93c49b9,century,ST,2023-11-07,Sensata,3,0,False,True,True,21,130182
371986b4e382d730835ca8d3,century,DAR,2023-11-07,INGREDIENTS,16,0,False,True,True,13,127924
37b9ddc5d034166511a85d65,century,MLYS,2023-11-07,Mineralys,0,0,True,False,True,21,93853
3b08f5e434a6614e20ee9e8f,century,CRBU,2023-11-07,Biosciences,0,0,True,True,True,17,130601
434e055eda46df2191f080ad,century,NRDY,2023-11-07,Nerdy,45,0,True,True,True,55,86137
43bfeb3e5ed90047966e43b1,century,AMRC,2023-11-07,Ameresco,0,0,True,True,True,49,141671
48feab5dcf2c8711aa2ff353,century,REPL,2023-11-07,Replimune,0,0,True,True,True,29,155639
510d50a6178c1b68a092a7c4,century,GPRO,2023-11-07,GoPro,29,0,True,True,True,35,140735
65495222500e92f700609a73,century,ATEN,2023-11-07,Networks,2,0,False,True,True,15,108379
6dddfa38ca8f4a20963cc531,century,IOVA,2023-11-07,IOVANCE BIOTHERAPEUTICS,4,0,True,True,True,21,170000
79b58d108f7b1d83517b4aa5,century,TVTX,2023-11-07,Travere,7,0,True,True,True,12,162036
7a22a09f51011beacbe28962,century,HAIN,2023-11-07,,0,0,False,True,True,43,129954
7aee2f50b3a1c61c71bf1f8b,century,SIGA,2023-11-07,SIGA,0,0,True,True,True,50,97736
7f2c07535d652883a2349249,century,LCID,2023-11-07,,0,0,True,True,True,17,180919
8bea96da720745611b608898,century,KLXE,2023-11-07,Services,32,0,True,False,True,33,96544
8cc7605fa40783f0b91f70f3,century,ALT,2023-11-07,Altimmune,0,0,False,True,True,17,71510
913f160d2434559e74f3e5ee,century,SHLS,2023-11-07,Shoals,72,0,True,True,True,47,138155
a005597a9472d77b4a309dea,century,COMP,2023-11-07,,0,0,True,True,True,73,164452
a12f08c41423cecdc0a536f5,century,REAL,2023-11-07,TheRealReal,0,0,False,True,True,6,148125
a5e27a263c0031bb22728ba9,century,GOGO,2023-11-07,,0,0,False,True,True,87,154296
ae8812f85d77b434826d6fd2,century,COGT,2023-11-07,Biosciences,1,0,True,True,True,12,111387
bd1f86e735bf5be964fd59ef,century,RIGL,2023-11-07,,0,0,True,True,True,11,170773
be80bca544931fed04544ab4,century,FHN,2023-11-07,,0,0,True,False,True,360,212619
d1653eb5582d53dc7750bc0d,century,OCFC,2023-11-07,OCEANFIRST,6,0,True,True,True,45,151563
d1ece1489c5f23709d062366,century,KIDS,2023-11-07,ORTHOPEDIATRICS,0,0,False,True,True,41,104473
db9798ba637a7ecff17aeb9b,century,TRMK,2023-11-07,TRUSTMARK,0,0,True,True,True,241,153789
de17739d6ab2199e0c444602,century,SGHT,2023-11-07,Sciences,1,0,True,True,True,17,136974
e8294d86abf5bc604b4331dd,century,SMMT,2023-11-07,,0,0,True,True,True,32,138519
ee01b094f7a39bb09708963d,century,RCUS,2023-11-07,Arcus Biosciences,3,0,True,True,True,11,95505
efa28bbc5458b933871c9281,century,RIVN,2023-11-07,Rivian,38,0,True,True,True,2,153078
f0ce2545104c7d87f920b03c,century,AXGN,2023-11-07,Axogen,21,0,True,True,True,7,97993
f56d2d59c371bc36fd20a97f,century,PRAX,2023-11-07,Medicines,0,0,True,True,True,36,107639
f6469a776b9c578e179ef56c,century,AHCO,2023-11-07,AdaptHealth,0,0,True,True,True,178,201735
04e8fd0e111053fa99a82020,century,GRWG,2023-11-08,GrowGeneration,0,0,True,True,True,44,91213
09a25ce29b9bba7d4890b59f,century,HLLY,2023-11-08,Holley,29,0,True,True,True,31,125314
0f03231fe0fcb9f5d32ebf40,century,CENX,2023-11-08,,0,0,True,True,True,53,139434
27572cd3f1d5229cc7e7d24f,century,MXCT,2023-11-08,MAXCYTE,0,0,True,True,True,19,99028
278540662fb145465198f808,century,LITE,2023-11-08,Lumentum,0,0,False,True,True,45,160199
2ad464b514c00e223d9495b3,century,NCLH,2023-11-08,,0,0,True,True,True,46,149323
31ef20d76bca2a2b92de22b3,century,UA,2023-11-08,Armour,0,0,False,True,True,26,162506
3a90ed43a3446ff5eef9fb2e,century,CDNA,2023-11-08,CareDx,8,0,True,True,True,11,102503
3c7433435c0a5d1b44dbeba8,century,GTN,2023-11-08,,0,0,True,True,True,17,98969
408d7cd47671857490056f59,century,TPST,2023-11-08,,0,0,True,True,True,51,132982
442a0a3dfd604c51ba780592,century,OSPN,2023-11-08,OneSpan,0,0,True,True,True,29,137372
47c931f2a04ce70ce9db5c0c,century,SRG,2023-11-08,Seritage Properties,108,0,True,True,True,19,154649
4c3df2317a6c3382750095ed,century,MRVI,2023-11-08,MARAVAI LIFESCIENCES,9,0,True,True,True,30,202719
4d110e02ff4eee82cbba3bb5,century,AKBA,2023-11-08,,0,0,True,True,True,70,206268
50c1a76721cbff0d6be8e4d0,century,UPST,2023-11-08,,0,0,True,True,True,142,219118
54a1f76c82edc0b543d04d00,century,MOS,2023-11-08,,0,0,True,False,True,33,173186
55f0411620536ebbe7c5225b,century,ASMB,2023-11-08,BIOSCIENCES,1,0,True,True,True,14,154984
56424519085aa0dd6583517e,century,BMBL,2023-11-08,,0,0,True,True,True,63,187451
60c4ffd39527eeaf5fa2df83,century,FATE,2023-11-08,,0,0,False,True,True,11,188347
61905b8cd4bb0e114a9a182a,century,CCO,2023-11-08,,0,0,True,True,True,43,147637
636f0eff37035fe73558f607,century,SANA,2023-11-08,Sana Biotechnology,6,0,True,True,True,11,178231
67b823cbc46671c1c722aff8,century,AVIR,2023-11-08,Atea,3,0,True,True,True,13,171860
69f154d0ef887d93a91887c2,century,RKLB,2023-11-08,,0,0,True,True,True,29,120925
69f633531c8575e89e5c8bb0,century,MTNB,2023-11-08,Matinas BioPharma,3,0,True,False,True,12,73871
6b7376926a2e996559ad6b1a,century,RNG,2023-11-08,RingCentral,0,0,True,True,True,32,195223
78da1a0c9e8e04d1ef134146,century,ALTO,2023-11-08,Ingredients,64,0,False,True,True,35,151190
7b94149b65946ec61e743335,century,EVGO,2023-11-08,EVgo,0,0,True,True,True,487,195689
7c2313a167650483c2c4bcd3,century,MGNI,2023-11-08,MAGNITE,0,0,True,True,True,31,186129
7dbfc4b2fdd549e55f63237e,century,CERT,2023-11-08,Certara,0,0,True,True,True,17,158423
81edb618977e8be8beed3e34,century,XPEL,2023-11-08,XPEL,0,0,True,True,True,54,88948
88d439a8a1e96d1b76ef9bde,century,ESTA,2023-11-08,LABS,0,0,True,True,False,37,165022
96fe84ba1d7cac7e974ff92f,century,RIOT,2023-11-08,Platforms,1,0,False,True,True,53,152397
a6b93aef2bcf4b5cdd3d3760,century,EGBN,2023-11-08,,0,0,True,True,True,14,120823
afd9ed7bd857b909663e7d40,century,BE,2023-11-08,,0,0,False,True,True,85,207087
b2d49830f510e76b3ad136f2,century,BCRX,2023-11-08,BIOCRYST,1,0,True,True,True,17,199447
b3d3c434aa30f287f7194e3b,century,BEAM,2023-11-08,,0,0,False,True,True,81,196821
b3f864ee5f59eb89b408093e,century,CDE,2023-11-08,Coeur,45,0,True,True,True,34,161217
b7ab64a6c3fb638d042874fb,century,MARA,2023-11-08,,0,0,False,False,True,13,167053
baefe8771967cf8e5c5f355c,century,OFIX,2023-11-08,Orthofix,18,0,True,True,True,16,113075
bf1093a47e2f4da973d0f44b,century,WTI,2023-11-08,,0,0,True,True,True,45,127224
c44e3ac5e5e8b85112503b88,century,CRON,2023-11-08,Cronos,81,0,True,True,False,33,163786
c462ca568cad9c4a14bd4a27,century,SUPN,2023-11-08,SUPERNUS,29,0,True,True,True,41,152092
c5922a7ad9a7d925366012a4,century,OM,2023-11-08,,0,0,False,True,True,14,101374
c6e8bb3245fe03d07927d3d3,century,SLDP,2023-11-08,,0,0,True,True,True,25,69898
c7f2478fda131c807f8c4620,century,PDFS,2023-11-08,SOLUTIONS,5,0,True,True,True,16,141044
c88339af70393cdaf9662817,century,CRCT,2023-11-08,Cricut,53,0,True,False,True,10,176042
cb0fadf991fa69c581ad5b3f,century,ZIP,2023-11-08,ZIPRECRUITER,0,0,False,False,True,32,132165
cdbae7861857a2a020c02a9d,century,ALGT,2023-11-08,,0,0,True,True,True,15,89140
d3820f6e1042731695294e4b,century,HOG,2023-11-08,HARLEY-DAVIDSON,0,0,False,True,True,81,198901
d69c7694c53b7ef9311b5887,century,BNGO,2023-11-08,Bionano Genomics,13,0,True,True,True,14,199035
d78769559ecdb0763478ee5e,century,PFE,2023-11-08,PFIZER,28,0,True,True,True,46,104485
db8a30976eb555e548b35758,century,ALTG,2023-11-08,ALTA,34,0,True,True,True,26,162606
e0318eca13bfaf95afdcad90,century,XNCR,2023-11-08,Xencor,20,0,True,True,True,2,116024
e4c11bbba982b9d2005ca3f8,century,YOU,2023-11-08,,0,0,False,True,True,62,162592
e6df272dfd1d6eeaa77a78aa,century,TTGT,2023-11-08,TechTarget,0,0,True,True,True,32,138068
e8040f800eb20c669e5dc5cc,century,FTCI,2023-11-08,,0,0,True,True,True,15,191679
f1cddad09a94e78774197870,century,BIVI,2023-11-08,BIOVIE,1,0,True,True,True,11,79684
fe457efb9305f752d4f3f9f2,century,RYAM,2023-11-08,RAYONIER MATERIALS,2,0,True,False,True,29,97807
00a408e816be08c57690f43e,century,EE,2023-11-09,Excelerate,74,0,False,True,True,91,174821
011fa738253ee8909212728a,century,CVGI,2023-11-09,,0,0,True,True,True,20,95941
057e6efd698e9eb5b7ff501a,century,ACDC,2023-11-09,ProFrac,0,0,True,True,True,78,108839
080d7d92aa47fc18a4f99f37,century,NXRT,2023-11-09,NexPoint,25,0,True,True,True,18,190951
083bf7b34d7bc10b3aca04d6,century,MVIS,2023-11-09,MICROVISION,0,0,True,False,True,21,125007
098900aad080d5ede0a06a3f,century,IPI,2023-11-09,,0,0,True,True,True,14,133240
0ab632da5040a85d43fa75a0,century,KRUS,2023-11-09,KURA SUSHI,145,0,True,True,True,20,167601
0ad66b150d50e4db800c78ec,century,RCEL,2023-11-09,AVITA,0,0,True,True,True,17,109817
0b20bb5c073cee9c1ffcbdb7,century,RXT,2023-11-09,Rackspace,19,0,True,True,True,57,105502
0cc7d4fdcf510eff2eb4550f,century,NFE,2023-11-09,,0,0,True,True,True,49,214841
0efc6a5947ed01f76f06c98b,century,IONQ,2023-11-09,IonQ,0,0,True,False,True,86,158883
12f9df318e45739e6e379a82,century,CLNE,2023-11-09,Fuels,21,0,True,True,True,20,154036
18ae0d1077d33f056aec51bf,century,HUMA,2023-11-09,Humacyte,0,0,False,True,True,56,160550
1c3d04bb7f25eff78b1e931a,century,SMR,2023-11-09,NUSCALE,130,0,True,True,True,44,89069
20f19616ef98e806670805bb,century,GDRX,2023-11-09,GoodRx,38,0,True,True,True,19,156991
2269f4495ee85631441d53f0,century,GDOT,2023-11-09,,0,0,True,True,True,47,100884
25d6016d01b9b63032669525,century,PCT,2023-11-09,PureCycle,17,0,True,False,True,209,143156
270a7c4016ebd15717427d72,century,DDD,2023-11-09,,0,0,True,True,True,80,215793
2a2fceae9541ac0744b834b9,century,BRCC,2023-11-09,,0,0,True,False,True,51,167327
2cbe6dd7094f08f86b62fde2,century,INGN,2023-11-09,,0,0,True,True,True,1,164129
2f5b7a2fa1202418a3c7f21b,century,ORGO,2023-11-09,,0,0,True,True,True,26,115615
303c7e3846f2b4ffc4ad124e,century,RXRX,2023-11-09,,0,0,True,True,True,18,120157
362a8007d6ece72a8a96ee53,century,BLFS,2023-11-09,BIOLIFE SOLUTIONS,7,0,True,False,True,14,136236
37493a4e4ad2b353ebcea3f3,century,NVAX,2023-11-09,NOVAVAX,0,0,True,True,True,38,204428
45c0511967e456e9029410f9,century,AGEN,2023-11-09,AGENUS,19,0,False,True,True,17,96105
4749ea1e64bae6bba18b50bb,century,RILY,2023-11-09,,0,0,True,True,True,24,191125
4a5d8be9467093e28365220e,century,ADTN,2023-11-09,ADTRAN,263,0,True,True,True,43,211392
4bc6afec0fc0b03b983d74a8,century,VERA,2023-11-09,,0,0,False,True,True,11,156142
5986de05efc08fd7e743c989,century,XMTR,2023-11-09,Xometry,0,0,True,True,True,45,150343
5999e184f2265613444355cb,century,SPRY,2023-11-09,,0,0,False,True,True,26,160988
5ea2e4b30a67262d6a5fa899,century,NKTX,2023-11-09,Nkarta,5,0,True,True,True,13,133671
6524b74a8b746bc2a350b582,century,FDMT,2023-11-09,,0,0,True,True,True,11,150991
67fc1d2e56e696985babd75a,century,PMVP,2023-11-09,,0,0,True,True,True,19,90659
6d7684f5e802aa96f74d6b2c,century,AMTX,2023-11-09,AEMETIS,0,0,True,True,True,47,179766
6e7672e83cf037d597aea935,century,VSAT,2023-11-09,VIASAT,98,0,True,True,True,1,154535
6e7a454094fb6215b7c5df82,century,FWRD,2023-11-09,,0,0,True,True,True,141,206149
771ec8247360708ca1d4c47a,century,ENVX,2023-11-09,Enovix,12,0,True,True,True,40,195273
7745552c5cc95cceba94f43a,century,CYRX,2023-11-09,Cryoport,0,0,True,True,True,50,142294
79161f6d910f3e192fb0a4ee,century,ONL,2023-11-09,,0,0,True,True,True,42,170103
79d7012573e7e402b60d81ee,century,PHAT,2023-11-09,Phathom,4,0,True,True,True,12,137990
7c0f04662a0e3f6268bf9d8e,century,CCSI,2023-11-09,Solutions,5,0,True,True,True,22,143990
8124fd72cf36f4722be1320f,century,VNDA,2023-11-09,,0,0,True,False,True,17,123929
85245bef67355fcee32da6e9,century,LAW,2023-11-09,Disco,11,0,False,True,True,39,164216
85eaf973817f2ade1bd96182,century,LPSN,2023-11-09,LIVEPERSON,0,0,True,True,True,58,184295
8825a96322dbe0a78b20e82d,century,TMCI,2023-11-09,TREACE CONCEPTS,2,0,True,True,True,14,112060
8b73054cd99ce533ecb21c50,century,INTT,2023-11-09,INTEST,7,0,True,True,True,17,134969
94048b48f3840d0e607a3e81,century,LYFT,2023-11-09,Lyft,0,0,True,False,True,33,169042
9613924313e96019e1e5a56d,century,NVTS,2023-11-09,Navitas,18,0,True,True,True,40,127707
96ae07eed83e9c0a69fb8299,century,CEVA,2023-11-09,CEVA,0,0,True,True,True,30,145814
99d905d06958cfc59e9dd420,century,U,2023-11-09,,0,0,False,False,True,63,133910
a735162cc090928e5ebb2465,century,ELVN,2023-11-09,,0,0,True,True,True,33,175438
ab900761ac63c25526363189,century,LWLG,2023-11-09,Lightwave,5,0,True,True,True,30,178353
ae94b9f9747dbea77e34c9b1,century,AVD,2023-11-09,,0,0,True,True,True,14,101383
b0d6b02e3c808b4f4e65963f,century,PHIO,2023-11-09,Phio,0,0,True,False,True,22,61934
b283a1f087717cc591a17e7d,century,MATV,2023-11-09,Mativ,12,0,True,True,True,45,152960
c0d38a3db1aa99b0b343462c,century,XFOR,2023-11-09,,0,0,True,True,True,28,157667
c3e137f25eb95121c65551e5,century,NTLA,2023-11-09,Intellia,10,0,True,True,True,39,140259
c9c67a11a03b758b55706c63,century,OPRT,2023-11-09,Oportun,39,0,True,True,True,13,175379
d2494c1e3796904a40204265,century,PGEN,2023-11-09,PRECIGEN,0,0,True,True,True,57,136934
d4bb02ebf6a4741e7977e525,century,LGVN,2023-11-09,Longeveron,0,0,True,True,True,25,133045
d587e5e6234cd504be10ee28,century,COOK,2023-11-09,Traeger,0,0,False,True,True,44,143266
d7068a0a16a3440db9733f54,century,BW,2023-11-09,Wilcox Enterprises,12,0,False,True,True,24,173718
d7a44400cf1afce4cc2835d6,century,EYE,2023-11-09,,0,0,False,True,True,27,150335
d9006834da19525ef73d7d1a,century,ADPT,2023-11-09,Biotechnologies,2,0,True,True,True,61,122467
da9c94e5dc2f90e3d7654aca,century,INO,2023-11-09,INOVIO,9,0,False,True,True,23,121957
db719ea2c6784e1229958f5b,century,HFWA,2023-11-09,,0,0,True,True,True,2,174520
dcb7721b25919ddc0d88ab84,century,WEST,2023-11-09,Westrock,128,0,False,True,True,28,208318
df5d0c0f0246a2f6f9f7b1eb,century,GOGO,2023-11-09,Buyers,1,0,False,False,True,19,34997
e0dea7f19c2895b410c92521,century,AURA,2023-11-09,Biosciences,0,0,False,True,True,16,167357
e1de0f7fc5738df7b8b86f4c,century,SENS,2023-11-09,Senseonics,0,0,True,False,True,30,148895
e33e177554d5bf6d63bcf471,century,BYND,2023-11-09,,0,0,True,False,True,47,137386
e3f42b6546c5f4cdc2c30885,century,IHRT,2023-11-09,iHeartMedia,0,0,True,True,True,49,140640
ec973190bde83820dd5de980,century,MVST,2023-11-09,Microvast,0,0,True,True,True,78,121575
ed1bc63612bb97f21cda5e7e,century,IBEX,2023-11-09,,0,0,False,True,True,26,106335
ed5cacfdb356f31beaf30069,century,DOCS,2023-11-09,Doximity,0,0,True,True,True,40,137906
f398dfc1a2f81ad8b5c433c1,century,PLUG,2023-11-09,,0,0,False,True,True,51,172743
fd3b8f203cfcf6cea9817ea8,century,IBRX,2023-11-09,ImmunityBio,0,0,True,True,True,34,219893
fe6a7c96bddb3687a3c40d98,century,GLUE,2023-11-09,,0,0,False,True,True,28,108380
07445b8f7e4f3c833c7a30ba,century,LNZA,2023-11-13,LanzaTech,88,0,True,False,True,21,184446
09eb944647866fc16fbd3fa5,century,AMPX,2023-11-13,Amprius,51,0,True,True,True,22,130759
21523208c8cfe6d71f776fa4,century,PRSO,2023-11-13,Peraso,28,0,True,False,True,8,119104
474db1e0e1d1678f979a6fa6,century,NEXT,2023-11-13,NextDecade,0,0,False,True,True,52,121166
5e94f882b35dea45574edde7,century,HE,2023-11-13,,0,0,False,True,True,30,219517
64647946f00e10548d2cc3b9,century,PCSA,2023-11-13,Processa,2,0,True,False,True,12,97514
65a7c212e96674bab0b5bad9,century,ABOS,2023-11-13,,0,0,True,True,True,20,101966
7738e458945a99744db6f1c6,century,HROW,2023-11-13,,0,0,True,False,True,7,165251
895aa95bdb15da913d67bed0,century,CDIO,2023-11-13,Cardio,92,0,True,True,True,35,127299
8d28f46666be075507b3e2ef,century,ASUR,2023-11-13,ASURE,20,0,True,True,True,14,94976
8fb00cdcb7744c32aae106d8,century,INDI,2023-11-13,indie,105,0,True,True,True,32,178801
ab377d7ff0940fc06711c9b8,century,OUST,2023-11-13,,0,0,False,True,True,25,184354
c44673f824caf2a90945c373,century,ILMN,2023-11-13,ILLUMINA,0,0,True,True,True,84,138625
c5a1542bdae5c845ab6248e2,century,ARE,2023-11-13,Ares,1,0,False,True,True,105,146167
dd9924c0bb27edbec434d267,century,NVVE,2023-11-13,Nuvve,47,0,True,True,True,52,159402
09208641b6da0766ea6fa502,century,SNTI,2023-11-14,Senti Biosciences,32,0,True,True,True,29,186624
0a6fac7dc3aafa7b4daa82c9,century,INM,2023-11-14,InMed,18,0,True,True,True,29,98432
1a660893a408e70adeefd649,century,MNTS,2023-11-14,Momentus,0,0,True,True,True,81,160778
287a89b6618abc71d88c5c76,century,TSHA,2023-11-14,Taysha Therapies,21,0,True,True,True,121,214899
37f1abe84809997aa7fa22f3,century,GRND,2023-11-14,Grindr,144,0,True,True,True,37,151897
39c83a753ebc21c2ee126f12,century,PDSB,2023-11-14,Biotechnology,2,0,True,True,True,14,133906
42e38d61407040a6591b0a75,century,AERT,2023-11-14,Aeries,1,0,True,False,True,12,110177
480ccfa293ed81b19ea660cc,century,WTI,2023-11-14,,0,0,True,True,True,14,148197
544bf34bc35d7acb718f4f21,century,HOWL,2023-11-14,,0,0,False,True,True,14,164738
560c219ad8b5f700778eddeb,century,MARA,2023-11-14,,0,0,False,True,True,0,154893
5b1f3064b31575a1c091a164,century,OPRX,2023-11-14,OptimizeRx,0,0,True,True,True,24,73479
622637ede68a88d79fd314cc,century,TNON,2023-11-14,,0,0,True,True,True,19,86452
649e47c3fb4f6982099df2eb,century,JAGX,2023-11-14,,0,0,True,True,True,20,126577
66792603ce9d8cb267c42dec,century,BKKT,2023-11-14,Bakkt,119,0,True,True,True,28,154660
6a7ff4f1a7686f603d27fb10,century,MGTX,2023-11-14,MeiraGTx,0,0,True,True,True,25,156470
7cbcf779cd82c0776464cac7,century,KOD,2023-11-14,Kodiak Sciences,1,0,True,True,True,19,118548
7cd81cc4d1536c559b314f91,century,ASTS,2023-11-14,SpaceMobile,31,0,True,True,True,16,148873
8861ed08c5241d7562946cdb,century,ICU,2023-11-14,SeaStar,1,0,True,True,True,31,111947
91be9272dea98d70eaa3da0e,century,TGL,2023-11-14,,0,0,True,True,True,66,176299
94c5440815bda4837fdb84c0,century,ARCT,2023-11-14,,0,0,True,True,True,95,125006
9edc21e9bcc3ef32b3089be2,century,RNAZ,2023-11-14,Transcode,8,0,True,True,True,32,184167
a03022b6cde5fa3e939f5560,century,URGN,2023-11-14,UroGen Pharma,2,0,True,True,True,28,163261
bbe9618d5ea4cd8c130ca130,century,JRVR,2023-11-14,,0,0,True,True,True,62,150177
be262bb1e632f9426f4dcb3e,century,PROK,2023-11-14,PROKIDNEY,0,0,True,True,True,83,127226
c9c72c7f58c50b4925512f09,century,MLTX,2023-11-14,MoonLake Immunotherapeutics,83,0,True,True,True,50,142092
d5965567add48744f368b466,century,GEVO,2023-11-14,Gevo,0,0,True,True,True,109,146345
da1f30222b07d750d5a5c9aa,century,WKHS,2023-11-14,Workhorse,0,0,True,True,True,18,78359
ddceaeed16f87c7baec81132,century,ASTI,2023-11-14,,0,0,True,True,True,13,114843
e3ef0c3234543779077d6fd4,century,GNLX,2023-11-14,GENELUX,0,0,True,False,True,15,166679
e42d5f1ddfcc1018a7c18671,century,SCLX,2023-11-14,Scilex,93,0,True,True,True,29,219973
519d8db80fab972fa3e1aeb0,century,SBH,2023-11-16,,0,0,True,True,True,36,124976
cadf28e229777580216a720f,century,BURL,2023-11-21,Stores,57,0,False,True,True,13,139303
cf0423a269c05e9067a8fe41,century,DGII,2023-11-22,DIGI,81,0,True,True,True,37,182507
17305195b650bdb74b0a9f63,century,AVXL,2023-11-27,ANAVEX SCIENCES,52,0,True,False,True,27,172017
0787902e00d2716f8bee7b43,century,EMBC,2023-11-29,Embecta,0,0,True,True,True,514,183222
5fc9c6e7637991a4e8a703f3,century,CMP,2023-11-29,MINERALS,35,0,True,True,True,62,218809
9e86367bb04640e52ea2b107,century,LESL,2023-11-29,Leslie's,0,0,True,True,True,3,208575
cb66afb7d4d4e333831dc26a,century,CRNC,2023-11-29,Cerence,0,0,True,True,True,39,200550
2b72f5a71943e39547a40cbf,century,PLCE,2023-12-04,Childrens,0,0,True,True,True,2,122877
61c5ab12f48db91ce43b7fa6,century,YEXT,2023-12-05,Yext,0,0,True,True,True,18,157896
4f2b251f158ab23e38bba493,century,UNFI,2023-12-06,FOODS,9,0,True,True,True,31,116979
7b4d822bc41d6b3c4ae30223,century,GME,2023-12-06,GameStop,0,0,True,True,True,37,79213
e10bdff74070d608b0d30959,century,PHR,2023-12-06,Phreesia,0,0,True,True,True,42,156226
ef93a011de15519281e0b26c,century,SMTC,2023-12-06,SEMTECH,0,0,True,True,True,26,213651
0e7822381e5d9a01662125e1,century,GCO,2023-12-07,GENESCO,0,0,True,True,True,42,82158
5e764cd44eb649a81a144384,century,TITN,2023-12-07,,0,0,True,True,True,20,104500
8bb373442920139001541ebf,century,DG,2023-12-07,,0,0,False,True,True,37,112524
c3e39e1ee67ac25874720b3e,century,WOOF,2023-12-07,Petco,18,0,False,True,True,1,98281
ee9a6cd47c09886ba158878b,century,SPWH,2023-12-07,SPORTSMAN'S,0,0,True,True,True,6,107040
7ae0c246ceb321d905b6c585,century,CRMT,2023-12-08,AMERICAS CARMART,0,0,True,True,True,1,129287
826915eb707d36b2967d0470,century,AMBA,2023-12-08,,0,0,False,True,True,10,119685
8ecb4e2060a61002e539acce,century,CHPT,2023-12-08,ChargePoint,0,0,True,True,True,433,165485
96b1b69f630de4a8cf1143af,century,DOMO,2023-12-08,DOMO,0,0,True,True,True,27,185243
b12af6257d7e3b07f6fcc2a3,century,EBS,2023-12-11,BioSolutions,0,0,True,False,True,24,178570
29498c27f02f1a20b59b9cbb,century,HSCS,2023-12-14,Laboratories,0,0,True,True,True,65,132089
3c5906a1edceec63361926a8,century,HUT,2023-12-19,,0,0,False,True,True,122,162127
5ea42c015e9faf4ab3143942,century,OGI,2023-12-19,ORGANIGRAM,0,0,True,False,False,12,57745
ecee6a4794bab351efff11b2,century,AEHR,2024-01-12,AEHR,0,0,True,True,True,13,66021
02e839a393ca0a461ece020c,century,FNGR,2024-01-16,FingerMotion,0,0,True,False,True,35,151515
be119ff66531da943db0163e,century,BMRA,2024-01-16,BIOMERICA,0,0,True,False,True,17,75528
0d7eb803342de79d03517498,century,CMND,2024-01-29,Clearmind,1,0,True,True,False,11,220038
f3ce281de83297a4eafab433,century,EGHT,2024-02-01,,0,0,True,True,True,3,103791
677edbdc2bacb4420ddb04d1,century,CLFD,2024-02-05,Clearfield,0,0,True,False,True,47,79137
a79745617812d01a75963858,century,MLAB,2024-02-05,LABORATORIES,2,0,True,True,True,11,109980
c6941b401669da3a87dab91f,century,MRCY,2024-02-06,,0,0,True,True,True,13,145387
5172914401e07000b3ecb60c,century,MCFT,2024-02-07,MasterCraft,17,0,True,False,True,15,75646
63315cfa9a58e0378640e75a,century,EPM,2024-02-07,,0,0,True,True,True,29,136773
d15b2fe7d6f3bd8a1083ea7c,century,APPS,2024-02-07,,0,0,True,True,True,42,120087
e5dc93a777a1f3870d7c05c9,century,BARK,2024-02-07,,0,0,False,True,True,52,192881
d368cb759258731703a02cc1,century,ENTA,2024-02-08,ENANTA,1,0,True,True,True,13,87057
132edf65ef5f35262db22de1,century,ENPH,2024-02-09,Enphase,17,0,True,True,True,84,219119
888f82c3a2e4d274c49cc922,century,BILL,2024-02-09,,0,0,False,True,True,36,154957
0a96ee4fa7c1d26c10bf67aa,century,HTZ,2024-02-12,,0,0,True,False,True,215,219050
1d806b785480b32b7a96531d,century,VTGN,2024-02-13,Vistagen,3,0,True,True,True,9,127172
26f0678560b3b050caafc666,century,HYLN,2024-02-13,Hyliion,0,0,True,True,True,50,157768
2812ac597a3a0c76e7715aed,century,YCBD,2024-02-13,cbdMD,32,0,True,True,True,22,116378
517a91be06b4a6f6de9662ac,century,INMD,2024-02-13,InMode,6,0,True,True,False,19,220040
593a52053ed6f56c7f09d3a4,century,HLF,2024-02-14,HERBALIFE,0,0,True,True,True,65,211811
a3c80e2e0bf2faf6e1b73cff,century,CLB,2024-02-15,Laboratories,133,0,True,True,True,2,203037
af5a8d0248797ae277303044,century,IRDM,2024-02-15,Communications,33,0,True,True,True,22,212145
ce64d5fe700c8d55f188817c,century,HL,2024-02-15,HECLA,83,0,False,True,False,3,220083
05de09cf2d022e6b50b39191,century,CAR,2024-02-16,,0,0,False,True,True,121,147884
7064c002cd3593ad2d61a5f8,century,CRK,2024-02-16,COMSTOCK,21,0,True,True,True,54,160776
7091f1178ed83af8d151f27a,century,ATRC,2024-02-16,AtriCure,0,0,True,True,True,44,170051
37dd6cf0223a7c1e070d2ae9,century,CHGG,2024-02-20,CHEGG,75,0,True,True,True,18,193104
0d37405b18d6f8892265c234,century,RIG,2024-02-21,,0,0,False,True,True,122,179941
3b0bfe93ad078efb9215756e,century,CYH,2024-02-21,,0,0,True,True,True,65,219063
bfd38068fba35def4ca36cb3,century,OIS,2024-02-21,STATES,46,0,True,True,True,36,183790
0a01e088ef09000bdeb6c331,century,NVCR,2024-02-22,NovoCure,0,0,True,True,True,42,220077
40ee467d411a0c2baee0decb,century,MKTX,2024-02-22,MARKETAXESS,0,0,True,True,True,75,219399
51155bb6abc5a0f89b785690,century,LNTH,2024-02-22,Lantheus,0,0,True,True,True,45,219894
608b86d89be4b67fe28cfb76,century,FVRR,2024-02-22,Fiverr,14,0,True,True,True,20,219801
98775153119696aee4d6a608,century,WWW,2024-02-22,,0,0,True,True,True,4,177102
a164c2da11741159d17cb0ca,century,IMUX,2024-02-22,IMMUNIC,0,0,True,True,True,84,212642
d9b6e74e7bf2a53eb74c22ab,century,FSLY,2024-02-22,Fastly,26,0,True,True,True,18,220017
ed06cba8d93c4aedaab2422e,century,AMLX,2024-02-22,Amylyx,5,0,True,True,True,15,219789
3e2d12045eeb467e35934ac3,century,MBLY,2024-02-23,Mobileye,104,0,True,True,True,37,219727
3f30d52717207e5e7ab80bb9,century,SSP,2024-02-23,SCRIPPS,80,0,True,True,True,39,144826
49fe9cb0a763425b493995f9,century,FOXF,2024-02-23,,0,0,True,True,True,62,219426
9788a05a87a0f68fbe825387,century,ACLS,2024-02-23,AXCELIS,69,0,True,True,True,14,158172
afa744e5adfe3dfe621f8458,century,WGS,2024-02-23,GeneDx,46,0,True,True,True,18,219921
d903721437c4121a1a7f4ba0,century,WBD,2024-02-23,Bros,11,0,True,True,True,126,205954
f55e3e2dcd02e2fd71572f94,century,TDOC,2024-02-23,Teladoc,5,0,True,False,True,50,204811
13763d0d39a47479cbe7eb16,century,PLTK,2024-02-26,Playtika,0,0,True,False,True,64,219863
4bf9bb219e1338f0a29ab9ad,century,SEDG,2024-02-26,SOLAREDGE,17,0,True,False,True,37,178174
b1c8e5bd72dd8219845715c4,century,IE,2024-02-26,Ivanhoe,1,0,False,True,True,24,219932
c474507c3bbc56baaaed67a6,century,VIR,2024-02-26,Biotechnology,8,0,True,True,True,59,220300
10d7d41ae4bb5a6acc486735,century,ZLAB,2024-02-27,,0,0,True,True,True,2,220073
2090a4bdd181a48a59ded2af,century,PLRX,2024-02-27,,0,0,True,True,True,13,215928
2dd0ade454b1204962460b96,century,VRDN,2024-02-27,,0,0,True,True,True,26,218592
3ea24a288bd39d1b29cfa59f,century,EXFY,2024-02-27,Expensify,0,0,True,True,True,128,219832
978b64280489b32c06ff4f25,century,SSRM,2024-02-27,,0,0,True,True,True,42,219918
a27b0f378433a4b7e25d423d,century,TTI,2024-02-27,,0,0,True,True,True,44,219685
feec4f64433d1ce912fcbe88,century,GNL,2024-02-27,,0,0,True,False,True,42,219811
1d314b094a84082f79a1c0e8,century,CNMD,2024-02-28,CONMED,20,0,True,True,True,56,186170
45e0f301e13e0b646adc6df1,century,AMC,2024-02-28,,0,0,True,True,True,112,220077
75f87e039cf927038a5c9dce,century,QURE,2024-02-28,uniQure,59,0,True,True,False,9,220054
7a4aa3328561f1a9711d5adc,century,DRVN,2024-02-28,Brands,44,0,True,True,True,44,219592
e6c1e593aa465d1010b5d41b,century,ARRY,2024-02-28,,0,0,False,True,True,39,219501
378bb48bb53c7877f6783efa,century,QDEL,2024-02-29,QuidelOrtho,0,0,True,True,True,27,182295
432c29c407fe8e6c25c31e73,century,TGTX,2024-02-29,,0,0,True,True,True,56,219471
74410a40e98617015f186491,century,NEM,2024-02-29,NEWMONT,205,0,True,True,True,11,220120
809ba7cc2c6c2aa0fc4c289c,century,DNA,2024-02-29,Bioworks,0,0,True,True,True,31,219707
97e06417f550bf7b6304771e,century,TTEC,2024-02-29,TTEC,0,0,True,True,True,151,210489
ea13ba393867cdb817029d75,century,PRAA,2024-02-29,,0,0,True,True,True,11,189531
9d414c2a9a2d4a3437cc2b79,century,OPK,2024-03-01,OPKO,15,0,True,True,True,14,219953
b273eb87620aeeddf30f6947,century,BMR,2024-03-04,Beamr Imaging,56,0,True,True,False,20,219950
cc1754e11e9d4fbd7272c1de,century,XPOF,2024-03-04,Xponential,21,0,True,True,True,33,219633
f750997d20ce2a2b7728ddbe,century,EOSE,2024-03-04,Enterprises,0,0,True,True,True,52,219139
13d65a5d40e8f3a1eed8c19a,century,CIFR,2024-03-05,,0,0,True,True,True,13,219993
3b8a176a802b635dd5dfc20b,century,TDUP,2024-03-05,ThredUp,0,0,True,True,True,36,186996
56a9d38f52ee55c464bdfc3d,century,NKTR,2024-03-05,NEKTAR,16,0,True,True,True,88,215523
886b62b12efe2fa6bc54b19b,century,MCRB,2024-03-05,,0,0,True,True,True,15,219865
b02051dfd84bd212be6147c8,century,FUBO,2024-03-05,fuboTV,7,0,True,True,True,101,220154
0c425c7eb8d38009c5cc1fa7,century,REPX,2024-03-06,,0,0,True,True,True,57,219536
2b9ef1d070d51dac9887528c,century,MEI,2024-03-07,METHODE,12,0,True,True,True,22,136362
4b9b2ac733656b6ef821cc0f,century,GHRS,2024-03-07,,0,0,True,True,False,29,219948
99f51195b243925cc41ce064,century,UP,2024-03-07,Wheels,78,0,False,True,True,103,220200
b3e8c171fd395ff610a938d1,century,CLAR,2024-03-07,Clarus,10,0,True,True,True,33,219994
c67f8885091e6071d8865ac4,century,CYN,2024-03-07,Cyngn,13,0,True,True,True,22,196436
193f4ab2b980259776463956,century,FORR,2024-03-08,FORRESTER,80,0,True,True,True,28,213346
226bf030f1e042c1aa17bba0,century,MASS,2024-03-08,Devices,54,0,False,True,True,71,220115
3b2deaeeccf24cbbd785a7fe,century,PRTS,2024-03-08,CarParts,0,0,True,True,True,56,164272
419068a702af06ba3e711e3e,century,GPCR,2024-03-08,,0,0,True,True,True,18,219937
4ceff89f1630ed05231e221a,century,AIMD,2024-03-08,Ainos,82,0,True,True,True,31,220000
52cd95b69a5376463f2ac145,century,DOUG,2024-03-08,Elliman,7,0,False,False,True,164,196114
5cdd241d3487886f7ae9c3b3,century,PGY,2024-03-08,Pagaya,148,0,True,True,False,11,219957
7a5775208785d860d8b90e20,century,MX,2024-03-08,MAGNACHIP,8,0,False,True,True,65,192014
a1193b70a8d38dca133e7ecd,century,SEAT,2024-03-08,Seats,0,0,False,True,True,66,219658
b1c9333b2bee1da008e50ff4,century,MX,2024-03-08,METHANEX,0,0,False,False,False,6,32147
c8378cb8231f33a7a6e42d74,century,ASLE,2024-03-08,AerSale,0,0,True,True,True,67,216322
01f0dc596a0dd0b9c4f2ec6b,century,SSYS,2024-03-11,STRATASYS,0,0,True,True,False,84,219956
04d7781a6b02e3493310f204,century,BLDP,2024-03-11,Ballard,3,0,True,False,False,8,54081
285217aa5a543ad3c0ca363b,century,ENGN,2024-03-11,enGene,172,0,True,True,False,39,192701
5e014854edc282c3a49f0817,century,EXK,2024-03-11,ENDEAVOUR,0,0,True,False,False,7,42677
feaff9aa7e6fc65695f01be3,century,NPWR,2024-03-11,,0,0,True,True,True,205,210507
562e1b862c2fcfc81da89eb4,century,IHS,2024-03-12,,0,0,True,True,False,52,220325
5ca4d7839ce1483826e445cc,century,AAP,2024-03-12,PARTS,42,0,True,True,True,31,166428
6bb5d5188c56faaede6dd2d5,century,INVZ,2024-03-12,Innoviz,38,0,True,True,False,13,219942
a11ac6117dec23b88afe1240,century,SKIN,2024-03-12,,0,0,False,True,True,53,220025
a374b9f563c465246ea983db,century,IAUX,2024-03-12,i-80,0,0,True,False,False,6,34333
2a845d8af93518ca7695aa9d,century,TH,2024-03-13,,0,0,False,False,True,43,219609
580db71060dc7f41591cd56e,century,CTKB,2024-03-13,Cytek Biosciences,28,0,True,True,True,21,219861
7b6c23af9567b2bdcc2ab091,century,ZIM,2024-03-13,Integrated Services,73,0,True,True,False,27,220049
7c01aed8f127d875ffe60791,century,ANY,2024-03-13,,0,0,False,True,True,193,220514
96c6da7cfb9ff8b2ce854be7,century,NRGV,2024-03-13,,0,0,True,True,True,78,219485
f868be8bced94d8351086548,century,VTVT,2024-03-13,,0,0,True,True,True,84,219173
1170fbdcf9010cb9b28424e6,century,AHT,2024-03-14,ASHFORD,93,0,False,True,True,20,219901
3d0fc093e6cb1b4cfc478024,century,MNTK,2024-03-14,Renewables,11,0,True,True,True,37,212738
5b12998b9b29221b90249be8,century,CDLX,2024-03-14,Cardlytics,0,0,True,True,True,72,200643
694106e8a76ef4f6a6bde5c7,century,FF,2024-03-14,FutureFuel,0,0,False,True,True,30,128964
84abb6e1c83a1de76dcad17c,century,IQ,2024-03-14,iQIYI,67,0,False,True,False,32,219978
9e3b04a20685a0bb81c07a4b,century,QNRX,2024-03-14,,0,0,True,True,True,80,219030
a8e37cd51347a0a69f68f19c,century,EVC,2024-03-14,ENTRAVISION COMMUNICATIONS,20,0,True,True,True,37,211186
ac1332dd83e8f54171005713,century,HNRG,2024-03-14,HALLADOR,25,0,True,True,True,10,184746
ce756ca92616e9241257ba07,century,GNE,2024-03-14,,0,0,True,True,True,47,183301
3844c4deb088c2f164f36739,century,BBAI,2024-03-15,BigBear,2,0,True,True,True,67,219880
5c81dce75a218a9886bca263,century,PHUN,2024-03-15,Phunware,0,0,True,True,True,29,220005
8fc7b84c9de465cfc4d84d29,century,BFRI,2024-03-15,Biofrontera,0,0,True,False,True,86,219804
d23ba9fbfeb87469b7791326,century,AEVA,2024-03-15,Aeva,0,0,True,True,True,465,206150
8584627cbfd969772158a144,century,SPRB,2024-03-18,BIOSCIENCES,0,0,True,True,True,15,219877
d7d39e461823f2647b893b30,century,BTBT,2024-03-18,,0,0,True,True,False,70,219826
8d890b2fbe64f6b94e70d555,century,ACET,2024-03-19,Adicet,9,0,True,False,True,22,219943
42c0247455e4b56124f358db,century,BKSY,2024-03-20,BlackSky,90,0,True,True,True,33,219681
a5f5ad3ea72d31fba733fb37,century,CHWY,2024-03-20,,0,0,True,True,True,22,200316
b44a033f40f9ceb6b40c49fc,century,WULF,2024-03-20,TERAWULF,0,0,True,True,True,80,219944
cfe73c9fc545c15a3565b761,century,NCNA,2024-03-20,NuCana,15,0,True,True,False,18,220053
2af201a790f6f37f8696d8af,century,LAES,2024-03-21,SEALSQ,124,0,True,True,False,32,219997
4ca702cdbf54baba79437525,century,ALTI,2024-03-22,AlTi,0,0,True,True,True,39,219965
6c2d1a3ce1f1efdd7e019c27,century,EFOI,2024-03-22,,0,0,True,True,True,6,220089
6ca07b458e23e10149312d96,century,OTLY,2024-03-22,Oatly,37,0,True,False,False,19,219979
c9b55255e686de79057c2f2f,century,REVB,2024-03-22,BIOSCIENCES,0,0,True,True,True,40,213999
f29ec72a54c85475803c9c97,century,MLCO,2024-03-22,Melco Resorts,215,0,True,True,False,7,219968
3dec11e25fa60b62eb14ec1d,century,LUNR,2024-03-25,Machines,2,0,True,True,True,150,218431
66b9e9bcee3f8dc9ffaecfd7,century,TMC,2024-03-25,metals,53,0,True,True,False,44,220285
7092258ea61f8050852990d5,century,REKR,2024-03-25,Rekor,47,0,True,True,True,20,219875
a36dee432b114b55cd327940,century,SGMT,2024-03-25,Sagimet Biosciences,5,0,True,True,True,13,219927
b307e21c6193207de5ff35c3,century,STRO,2024-03-25,SUTRO BIOPHARMA,0,0,True,True,True,32,219955
cd9a8f809837cc5fc815f614,century,STOK,2024-03-25,,0,0,True,True,True,14,193282
0e628b440a9eb784293faeba,century,ENVB,2024-03-26,Enveric Biosciences,28,0,True,False,True,37,219567
7fa7b822ff38acd39a6a4895,century,ELTK,2024-03-26,ELTEK,15,0,True,True,False,38,192081
172b7958e85ed3a1bcf843fd,century,BILI,2024-03-27,Bilibili,0,0,True,True,False,82,219933
1cbddb41560772030a12b7aa,century,DTIL,2024-03-27,BIOSCIENCES,3,0,True,True,True,6,220038
297e7e6d55fd5c4c02834f05,century,MPT,2024-03-27,METLIFE,124,0,True,False,True,21,80068
41f707bface738ed5f309d4c,century,SIDU,2024-03-27,Sidus,3,0,True,False,True,32,197197
4390a12436f1462dbec424da,century,GCT,2024-03-27,GigaCloud,87,0,True,True,True,24,219781
a4745e99b03da37b08e2c14a,century,GXAI,2024-03-27,GAXOS,15,0,True,True,True,33,218785
aaf1e73316a201939584d670,century,GYRE,2024-03-27,,0,0,False,True,True,70,220212
08c1666417e8b85e17ed2ac2,century,RVSN,2024-03-28,,0,0,True,True,False,27,219914
09eedb28ce3584be3023f83d,century,KRNT,2024-03-28,Kornit,30,0,True,True,False,18,219947
18bbc06f92f3c3edba1b4cb4,century,SLS,2024-03-28,SELLAS Sciences,8,0,True,False,True,31,219461
31909b57774e0381c9f2ef61,century,ATRA,2024-03-28,Atara Biotherapeutics,19,0,True,True,True,16,219825
43fe776668b1ffa998eae5ab,century,BMEA,2024-03-28,Biomea,2,0,True,True,True,23,210025
77c3466115248ec0a7078803,century,HSDT,2024-03-28,HELIUS,12,0,True,True,True,32,208299
89c455677205fef492149544,century,BTDR,2024-03-28,Bitdeer,61,0,True,True,False,17,219905
d3bd16589583df13ceda031b,century,MTA,2024-03-28,Metalla,38,0,True,False,False,5,22864
05a25d821a1c67d4ea6da35a,century,ANVS,2024-03-29,Annovis,4,0,True,True,True,20,219965
2310668218c7872c27762cae,century,PL,2024-03-29,Labs,3,0,False,True,True,24,219962
2cbf5151fe7544ed38ea3df8,century,MDAI,2024-03-29,,0,0,True,True,True,29,219941
39b57ae3546a0ff07432a20e,century,NRXP,2024-03-29,,0,0,True,True,True,38,219626
ad1c4852f2002fa043f5fa04,century,BZFD,2024-03-29,BuzzFeed,0,0,True,True,True,80,219933
d12d8a5c260d6e457697cc77,century,BFRG,2024-03-29,,0,0,True,False,True,58,157784
d1683dc593aec7dc3394b0ce,century,MSAI,2024-03-29,MultiSensor,0,0,True,True,True,26,213271
e7b0c7d91edcbeeceeb7eb58,century,AVTX,2024-03-29,Avalo,62,0,True,True,True,93,219969
ea381ecf00df2234128888b4,century,ANTX,2024-03-29,,0,0,True,True,True,24,219801
0cc0eacc087737607d5c8c1a,century,NEWT,2024-04-01,NewtekOne,0,0,False,True,True,28,220015
2d3f7a04377961b4001b675a,century,COCH,2024-04-01,,0,0,True,True,True,31,219856
3f1a3ac8b9f5fc7b861bcbd9,century,XLO,2024-04-01,Xilio,24,0,True,True,True,9,219981
4fee9e43618d2414ccff97f7,century,SSTI,2024-04-01,SOUNDTHINKING,0,0,True,True,True,33,219846
7e4339b84aa1430f8ffddbda,century,OMER,2024-04-01,OMEROS,18,0,False,True,True,23,182430
90b553869953cef3974c7469,century,AISP,2024-04-01,,0,0,True,True,True,144,219540
9cb6af1f1bf8c064cc256c36,century,SPRC,2024-04-01,SciSparc,0,0,True,True,False,56,219980
d49eeb7c1f854b0b3a86153b,century,ADIL,2024-04-01,ADIAL,13,0,True,True,True,29,219683
dc6b2c6f7275c25a4c26140c,century,AUUD,2024-04-01,AUDDIA,40,0,True,True,True,25,214040
df16f5ee3fb42f839e3d4842,century,MIRA,2024-04-01,,0,0,False,False,True,66,220167
4d65e858bfec222170023bc8,century,HOLO,2024-04-02,MicroCloud Hologram,9,0,True,True,False,22,219818
401084d63532f41294ed0b30,century,NG,2024-04-03,NOVAGOLD,12,0,False,True,False,17,57259
e1d678acde4808caa6d96f2a,century,CNXC,2024-04-05,Concentrix,0,0,True,True,True,77,135566
21f5bbcdfe36945b8b81801b,century,PERI,2024-04-08,Perion,20,0,False,False,True,23,219936
0b4f79fa7e6b61bebdc20ae3,century,NIO,2024-04-09,,0,0,True,True,False,123,220630
9e3d34286797e400238ea9bd,century,ANGO,2024-04-09,ANGIODYNAMICS,0,0,False,True,True,35,111922
f94c65a593898edd30507fef,century,MED,2024-04-09,MEDICURE,0,0,True,True,False,35,220049
5cbda668b7917b3ea9f04aaa,century,APLD,2024-04-11,,0,0,True,True,True,40,120713
e9a273a221155a1655d5bc61,century,RENT,2024-04-11,,0,0,False,True,True,32,219887
f2ed9ed9adf65fa024c47c4c,century,MLGO,2024-04-11,MicroAlgo,0,0,True,True,False,24,220001
426627dd305440d917218097,century,RERE,2024-04-12,ATRenew,0,0,True,True,False,12,220030
e6ccca1a346e743f902ecc64,century,STI,2024-04-12,Solidion,89,0,True,True,True,33,193557
1b6c96af05f40705648e4dac,century,SKIN,2024-04-15,SKINOVATION,4,0,False,True,True,17,66126
a57181ae0642f655129f4f80,century,CAN,2024-04-17,,0,0,False,True,False,37,220202
dfb72bf8e4af563e5b44bdf1,century,XPEV,2024-04-17,XPENG,15,0,True,True,False,18,220041
0027ff3755f266318ec7019e,century,AIRE,2024-04-19,reAlpha,25,0,False,False,True,17,92099
003a68d757ac6d668893f927,century,LEG,2024-04-19,SPICES,32,0,False,True,True,21,121929
52f6b0e0645d6686b31b6459,century,GRFS,2024-04-19,Grifols,147,0,True,True,False,2,220073
53bdb9a41ce56fd0518fe66d,century,BDRX,2024-04-19,Biodexa,11,0,True,True,False,34,219527
a16d6c7d18077a95e486c129,century,BZUN,2024-04-19,Baozun,59,0,True,True,False,14,220037
c8eb2d89d1c632a09e17e311,century,DUO,2024-04-19,Fangdd,25,0,False,False,False,52,219629
bae5c5f9a4e1dfbb9b240768,century,SPCB,2024-04-22,SuperCom,0,0,True,True,False,39,219993
e590ed130b19dd1e13f9e520,century,TIGR,2024-04-22,Fintech,10,0,True,True,False,10,220057
fa9e2847fe43e6f6a8cf6888,century,NNOX,2024-04-22,Nano-X Imaging,59,0,True,True,False,6,220049
348646d4ca69a27cffad66bd,century,LU,2024-04-23,Lufax,13,0,False,True,False,25,219885
5296f9a0d2b5b83bb71b28ee,century,CALX,2024-04-23,,0,0,False,True,True,17,172899
10ac7c7b7c281ee77b5c386c,century,OPRA,2024-04-24,,0,0,True,True,False,5,203052
2d369ad9bcea65a8decf6da6,century,NIU,2024-04-24,,0,0,True,True,False,56,219994
8ec93d05566e8a375c41b4e2,century,MXL,2024-04-24,MAXLINEAR,0,0,True,True,True,99,185175
cb8bd7b8696aad263296322d,century,TSLA,2024-04-24,Tesla,67,0,True,True,True,16,99286
59e1c4d827537903a8a0748d,century,HSAI,2024-04-25,Hesai,69,0,True,True,False,9,220052
6c025767a671918eacf50ea0,century,PTCT,2024-04-25,,0,0,True,True,True,12,154798
b9eddbaf04fa5d32ec1e8b78,century,WB,2024-04-25,WEIBO,76,0,False,True,False,20,220057
c0aa192bba0ea1c3c5af9184,century,VFS,2024-04-25,VinFast,37,0,True,True,False,4,220058
ce63c87562421422d8f5f9b5,century,JKS,2024-04-25,JinkoSolar,0,0,True,True,False,26,219937
28e2ad1ad69afb761225eab6,century,CHTR,2024-04-26,COMMUNICATIONS,29,0,True,True,True,2,84176
5e6d7e2612b34e6fe3b976b7,century,CSIQ,2024-04-26,,0,0,True,True,False,27,219823
7fff513ad162acad4fccfbff,century,ZJYL,2024-04-26,,0,0,True,False,False,5,220038
8452679a83778e641a83ab3c,century,MOMO,2024-04-26,,0,0,False,True,False,62,219989
ae7bca3636a570863516a1cd,century,SBSW,2024-04-26,Sibanye,6,0,True,True,False,82,219270
bcb3ec8cdddce04110680485,century,ROKU,2024-04-26,ROKU,0,0,True,True,True,121,163671
dc083b1e9aee28f5d2feb0fb,century,QS,2024-04-26,QuantumScape,0,0,False,True,True,35,163355
dfe7288283fc22776d17d851,century,NWL,2024-04-26,NEWELL BRANDS,9,0,True,True,True,19,112375
e7f4a18ea6c65a38ed75b73f,century,VNET,2024-04-26,VNET,0,0,True,True,False,34,220057
032de7420386bbc296e4663a,century,MNY,2024-04-29,MoneyHero,0,0,True,True,False,44,220027
268eeda91a15d313a206b19e,century,VLRS,2024-04-29,Controladora Vuela Compania Aviacion,17,0,True,True,False,3,220077
46c2e09b75aca7032d0e95b2,century,SDA,2024-04-29,SunCar,254,0,True,False,False,8,219991
8b2dd57502013776dfbe2f21,century,PKX,2024-04-29,POSCO,188,0,True,True,False,64,210186
959d74af86475498cdd96c9f,century,ANGH,2024-04-29,Anghami,0,0,True,False,False,148,220021
ad06966ea466ea0d34eacfb5,century,GDS,2024-04-29,,0,0,True,True,False,40,220265
f53192055ac705da3ec7a439,century,DQ,2024-04-29,DAQO,125,0,False,True,False,13,219964
304839922162a22ec67a20c4,century,LUMN,2024-04-30,,0,0,True,True,True,52,182894
465034b4f2a6840c17359e31,century,CISS,2024-04-30,C3is,6,0,True,True,False,11,220069
4893b5bf776dd65910a4f48b,century,LUMN,2024-04-30,,0,0,True,True,True,30,112936
563e2e52fe651f9289ed2965,century,SIRI,2024-04-30,,0,0,True,True,True,205,159207
60847a99d51a9eaf2aa0b136,century,ZCMD,2024-04-30,Zhongchao,0,0,True,False,False,101,219944
8ff4497fa2a95df4adecffa4,century,KC,2024-04-30,Kingsoft,65,0,False,True,False,57,219747
a17738918eea4b8e00c7664f,century,SWVL,2024-04-30,Swvl,0,0,True,True,False,620,222083
b3feb145602f4a1a3118bb21,century,ATOM,2024-04-30,Atomera,0,0,False,False,True,19,49426
08bc894cae3428a4fab7dbe9,century,AKAN,2024-05-01,AKANDA,68,0,False,True,False,27,220005
0d7f6787057db85a190104f1,century,ALB,2024-05-01,ALBEMARLE,0,0,False,True,True,76,161935
184c34252aec8eeeea02ed5e,century,MSTR,2024-05-01,MICROSTRATEGY,0,0,True,True,True,37,160176
3da644616107d375b131cf81,century,SGML,2024-05-01,,0,0,True,False,False,4,14140
5c20cc58cedb24d715f7393a,century,AMWL,2024-05-01,,0,0,True,False,True,21,103158
778afcb097c9e4ac583f5925,century,SDGR,2024-05-01,Schrodinger,0,0,True,True,True,3,191054
94f90b9c7323220e78f25df9,century,NVST,2024-05-01,Envista,0,0,True,True,True,20,100825
cb2f67ac3b548a9df77b4a5f,century,ERII,2024-05-01,,0,0,True,True,True,63,66992
d4a7129f5f719fa2633b1967,century,MRNO,2024-05-01,Murano Investments,307,0,True,False,False,12,219946
de1e98119210419047972600,century,VICR,2024-05-01,VICOR,3,0,True,False,True,37,72715
0ec218bf2c16fab7b026029a,century,SABR,2024-05-02,Sabre,77,0,True,False,True,23,169006
23076a2bc1c65b3d278f0996,century,MBUU,2024-05-02,MALIBU BOATS,145,0,True,True,True,72,162788
2c623547e1a2828ab56d8fe3,century,EXTR,2024-05-02,NETWORKS,15,0,True,True,True,23,144663
348f446727f2ca9aea4de8f7,century,SHC,2024-05-02,Sotera,0,0,True,True,True,45,140774
43df5f5c3fd9a4a96e04f4a0,century,PENN,2024-05-02,PENN,0,0,True,True,True,157,197961
46b2957c84f20da5110f52bb,century,RLAY,2024-05-02,,0,0,True,True,True,14,130348
5479a497874388610c7936ae,century,COUR,2024-05-02,Coursera,0,0,True,True,True,24,120284
591e33ba5d92a8bdac785b70,century,ULCC,2024-05-02,,0,0,True,True,True,42,115883
59355bd57e566c84be1a0e19,century,RMAX,2024-05-02,,0,0,True,True,True,26,128991
8bfb8b6b2ac66cb7740e6efa,century,CERS,2024-05-02,CERUS,6,0,True,True,True,29,162486
903d33d2d10e3fffe05aa1aa,century,AUPH,2024-05-02,Aurinia,23,0,True,True,True,12,88958
9faa6f70ace5f701d07bd583,century,PTON,2024-05-02,,0,0,True,True,True,17,210334
a58c0c6eea9e93e5326c8ecb,century,BOOM,2024-05-02,,0,0,False,True,True,40,111300
b27fc8b8da782c7f69a479ed,century,OPEN,2024-05-02,Opendoor,31,0,False,True,True,69,147295
bfcb71cafd37265429ba5918,century,LXRX,2024-05-02,,0,0,True,True,True,12,68329
c09b1d67fee4381bacdf0073,century,ALDX,2024-05-02,Aldeyra,1,0,True,True,True,12,156428
c9925e8a97e09acf8a72a2dc,century,PAYC,2024-05-02,Paycom,7,0,True,True,True,32,118179
cf2b59671ef58ee837f3c710,century,ALHC,2024-05-02,Healthcare,21,0,True,True,True,31,121174
291b7a0092d8ab57ea5d35c3,century,DMRC,2024-05-03,Digimarc,0,0,True,True,True,53,92373
2a2a9314accbbec18969d392,century,MATW,2024-05-03,MATTHEWS,32,0,True,True,True,14,128019
37dcba561c706bbe2abd56d8,century,SHEN,2024-05-03,SHENANDOAH TELECOMMUNICATIONS,46,0,False,True,True,2,72869
58214b4d9d19bd72392b28aa,century,CABO,2024-05-03,,0,0,True,True,True,21,120656
61f3ae003607131b648dce67,century,NBR,2024-05-03,NABORS,50,0,True,False,True,12,107600
70924500a6a2f20da6dec873,century,STEM,2024-05-03,,0,0,False,True,True,32,122208
94ac5abf51b649701d8a78c0,century,FLGT,2024-05-03,,0,0,True,True,True,12,106869
a257243e9ce738934ba75ca8,century,GPRE,2024-05-03,Plains,0,0,True,True,True,112,145468
e6b703a1d4a0481ca342e44e,century,HPP,2024-05-03,Hudson Properties,72,0,True,True,True,188,188692
2c3703fbd4b9e9aa1e51afe9,century,SGHT,2024-05-06,Sciences,0,0,True,True,True,17,104545
30f8e4f15580de73e4369c1e,century,LCID,2024-05-06,,0,0,True,True,True,13,208164
389b67fb22e1498b2aae53cc,century,RKLB,2024-05-06,,0,0,True,True,True,26,103627
b821b2b98dad2b251c4af713,century,TBI,2024-05-06,TrueBlue,0,0,True,True,True,27,89678
e932e22660f4688f766deb8a,century,TCMD,2024-05-06,,0,0,True,False,True,14,92010
f5cd42890b2f9527be6b7bfe,century,IART,2024-05-06,INTEGRA LIFESCIENCES,9,0,True,True,True,39,156533
f661f725e6d5df26b838e3e5,century,TVTX,2024-05-06,Travere,7,0,True,True,True,11,149614
004de304a4c13d2d6976bd2b,century,GOGO,2024-05-07,,0,0,False,True,True,97,124241
0a471917b70887c3b73d8795,century,ABCL,2024-05-07,AbCellera Biologics,4,0,True,True,False,9,152876
0ab7858f6de9d9081d1a5caa,century,NRDY,2024-05-07,Nerdy,44,0,True,True,True,44,56899
1492cce752be67d73d39c5e8,century,FLYW,2024-05-07,Flywire,0,0,True,True,True,28,159085
1b0ee5d0d38c1f5949f435bd,century,MSGM,2024-05-07,Motorsport Games,77,0,True,False,True,60,155474
2297f361edbdfeada2b5e766,century,FMC,2024-05-07,,0,0,True,True,True,80,157898
2989f290ddc93c735b0eb9c1,century,EVGO,2024-05-07,EVgo,0,0,True,True,True,431,171439
37f457d67e56c0126023e8cb,century,CRSR,2024-05-07,,0,0,True,True,True,61,105242
3dedba78e62dae414f67b73b,century,BCRX,2024-05-07,BIOCRYST,1,0,True,True,True,14,189401
446476605e60adbb362c7329,century,SHLS,2024-05-07,Shoals,47,0,True,True,True,43,105061
448ed02d283264b4d5caa987,century,ARKO,2024-05-07,ARKO,0,0,True,True,True,21,131156
4e0419c6d0fadd7d7d94f73c,century,OCUL,2024-05-07,THERAPEUTIX,0,0,True,True,True,11,129877
4e8b1583e80974478368f36e,century,AMRC,2024-05-07,Ameresco,0,0,True,True,True,44,122934
6316cc27214aac1c246d483a,century,XFOR,2024-05-07,,0,0,True,True,True,22,147625
6f072911acc7192a4edb5dc1,century,PTLO,2024-05-07,Portillo's,0,0,True,True,True,130,115922
73117dae09a8a6856083b6e0,century,NMRA,2024-05-07,Neumora,0,0,True,True,True,27,189269
7c7625f34ce6effd6fb87589,century,ICUI,2024-05-07,,0,0,True,True,True,2,155819
8945e0115c774f176342a5a3,century,AQST,2024-05-07,Aquestive,33,0,True,False,True,36,192969
8ace3a2b62ab670ff9812fda,century,OMCL,2024-05-07,OMNICELL,0,0,True,False,True,29,126019
953cfb074581dc6f6fb39f6b,century,SIBN,2024-05-07,SI-BONE,3,0,True,True,True,23,102357
990ce76c8f69f2637e9f5d8a,century,RIVN,2024-05-07,Rivian,39,0,True,True,True,2,137886
9a1930c1cfd72dcc2bfc8d46,century,CRBU,2024-05-07,Biosciences,0,0,True,True,True,17,116333
9adc47c8e763da3d24b01588,century,TMCI,2024-05-07,TREACE CONCEPTS,2,0,True,True,True,14,95022
a3a5b047e48f4f4d023470ec,century,COGT,2024-05-07,Biosciences,0,0,True,True,True,14,111271
a958f4dd4f7117a2a33b5f07,century,AGL,2024-05-07,agilon,13,0,True,True,True,25,108678
aa692bf2614e3cd772d03fb6,century,SGRY,2024-05-07,,0,0,True,True,True,35,87619
ad90ad57b34c1e839e413358,century,ADPT,2024-05-07,Biotechnologies,2,0,True,True,True,68,124191
c4ffc80f1cdcc159001e90de,century,IMRX,2024-05-07,Immuneering,0,0,True,True,True,17,173809
c52b1e3309c698fc83fc1e60,century,GPRO,2024-05-07,GoPro,28,0,True,True,True,38,144235
c545ef9dd1363695c583d51d,century,ENVX,2024-05-07,Enovix,20,0,True,True,True,30,162269
dbee5d48fb3723209f5b3671,century,ZNTL,2024-05-07,Zentalis,13,0,True,True,True,12,130755
e8e1d92aae2713fed604bc5a,century,AGEN,2024-05-07,AGENUS,18,0,False,True,True,17,86177
ea7d9b0f84bd1322c2f0ca54,century,BEAM,2024-05-07,,0,0,False,True,True,54,136681
eb4b35d540cc977559bcc0ab,century,EHTH,2024-05-07,eHealth,0,0,True,True,True,28,147984
00b1fa6753fa4f4d47bf9b98,century,INOD,2024-05-08,INNODATA,0,0,True,True,True,61,119204
02d56773eb301fc77b9434ad,century,PRTA,2024-05-08,PROTHENA,18,0,True,True,True,4,155421
102097522147c016401691ea,century,JOBY,2024-05-08,Joby,0,0,True,True,True,24,95270
1587fee74024f07d1e12a6ec,century,HLLY,2024-05-08,Holley,25,0,True,True,True,25,104087
206ae8f42244c1960b45074d,century,EDIT,2024-05-08,Editas,1,0,False,True,True,15,81752
2b0577d946d4e7b993caca2c,century,RUN,2024-05-08,Sunrun,12,0,False,True,True,15,203021
4370db04e30d2821ac66a5ba,century,ARAY,2024-05-08,ACCURAY,0,0,True,True,True,24,142768
43c9a3b2ce4e19100a3bd4a5,century,LBRDA,2024-05-08,Broadband,8,0,True,True,True,143,110788
4f592201d3a079bd6c585d2b,century,JAKK,2024-05-08,JAKKS,6,0,True,True,True,30,85808
5213e3b5676fbafe8e202820,century,KPTI,2024-05-08,Karyopharm,1,0,True,True,True,11,150578
54a8d1ebb8fb9fba03cc7dc5,century,DSGN,2024-05-08,,0,0,True,True,True,21,151787
5c4cd436752be520fd8b7760,century,NUWE,2024-05-08,Nuwellis,0,0,True,True,True,27,103609
6d3495992b303211eb21395e,century,ONL,2024-05-08,,0,0,True,True,True,45,176667
869d2b2ed96709a61ab4df4c,century,HAIN,2024-05-08,,0,0,False,True,True,46,181905
895c2c2722eaf0b26269f924,century,GRWG,2024-05-08,GrowGeneration,0,0,True,True,True,36,83980
931ebf063ef3f09e918a4dc6,century,KLXE,2024-05-08,Services,33,0,True,False,True,32,93329
96497a0f8cfb1cdb3df8b0ed,century,BNGO,2024-05-08,Bionano Genomics,20,0,True,True,True,14,197266
9f6f0e26b58aeb2cffa19ea3,century,IEP,2024-05-08,ICAHN ENTERPRISES,234,0,True,True,True,18,168022
a0154efd18a087a3b155db06,century,DCGO,2024-05-08,DocGo,4,0,True,True,True,54,178184
a5f3795b1c377017ae3075f5,century,LEG,2024-05-08,LEGGETT,2,0,False,True,True,31,174887
aed63a44578cec8039338134,century,VSTS,2024-05-08,Vestis,22,0,True,True,True,21,119417
b069300d26498c055a58062f,century,RNAC,2024-05-08,,0,0,True,True,True,24,174123
b728e010581074db64bd6573,century,PCT,2024-05-08,PureCycle,16,0,True,False,True,334,159391
ba8df010c4f77d96963d0567,century,INGN,2024-05-08,,0,0,True,True,True,1,130103
c209796f5b5ae95b35a17eba,century,SLDP,2024-05-08,,0,0,True,True,True,28,68419
df503088d9afab932527971b,century,APVO,2024-05-08,Aptevo,25,0,True,True,True,10,122218
e84f35bc9e2b5353cb9bba8d,century,UPST,2024-05-08,,0,0,True,True,True,155,219089
ec9b411fc5927235e3ce3fdb,century,HNST,2024-05-08,,0,0,True,True,True,14,121794
f46fcd1f4d43af8cfdb4d2e1,century,CRCT,2024-05-08,Cricut,46,0,True,False,True,10,178776
0830e00ad8cc86e2e3659ad7,century,XMTR,2024-05-09,Xometry,0,0,True,True,True,47,129202
0c533282a8c8d52f58ff1e7c,century,CSPI,2024-05-09,,0,0,True,False,True,4,119149
0cc8c45d721ef250386ba8bd,century,RLYB,2024-05-09,Rallybio,0,0,True,True,True,18,174662
10987d39c6f74b37b430575a,century,RGTI,2024-05-09,Rigetti Computing,61,0,True,True,True,16,163173
18c208ab76dd233166c3b9c6,century,LRMR,2024-05-09,Larimar,3,0,True,True,True,10,103222
1f0fd46bba6bc8e664948ff1,century,ACHR,2024-05-09,,0,0,True,True,True,38,122617
2fecdfa13db3cd7a31758111,century,TPST,2024-05-09,,0,0,True,True,True,51,119964
306bdf2c5e675e96ca95728f,century,ALGT,2024-05-09,,0,0,True,True,True,14,68245
356462b07619db6001cf00f6,century,GH,2024-05-09,,0,0,False,False,True,17,151999
358c4028bb54d845eeaccce3,century,RXRX,2024-05-09,,0,0,True,True,True,16,115612
387758ce6c3229b745a5ba99,century,CHRS,2024-05-09,Coherus BioSciences,33,0,True,False,True,10,157597
39a3f3c1c24d5a79a3a7fd7d,century,IVVD,2024-05-09,Invivyd,0,0,True,True,True,17,154945
3fa8c488b964dcc2e7cc47d3,century,CBUS,2024-05-09,Cibus,125,0,True,True,True,25,136571
3fcca47ae11c379b552c5772,century,AMTX,2024-05-09,AEMETIS,0,0,True,False,True,37,119737
49279990da1566ff89689418,century,AAOI,2024-05-09,OPTOELECTRONICS,0,0,True,True,True,16,98555
5ccb7a732e1b9504952397a9,century,IHRT,2024-05-09,iHeartMedia,0,0,True,True,True,53,101389
69bdceeb0428f410598ca414,century,FNKO,2024-05-09,Funko,21,0,True,True,True,38,141453
6b518d2db62e567ab42af00b,century,GRPN,2024-05-09,Groupon,0,0,True,True,True,60,120527
6beb2d78876df324b6f4b5eb,century,XPEL,2024-05-09,XPEL,0,0,True,True,True,44,68113
6d23f0b12d29ec110e05940b,century,NKTX,2024-05-09,Nkarta,5,0,True,True,True,11,128510
7db5f7bb8b176a4ff9b8163b,century,SMR,2024-05-09,NUSCALE,111,0,True,True,True,49,76292
861da105187f02cf9c61a0cc,century,GETY,2024-05-09,Getty Images,13,0,True,True,True,64,104430
88f491eb8cc5ea06ceb2cdb2,century,SST,2024-05-09,System1,0,0,True,True,True,58,102963
891d2d3a0345ca14128622df,century,CCSI,2024-05-09,Solutions,4,0,True,True,True,19,92428
9199e817c09b0db74811f606,century,XERS,2024-05-09,Xeris Biopharma,41,0,True,True,True,32,108478
96bbfb3f969d32942b36c829,century,NTLA,2024-05-09,Intellia,4,0,True,True,True,34,110029
9efed803d2d1cbd2d999533b,century,FIGS,2024-05-09,FIGS,0,0,True,True,True,10,116297
a140c46dc65b347232f08e1a,century,FATE,2024-05-09,,0,0,False,True,True,13,175539
a1bad1b0df10c7a822154cde,century,IRON,2024-05-09,,0,0,False,True,True,20,150951
a3c26be6c7e9eb8a0c53deff,century,BMBL,2024-05-09,,0,0,True,True,True,55,150534
a47486613bf5a4be0baaaaa5,century,ACAD,2024-05-09,,0,0,True,True,True,15,113183
a54304d13a7c741b5d6026f9,century,MRVI,2024-05-09,MARAVAI LIFESCIENCES,8,0,True,True,True,31,145261
a699a19d38ae81cb861bf897,century,OM,2024-05-09,,0,0,False,True,True,16,97617
b6c52de5d469e11b4daa9b2c,century,IRWD,2024-05-09,,0,0,True,True,True,22,138822
ba6cc9f39f9f9d222e2350b1,century,ZIP,2024-05-09,ZIPRECRUITER,0,0,False,False,True,32,122470
c1b9504609c6ffa7fd116603,century,BW,2024-05-09,Wilcox Enterprises,12,0,False,True,True,42,137094
cc975fad2d4fe3132d374ee9,century,PACB,2024-05-09,BIOSCIENCES,1,0,True,True,True,9,123103
cdf3af17eff5e451cb2e62d6,century,ORGO,2024-05-09,,0,0,True,True,True,25,93386
d1acf282bbcdef5d36f51a54,century,PLUG,2024-05-09,,0,0,False,True,True,83,203696
d39f36ef664a96687a61ab56,century,NUS,2024-05-09,ENTERPRISES,0,0,True,True,True,12,101684
df8ba9162435e0336edbfea9,century,INTT,2024-05-09,INTEST,9,0,True,True,True,16,146433
e526e35a738d59cca264e226,century,U,2024-05-09,,0,0,False,False,True,56,121860
f95050d048dafda5ec7e46af,century,BYND,2024-05-09,,0,0,True,False,True,107,207928
fe8141148705a8b4f46aaff1,century,CLNE,2024-05-09,Fuels,24,0,True,True,True,20,162625
fea1cdd63c44b8c8d7b45775,century,ALT,2024-05-09,Altimmune,0,0,False,True,True,19,54025
0d71814058db60f39020077f,century,HCAT,2024-05-10,,0,0,True,True,True,35,166821
20fc363b0fc13698cf6f4217,century,MVIS,2024-05-10,MICROVISION,0,0,True,False,True,18,112644
4475374cd165d1cff54144ef,century,LPSN,2024-05-10,LIVEPERSON,0,0,True,True,True,33,126373
537a5a8f9be891d4b9d69c07,century,AMN,2024-05-10,HEALTHCARE SERVICES,82,0,True,True,True,14,85554
57f521cf11563d5391c4a722,century,PRME,2024-05-10,,0,0,True,True,True,17,79790
675f7f26a81387bdc4530ea8,century,SOUN,2024-05-10,SOUNDHOUND,45,0,True,True,True,45,204747
6d8441e678706ac693e9e3ee,century,ADTN,2024-05-10,ADTRAN,140,0,True,True,True,41,190204
6fe607d21c0efb39fb2b7544,century,SNGX,2024-05-10,SOLIGENIX,0,0,True,True,True,16,189936
7c3bc058b79c88dd18fac77c,century,LWLG,2024-05-10,Lightwave,5,0,True,True,True,32,177495
85f3a34262a12412aa09298e,century,VERI,2024-05-10,Veritone,0,0,False,True,True,35,171251
9968a5ea57d091fc692990e7,century,NVAX,2024-05-10,NOVAVAX,0,0,True,True,True,37,188372
a07ec2b19b4eeea744de962a,century,AIRE,2024-05-10,ARES,7,0,False,True,True,15,188936
aeda072a8408da1eef3648fc,century,GDOT,2024-05-10,,0,0,True,True,True,69,218094
c1a38a5ac8367bc0ebdf1792,century,CYTK,2024-05-10,CYTOKINETICS,0,0,True,True,True,38,133583
dad02f85ff9a46e8e03d8f42,century,WTI,2024-05-10,,0,0,True,True,True,27,86606
dbd0ab48be5af2c00190dea7,century,PODD,2024-05-10,INSULET,0,0,True,True,True,16,78539
effb40aad49195631f7765fa,century,NXL,2024-05-10,Nexalin,50,0,True,True,True,16,119950
f50e65178076913d9b7aecbb,century,OPRT,2024-05-10,Oportun,37,0,True,True,True,12,157117
fc0de06e792aee57132cfc3e,century,IONQ,2024-05-10,IonQ,0,0,True,False,True,59,160901
1d1f289e13df30ea2d729507,century,SINT,2024-05-13,Sintx,27,0,True,False,True,14,80115
2081cb745cb094f402c87b40,century,XBP,2024-05-13,Europe,5,0,True,True,True,50,136856
3b40ae2f6e57686c1ace7f27,century,QBTS,2024-05-13,D-Wave,41,0,True,True,True,26,106425
5508550243578e7aeafcd63a,century,HROW,2024-05-13,,0,0,True,False,True,7,100451
58a2fda8e3b69d420aee923d,century,WTI,2024-05-13,,0,0,True,True,True,14,160911
7000492582dc38427cd5d87f,century,IBIO,2024-05-13,iBio,0,0,True,True,True,103,202218
9f9d41827e0ef64a08312af9,century,URGN,2024-05-13,UroGen Pharma,2,0,True,True,True,18,155318
b8efb459114a8b7ba715fcbf,century,RCEL,2024-05-13,AVITA,0,0,True,True,True,16,88573
cdd76669b06792e9608b545f,century,ALLO,2024-05-13,,0,0,True,True,True,39,170560
dbc64dd73f97679b5bb76ddb,century,MARA,2024-05-13,,0,0,False,True,True,0,195258
dfb950e58246a5c0b5889fd6,century,WTI,2024-05-13,,0,0,True,True,True,11,41038
e275fea90803ca6ffb91e555,century,PALI,2024-05-13,,0,0,False,True,True,80,169956
f8bcd518b5e4211c1fe4b60e,century,SENS,2024-05-13,Senseonics,0,0,True,False,True,31,139473
0e9db5784a21775f50dcb201,century,BOF,2024-05-14,BranchOut,5,0,True,False,True,34,87386
337673f045177febbb32648e,century,IMNM,2024-05-14,Immunome,0,0,True,True,True,27,150052
49feadfb01aadf7205428871,century,GCTS,2024-05-14,,0,0,True,True,True,43,139091
4b42dc669948db08c383e676,century,KRRO,2024-05-14,Korro,60,0,True,True,True,24,147749
78bd89f4e6a031ec3f721d75,century,LIDR,2024-05-14,AEye,8,0,True,True,True,14,146893
7eedb761eb5e54011d633b36,century,LGVN,2024-05-14,Longeveron,0,0,True,True,True,27,125907
8ac8ac5a829b95a5f5aec4e9,century,TNYA,2024-05-14,Tenaya,0,0,True,True,True,11,131601
8cfce3c7922d749869389e8a,century,PRSO,2024-05-14,Peraso,28,0,True,False,True,8,111371
97a584549cf4264ff3255a63,century,ICU,2024-05-14,SeaStar,4,0,True,True,True,22,84290
a7c92fe69d75b31e9b6a7561,century,ALLR,2024-05-14,Allarity,4,0,True,True,True,22,111262
af03b24064fd0c63f4661bda,century,JAGX,2024-05-14,,0,0,True,True,True,23,167387
e5b905e4885703fc6c652018,century,XPON,2024-05-14,Expion360,0,0,True,False,True,22,124873
f2ac5b8743a4e2385cca9c0d,century,JACK,2024-05-14,,0,0,False,True,True,63,107356
02ae9884a603536a8a91e106,century,KOD,2024-05-15,Kodiak Sciences,4,0,True,True,True,20,129468
17d4976a8c5bcfa4315e9078,century,DFLI,2024-05-15,,0,0,True,False,True,42,147870
196a4d5a562f67954ca50a7d,century,SLNH,2024-05-15,Soluna,57,0,True,False,True,10,171771
1a5509d9b735c2551488d5fa,century,CABA,2024-05-15,,0,0,False,True,True,48,183167
1df6cbd25b9a64362203cdc6,century,XXII,2024-05-15,,0,0,True,True,True,28,140943
1e1707dcfbf4e926a7e472e0,century,ABEO,2024-05-15,ABEONA,4,0,True,False,True,19,103114
2d85d44045e15ebce4d84d9b,century,OTLK,2024-05-15,,0,0,True,True,True,30,150835
36967cb43456cbaffe59b7a9,century,VBIO,2024-05-15,,0,0,True,False,True,12,106398
4f2330d6c29452a9d90f118a,century,EDBL,2024-05-15,,0,0,True,True,True,13,96293
57a41d2fa61d6955bfa7fc6f,century,NXPL,2024-05-15,NextPlat,0,0,True,True,True,80,104474
6195a7877455e7033b132019,century,KULR,2024-05-15,KULR,0,0,True,True,True,68,108278
62899556d296157232caa164,century,MDIA,2024-05-15,Mediaco,0,0,True,True,True,57,74905
69b4984eb8b8dcef9e1f1c37,century,RNAZ,2024-05-15,Transcode,8,0,True,True,True,34,172605
8262a70bea484eab3ad04b99,century,NVTS,2024-05-15,Navitas,16,0,True,True,True,34,88466
8f6baf3e24619eb2af0daea3,century,UCAR,2024-05-15,,0,0,True,True,False,2,220073
9396487536622681db7acc12,century,LASE,2024-05-15,Photonics,1,0,True,False,True,15,59333
93bd9fb1d09315cdff9846ed,century,GRRR,2024-05-15,,0,0,True,False,False,11,219942
b0b6743c7e74a609cba4ebf9,century,PDSB,2024-05-15,Biotechnology,1,0,True,True,True,17,130510
bff7da52ab5dde1a4b90116b,century,FWRD,2024-05-15,,0,0,True,True,True,46,148182
c70da612873d31b56be6ce84,century,PTN,2024-05-15,PALATIN,14,0,True,True,True,14,206739
cc400b1bb9e88ab4bf27a417,century,ACON,2024-05-15,Aclarion,0,0,True,True,True,22,87311
df5079c473d1a734ef699dc5,century,ASTS,2024-05-15,SpaceMobile,29,0,True,True,True,19,138244
fae418d940ac402f7a97e2eb,century,BKKT,2024-05-15,Bakkt,109,0,True,True,True,31,185498
7c9ba863558b461c15c377f0,century,REPL,2024-05-16,Replimune,0,0,True,True,True,37,219815
a68a7b46a540bc87013fea9d,century,MI,2024-05-16,,0,0,False,True,False,8,201636
b3c50098960f7414318394a1,century,AUTL,2024-05-17,Autolus,6,0,True,True,False,31,161803
b4e7c54ca1f123ffe77fdfd2,century,ABVC,2024-05-17,ABVC BIOPHARMA,5,0,True,False,True,37,196442
ae88cb5a3f5bafec756060ad,century,GWAV,2024-05-20,Greenwave Solutions,5,0,True,False,True,15,144514
c68327c79124bcd2391d7e5a,century,WKHS,2024-05-20,Workhorse,0,0,True,True,True,19,107614
df2c5f2e36a05110edd01199,century,HCTI,2024-05-20,Healthcare,27,0,True,False,True,37,126010
780df17d984e122b54d22fd5,century,ALGM,2024-05-23,MICROSYSTEMS,0,0,True,True,True,44,219337
7d98fda06f8d0aba396bfda9,century,CXAI,2024-05-24,CXApp,158,0,True,True,True,29,210091
e31d3a002d43703e673985d4,century,MNRO,2024-05-28,MONRO,43,0,True,True,True,56,169559
05eb9917e9b595548f98ffeb,century,VSAT,2024-05-29,VIASAT,109,0,True,True,True,3,220071
3d8f4223c30f93e9c7d82adc,century,RRGB,2024-05-29,BURGERS,0,0,True,True,True,14,76399
574111b23f7292f3bd802ab0,century,ASAN,2024-05-30,,0,0,True,True,True,22,150790
a1dfecffe2a48a4b7a34dce9,century,CBRL,2024-05-30,,0,0,True,True,True,17,112433
3ceb9eaead713c120af5ebb2,century,SNOW,2024-05-31,,0,0,False,True,True,32,153082
638fa5f5a362fbc4833b5ccb,century,PATH,2024-06-03,UiPath,16,0,False,True,True,28,112454
56805b246a8b0def59114c55,century,WOOF,2024-06-05,Petco,24,0,False,True,True,1,90158
8125641df8694d55269c6d0f,century,UNFI,2024-06-05,FOODS,15,0,True,True,True,42,142201
a1168395cda4db22115eb07f,century,SFIX,2024-06-05,,0,0,True,True,True,16,113572
536a25d89fcda0c7d7903f70,century,MNTS,2024-06-06,Momentus,0,0,True,True,True,124,219940
768e8b9dc989f9c3f724e886,century,CHPT,2024-06-06,ChargePoint,0,0,True,True,True,470,165308
0af7c4e01a0dd8a30303ddc1,century,OOMA,2024-06-07,OOMA,0,0,True,True,True,94,113513
42809308e8b5cf3c65a3fc0f,century,TITN,2024-06-07,,0,0,True,True,True,21,79389
f0704dc703137aced712463f,century,DOMO,2024-06-07,DOMO,0,0,True,True,True,26,178130
81d0b9987793e1846f259360,century,FCEL,2024-06-10,FUELCELL,1,0,True,True,True,35,219831
8c00610709a466acaff68f8e,century,YEXT,2024-06-10,Yext,0,0,True,True,True,17,134717
046dfb322fdaf80fb342dc51,century,TANH,2024-06-11,TANTECH,0,0,False,True,False,87,220025
180aa188fc53b9bbc64e5cbd,century,GME,2024-06-11,GameStop,0,0,True,True,True,38,66572
b1b836fdbe77307116a58d85,century,GOGO,2024-06-12,Buyers,0,0,False,False,True,24,61907
35b8d92fad9a992408cd6e8b,century,PLCE,2024-06-13,Childrens,0,0,True,True,True,2,129581
ccadfe90edd5d3bb54e1dcf4,century,PETS,2024-06-14,PETMED,1,0,True,True,True,23,150673
d4edbd4fb26916f10e24050f,century,TPET,2024-06-14,,0,0,True,False,True,16,141033
2064cd8996c97adafa8158bd,century,SNOA,2024-06-17,Sonoma,2,0,True,True,True,30,138778
801c7af3ded030d48844e066,century,CMTL,2024-06-18,COMTECH TELECOMMUNICATIONS,67,0,True,True,True,2,171100
e305fc21fab42c42817d3702,century,ACB,2024-06-20,,0,0,True,False,False,8,28136
0695cb39073b0709b8a54331,century,HIVE,2024-06-24,,0,0,False,False,False,5,30024
a0473b82e0c508dd16aa687f,century,AEMD,2024-06-27,AETHLON,7,0,True,False,True,29,209108
80be25bc262d21ec99dda68b,century,DH,2024-07-01,,0,0,False,True,True,134,186460
c029cf826d77d6ce77a6bc5e,century,BNED,2024-07-01,Barnes,15,0,True,True,True,41,219685
1c2a4c51f85a1d284a657ca0,century,BENF,2024-07-09,Beneficient,0,0,True,True,True,54,219910
9f6a625b949c665051134039,century,KRUS,2024-07-09,KURA SUSHI,37,0,True,True,True,14,83158
6d1b156a60f5c5c0260aec5a,century,CRMT,2024-07-15,AMERICAS CARMART,3,0,True,True,True,2,183150
0d65db32237f30e2ff4418fe,century,VKTX,2024-07-24,,0,0,True,True,True,13,152397
ceca0cfb7d5f2fb8055546c4,century,AAL,2024-07-25,Airlines,16,0,False,True,True,69,169675
d24954fde86bdd60c8baa78e,century,NKE,2024-07-25,NIKE,97,0,True,True,True,46,167579
6cc897e55cb66fb78e95408f,century,PBM,2024-07-29,PSYENCE BIOMEDICAL,233,0,True,True,False,52,219765
d60632a1b384dab342e1e421,century,NCPL,2024-07-29,Netcapital,0,0,True,False,True,138,219762
25ea1954eaa361ab5a204c46,century,PCRX,2024-07-30,Pacira BioSciences,11,0,True,False,True,82,175672
31b39e7205b72c373fd4125f,century,TLRY,2024-07-30,Tilray Brands,91,0,True,True,True,26,219920
586059a7685eee5bbe815f1a,century,FRSH,2024-07-30,Freshworks,0,0,True,True,True,18,132540
605bc155193a45cbebd5be1d,century,ARVN,2024-07-30,ARVINAS,0,0,True,True,True,29,138773
a05cfb963bd1a9a92e5bb253,century,DV,2024-07-30,DoubleVerify,0,0,False,True,True,42,102173
ac24d13942c40435e337872e,century,AEHR,2024-07-30,AEHR,0,0,True,True,True,34,208148
c37f7358d534dbf3b38c9a32,century,LSCC,2024-07-30,,0,0,True,True,True,13,79345
e1e8eb625bae11819642c475,century,PEN,2024-07-30,,0,0,False,True,True,34,118295
384dadb778a165d9c04756a9,century,OI,2024-07-31,,0,0,False,True,True,2,131866
4212aa16b56fdd7e48838de3,century,SYM,2024-07-31,Symbotic,0,0,True,False,True,57,129397
468ab46c6716a95a0701b625,century,RELY,2024-07-31,Remitly,13,0,False,True,True,22,142622
8a98d59c67eb4c46f74a4655,century,RIOT,2024-07-31,Platforms,0,0,False,True,True,51,168513
94bc5e666bf24f36f7ee113f,century,ATEC,2024-07-31,Alphatec,0,0,True,True,True,17,98514
c9bfc9089a0c76b1b482eddd,century,TWI,2024-07-31,,0,0,False,True,True,46,118543
1c6162fbebd72895bb21ff74,century,PBYI,2024-08-01,BIOTECHNOLOGY,0,0,True,True,True,30,186078
3d44da4ae14461b02d1e3d07,century,RGNX,2024-08-01,REGENXBIO,0,0,True,True,True,17,135359
847768a3024f9ceb5c9e877e,century,BHC,2024-08-01,Bausch Companies,215,0,True,True,True,65,198412
b535a528ac92ebfbab621bd2,century,BBIO,2024-08-01,BridgeBio Pharma,98,0,True,True,True,44,183146
c16d777edaa9070fa23f0cc6,century,XRX,2024-08-01,Xerox,271,0,True,True,True,96,215269
c916e85e7745b1364f099350,century,BFLY,2024-08-01,,0,0,True,True,True,18,91797
ce00f17ff22cb2bfa4009926,century,LTBR,2024-08-01,LIGHTBRIDGE,0,0,True,True,True,55,83876
81fb43f40d341cec337b1345,century,INTC,2024-08-02,INTEL,160,0,True,True,True,16,143945
a008f7de52565f9d6faabd40,century,MRAM,2024-08-02,EVERSPIN,3,0,True,True,True,53,147270
dca43015100c1b21b3487905,century,LUNG,2024-08-02,Pulmonx,0,0,False,False,True,36,127250
e3ff4fde5cc3cb55b708cf6c,century,SPT,2024-08-02,,0,0,True,True,True,37,115805
f9366bcc515dc600a1744a69,century,OFLX,2024-08-02,,0,0,True,False,True,23,83623
0d681d496403956b27e56aab,century,DH,2024-08-05,Healthcare,13,0,False,True,True,97,160959
1ca9bf06f90f402adcc3fe0b,century,CRSP,2024-08-05,CRISPR,23,0,True,True,False,12,110735
4bca748819f65b272d89bdf5,century,MED,2024-08-05,MEDIFAST,0,0,True,True,True,28,92613
682ed457ea483c8712669e7b,century,AMR,2024-08-05,,0,0,True,True,True,27,134100
6ddff7ada649659ec9516e01,century,ARCT,2024-08-05,,0,0,True,True,True,104,123204
ddbf547405bba7a617f0503e,century,U,2024-08-05,Ridgewood,2,0,False,True,True,9,54779
e338043233bfd9de795af336,century,COSM,2024-08-05,,0,0,True,True,True,55,210782
f054b7defc1eec6dac534094,century,KOS,2024-08-05,Kosmos,26,0,False,True,True,33,150307
fa8c30d965085d492f0bd2d2,century,GPMT,2024-08-05,,0,0,True,True,True,53,206998
05fa3c05c6ecd7ac0f91064c,century,DAVE,2024-08-06,,0,0,False,True,True,81,215172
07a98d2afe3cb1bc7dd25d6c,century,UIS,2024-08-06,UNISYS,7,0,True,False,True,29,98407
17cc013fd4655bb553ab785e,century,GOVX,2024-08-06,GeoVax Labs,16,0,True,True,True,11,60879
3658c889bff745fb2bc4cbb3,century,ASTI,2024-08-06,,0,0,True,True,True,15,108846
3c44e00f443175f093eebab1,century,RIGL,2024-08-06,,0,0,True,True,True,14,203691
3f6ddb12734ef417611ada60,century,TRIP,2024-08-06,TripAdvisor,0,0,False,False,True,108,176227
4b7ec34d47376ba624fc53ba,century,MD,2024-08-06,Pediatrix,3,0,False,True,True,11,92913
7de448eb7c562ba7b5118e30,century,KALA,2024-08-06,,0,0,False,True,True,24,219999
943a67bc7ac6cdfcce414971,century,TDC,2024-08-06,TERADATA,62,0,True,True,True,2,98696
a1ec5afea2789a911130448e,century,PRCH,2024-08-06,,0,0,True,True,True,16,165190
a9813843c13dca84a2249b47,century,USNA,2024-08-06,USANA SCIENCES,9,0,True,True,True,21,75079
aa88aaeae6ad3febd74781d7,century,FWRG,2024-08-06,,0,0,True,True,True,23,109501
c161614df2adb97d624f30c1,century,JRVR,2024-08-06,,0,0,True,True,True,70,160726
c3de41848da9f2dd2427e623,century,OSUR,2024-08-06,ORASURE,3,0,True,True,True,12,85354
c77e4f73aef262278d742e94,century,CELH,2024-08-06,,0,0,True,True,True,55,137094
ceaf176f787dd3d29455374b,century,ADCT,2024-08-06,,0,0,True,True,False,53,131433
cfba7f32f9da64debdb1a48b,century,MP,2024-08-06,Materials,44,0,False,False,True,18,160509
f9b2aaf5e0375f11b5ac99c7,century,LAB,2024-08-06,BIOTOOLS,0,0,False,True,True,38,142485
ffa8ee763830ef12f1cd8e47,century,MGNX,2024-08-06,MACROGENICS,0,0,True,True,True,15,89574
03ca16322e436b93aed8d295,century,RPD,2024-08-07,Rapid7,8,0,True,True,True,15,139198
10d785b7985ca0f792e8d001,century,DRMA,2024-08-07,Dermata,0,0,True,True,True,17,97713
1192d4981697d76d84564207,century,DAR,2024-08-07,INGREDIENTS,15,0,False,True,True,15,130838
1906fd7e3b4eeb651ec2e448,century,EYE,2024-08-07,,0,0,False,True,True,31,146366
21c64be94d356c7d4bd918b5,century,PGNY,2024-08-07,Progyny,0,0,True,True,True,35,113018
242fbafcfe718f5017503158,century,GO,2024-08-07,,0,0,False,True,True,51,124929
25f8d8f4fc18f3a3c6ad225f,century,DK,2024-08-07,Delek,254,0,False,True,True,25,142420
3a1ae051a8b1df1539e4b93f,century,ALTG,2024-08-07,ALTA,23,0,True,True,True,19,150683
48f7cde244a746d2be1cae4c,century,FLNC,2024-08-07,Fluence,41,0,True,True,True,134,188993
4b09001f57850ab1b6362a78,century,ANGI,2024-08-07,Angi,0,0,True,False,True,112,119441
5d600d65533a208f8cc1eee9,century,DIN,2024-08-07,Brands,4,0,False,True,True,32,139071
6d29abf10cf04fc521975fce,century,LYEL,2024-08-07,Lyell Immunopharma,0,0,True,True,True,11,153223
8788a7ebabe88b20ef3dc6a6,century,SYRE,2024-08-07,Spyre,28,0,False,True,True,19,171477
97fbedb1a52b3dfd87df25a4,century,SMRT,2024-08-07,SmartRent,0,0,True,True,True,65,177153
b72af709277f2bf8114054a8,century,ALEC,2024-08-07,Alector,0,0,False,True,True,18,171023
bc36da93e078cb269034bd9a,century,PBF,2024-08-07,,0,0,True,True,True,186,145769
c6c675dc6a36d7269b2f95ca,century,LFMD,2024-08-07,LifeMD,55,0,True,False,True,14,174007
ca752c1b5a1c59a6a69a100b,century,LYFT,2024-08-07,Lyft,0,0,True,False,True,33,178976
d58b61f04494976e1cf025d4,century,TBLA,2024-08-07,Taboola,25,0,True,True,False,23,133481
d9be9f3c856deb75ee644345,century,ACRS,2024-08-07,Aclaris,3,0,True,True,True,12,121172
db4f07dbe01fedae8fab4612,century,LZ,2024-08-07,LEGALZOOM,1,0,False,True,True,16,122042
df4242b189949d43b9d83fa4,century,ACMR,2024-08-07,,0,0,True,True,True,122,186536
eca70a31ad44887aad1424f5,century,ESTA,2024-08-07,LABS,0,0,True,True,True,34,163517
f1659cdc1268d679892eb556,century,BLMN,2024-08-07,Bloomin' Brands,70,0,True,True,True,2,133992
f24f1e4c3d3f7a337608cebc,century,APPS,2024-08-07,,0,0,True,True,True,43,91521
073bccf56e4cae68604da30e,century,BLZE,2024-08-08,Backblaze,0,0,True,True,True,17,131794
0908ebf30990e6c433d86d2b,century,CRDF,2024-08-08,Cardiff,0,0,True,True,True,31,61792
0d22e0c268cbeaf075977373,century,VSTM,2024-08-08,Verastem,0,0,True,True,True,16,156972
1170f147bd6233e6c887859e,century,CGEM,2024-08-08,Cullinan,62,0,True,True,True,11,99226
1d6831d1319ec39f4342999c,century,CYRX,2024-08-08,Cryoport,0,0,True,True,True,42,137900
1edebdc26a2a0d91d3320721,century,INSE,2024-08-08,,0,0,True,False,True,12,139605
1fe7b08b5da9be11efb2627a,century,DNUT,2024-08-08,Krispy Kreme,1,0,True,True,True,46,132260
23a44f8fdc61f88367b483b4,century,LESL,2024-08-08,Leslie's,0,0,True,True,True,1,92709
372fd49fbe264ba9f2310d86,century,IOVA,2024-08-08,IOVANCE BIOTHERAPEUTICS,2,0,True,True,True,21,172143
3870a07108b29f056432f296,century,SANA,2024-08-08,Sana Biotechnology,7,0,True,True,True,10,169003
4567fbc73c4e20dce899e51c,century,CTMX,2024-08-08,CytomX,12,0,True,True,True,33,119600
4917f5d30500fb3255973d82,century,GTN,2024-08-08,,0,0,True,True,True,26,112059
4d645ef2f7eeec678dc90d92,century,TARS,2024-08-08,,0,0,False,True,True,27,190286
525fc77ed535f73155df2f8f,century,SRRK,2024-08-08,,0,0,True,True,True,13,155200
53fbadeea5828b50a7cae854,century,LAW,2024-08-08,Disco,9,0,False,True,True,37,170700
5595e09513595597171a2943,century,PARR,2024-08-08,,0,0,False,True,True,54,205070
57022d14e9e78f878d2c9d6f,century,CAPR,2024-08-08,CAPRICOR,150,0,True,True,True,18,169136
651adcbf2096fb74d1b489f8,century,TXG,2024-08-08,Genomics,0,0,True,False,True,30,88228
672cc9bebc102132cf431fb0,century,OCGN,2024-08-08,Ocugen,19,0,True,True,True,10,119297
6868e5f154746a9507c75e87,century,SEER,2024-08-08,,0,0,False,False,True,21,159159
68f5daf77a9f72afd353c815,century,ASTE,2024-08-08,ASTEC,11,0,True,True,True,23,112399
6adc965929e5785b1fb733ca,century,POWW,2024-08-08,,0,0,True,False,True,15,114486
7c1b367854d34381c6bc31fb,century,GSAT,2024-08-08,Globalstar,0,0,True,True,True,38,79664
821e26beb74ecc6228b41d36,century,PEPG,2024-08-08,PepGen,39,0,True,True,True,12,146076
921e894b010cc1497a6c6b55,century,VERU,2024-08-08,VERU,0,0,True,True,True,28,185744
a381d6b32a571605cfe30c70,century,CPRI,2024-08-08,,0,0,True,True,False,3,157381
a3c5d6ea4b64552363801f2f,century,NRC,2024-08-08,,0,0,True,True,True,26,84321
a6cb429e2e3ce4c68e241809,century,TALK,2024-08-08,Talkspace,0,0,False,True,True,23,86159
ad44586d720c2dccda84f6eb,century,MTW,2024-08-08,MANITOWOC,0,0,True,True,True,24,102518
b524bf699181d0000938156f,century,IMCR,2024-08-08,Immunocore,0,0,True,True,False,19,124107
bd92613b290fde9e5f9c469b,century,AKBA,2024-08-08,,0,0,True,True,True,57,165446
c9d461dcfc87891a4ea0b79c,century,AMPL,2024-08-08,,0,0,True,True,True,20,125075
cb8c2a5901df8207bcf711be,century,TALO,2024-08-08,TALOS,26,0,True,True,True,48,168103
cbaa8db862cc9f91e32a82b1,century,ZD,2024-08-08,ZIFF DAVIS,0,0,False,True,True,58,165458
cddc955867688701123b6219,century,BCAB,2024-08-08,BioAtla,0,0,True,True,True,14,96290
d363b9636eb91f6b6f1654b3,century,FDMT,2024-08-08,,0,0,True,True,True,12,151254
d4342f421f7a8c701fa5d89d,century,LNZA,2024-08-08,LanzaTech,90,0,True,False,True,46,196189
d4a20360d15fea7603b83361,century,ASPN,2024-08-08,AEROGELS,1,0,True,True,True,17,137993
d938a78996f764321292f4ec,century,FIVN,2024-08-08,Five9,4,0,True,True,True,14,153631
e0233ea4e26d5f2cb6b567e3,century,XPER,2024-08-08,Xperi,9,0,True,True,False,18,119545
e292ccb528560c31163c203c,century,EGHT,2024-08-08,,0,0,True,True,True,3,96724
e34eadc63edc4b78f9a8add4,century,METC,2024-08-08,Ramaco,16,0,True,True,True,16,109121
e4e0dea918938324b4bf25bc,century,PZZA,2024-08-08,JOHNS,9,0,True,True,True,2,135729
e9416f41df8695945e2ee500,century,HOWL,2024-08-08,,0,0,False,True,True,17,168771
efd0ca5d106be76fb4aba87d,century,BE,2024-08-08,,0,0,False,True,True,93,179053
06e70d6d43e8dd89aeb2d2e6,century,HDSN,2024-08-09,HUDSON,33,0,True,True,True,1,116591
0cfe41e5852f9fea234c80f6,century,YUMC,2024-08-09,,0,0,True,False,True,33,150620
12ea5fc04391d2ea066edcc8,century,URG,2024-08-09,UR-ENERGY,0,0,True,True,False,37,105537
18664989bd57acf54b43382f,century,NFE,2024-08-09,,0,0,True,True,True,36,210759
1bf0179f01d997ea1a28fe9b,century,AVD,2024-08-09,,0,0,True,True,True,15,90745
20ad536c6293454a3087dfe7,century,HE,2024-08-09,,0,0,False,True,True,36,219501
24c5704928c3abd5d661f61c,century,CLMT,2024-08-09,,0,0,True,True,True,2,214811
2bd10e2a14112c118f34ab57,century,SVV,2024-08-09,Savers,3,0,True,True,True,13,129384
365353951c4eaa664c632286,century,PROK,2024-08-09,PROKIDNEY,0,0,True,True,True,79,110860
3c912559cc47450a10486fdd,century,CRNC,2024-08-09,Cerence,0,0,True,True,True,46,186992
3ef344ed6659ec761b4b227a,century,CRVO,2024-08-09,CervoMed,0,0,True,True,True,34,121211
5003b9f203cc416f5a49987c,century,CLSK,2024-08-09,CLEANSPARK,0,0,True,True,True,61,203412
5798c50d06003560e9f9ea7d,century,DJT,2024-08-09,,0,0,True,True,True,14,172748
96bacf1bd4c3cf7e8b4468b4,century,AMCX,2024-08-09,Networks,17,0,True,True,True,111,164189
b7e2394e9fdc9a64db72ab54,century,GEOS,2024-08-09,GEOSPACE,1,0,True,True,True,15,96170
b9e79d46e86a231c392440cf,century,SKYE,2024-08-09,Bioscience,0,0,False,True,True,23,78837
bf910f7928cb3c8f723dd5d0,century,LFCR,2024-08-09,LIFECORE BIOMEDICAL,43,0,True,True,True,2,104634
c7ab77907fad7b510c8c2e5e,century,ACDC,2024-08-09,ProFrac,0,0,True,True,True,57,109242
e6d69270833a1e8bf7d1c657,century,AXTI,2024-08-09,,0,0,True,True,True,1,177409
ec18e9faece5df0ed924e5e4,century,INDI,2024-08-09,indie,77,0,True,True,True,31,153576
056d0b6337a250cd34cb7eed,century,ORIC,2024-08-12,Oric,0,0,True,True,True,98,162609
13a89bc13cca0e008dd1dc4c,century,OBIO,2024-08-12,BioMed,0,0,True,True,True,21,203073
23b51230664ef9af549e6199,century,AZTR,2024-08-12,Azitra,2,0,True,True,True,25,92289
6d7fd0326d33be28a8527008,century,AP,2024-08-12,AMPCO PITTSBURGH,0,0,False,True,True,26,117262
94b0dba1f12ca15828ab15c6,century,IBRX,2024-08-12,ImmunityBio,0,0,True,True,True,40,219875
a32960ca00d21794bbfb81bf,century,LUCY,2024-08-12,,0,0,False,True,True,17,112140
ae9a17dfd8cbb54179100bf1,century,KYTX,2024-08-12,Kyverna,1,0,True,True,True,13,145135
b032be0e99da1d07bde903a4,century,ATOS,2024-08-12,,0,0,True,True,True,11,190388
d2847a452a4150fcdb9535dd,century,AEON,2024-08-12,Biopharma,0,0,False,True,True,124,202248
e991ab3984eee0331a36e737,century,TSHA,2024-08-12,Taysha Therapies,18,0,True,True,True,43,129977
edc30d16eb366492f531b03d,century,ALXO,2024-08-12,,0,0,True,True,True,24,161702
f4fccdc469968b711c330ebc,century,APGE,2024-08-12,,0,0,True,False,True,58,174662
096b6851cb8ff148d544e90c,century,ANRO,2024-08-13,Neuroscience,0,0,True,True,True,21,187873
2b50a66a66b15937744de6a6,century,AMIX,2024-08-13,Autonomix,3,0,True,True,True,16,83161
4eb50a7eca334fa74ad871c5,century,BEEM,2024-08-13,,0,0,True,True,True,13,92823
50c6e2c97d94001d9d0ee265,century,ABOS,2024-08-13,,0,0,True,True,True,23,104446
5bd9ad801a01c7a7e95bb7b8,century,XCUR,2024-08-13,EXICURE,0,0,True,True,True,48,152781
61c7f08885ab30f0a68b8caa,century,CTNT,2024-08-13,,0,0,True,True,True,14,140127
629dd2bf528231624861d4cd,century,JSPR,2024-08-13,,0,0,True,True,True,24,167596
6713067165cf691dea7724ce,century,SLDB,2024-08-13,Biosciences,0,0,True,True,True,17,170384
7efa82b08064aad9a9b5936e,century,SNTI,2024-08-13,Senti Biosciences,50,0,True,True,True,31,193728
867277b56f14412020f05084,century,SILO,2024-08-13,Pharma,19,0,False,True,True,41,180988
93c0f7dad20889c8b7f92a5c,century,SCLX,2024-08-13,Scilex,71,0,True,True,True,29,219921
a1543dcfd92d39b1fe93bf4e,century,MBIO,2024-08-13,,0,0,True,False,True,12,181881
ae8bdcaf77115d4af3f163e8,century,RDZN,2024-08-13,Roadzen,0,0,True,True,True,138,192206
b892b75dbd6b07f026c0f435,century,HUT,2024-08-13,,0,0,False,True,True,104,178628
c276e5bd239f182fafe4e9e9,century,ZURA,2024-08-13,Zura,0,0,True,True,True,66,152315
cfe36208e4302b11004c68c0,century,CADL,2024-08-13,Candel,2,0,True,True,True,19,191226
d8ca598146c6a60bbac0449b,century,LWAY,2024-08-13,Lifeway Foods,36,0,True,True,True,12,67215
de8791811a84810da81d010f,century,PCSA,2024-08-13,Processa,5,0,True,False,True,13,81265
fa8efc1b992ca00de7d6ade8,century,DDD,2024-08-13,,0,0,True,True,True,95,219621
0ecb4231b305e51824f2e7b6,century,TRNR,2024-08-14,,0,0,True,True,True,20,219873
1624b08009b83eaec2cfd58e,century,BJDX,2024-08-14,Bluejay,9,0,True,True,True,16,92609
1c19ae375e4e18d25cf190f1,century,PSNY,2024-08-14,,0,0,True,True,False,10,219895
2048917cc47d206bc92e11b2,century,KITT,2024-08-14,Nauticus Robotics,8,0,True,True,True,42,122435
3c7e111e2e5dd600eca3812b,century,SDST,2024-08-14,Stardust,4,0,True,False,True,38,119108
598e87da42b65fd974f82cde,century,CVM,2024-08-14,,0,0,True,True,True,1,77974
66310aabf70e485925148b46,century,VS,2024-08-14,,0,0,False,False,False,35,104230
87a8900405ea108176b0907d,century,QUIK,2024-08-14,QUICKLOGIC,0,0,True,True,True,18,104491
99330d953c5e5dd77ba990f1,century,SOAR,2024-08-14,Volato,46,0,False,False,True,15,134580
9d454a018de8bbcd70b9cf22,century,VRCA,2024-08-14,Verrica,0,0,True,True,True,12,115793
9e086023648d3a9b11551b20,century,PYXS,2024-08-14,,0,0,True,True,True,12,133913
ae21ee22fa330c0b7ef60dad,century,SRG,2024-08-14,Seritage Properties,106,0,True,True,True,18,153877
ae2a1dbf7092a045ce95c63e,century,CRMD,2024-08-14,CorMedix,0,0,True,True,True,46,118969
bfab2d7055230c6b7b194ae1,century,ABSI,2024-08-14,Absci,4,0,False,True,True,23,88821
c3475c308c41a19c9dd821a7,century,PGEN,2024-08-14,PRECIGEN,0,0,True,True,True,58,130986
cefa504e559f0cc8fd813e90,century,OKLO,2024-08-14,Oklo,0,0,True,True,True,133,146078
d10bd70fb4bbfa5bcbbc53d7,century,QXO,2024-08-14,,0,0,True,False,True,36,114760
e68ea2a8fe1ae5ee38b3773c,century,SXTP,2024-08-14,DEGREES,0,0,True,True,True,23,176701
f5d5dc610e5f872c10c230a3,century,CNSP,2024-08-14,,0,0,True,True,True,21,89029
cf76c8941d4eedbc357583ab,century,OPRX,2024-08-15,OptimizeRx,0,0,True,True,True,26,83545
216b91fdb9e2d4737d0c4085,century,TEAM,2024-08-16,Atlassian,0,0,False,True,True,74,181964
9374f693a668166c3ebc3153,century,SHIM,2024-08-16,Shimmick,0,0,False,True,True,52,128370
9978f7b6d65323028389e5d6,century,SIRI,2024-08-16,,0,0,True,True,True,82,194724
becbe3eb9b7d15e3863e9a99,century,TNXP,2024-08-16,Tonix,33,0,True,False,True,60,204049
16dcc213ca75aed3c711df05,century,REBN,2024-08-19,,0,0,True,False,True,34,91878
17d74502e71d3b1a7362f5e3,century,EL,2024-08-19,ESTEE COMPANIES,64,0,False,True,True,2,158798
bce415cb9b11c43f562a0715,century,ASPI,2024-08-19,Isotopes,64,0,True,True,True,49,173641
aebb33855a3c721fa0d64220,century,BILL,2024-08-23,,0,0,False,True,True,51,220059
f7b6e718af81ef016d96f65e,century,IREN,2024-08-28,,0,0,True,True,False,55,220124
0438a76b633263170ff78ebc,century,FIVE,2024-08-29,,0,0,False,True,True,18,94215
47974598bc87191c277adde4,century,ONCO,2024-08-29,Onconetix,0,0,True,True,True,64,212683
4a43bdea10e8ce89375125f7,century,SLXN,2024-08-29,Silexion,144,0,True,True,False,19,116827
602b3c5d27461985c2514ef3,century,DXLG,2024-08-29,,0,0,True,True,True,15,90623
6aec28bbc6c5e553e6e8686a,century,LULU,2024-08-29,lululemon athletica,18,0,False,True,True,18,178389
1e01d9a8fa6444b3972d168a,century,MDB,2024-08-30,MongoDB,0,0,True,True,True,70,163952
4a8e963d5e72cf54afddbf4d,century,CXM,2024-09-04,Sprinklr,0,0,True,True,True,95,139247
7b62007803c867f9112df8f5,century,GTLB,2024-09-04,Gitlab,25,0,True,True,True,11,168007
f94795db1f3c3f4707874047,century,DLTR,2024-09-04,,0,0,True,True,True,68,88620
3874093670246ceb2e976f64,century,MEI,2024-09-05,METHODE,3,0,True,True,True,26,116950
6af9ae7cb1fc5baf35003cbb,century,SSL,2024-09-06,SASOL,160,0,True,True,False,4,181558
b7a2324167988c83739594b5,century,DELL,2024-09-10,,0,0,False,True,True,113,141210
460a31793cb3a76a85078d52,century,CTRN,2024-09-11,Citi Trends,5,0,True,True,True,19,59934
6713f47e3a1e8503c186ab90,century,EPM,2024-09-11,,0,0,True,True,True,31,193305
6934dfdb6fd4ca57268ca76f,century,DAVA,2024-09-19,Endava,38,0,True,True,False,16,220069
a7f89c243f9dc14b8e924f6c,century,SLI,2024-09-24,,0,0,True,False,False,6,31823
47e1764ff5d0810b70503561,century,DTSS,2024-09-26,DATASEA,0,0,True,True,True,98,220074
2170ef7dcf89909324d8c694,century,INM,2024-09-30,InMed,19,0,True,False,True,52,219714
a812d3929ba410962b633570,century,TGL,2024-09-30,,0,0,True,False,True,50,220079
c5e6985df1548a9958571d79,century,LW,2024-10-02,Weston,0,0,False,True,True,23,76634
a1f3d7b866189e97f52be445,century,AVNW,2024-10-04,AVIAT NETWORKS,71,0,True,True,True,26,219851
e214fe378fa97f997d481023,century,RGP,2024-10-04,,0,0,True,True,True,41,128062
e601bf4363beb50c4a0f1dbc,century,CNXC,2024-10-04,Concentrix,0,0,True,True,True,73,148548
844512054459554596b0321a,century,HELE,2024-10-09,,0,0,False,True,True,24,153471
b3215b714fff51e65675924b,century,MXL,2024-10-23,MAXLINEAR,0,0,True,True,True,108,191009
000dbc23a98d55c42b7f287e,century,PENG,2024-10-24,Solutions,21,0,True,True,True,50,219577
8de7e07a3eaae59b9186b0fe,century,DXCM,2024-10-24,DEXCOM,83,0,True,True,True,2,133588
b5f2e4a86be47cbac895e281,century,WNC,2024-10-24,WABASH,22,0,True,True,True,21,162326
f5ce70eec021d6b222f19cfb,century,DSY,2024-10-25,,0,0,True,False,False,68,219855
12d2e212142583a36d920d74,century,TTI,2024-10-29,,0,0,True,True,True,16,111773
38b26437a24eebed94ba3dd4,century,HAO,2024-10-29,Haoxi,74,0,False,True,False,8,220045
7c02dc12e5695acd522b8e3c,century,SSTK,2024-10-29,Shutterstock,0,0,True,True,True,74,162739
246458e5d6370173d8fd85b0,century,CTOS,2024-10-30,,0,0,True,True,True,17,112342
27d25277e5fa54fe1a431af5,century,HLF,2024-10-30,HERBALIFE,0,0,True,True,True,38,160292
2f585953ca9aa01e2015e6aa,century,BIOX,2024-10-30,Bioceres Solutions,84,0,True,True,False,8,219971
479136879b179187af719a96,century,HUM,2024-10-30,HUMANA,28,0,False,True,True,56,153944
67a5f64845254e642427e461,century,SMHI,2024-10-30,SEACOR,2,0,True,True,True,23,117316
a10cec50f330f104f3975cb0,century,SRI,2024-10-30,STONERIDGE,0,0,False,True,True,61,122050
a142c037231e1866338a1072,century,ARBB,2024-10-30,,0,0,True,True,False,3,220077
a1f6af2297edb7e8f7942214,century,STAA,2024-10-30,STAAR,3,0,True,True,True,27,72191
ab287a01345f50e67ce9b2b8,century,ACHC,2024-10-30,Healthcare,21,0,True,False,True,27,119266
ba577b9c555fc34a5fb36e08,century,ROOT,2024-10-30,,0,0,False,True,True,38,134291
de513346c0a508e2b9892c26,century,CMP,2024-10-30,MINERALS,18,0,True,True,True,61,157854
e8d6d48cb5601417bf8e5d53,century,OIS,2024-10-30,STATES,20,0,True,True,True,29,125926
026d37cf1917295e3071e367,century,MBLY,2024-10-31,Mobileye,81,0,True,True,True,39,156598
02c36122f017b6c08e206a31,century,SIRI,2024-10-31,,0,0,True,True,True,247,169885
356954879fc5dad0d8388311,century,TDOC,2024-10-31,Teladoc,4,0,True,False,True,44,130271
44bfb607652f27693f467d8a,century,LPG,2024-10-31,,0,0,True,True,True,82,128020
4c1cbf6d53951f4d4d196ecc,century,STEM,2024-10-31,,0,0,False,True,True,32,156172
4f2a5e977aa5d07218bdb58f,century,GPRE,2024-10-31,Plains,2,0,True,True,True,110,167121
4f3ff8ea9dc5a711c70760a3,century,ORN,2024-10-31,,0,0,True,False,True,1,133132
51b64997d738c7aa7c4f0b7c,century,MGPI,2024-10-31,INGREDIENTS,4,0,True,True,True,21,111787
55c70430ee3f6bc973d201e7,century,CCCC,2024-10-31,,0,0,True,True,True,18,148253
682911646458f84e88b983b3,century,RIG,2024-10-31,,0,0,False,True,True,120,138942
925fa5919873d866df196653,century,ETSY,2024-10-31,ETSY,0,0,True,True,True,71,145992
94a6a008e803602f80482ee3,century,PW,2024-10-31,,0,0,False,False,True,169,136134
ae5ee371d3a28ef92cd808aa,century,CMPS,2024-10-31,Pathways,1,0,True,True,False,11,192652
e5c1ae6e504a4e95c0cefa9f,century,INMB,2024-10-31,Inmune,0,0,True,False,True,18,103167
e754c76ab17f85dfc0d77416,century,CNMD,2024-10-31,CONMED,26,0,True,True,True,13,93602
ffb72fe1b22790904a026f53,century,PBF,2024-10-31,,0,0,True,True,True,408,208960
08d570d26515376c62131b76,century,FOXF,2024-11-01,,0,0,True,True,True,38,130542
2c16abc6ff7d9b55da156043,century,CAR,2024-11-01,,0,0,False,True,True,81,118772
4ecbe4f21e91b47e64b72a0f,century,KOSS,2024-11-01,KOSS,0,0,True,True,True,20,62240
b6851df69ea4dffdc2201f0f,century,FUBO,2024-11-01,fuboTV,5,0,True,True,True,64,174334
0b49aba0aa5c9b5d32687c9a,century,MYE,2024-11-04,MYERS,5,0,True,True,True,34,121737
246899544aaafc5b23a3018a,century,EDIT,2024-11-04,Editas,2,0,False,True,True,16,95172
28295ff4cf569bf852dc3be4,century,TBI,2024-11-04,TrueBlue,0,0,True,True,True,22,116028
3c47a2ebf789f6cc637c08e8,century,BOOM,2024-11-04,,0,0,False,True,True,51,151158
69bf0e2a0250795cdc068dd1,century,BRCC,2024-11-04,,0,0,True,False,True,54,144286
8e53f2dba0173dcdf168f768,century,ANIK,2024-11-04,Anika,1,0,True,True,True,18,90647
942b8866772ff5c4c603598d,century,CC,2024-11-04,Chemours,0,0,False,True,True,134,169299
9c28547ed494f128237edfea,century,SLQT,2024-11-04,SelectQuote,0,0,True,True,True,33,125989
a4e05ed59772cbcc7b70c925,century,CLW,2024-11-04,Clearwater,0,0,True,True,True,14,89404
ad47590572be9eb3e364b39e,century,ABCL,2024-11-04,AbCellera Biologics,4,0,True,True,False,9,157164
cfa16fdf46e963da209f29e6,century,IART,2024-11-04,INTEGRA LIFESCIENCES,13,0,True,True,True,43,192719
ec773b937ecf7595dd257f4e,century,GTE,2024-11-04,GRAN TIERRA,18,0,True,True,True,17,104178
eed4f435a965283ccf625fa9,century,EVEX,2024-11-04,,0,0,True,True,True,13,109706
4a71f187207a08837f2e6c4c,century,ICHR,2024-11-05,,0,0,True,True,False,10,74724
6780a958bdfc1bedbda84a03,century,GOGO,2024-11-05,,0,0,False,True,True,116,152593
850b79263f3f338b7af2ba23,century,GT,2024-11-05,,0,0,False,True,True,1,145440
93d7841e24c3e52ab43ad30f,century,XMTR,2024-11-05,Xometry,0,0,True,True,True,44,146442
9d9928f4cc9f98d776090d25,century,QURE,2024-11-05,uniQure,26,0,True,True,False,11,140733
a0d3a36410495d0c5ed1004d,century,CLF,2024-11-05,CLEVELAND-CLIFFS,0,0,True,True,True,37,164692
a91414245581333517770b67,century,SSP,2024-11-05,SCRIPPS,45,0,True,True,True,18,107940
b42024cf07ea61e6735905ca,century,TMCI,2024-11-05,TREACE CONCEPTS,2,0,True,True,True,14,102901
c3dc9a26eb5ca685cbd56169,century,BDTX,2024-11-05,,0,0,True,True,True,57,111714
cd39af1d49188e776636ef63,century,ANAB,2024-11-05,ANAPTYSBIO,0,0,True,True,True,14,96405
fc668d02073ddc5e2223b7b4,century,BEAM,2024-11-05,,0,0,False,True,True,68,175591
1570e7f70274bc48cd92ab5b,century,TTEC,2024-11-06,TTEC,0,0,True,True,True,136,150496
3725cee9d23cd7ccfabc1d22,century,JELD,2024-11-06,JELD-WEN,0,0,True,True,True,37,180900
4a6d14b7154e19449e7d9dde,century,CRBU,2024-11-06,Biosciences,0,0,True,True,True,14,128314
4f60e8b7035bb8f8c396e45e,century,CDLX,2024-11-06,Cardlytics,0,0,True,True,True,38,161184
613170c1c74598a8cc81e3c2,century,RXRX,2024-11-06,,0,0,True,True,True,15,119663
822dde7aad9312e7c80ecf2b,century,TNGX,2024-11-06,,0,0,True,True,True,21,125638
86b7e2406ddde02f2b5800b9,century,RLAY,2024-11-06,,0,0,True,True,True,8,123759
99af1c2bec12bfb9f667c5ce,century,COTY,2024-11-06,COTY,0,0,True,True,True,106,182172
a6a3972e36d6ff42c70b4a60,century,SVC,2024-11-06,Properties,121,0,True,True,True,41,169224
b40f49dd2960099f0fbaa595,century,COUR,2024-11-06,Coursera,0,0,True,True,True,23,129737
b58986bcafd3c43ad57b37fb,century,SSRM,2024-11-06,,0,0,True,True,True,79,144225
b90a977bb0994e00210c6c3a,century,CRSR,2024-11-06,,0,0,True,True,True,69,133279
d75d94d99250746c24cebf91,century,AMC,2024-11-06,,0,0,True,True,True,84,196826
d9bb4f5024958bf8324de515,century,CERT,2024-11-06,Certara,0,0,True,True,True,18,151763
f72bec2578587e607a071e8e,century,NUVB,2024-11-06,Nuvation,0,0,True,True,True,22,156966
f9e5375602498be0fcec6ece,century,CLDX,2024-11-06,Celldex,5,0,True,True,True,10,120035
fadae60251733cb5c211a255,century,ALNT,2024-11-06,ALLIENT,0,0,True,True,True,32,124162
024e574b99b41a322814a8c8,century,GCT,2024-11-07,GigaCloud,103,0,True,True,True,40,149933
166634e61821b482aadd57a6,century,CMTG,2024-11-07,Claros,2,0,True,True,True,19,135891
168735c82d6278ff948f02a8,century,AMLX,2024-11-07,Amylyx,8,0,True,True,True,11,120042
18c5378a2617107c4b24105a,century,ARHS,2024-11-07,Arhaus,3,0,True,True,True,30,112376
1dfb18678799bf7d03e1b6aa,century,ISPC,2024-11-07,iSpecimen,0,0,True,True,True,43,147337
21600131a4cd6740a6e85bd0,century,TYRA,2024-11-07,Tyra Biosciences,0,0,True,True,True,51,91728
2ae0a5fb482433fa7e484f97,century,U,2024-11-07,,0,0,False,False,True,52,114857
3c6095d9e41b3324aa2cf4ce,century,BWMN,2024-11-07,,0,0,True,True,True,22,178809
3e70a44b70bb0ad2c7f471c3,century,DCGO,2024-11-07,DocGo,0,0,True,True,True,48,133418
3e8e4d2521099086ad5c614d,century,CRBP,2024-11-07,Corbus,5,0,True,True,True,13,104149
40e0686aab401dfdd44135d5,century,TDW,2024-11-07,,0,0,True,True,True,35,116592
445701952ca11019f69b85d8,century,BBAI,2024-11-07,BigBear,5,0,True,True,True,73,155643
511d28344da0729f0b719163,century,ELF,2024-11-07,,0,0,False,True,True,17,143453
5a4ee3c51300b786814d6935,century,LEG,2024-11-07,LEGGETT,5,0,False,True,True,37,206163
5bc5bb1d2e112a7b0fbe4dea,century,GPRO,2024-11-07,GoPro,29,0,True,True,True,38,154574
6044f7d6c491a138340be1af,century,MRNA,2024-11-07,Moderna,0,0,True,True,True,83,119449
66aa31b1c458e073f7da0326,century,RCKT,2024-11-07,,0,0,True,False,True,16,146893
6bbe94e2fb965e69ece9c6e1,century,BKSY,2024-11-07,BlackSky,55,0,True,True,True,15,144656
7141bdf623576b3029e903d1,century,OPEN,2024-11-07,Opendoor,35,0,False,True,True,78,170242
7a0e9c85938f3ceda0c7b5dc,century,ARRY,2024-11-07,,0,0,False,True,True,28,156471
81bd937d8d7b8901c0a8fd5d,century,OKUR,2024-11-07,OnKure,45,0,True,True,True,21,161682
81bec5f81b2d596fcb032a75,century,NTLA,2024-11-07,Intellia,5,0,True,True,True,30,105875
86d6346634325f5be268159c,century,GEVO,2024-11-07,Gevo,0,0,True,True,True,115,163194
874e4ccdffa01df7f41a84e6,century,LCID,2024-11-07,,0,0,True,True,True,16,219947
8a9c7b902c81c3c5303553cf,century,SEDG,2024-11-07,SOLAREDGE,9,0,True,True,True,42,178555
8bdab534b43652926aca0465,century,WHLR,2024-11-07,,0,0,True,True,True,32,129424
8fd2527f66eb5efe3e25adb9,century,APVO,2024-11-07,Aptevo,24,0,True,True,True,11,136582
90840ced771e5742052b9580,century,NKTX,2024-11-07,Nkarta,5,0,True,True,True,11,127419
9bbf88e796d6dc5c6c539183,century,MVIS,2024-11-07,MICROVISION,0,0,True,True,True,16,135159
9bdc6658a874cba1fb24326c,century,ACAD,2024-11-07,,0,0,True,True,True,16,122322
9e0cb1dab21e2049154b95e6,century,CYTK,2024-11-07,CYTOKINETICS,0,0,True,True,True,48,148431
a3e4d9717bbf0f7f6d542be0,century,AGL,2024-11-07,agilon,13,0,True,True,True,26,124229
be0e20cc3be3b9d9613f2c26,century,RUN,2024-11-07,Sunrun,13,0,False,True,True,13,198590
d1773eb502994876a22ec4de,century,SERV,2024-11-07,Robotics,23,0,True,True,True,4,121204
d27408d152b73f36670b90ef,century,FSLY,2024-11-07,Fastly,13,0,True,True,True,13,166473
d55ce3dd6bc90f1949fa8136,century,MX,2024-11-07,MAGNACHIP,8,0,False,True,True,34,148409
d69698956b672611b75c8244,century,OEC,2024-11-07,,0,0,True,True,True,40,85542
e33ffba9289b78b76273f725,century,AMPX,2024-11-07,Amprius,26,0,True,True,True,12,134780
e3c2cce263f3cebacab1278f,century,ACLS,2024-11-07,AXCELIS,3,0,True,True,True,12,90959
e4aeb0a92d7c37a04fabdbfd,century,IRWD,2024-11-07,,0,0,True,True,True,33,164113
e89608850f4cec54c5355cbe,century,UP,2024-11-07,Wheels,114,0,False,True,True,156,204551
f07c3867ed0e1c850cf7901c,century,RNAC,2024-11-07,,0,0,True,True,True,22,204495
f481a9d77543ffcee75186ab,century,RIVN,2024-11-07,Rivian,50,0,True,True,True,2,143828
fb33b584c8823e239912a922,century,IHRT,2024-11-07,iHeartMedia,0,0,True,True,True,54,147534
fb6055431c5a8992d8ae3f19,century,SEAT,2024-11-07,Seats,0,0,False,True,True,43,140876
014d49d309beae95edb0f54f,century,AMN,2024-11-08,HEALTHCARE SERVICES,102,0,True,True,True,16,105993
0426dd2105e6c90478341a9f,century,ASLE,2024-11-08,AerSale,0,0,True,True,True,39,109266
1add59c5b1f0d36270a7575b,century,QDEL,2024-11-08,QuidelOrtho,0,0,True,True,True,25,116438
2d86d96fc28077720d001b50,century,ACHR,2024-11-08,,0,0,True,True,True,41,145772
4307be6e5bb2febc7a5267ab,century,HUMA,2024-11-08,Humacyte,0,0,False,True,True,62,199037
432c8e9858f9294b47766896,century,SLDP,2024-11-08,,0,0,True,True,True,27,76424
472de0cf7fa6841b8df548af,century,NUS,2024-11-08,ENTERPRISES,0,0,True,True,True,13,119738
5297d805549e7816c13247f6,century,OUST,2024-11-08,,0,0,False,True,True,24,161404
5e864ee67fd6c15125a3b683,century,PHUN,2024-11-08,Phunware,0,0,True,True,True,41,108332
9ccba1b92e6b05d4c6ae7416,century,ALTO,2024-11-08,Ingredients,75,0,False,True,True,33,166935
9f0dd31afc74291da5d7a385,century,LPSN,2024-11-08,LIVEPERSON,0,0,True,True,True,33,170035
b27e12447bb0c28a8e7e1fea,century,CSAN,2024-11-08,Cosan,76,0,True,True,False,22,220033
df2de0efc1cb884ce231c99a,century,BMBL,2024-11-08,,0,0,True,True,True,50,182628
e739d6c2602a1862e9dbabf3,century,QNRX,2024-11-08,,0,0,True,True,True,18,113101
e86296ad0f0fcdb1c1a6a4f5,century,FTRE,2024-11-08,Fortrea,0,0,True,True,True,74,136853
fc6371cb1b528e7e433d5195,century,FORR,2024-11-08,FORRESTER,12,0,True,True,True,15,102350
fd31ee0d6e818d244de6d8d5,century,ANVS,2024-11-08,Annovis,7,0,True,False,True,13,91725
0c3885b832200ef2b4f4e04e,century,CHGG,2024-11-12,CHEGG,58,0,True,True,True,14,122632
3482e0025d2470655ccc699f,century,HRTX,2024-11-12,,0,0,True,True,True,1,102813
361ee1ea62fefb92400fc8eb,century,MRVI,2024-11-12,MARAVAI LIFESCIENCES,11,0,True,True,True,28,184796
4b522ca7fbd7681c7ddfea8d,century,CE,2024-11-12,,0,0,False,True,True,74,171317
514608d84b83c0d4a4139835,century,ATNI,2024-11-12,,0,0,True,True,True,22,115218
5ad9ec3aef798b975a7a0d04,century,TOVX,2024-11-12,Theriva Biologics,11,0,True,True,True,41,205082
65e95b4b6a576030b35e4c0e,century,SHLS,2024-11-12,Shoals,47,0,True,True,True,50,128416
772f8a246bbbdf72bc1d1df1,century,ALT,2024-11-12,Altimmune,0,0,False,True,True,23,70166
7df104655df6f49d6cfc26f5,century,DNA,2024-11-12,Bioworks,0,0,True,True,True,40,167659
86ae1839769df0fd70fcb796,century,CLDI,2024-11-12,Calidi Biotherapeutics,99,0,True,False,True,21,203909
8c154456987f1e6abe99a707,century,PRTA,2024-11-12,PROTHENA,17,0,True,True,True,4,156645
8d40dc94a2d914d438a7fcdd,century,PRME,2024-11-12,,0,0,True,True,True,18,111000
9c518fc65cda1b98d3e265a8,century,SKIN,2024-11-12,,0,0,False,True,True,39,114662
a1597d0b79bbdcde60a64de3,century,FATE,2024-11-12,,0,0,False,True,True,14,176898
adb5604e3fb6c2ef43e4c297,century,LION,2024-11-12,Lionsgate Studios,106,0,False,True,False,68,153855
b1f8493192a30055461b1ef6,century,PLUG,2024-11-12,,0,0,False,True,True,51,159893
b2397c584bac384045e55fb7,century,SDGR,2024-11-12,Schrodinger,0,0,True,True,True,3,180397
b8b57db683a61b9077063cdc,century,SVCO,2024-11-12,Silvaco,0,0,True,False,True,31,174307
bbbf77828755189539112901,century,ZNTL,2024-11-12,Zentalis,15,0,True,True,True,10,146900
bed8463f9293dc7e68436d73,century,AGEN,2024-11-12,AGENUS,22,0,False,True,True,17,103106
c267c7a00ed885f04effe82b,century,ATRA,2024-11-12,Atara Biotherapeutics,12,0,True,True,True,14,146763
c4a8487fe7f8862bf683c098,century,DYN,2024-11-12,,0,0,True,True,True,9,115366
c5f2e1d18a560f54c11bb7b0,century,RCKY,2024-11-12,BRANDS,5,0,True,True,True,9,76600
c67e6ab2e3856c16e408e6e0,century,CLYM,2024-11-12,,0,0,True,True,True,9,179728
ca2dac70fe7ceaf61b6121d3,century,NUWE,2024-11-12,Nuwellis,0,0,True,True,True,28,132921
cc8755fc7dd95e4a727a6426,century,NVAX,2024-11-12,NOVAVAX,0,0,True,True,True,34,199113
cf6b7920bc4aa3704a195369,century,TCRX,2024-11-12,TScan,2,0,True,True,True,12,164411
d071366615ab568d40751ede,century,LGVN,2024-11-12,Longeveron,0,0,True,True,True,32,158236
d43dbad219e4958a3eee9f14,century,VERI,2024-11-12,Veritone,0,0,False,True,True,75,211946
dc2aeac57f705d4fcada828a,century,MIRA,2024-11-12,,0,0,False,False,True,26,52692
e228433428bd319393d5132e,century,PACB,2024-11-12,BIOSCIENCES,1,0,True,True,True,9,148136
e6b67215abb2b9b51182727e,century,AMTX,2024-11-12,AEMETIS,0,0,True,False,True,44,121680
f69f6367df27719c0b7107ce,century,TPST,2024-11-12,,0,0,True,True,True,29,127833
fe3aace9d0568c8efd4cabb3,century,HPP,2024-11-12,Hudson Properties,36,0,True,True,True,118,125728
17cf5dc035336f1a8985a185,century,TIL,2024-11-13,Instil,0,0,False,True,True,28,155812
48de2d82caf721af0d851f18,century,BIVI,2024-11-13,BIOVIE,3,0,True,True,True,17,99098
580c86b699698abeecbda65f,century,SHPH,2024-11-13,,0,0,True,False,True,19,107269
78085e07e2e75491de19b2fb,century,LXEO,2024-11-13,Lexeo,0,0,True,True,True,11,125648
7b0cb9ac80b68ebab6899e3d,century,WTI,2024-11-13,,0,0,True,True,True,15,169380
7e25480e465455d2cfc801df,century,FULC,2024-11-13,,0,0,True,True,True,15,144209
9101e5dff9c14414e6c7d35d,century,IMNM,2024-11-13,Immunome,0,0,True,True,True,27,153192
912341e9cba50f85e2c7c887,century,KULR,2024-11-13,KULR,0,0,True,True,True,77,131748
926a8c1ba7e0921a7a00b9f3,century,WTI,2024-11-13,,0,0,True,True,True,14,92555
95e0acc59b3b77bbcb457795,century,CDIO,2024-11-13,Cardio,79,0,True,True,True,37,141389
9e259f01dd7d9b3670fc179d,century,GNPX,2024-11-13,Genprex,0,0,True,True,True,87,142722
a196c6e8b51fdf50c8126d3f,century,GPCR,2024-11-13,,0,0,True,True,True,23,158900
ae108a5fd0ac29be69fd4d40,century,IMRX,2024-11-13,Immuneering,0,0,True,True,True,17,188040
e2556a85bcb09c6a407e10e2,century,MCRB,2024-11-13,,0,0,True,True,True,13,184350
e3a58c00f2c431b5719b079e,century,LXRX,2024-11-13,,0,0,True,True,True,13,75639
f7e2aa44097c05c515f8e413,century,EDBL,2024-11-13,,0,0,True,True,True,14,117733
fdd5a3eae3e07eea305e46f8,century,ATAI,2024-11-13,ATAI Sciences,10,0,True,True,False,76,189624
0913a9cdb7e3973e0ec157cf,century,VTAK,2024-11-14,,0,0,True,True,True,16,204118
1a7e0df9a401631fe67f2572,century,ANY,2024-11-14,,0,0,False,True,True,94,141251
1cfc33bac327bb5a2dbd797b,century,BCG,2024-11-14,Binah,2,0,True,True,True,47,129296
24494183d43e1090852e49cf,century,GNLN,2024-11-14,Greenlane,0,0,True,False,True,62,161905
24516caa1356cc39e72afcdb,century,BKYI,2024-11-14,,0,0,True,True,True,13,81978
2f40eda5a93f3f98787564d5,century,RANI,2024-11-14,,0,0,False,True,True,117,129906
32be41e8da4cc6b2901d5e5a,century,BKKT,2024-11-14,Bakkt,113,0,True,True,True,21,179266
383b750f9d7c0d62409ef3cd,century,AISP,2024-11-14,,0,0,True,True,True,59,138500
386b7dbd6e256c2fc8ea963d,century,ELAB,2024-11-14,Elevai Labs,29,0,True,False,True,29,133729
3b00c2f9ae74003c1409a46f,century,AAP,2024-11-14,PARTS,3,0,True,True,True,42,110515
3b78612c37ad3d59b10c8506,century,SGMT,2024-11-14,Sagimet Biosciences,1,0,True,True,True,10,103988
52e6c6a2dde9f61b5a16827c,century,SOBR,2024-11-14,SOBR,0,0,True,True,True,20,118578
5de83151daef48eeeb3589e0,century,PDSB,2024-11-14,Biotechnology,2,0,True,True,True,14,138445
64ab0347a847c71735c7026e,century,SIDU,2024-11-14,Sidus,15,0,True,False,True,25,127611
8f9143dda443cd254c291b3c,century,BURU,2024-11-14,Nuburu,143,0,True,True,True,50,189482
9e0e83e832766e44a2554f48,century,XPON,2024-11-14,Expion360,0,0,True,False,True,15,171637
a28a8ea57c5d99ed641ed534,century,LEG,2024-11-14,SPICES,4,0,False,True,True,12,39447
a6b51c368f445a70dbc5d2fd,century,TNON,2024-11-14,,0,0,True,True,True,15,98885
aa222b1f5e0952795ac528cc,century,INO,2024-11-14,INOVIO,8,0,False,True,True,22,123495
b12095c005f2bfe835876b89,century,PAL,2024-11-14,,0,0,False,True,True,49,141761
b181aecc606299c6de35f337,century,DBGI,2024-11-14,Brands,24,0,True,True,True,24,134617
b3a518bff94b9600c6a06050,century,VBIO,2024-11-14,,0,0,True,False,True,12,185381
c5670d3683976cd65b6d690a,century,SRFM,2024-11-14,,0,0,True,False,True,18,208292
dac6cf6e1ebef54aad489da6,century,GDC,2024-11-14,,0,0,True,True,True,30,164611
e106166924a0c15e133e33b3,century,FBIO,2024-11-14,Biotech,0,0,True,False,True,53,219563
f5a9a3eaa0fa8595cb449893,century,KSCP,2024-11-14,Knightscope,0,0,True,True,True,28,143688
fa9b48e64653ecfb80888528,century,CABA,2024-11-14,,0,0,False,True,True,49,186151
fdf1f8c19c2e99dcef83bc94,century,COCH,2024-11-14,,0,0,True,True,True,49,155064
80cacb10fd8b2bcd0e3727df,century,ATCH,2024-11-15,AtlasClear,0,0,True,True,True,116,161326
38795ec557414f3a02af350c,century,NGNE,2024-11-18,Neurogene,0,0,True,True,True,70,153450
73483a72087746e224464e51,century,LASE,2024-11-18,Photonics,1,0,True,False,True,14,61579
e5de4578fc51ebe6010dba09,century,RGEN,2024-11-18,REPLIGEN,0,0,True,True,True,27,149663
383b246daf0b2f1fbc4e1348,century,STI,2024-11-19,Solidion,28,0,True,True,True,25,169472
573ab0ea434063b815b9955c,century,UUU,2024-11-19,INSTRUMENTS,0,0,True,True,True,14,53588
adba7c7043cba58182b152f6,century,WKHS,2024-11-19,Workhorse,0,0,True,True,True,24,147971
be5cea9ca4d8de50538758e6,century,LRHC,2024-11-19,,0,0,True,True,True,123,199735
c30055335846571df33a9e8d,century,NCL,2024-11-19,Northann,0,0,True,True,True,20,90289
1cb26b5465430e69f099cc9b,century,SKIN,2024-11-21,SKINOVATION,2,0,False,True,True,9,23427
42d83df09b8cdb8b38e0ddda,century,ATKR,2024-11-21,Atkore,101,0,True,True,True,37,215560
8cbd84a540b985baf7b5494d,century,JACK,2024-11-21,,0,0,False,True,True,116,173226
5c908980e7ba74758d6a4994,century,ARWR,2024-11-26,,0,0,True,False,True,44,215558
c3a5e8ebf84916e10b7d9ae8,century,ENTA,2024-11-27,ENANTA,4,0,True,False,True,17,191787
695770db780b07b83c6c5c98,century,KSS,2024-12-05,KOHLS,1,0,True,True,True,1,51708
89074f1ec4ce358ce747f42e,century,DG,2024-12-05,,0,0,False,True,True,34,101368
fca81d5054a4b99878eca417,century,TITN,2024-12-05,,0,0,True,True,True,16,105450
5dc3c68ec98ef5e2ff9fa5e7,century,CELU,2024-12-06,Celularity,0,0,True,True,True,52,219911
b5de80d0b304afc0725291c3,century,CHPT,2024-12-06,ChargePoint,0,0,True,True,True,514,177403
1d69ca708af2a8e0475c1a71,century,PATH,2024-12-09,UiPath,32,0,False,True,True,33,143369
6621b0f1b09db1583b98a7d5,century,ONEW,2024-12-10,OneWater,227,0,True,True,True,28,179160
f2101708cad2c41100174b61,century,GME,2024-12-10,GameStop,0,0,True,True,True,41,79438
257297a79cd8c4c53e4bf6cf,century,CURV,2024-12-11,,0,0,True,True,True,18,113064
d76975e4e395006bafa119e0,century,SPWH,2024-12-11,SPORTSMAN'S,0,0,True,True,True,2,108906
68e3399c9ba5ef14c760ac60,century,MITK,2024-12-16,MITEK,11,0,True,True,True,37,188302
c6abd9ca2470c0d39c8b772e,century,OGI,2024-12-18,ORGANIGRAM,0,0,True,False,False,18,63579
242c19a6450a1d90096ae92c,century,ENGN,2024-12-19,enGene,41,0,True,True,False,16,219953
ea39eb4dc661d7f1ff08a54b,century,MOBX,2024-12-26,MOBIX LABS,66,0,True,False,True,56,219912
5a18e9dc7aeaba84c11ce904,century,OTLK,2024-12-27,,0,0,True,True,True,19,219781
7284dbb5c6cf7b02bd1ac7e6,century,FCEL,2024-12-27,FUELCELL,2,0,True,True,True,19,219954
906f0509e5c87d212761d693,century,CTXR,2024-12-27,Citius,201,0,True,True,True,63,218931
c4d09855b9a05f9b8788d9a4,century,CETX,2024-12-30,CEMTREX,0,0,True,False,True,65,220127
a5c7d6b1b20088099cecc0e4,century,WOR,2025-01-10,WORTHINGTON ENTERPRISES,14,0,True,True,True,26,131831
9b3bc4bfc20638a3fd587a64,century,CMTL,2025-01-13,COMTECH TELECOMMUNICATIONS,68,0,True,True,True,2,161862
0e33882a93f8ec535996f1c7,century,RILY,2025-01-14,,0,0,True,True,True,23,219763
715d3da777170f1230be4d21,century,LOOP,2025-01-14,,0,0,False,True,True,129,101296
76de8bdb74127a298f81038d,century,RR,2025-01-14,RICHTECH ROBOTICS,23,0,False,True,True,21,164965
2fb3329c18f4158cc6d34210,century,TPET,2025-01-17,,0,0,True,False,True,93,220005
46d1194bed53083ad524a1c3,century,XHG,2025-01-22,XChange,0,0,True,True,False,31,219928
4257ae1d2895398cff184b31,century,ZEO,2025-01-23,,0,0,True,False,True,96,197790
ddd496e62726ddc065e74ba7,century,FOR,2025-01-23,Forestar,0,0,False,True,True,125,74916
c684a8e4941c4e2aeeaf04bc,century,FAMI,2025-01-24,Farmmi,119,0,True,True,False,18,220089
6f2272192511acab6eb1e7c6,century,OST,2025-01-27,Ostin,23,0,True,True,False,9,219942
939ef4705f5f6f4462435f99,century,INTC,2025-01-31,INTEL,86,0,True,True,True,7,220069
3dea09fc76997b953d0e6f4d,century,APPS,2025-02-05,,0,0,True,True,True,44,123471
528835df5975b9e113bbe3ad,century,REGN,2025-02-05,REGENERON,58,0,True,True,True,21,212272
87fc8c7c3f7f3f26dc14106d,century,TRNS,2025-02-05,TRANSCAT,0,0,True,True,True,35,110096
c22a5727a12c6801d484a048,century,CPRI,2025-02-05,,0,0,True,True,False,3,216672
d35bea797eb71779cb0f5783,century,AMD,2025-02-05,DEVICES,6,0,True,True,True,164,160029
d91b94d483ef5b93470437fa,century,NVO,2025-02-05,NORDISK,298,0,True,True,False,5,164893
59406a97a35a60e6be24f2d0,century,LESL,2025-02-06,Leslie's,0,0,True,True,True,1,89406
62474e125b30ad4e6c06a929,century,CLSK,2025-02-06,CLEANSPARK,0,0,True,True,True,37,174086
8a341d3b563c6c5c37c25915,century,MCHP,2025-02-06,MICROCHIP,3,0,True,False,True,17,151211
95eee2d52a51efb6292dbc58,century,MAGN,2025-02-06,Magnera,0,0,True,True,True,55,54823
c730ce5b102d3609ce2515b8,century,IMVT,2025-02-06,Immunovant,0,0,True,True,True,90,162718
3176b8fdc87421202429cf67,century,NEOV,2025-02-07,NeoVolta,0,0,True,False,True,21,67061
023c8f62edddaf3d553a6f08,century,GSIT,2025-02-10,,0,0,True,True,True,14,173442
0c468f97d47c41cac5640a2e,century,ENPH,2025-02-10,Enphase,10,0,True,True,True,84,219147
726a7f1bbd1dc743aaaab813,century,ESOA,2025-02-10,Services,82,0,True,False,True,15,138498
7af623c8823b67f5093e3c2e,century,FLNC,2025-02-10,Fluence,24,0,True,True,True,126,188538
a8846818da13c682047ace17,century,PI,2025-02-10,IMPINJ,34,0,False,True,True,2,201051
c17a861addf751e41db0850f,century,VSAT,2025-02-10,VIASAT,83,0,True,True,True,1,131803
e38bdb9497a492fabf005fee,century,HAIN,2025-02-10,,0,0,False,True,True,64,158902
038a6edf316d5f6878748578,century,ARVN,2025-02-11,ARVINAS,0,0,True,True,True,13,220066
c33ba378fb0ba219ed4d439a,century,CRSP,2025-02-11,CRISPR,31,0,True,True,False,13,219919
3ee15cf2b6a68efd862555da,century,AEMD,2025-02-12,AETHLON,6,0,True,True,True,16,92795
452abd0587eabe8314182fcd,century,ALB,2025-02-12,ALBEMARLE,0,0,False,True,True,106,219653
a9cbdba4290da6e94976577e,century,BIIB,2025-02-12,,0,0,True,False,True,73,189612
ca5c60293f0ff44875ddb5db,century,MLYS,2025-02-12,Mineralys,1,0,True,True,True,18,219759
2657707e8520c4b4698c54bf,century,KELYA,2025-02-13,SERVICES,71,0,True,True,True,53,171989
2c6c8c8e70df1283a87430e6,century,RCEL,2025-02-13,AVITA,3,0,True,True,True,40,154329
4efee218daebd93e5312eb42,century,AMIX,2025-02-13,Autonomix,3,0,True,True,True,17,122485
5e8fe4fe3d4babdea676dfb2,century,MARA,2025-02-13,,0,0,False,True,True,0,177843
6b4372666c24b09d36573ec5,century,PTN,2025-02-13,PALATIN,3,0,True,True,True,28,98442
6f2add75caf993c4ff4f0082,century,CROX,2025-02-13,Crocs,68,0,True,False,True,27,198656
8b09bac719acc90ff6375d89,century,YCBD,2025-02-13,cbdMD,18,0,True,True,True,20,82910
9dea10fb42e31ae92092a86e,century,TXG,2025-02-13,Genomics,1,0,True,True,True,29,219859
a581b4ed2934873d30e1b3a1,century,AGIO,2025-02-13,AGIOS,14,0,False,True,True,14,215785
b64665b35edbb74e1cba3f96,century,NBR,2025-02-13,NABORS,115,0,True,True,True,20,219907
e4ccf3e790a01adfc8793918,century,VERU,2025-02-13,VERU,0,0,True,True,True,28,192289
871158ec2dac369cfce03191,century,DJT,2025-02-14,,0,0,True,True,True,40,219056
abedb7945203a92e2fa392b2,century,AMCX,2025-02-14,Networks,40,0,True,True,True,102,179521
ac89d79388cc0fa041245842,century,NEUP,2025-02-14,Neuphoria,54,0,True,True,True,22,141942
e09fc6727bee2f0483d11728,century,VECO,2025-02-14,VEECO INSTRUMENTS,48,0,True,True,True,53,217233
f43a5174c2e4060760f81e33,century,EDSA,2025-02-14,Edesa Biotech,2,0,True,True,False,24,87178
faddb9eddf85fdd596115fcd,century,FOXX,2025-02-14,Foxx,0,0,True,True,True,144,164310
121d20e8dc928bcec046b3a3,century,ORIC,2025-02-18,Oric,0,0,True,True,True,114,220307
4573c8f2798b680a427b7d54,century,HTZ,2025-02-18,,0,0,True,False,True,245,218482
484e2d3e5b5785e554674554,century,WST,2025-02-18,SERVICES,23,0,True,True,True,13,151899
749ea15b36ee7417803c164e,century,PII,2025-02-18,,0,0,True,True,True,93,170968
808c2dd3b04f96cf03f5c501,century,MED,2025-02-18,MEDIFAST,0,0,True,True,True,25,104719
ade66cc70dc9d1a84883f477,century,IDYA,2025-02-18,IDEAYA Biosciences,5,0,True,True,True,38,219497
0a2008cdb66f96aed13f15ef,century,TROX,2025-02-19,Tronox,54,0,True,False,True,33,219732
37bfe87d444c95e38fbed1fe,century,SGLY,2025-02-19,,0,0,True,True,True,36,141535
6879ed57406e28bc8ce0513b,century,NE,2025-02-19,,0,0,False,True,True,6,220101
6c4ad1c13c22f8cefd17ce80,century,CRL,2025-02-19,LABORATORIES,2,0,True,True,True,71,210011
80769cdf6fc069e91642966c,century,CLVT,2025-02-19,CLARIVATE,0,0,True,True,False,52,175645
934c16f76b7e378c5906d535,century,CVI,2025-02-19,,0,0,True,True,True,48,207341
cce0061539aeb9eb6e955f70,century,CYH,2025-02-19,,0,0,True,True,True,60,219143
e924a3b468ded780ddb78cc3,century,CVI,2025-02-19,,0,0,True,True,True,115,219877
352c3e9124b04cf630ecd3ea,century,LUMN,2025-02-20,,0,0,True,True,True,47,219433
54d92c8eab3a4c88a4efd6e5,century,BTU,2025-02-20,PEABODY,125,0,True,True,True,98,219109
66deb8ade02923138aa20beb,century,VAL,2025-02-20,Valaris,0,0,False,True,True,71,182388
78cee762fb809645dcac630c,century,INSG,2025-02-20,INSEEGO,0,0,True,True,True,105,219906
99c7f77bdb4405e503cf44f4,century,SHEN,2025-02-20,SHENANDOAH TELECOMMUNICATIONS,50,0,False,True,True,3,176802
a27fc32379b56ccd9472f7d1,century,OLN,2025-02-20,OLIN,110,0,True,True,True,84,187466
ec72043d61bd198e3e7fec07,century,LUMN,2025-02-20,,0,0,True,True,True,16,181367
07b561dbcd143352fdcd65da,century,SVV,2025-02-21,Savers,10,0,True,True,True,20,200732
13d4becfc5f80c3c9706a213,century,UIS,2025-02-21,UNISYS,39,0,True,True,True,35,171862
2a9e1a00dafc5a62e2c7cf49,century,TTD,2025-02-21,,0,0,True,True,True,17,175518
5366567dabd16d89385ff38f,century,XIFR,2025-02-21,XPLR,1045,0,True,True,True,27,219679
9039b3c68d2fd3bf307147e3,century,FIVN,2025-02-21,Five9,12,0,True,True,True,12,220050
9895dd581b750e31d9b22fbc,century,AMKR,2025-02-21,AMKOR,47,0,True,True,True,40,177017
d470f6c4f1a63b0d3309b0fc,century,IIPR,2025-02-21,PROPERTIES,248,0,True,True,True,9,219849
ec7d4104d411e83be805f10a,century,EVH,2025-02-21,Evolent,18,0,True,True,True,52,219623
f1ca3efe5080f5afcd99bf16,century,ICLR,2025-02-21,,0,0,True,True,False,30,190271
62be8f1fb523f7e9df33de38,century,AZTR,2025-02-24,Azitra,4,0,True,True,True,36,201300
6ae64a9e5d942630dd5dad66,century,XRX,2025-02-24,Xerox,225,0,True,True,True,54,219519
d13838efdd84fa137a1c3354,century,KOS,2025-02-24,Kosmos,64,0,False,True,True,32,219910
f31e9dcdc83b813563dcd101,century,MAX,2025-02-24,MediaAlpha,0,0,False,True,True,39,219816
313f3aed3851b45898e6860b,century,DHC,2025-02-25,HEALTHCARE,14,0,True,True,True,25,169648
4784fb030b198b6c9e588f8c,century,BCYC,2025-02-25,,0,0,True,True,False,28,219681
68e8eac30961a5f6bb13b5c1,century,ZIP,2025-02-25,ZIPRECRUITER,0,0,False,False,True,69,219597
7c1a7152bb907acf4828f956,century,FSLR,2025-02-25,,0,0,True,True,True,41,219849
9e344a80aaab5baa4b9661f3,century,HYLN,2025-02-25,Hyliion,0,0,True,True,True,46,149638
a50d6655a995ad8718415833,century,RXST,2025-02-25,RxSight,0,0,True,True,True,31,220063
a74aad61a4c699d1f0c55448,century,RCUS,2025-02-25,Arcus Biosciences,5,0,True,True,True,12,186685
b70af9726f73e8d11fdce579,century,ENVX,2025-02-25,Enovix,20,0,True,True,True,27,220012
ed1e9d797b6521df161fc745,century,SMCI,2025-02-25,,0,0,True,True,True,87,219817
fad27ad8750ab4ab4d07b007,century,DFH,2025-02-25,Finders Homes,125,0,True,True,True,81,214909
1c6677a550f880f1505ccc72,century,RRGB,2025-02-26,BURGERS,8,0,True,True,True,53,138897
1e95740d9efebabf3d737265,century,EYE,2025-02-26,,0,0,False,True,True,47,219913
2ebd26ec15d0295266ec757a,century,SPT,2025-02-26,,0,0,True,True,True,72,210407
2f01663d48559fecc94676bd,century,KROS,2025-02-26,Keros,10,0,True,True,True,19,219827
35e88a1d8087d7f1db590aa7,century,GIC,2025-02-26,,0,0,True,True,True,31,141832
41be19f20370d506edd70a8d,century,STRL,2025-02-26,,0,0,True,True,True,37,167269
44975b9153d8fd877e318167,century,VKTX,2025-02-26,,0,0,True,True,True,31,219592
4cffce0dd7b4e7b0fdad54ef,century,HCAT,2025-02-26,,0,0,True,False,True,67,219412
8620dd36183238aa90c6cf04,century,BLMN,2025-02-26,Bloomin' Brands,124,0,True,True,True,5,214189
89bbea07d7ab64fa06e371e7,century,IMCR,2025-02-26,Immunocore,0,0,True,True,False,17,219991
98875fc01ff6fbe42befad3b,century,DK,2025-02-26,Delek,196,0,False,True,True,49,219681
a92c1977ac2ec8e142e1db5a,century,GO,2025-02-26,,0,0,False,True,True,58,219527
aa0ab92c2fea64b36c367e5c,century,IONQ,2025-02-26,IonQ,0,0,True,True,True,71,201435
d0c3e5d034f6aebef216d9f2,century,TSHA,2025-02-26,Taysha Therapies,11,0,True,True,True,71,220096
fad41b32bfc7acc8a3aa91dc,century,QS,2025-02-26,QuantumScape,0,0,False,True,True,39,188076
0b30dbc21f7d8b8d259cdd54,century,SMWB,2025-02-27,SIMILARWEB,0,0,True,True,False,35,219992
1217f791c4cb8f67074ffa2a,century,DV,2025-02-27,DoubleVerify,0,0,False,True,True,46,219726
1b328c1fa769512c71f7333b,century,DNUT,2025-02-27,Krispy Kreme,13,0,True,True,True,73,219701
1ff0dfdc80c88a8eaf10e168,century,NRDY,2025-02-27,Nerdy,120,0,True,True,True,113,207677
2270ba079168fb86b87d5734,century,CORZ,2025-02-27,,0,0,True,True,True,4,220081
34e9f9ec4d5f56f171056f80,century,SDRL,2025-02-27,Seadrill,0,0,True,True,True,150,220093
36793ef535a41f7e3c5b9231,century,XNCR,2025-02-27,Xencor,28,0,True,True,True,2,220073
3e20bda141bb2c92f9fbfe81,century,TRDA,2025-02-27,Entrada,2,0,True,True,True,6,220029
4065fa9169e296b787732d0d,century,TALO,2025-02-27,TALOS,43,0,True,True,True,72,219481
42452f223801e9906156e236,century,IOVA,2025-02-27,IOVANCE BIOTHERAPEUTICS,5,0,True,True,True,40,219354
45be02c0ae9942dd890c09b1,century,CRNX,2025-02-27,Crinetics,8,0,True,True,True,12,219840
4fdc8e3e27297faa1027773c,century,ASPN,2025-02-27,AEROGELS,7,0,True,True,True,21,219959
75713bbcaf435c3c1874797e,century,IBTA,2025-02-27,Ibotta,33,0,True,True,True,31,211596
7ba943beda8f19ac6720b023,century,SLN,2025-02-27,,0,0,True,True,False,43,211079
938e81cedd073e273887f7f6,century,DH,2025-02-27,Healthcare,50,0,False,True,True,114,218639
94a4878979027bd78ab73ece,century,PUBM,2025-02-27,PubMatic,0,0,True,False,True,24,219993
a16ef22d5a0d0ac868b8da9e,century,INTZ,2025-02-27,,0,0,True,True,True,101,189331
a6b7800b06dca2b52bdde51e,century,DMRC,2025-02-27,Digimarc,0,0,True,True,True,124,162896
a8e59a98747d3bfbf8a50adf,century,PDFS,2025-02-27,SOLUTIONS,29,0,True,False,True,40,194231
af5c77216ea6f812e3bf6587,century,MATV,2025-02-27,Mativ,44,0,True,True,True,48,178563
b48b6bcbbec388d197c0e7b2,century,SYRE,2025-02-27,Spyre,35,0,False,True,True,22,219813
bbc32c193b0e78767ec7f28b,century,SG,2025-02-27,Sweetgreen,0,0,False,True,True,50,219967
be84dc63f20f5f46cc048941,century,GERN,2025-02-27,GERON,30,0,True,True,True,34,207212
c01d7f5902eead8de201bd6e,century,GDRX,2025-02-27,GoodRx,44,0,True,True,True,18,219882
c65ba90264a1856592978864,century,KOP,2025-02-27,Koppers,0,0,False,True,True,216,203637
cbbab1ff97afbaa93859de8a,century,STM,2025-02-27,STMicroelectronics,9,0,True,True,False,17,219890
d3a8d6d3a3433d4f6a9e01bf,century,ACRS,2025-02-27,Aclaris,4,0,True,False,True,13,219875
d6381054ddf87651f57e9412,century,IE,2025-02-27,Ivanhoe,2,0,False,True,True,43,219712
d96e019e355658f6b890254e,century,CGEM,2025-02-27,Cullinan,130,0,True,True,True,15,219803
dd93b6cc54b5dd49d132b802,century,GTN,2025-02-27,,0,0,True,True,True,59,182299
e0abd44e5a756388c4c1caad,century,TMDX,2025-02-27,TransMedics,0,0,True,True,True,28,219791
f2e2dfafcfe60dfb017a2545,century,PBYI,2025-02-27,BIOTECHNOLOGY,5,0,True,False,True,32,192530
f3d7969fc35f787a7fd25fa7,century,XRAY,2025-02-27,DENTSPLY SIRONA,2,0,True,True,True,41,219742
f91986699446ac180a2f5ec8,century,MUR,2025-02-27,,0,0,True,True,True,44,187342
2389d5aa09e84cbc58d0cf8c,century,AAOI,2025-02-28,OPTOELECTRONICS,0,0,True,True,True,36,219352
419e4cda0b3f2c5e0acfca32,century,ALGN,2025-02-28,,0,0,True,True,True,32,164111
47338b250f4595bd5522b81c,century,KURA,2025-02-28,Kura,0,0,True,True,True,24,213083
6e74c867063e2304bfb812ff,century,PARR,2025-02-28,,0,0,False,True,True,62,219030
6f0406f38778731092e25c9b,century,ANGI,2025-02-28,Angi,0,0,True,False,True,102,180923
7e6171d69a774e8b38827a5d,century,APA,2025-02-28,,0,0,False,True,True,190,220930
7eb021fe9695c56aa7f14fcf,century,MYGN,2025-02-28,,0,0,True,True,True,14,179109
851858bd030241e0a1853f46,century,XPEL,2025-02-28,XPEL,0,0,True,True,True,56,144855
855ff4f553eac4cd3ceb3d61,century,JSPR,2025-02-28,,0,0,True,True,True,20,219779
8c7f66df3a791da80977c8e6,century,CSTM,2025-02-28,CONSTELLIUM,71,0,True,False,False,50,219803
9472556930c32bc4a8fb1e69,century,HKD,2025-02-28,AMTD,60,0,True,False,False,11,220013
9ad7e25e5e57ad41eeffedd9,century,CABO,2025-02-28,,0,0,True,True,True,54,218439
9c04a1504f2b4916b34c5be1,century,FDMT,2025-02-28,,0,0,True,True,True,12,219828
a04c2b97796005ceb01d8593,century,AMRC,2025-02-28,Ameresco,0,0,True,True,True,59,219885
af65b80a8670976e8d2e404a,century,RPD,2025-02-28,Rapid7,23,0,True,True,True,12,220035
afa1545eb99e2abb2e350785,century,CTKB,2025-02-28,Cytek Biosciences,11,0,True,True,True,12,219960
c174727cd0c040888a56ed19,century,FMC,2025-02-28,,0,0,True,True,True,173,205070
c740747d05f2a4eb037e079e,century,VERA,2025-02-28,,0,0,False,True,True,9,219949
cbf7e2eb80031cee239c92c0,century,TFX,2025-02-28,TELEFLEX,0,0,True,True,True,53,202286
cc8fc10968163a2582fac2d6,century,AMR,2025-02-28,,0,0,True,True,True,6,219999
d1023cc52db7767e34b1d4e8,century,ICFI,2025-02-28,,0,0,True,True,True,25,164556
f87805f4688807295ff024dd,century,RIOT,2025-02-28,Platforms,8,0,False,True,True,42,219955
fae93ec5fa05beddb07bab4a,century,HOV,2025-02-28,HOVNANIAN ENTERPRISES,46,0,True,True,True,21,154967
084d5f32981d30891c3fe0e7,century,BRKR,2025-03-03,BRUKER,24,0,True,True,True,23,220010
139dbfe1d8a83c52ea24cf55,century,SMR,2025-03-03,NUSCALE,318,0,True,True,True,61,142332
270ce428a156f478b3c6dcce,century,QSI,2025-03-03,Quantum-Si,0,0,True,True,True,31,219936
38aa29ef56bd4cf9fe6027ff,century,ANNX,2025-03-03,Annexon,0,0,True,True,True,25,210538
637d820e3b98c08e049e70f8,century,APGE,2025-03-03,,0,0,True,False,True,61,214081
7d2823ded44d422be52cc41e,century,SPIR,2025-03-03,,0,0,True,True,True,32,133031
85e456e85933164b311d2971,century,AMPH,2025-03-03,Amphastar,7,0,True,True,True,18,219711
8a9987f5c32fccb55c586e51,century,INDI,2025-03-03,indie,47,0,True,True,True,31,219622
96288405d58bc794e5fcffbc,century,ARCB,2025-03-03,ARCBEST,32,0,True,True,True,3,182834
a14842c9ca163e4e83b10d9f,century,HUT,2025-03-03,,0,0,False,True,True,40,220097
a63fcc88b0243e0c7daaeed9,century,CELH,2025-03-03,,0,0,True,True,True,71,219698
bc4c7cc52a547f7c9d084900,century,NMRA,2025-03-03,Neumora,6,0,True,True,True,13,220095
ca5f041ab264711f35d2d7fa,century,MARA,2025-03-03,,0,0,False,True,True,24,220011
da3d7f1c9528e77df5a0cb4d,century,PGNY,2025-03-03,Progyny,0,0,True,True,True,61,165211
db47b2eef223c40081003372,century,EU,2025-03-03,,0,0,False,True,False,9,220057
e5f14e9e22c85535e3771009,century,WULF,2025-03-03,TERAWULF,0,0,True,True,True,70,219931
ed76d84c3183b939da718338,century,PLRX,2025-03-03,,0,0,True,True,True,13,218094
f1e412300ecc36120fe3758d,century,IBRX,2025-03-03,ImmunityBio,0,0,True,True,True,33,219939
f6b823cf4a20c8eda2ceba9e,century,INDV,2025-03-03,INDIVIOR,0,0,True,True,True,133,219933
2b013d33a507d3032dd18f3e,century,ATOM,2025-03-04,Atomera,0,0,False,False,True,37,193991
3e46eb6814cb7f226f5551f7,century,CYCN,2025-03-04,Cyclerion,44,0,True,True,True,17,195021
438ef9b65645d92cb8cbb4a1,century,EBS,2025-03-04,BioSolutions,0,0,True,True,True,21,219766
8ae0d6d3cdf357782d4990e3,century,QXO,2025-03-04,,0,0,True,True,True,49,171658
afe09d220f4a7d931f501507,century,WTI,2025-03-04,,0,0,True,True,True,28,219980
ec86ae8176eb3f6af9e572d9,century,GDOT,2025-03-04,,0,0,True,True,True,119,167248
f2ee4370ad36957768ff8702,century,NXE,2025-03-04,NexGen,30,0,True,False,False,6,15734
ff7eaeb7935a91fb3b3c95bb,century,ADIL,2025-03-04,ADIAL,13,0,True,True,True,28,219744
1deb9382ab9d7cb712fbb6ed,century,DIN,2025-03-05,Brands,21,0,False,True,True,57,217065
23c7ebc08c83798ae0d7373d,century,SRTS,2025-03-05,Sensus Healthcare,172,0,True,False,True,42,185636
38c27c47f680b3a06b15cabe,century,AQST,2025-03-05,Aquestive,24,0,True,True,True,66,219231
454b9111e44efa6634126148,century,SMRT,2025-03-05,SmartRent,0,0,True,True,True,63,216691
4bb563a32e6f96f22ca0fd42,century,TARA,2025-03-05,Protara,5,0,False,True,True,91,187384
6eb19e89dd005a3425f0a60f,century,ARQ,2025-03-05,,0,0,True,True,True,198,220533
7ae8867ed72cad96550127a1,century,MEI,2025-03-05,METHODE,2,0,True,True,True,23,145585
8147c462229bd6427aca49e7,century,AUUD,2025-03-05,AUDDIA,24,0,True,True,True,22,202338
84794bceffd83772dfc67c6a,century,BYND,2025-03-05,,0,0,True,False,True,35,219917
97ccf2cf6c5e62d411fd08a6,century,ALTG,2025-03-05,ALTA,27,0,True,True,True,34,180594
b4dbd13f8c42c5f475f424b1,century,BTE,2025-03-05,BAYTEX,0,0,True,False,False,5,15504
d85ec4676e12c108a1bfc97b,century,REI,2025-03-05,,0,0,True,True,True,34,198415
ed26a34541943253cb297aef,century,AMPY,2025-03-05,,0,0,True,True,True,65,219641
f7ade67fd659598f5083f420,century,ETHA,2025-03-05,iShares Ethereum,182,0,True,True,True,7,219983
00c37b3ec36561365afe1d4e,century,SLDB,2025-03-06,Biosciences,1,0,True,True,True,13,219959
0d9e2973cde179c9a4711b26,century,ALXO,2025-03-06,,0,0,True,True,True,32,219719
16c3c0f01963d41e415756c0,century,EVGO,2025-03-06,EVgo,0,0,True,True,True,188,220687
1c867f3e1aa908083ab064d7,century,LODE,2025-03-06,Comstock,0,0,False,True,True,133,220069
441670378c211968e55860a4,century,EXOD,2025-03-06,,0,0,True,True,True,18,170291
66bfffa9ecbc9517ff8d2d65,century,PHAT,2025-03-06,Phathom,1,0,True,True,True,13,219848
6c90d3fc85cf58b04b180781,century,ARCT,2025-03-06,,0,0,True,True,True,55,167204
7eb8ef9a79acf631d6f53fec,century,TRMD,2025-03-06,TORM,147,0,True,True,False,41,220089
888695b5c5add898e2000bb0,century,CYN,2025-03-06,Cyngn,20,0,True,True,True,14,219739
89b7278cb24f6cedb766b816,century,CBRL,2025-03-06,,0,0,True,True,True,16,92990
b8522206a8bf5bce8c3fa20f,century,ORKA,2025-03-06,Oruka,108,0,True,True,True,93,220091
b8e6744d0264f3a14bb1e795,century,ACET,2025-03-06,Adicet,28,0,True,False,True,21,219945
c6a5868d9c0e4cb0ba812f60,century,ERO,2025-03-06,,0,0,True,False,False,5,17129
e2e4b15bcbd914c284f2934d,century,STVN,2025-03-06,Stevanato,84,0,True,False,False,11,219947
2497f66a352584a80d279558,century,NABL,2025-03-07,N-able,22,0,True,True,True,30,219961
2c0c38547db00790c38bae8a,century,CYRX,2025-03-07,Cryoport,0,0,True,True,True,80,219951
52fb1e81ec8496d0ffcecd09,century,TKNO,2025-03-07,Teknova,41,0,True,True,True,41,219662
695016786742e51ad5b67744,century,MASS,2025-03-07,Devices,63,0,False,True,True,57,220108
7bce4a33372a747a7e0394e7,century,AI,2025-03-07,,0,0,False,True,True,95,118498
ac0ba9020f4df53706fa8dae,century,RGTI,2025-03-07,Rigetti Computing,126,0,True,True,True,17,219920
c1ebe023129aba972774e4db,century,OSUR,2025-03-07,ORASURE,15,0,True,True,True,14,219929
cb3254c9641efe853e35dd31,century,ASC,2025-03-07,Ardmore,40,0,True,True,False,47,206946
f4f599a67870313f53437ab9,century,JMIA,2025-03-07,Jumia,29,0,True,True,False,10,220003
0ff691beb787086d0b5cc6ad,century,NPWR,2025-03-10,,0,0,True,True,True,176,188306
227bac0320b961a84bdb39d9,century,NFE,2025-03-10,,0,0,True,True,True,22,220069
30e88c52b445637643c90d8c,century,CRDO,2025-03-10,,0,0,True,True,False,22,83199
795b5db3780d7d0870ce9d87,century,ALGS,2025-03-10,Aligos,24,0,True,True,True,18,219813
a883a1aee3562a97eb079b03,century,URGN,2025-03-10,UroGen Pharma,4,0,True,True,True,32,207976
f8b2e169e73dbf55afb66c79,century,BNED,2025-03-10,Barnes,2,0,True,True,True,38,181147
05e6928662f8a9168fbeec33,century,VYGR,2025-03-11,,0,0,True,True,True,10,219913
0e335ad22074bfb71de99614,century,RAPP,2025-03-11,,0,0,True,True,True,3,220055
0ec6f95296c2ccda284b5332,century,LAB,2025-03-11,BIOTOOLS,0,0,False,True,True,42,219785
30e51bf3e584961f06d63178,century,SOUN,2025-03-11,SOUNDHOUND,188,0,True,True,True,30,219795
4cd3f0f3e1b0343aed2e1e3a,century,NX,2025-03-11,Quanex Products,28,0,False,True,True,34,124369
55181198b53a1eae905d1750,century,BLZE,2025-03-11,Backblaze,0,0,True,True,True,36,166544
6415ede6d9e81567a0cc02d7,century,CTM,2025-03-11,Castellum,0,0,True,True,True,32,219943
70401bde6c0f5b32b9878c6f,century,OPFI,2025-03-11,OppFi,145,0,True,True,True,33,220047
89780f5fb151d93059b143a4,century,RDW,2025-03-11,Redwire,0,0,True,True,True,66,219985
8ca89f2404738f0f72902f9e,century,LFMD,2025-03-11,LifeMD,53,0,True,False,True,50,173619
9004324b7215d8757ef32fc0,century,XLO,2025-03-11,Xilio,27,0,True,True,True,12,219945
9a7ef17f091666934a1188bd,century,EVTL,2025-03-11,Aerospace,13,0,True,True,False,16,219899
abdf80b9facb49b80f324ba1,century,AES,2025-03-11,,0,0,False,True,True,346,221635
adac787664b9c3f6ff9f9500,century,GRPN,2025-03-11,Groupon,0,0,True,True,True,77,219920
b1aef8d67561fc7dea536e06,century,ZBIO,2025-03-11,Zenas BioPharma,10,0,True,True,True,14,219947
c3487f4fbfe64f1aebe42248,century,WBTN,2025-03-11,WEBTOON,42,0,True,True,True,37,219465
d4a2c3a95a4e72af7ee0bd60,century,SIGA,2025-03-11,SIGA,0,0,True,True,True,71,128614
fb74f6ffff551bfc57d181b0,century,LEGN,2025-03-11,Biotech,5,0,True,True,False,24,219906
40826806137c0a2fd93d1b88,century,NN,2025-03-12,NEXTNAV,0,0,False,True,True,133,195870
52c7c74ec121856e52356c24,century,PGY,2025-03-12,Pagaya,117,0,True,True,True,10,219952
5af76ca797f4341b8106264c,century,HDSN,2025-03-12,HUDSON,72,0,True,True,True,3,207984
5bcfd7403aff9cafd463286f,century,RAIL,2025-03-12,FreightCar,17,0,False,True,True,77,197317
8fcde221d5dc17cc08d6caa5,century,IMMR,2025-03-12,,0,0,True,True,True,112,203934
b79d77d6026a6f146238a299,century,UEC,2025-03-12,,0,0,True,True,True,30,182803
f0e4a6d0797d93cbf26da2f3,century,MRVL,2025-03-12,Marvell,15,0,True,True,True,57,210489
faaa1f93076376b7852c3cba,century,AEYE,2025-03-12,AUDIOEYE,0,0,True,True,True,103,200666
0a42fd4d93335a775520de79,century,ZUMZ,2025-03-13,Zumiez,16,0,True,True,True,16,116775
1189f02592def6a619e55b4f,century,STRO,2025-03-13,SUTRO BIOPHARMA,1,0,True,True,True,37,219975
167d4b6ab068dbf6c88307fd,century,RGNX,2025-03-13,REGENXBIO,0,0,True,True,True,16,220009
2519f72fb7fe41cc8df7ea41,century,INAB,2025-03-13,IN8BIO,4,0,True,True,True,17,220005
3eaed0508313c6798c8fadd0,century,FIP,2025-03-13,FTAI,65,0,False,True,True,55,219373
5a36565851964a1d4a639441,century,ALLO,2025-03-13,,0,0,True,True,True,49,220049
5eebbffe5425b95485658c34,century,BLDP,2025-03-13,Ballard,3,0,True,False,False,8,54856
66a2b5d51d1d522d0de44de7,century,OTLY,2025-03-13,Oatly,22,0,True,False,False,15,220009
6722c807ff3f5951edce9320,century,FNKO,2025-03-13,Funko,34,0,True,True,True,63,213536
89b3d01fc93f11006db92f5d,century,ASTL,2025-03-13,Algoma,2,0,True,False,False,7,25180
b82474cea5be9376f2b67ee9,century,PESI,2025-03-13,PERMA SERVICES,88,0,True,False,True,14,156449
ca8061eb38cd134378881378,century,CADL,2025-03-13,Candel,4,0,True,True,True,7,219988
d2cebb7274ed95baf58f7609,century,PSQH,2025-03-13,,0,0,True,True,True,55,219599
de1978dd7d4b41c0d75fcb16,century,LDI,2025-03-13,loanDepot,0,0,True,True,True,26,219979
f9802e2083d918b09495aa4c,century,CARS,2025-03-13,Carlyle Solutions,93,0,True,False,True,17,219859
32468e41ffae0b4c52cb2246,century,BBWI,2025-03-14,,0,0,True,True,True,22,142762
41a2aa96d413c37ddac66121,century,CNR,2025-03-14,Brands,12,0,True,True,True,31,177931
46704d688ff520cd12ed20ff,century,BFRG,2025-03-14,,0,0,True,False,True,56,158686
4b144955dacc2bc269b8c996,century,AXTI,2025-03-14,,0,0,True,True,True,3,216102
4d7338764dc0e8a8e62d7eed,century,TNK,2025-03-14,TEEKAY TANKERS,234,0,True,True,False,30,219863
531253f9948ba6635536bb5f,century,NKTR,2025-03-14,NEKTAR,22,0,True,True,True,41,220004
8328ec27f5cfd25dd781fd90,century,HRI,2025-03-14,Highlands,28,0,True,True,True,36,186805
87fede9c34023ec93b9cb0fa,century,OGEN,2025-03-14,ORAGENICS,0,0,True,False,True,24,220051
8a66f659b9b8fa5022b182ba,century,BTBT,2025-03-14,,0,0,True,True,True,35,219966
9ac2b69145de8db0d971b30a,century,HLLY,2025-03-14,Holley,83,0,True,True,True,32,216280
d97548b136e6b74d03a8cd10,century,STXS,2025-03-14,,0,0,True,False,True,41,210828
ee1b80c3b21e37e9314f3097,century,SBET,2025-03-14,SharpLink,0,0,True,True,True,256,219266
f6d85dbf263fb3dbc0ddbecd,century,ASTH,2025-03-14,Astrana,80,0,True,True,True,22,219881
393199823a3871d6285c18ad,century,CRVO,2025-03-17,CervoMed,0,0,True,True,True,19,220004
5576f8c4858eabe44d56f225,century,ULH,2025-03-17,,0,0,True,False,True,31,175832
586ef3728cba6ff77c46a90a,century,MGX,2025-03-17,Metagenomi,0,0,True,True,True,52,219913
77ffc1abd860ac9a5f7e6b6d,century,NRC,2025-03-17,,0,0,True,True,True,37,132299
93513ff3c6a4c4de7429e008,century,METC,2025-03-17,Ramaco,7,0,True,True,True,13,219955
98e86aea8921a1812cf61de5,century,GETY,2025-03-17,Getty Images,55,0,True,True,True,127,218831
dacfdf4df0579340430aa439,century,SANA,2025-03-17,Sana Biotechnology,8,0,True,True,True,9,220001
fd5654c7580ecf3f25ca85cc,century,MBX,2025-03-17,Biosciences,0,0,True,True,True,46,220073
073af7bee6c3542a9e87a4ce,century,SLXN,2025-03-18,Silexion,92,0,True,True,False,84,218690
0d35a49fbee15826fb28055b,century,LWLG,2025-03-18,Lightwave,0,0,True,True,True,23,164501
19eca8e9cd5be2517fab02c4,century,LOB,2025-03-18,Bancshares,37,0,False,True,True,37,219524
4a197d220123b1de21e09131,century,KRRO,2025-03-18,Korro,4,0,True,True,True,51,220143
5f2ffc3cf13eefaa7f5c13ab,century,STOK,2025-03-18,,0,0,True,True,True,14,195183
810a3d427a4f4c82e0f3ea8e,century,OABI,2025-03-18,OmniAb,48,0,True,True,True,16,220021
84fd89a2dd4eb29b11ce859c,century,TNXP,2025-03-18,Tonix,43,0,True,False,True,37,219405
9677e4da6f1d139c88918efe,century,ABSI,2025-03-18,Absci,9,0,False,True,True,23,220031
c8094f89a4fae008834677f3,century,ASAN,2025-03-18,,0,0,True,True,True,36,219985
c9b58c846c8e32094cd41665,century,SNDL,2025-03-18,SNDL,0,0,True,False,False,6,18804
e5f536f5046dfb8166903488,century,OLMA,2025-03-18,Olema,15,0,True,True,True,15,219832
1c879ec90ce4e60995f86554,century,SIG,2025-03-19,JEWELERS,0,0,False,True,False,17,219982
6c587500860d23c665415514,century,TZOO,2025-03-19,TRAVELZOO,0,0,True,True,True,159,170943
7beadcb2c692f45851282b5c,century,ALMS,2025-03-19,ALUMIS,8,0,False,True,True,4,220074
811176bc785dcb9050f8043f,century,SINT,2025-03-19,Sintx,34,0,True,True,True,29,219679
923fa07590c028385258a9ad,century,CAMT,2025-03-19,CAMTEK,46,0,True,True,False,20,220041
e1dd6ae24a5ec3f9d568927b,century,NICE,2025-03-19,,0,0,False,True,False,94,220346
f1a6cc2ac07db40fa0894201,century,NVTS,2025-03-19,Navitas,27,0,True,True,True,39,187879
01d32f05e7707c24e4bf198a,century,LAES,2025-03-20,SEALSQ,173,0,True,True,False,10,220056
060cb4311121df1109d29147,century,TECX,2025-03-20,,0,0,True,True,True,38,219425
093aeaf5d941f72b4d4010cc,century,FIVE,2025-03-20,,0,0,False,True,True,23,139413
17d0534b802dbb8b3b9920c5,century,VSTM,2025-03-20,Verastem,0,0,True,True,True,20,220049
6cc1d269331a7778050ca24c,century,AUTL,2025-03-20,Autolus,17,0,True,True,False,15,219905
984aa567e4b8de5f939379ac,century,MGNX,2025-03-20,MACROGENICS,0,0,True,True,True,30,204932
c889eb41fb69740bf8b0dc01,century,ANRO,2025-03-20,Neuroscience,0,0,True,True,True,9,219986
e9774e5eae8aa7401d88afca,century,ERAS,2025-03-20,Erasca,10,0,True,True,True,47,220189
eb694ff5f78044c468418b24,century,AEO,2025-03-20,OUTFITTERS,1,0,True,True,True,57,185415
f8b0ae8d7f5acc1f95261b9b,century,QUBT,2025-03-20,Computing,13,0,True,True,True,73,201288
1931b72a86c0c98a7269f48b,century,STNG,2025-03-21,Tankers,40,0,True,True,False,13,219994
19cef968ba3e8528be471d68,century,HOLO,2025-03-21,MicroCloud Hologram,9,0,True,True,False,31,219718
28fc208bb1758c2059e89e03,century,MDB,2025-03-21,MongoDB,0,0,True,True,True,71,219974
4a990f81fe69327cf148d264,century,SDHC,2025-03-21,Homes,130,0,True,True,True,40,219460
992e02ecb8e1b1e949968b94,century,MBRX,2025-03-21,Moleculin Biotech,12,0,True,True,True,31,212288
9f75de24f1abe16d354823df,century,JVA,2025-03-21,,0,0,True,False,True,1,66517
af865676b556f46d294c2970,century,SHIP,2025-03-21,Seanergy,31,0,False,True,False,19,219960
df8a32b6dfd3593d1da183ca,century,SCHL,2025-03-21,,0,0,True,True,True,66,135807
ec9c947fff91098563f1fbf1,century,NFGC,2025-03-21,,0,0,True,False,False,6,30086
16dd6c779ae693a3582cf9c1,century,LRMR,2025-03-24,Larimar,13,0,True,True,True,17,218871
297450da9632b928e06989ea,century,FWRD,2025-03-24,,0,0,True,True,True,52,211944
70c0fb9ec22ead582ea59e5e,century,OKLO,2025-03-24,Oklo,0,0,True,True,True,119,220466
c322667b3856cef258bee1bd,century,ABVX,2025-03-24,Abivax,12,0,True,True,False,2,220073
db7700a8c2f8c317cf12cb1e,century,SLI,2025-03-24,,0,0,True,False,False,6,29964
0bc4cdce451e4197a0403e6a,century,DELL,2025-03-25,,0,0,False,True,True,113,219321
1a2212c204c36220daa02a36,century,LUNR,2025-03-25,Machines,2,0,True,True,True,167,218175
430ed6da20ee72aeea6ef9c4,century,MBOT,2025-03-25,Microbot,202,0,True,False,True,50,197949
704c52554de867823635481a,century,CRNT,2025-03-25,CERAGON NETWORKS,66,0,True,True,False,9,220005
9c05ed8dd6ca4e266e5b592c,century,CRVS,2025-03-25,,0,0,True,True,True,16,219817
b6edb3ccdc1aadaf6f0198a2,century,RUM,2025-03-25,,0,0,False,True,True,18,220051
c25bed0806eb2420dd26bb19,century,SMTC,2025-03-25,SEMTECH,0,0,True,True,True,18,220037
e5b56bdefe572a0058962d11,century,PERI,2025-03-25,Perion,27,0,False,False,True,19,219945
f35c5d5a8761989ab42c8dcd,century,BORR,2025-03-25,Borr,0,0,True,True,False,38,220028
170b3329e5f0a594f0882d12,century,MREO,2025-03-26,Mereo BioPharma,50,0,True,True,False,48,219511
18dc6f79b942311a4f5cb5bd,century,DLTR,2025-03-26,,0,0,True,True,True,58,187497
4d7f170e01e74ba1686ff0e5,century,TH,2025-03-26,,0,0,False,False,True,52,219421
7983fdfab8439bec14f38c6a,century,GCO,2025-03-26,GENESCO,0,0,True,True,True,86,173248
d710a1ec2b85e1206f4016b0,century,QUIK,2025-03-26,QUICKLOGIC,0,0,True,True,True,33,185763
dde4f0308b90ed3a9f607f0a,century,CATX,2025-03-26,,0,0,True,True,True,44,219205
15afbf5e61b6cf09da8c25c5,century,IQ,2025-03-27,iQIYI,68,0,False,True,False,33,219975
173fbf548477c84601653f41,century,AQB,2025-03-27,AQUABOUNTY,14,0,True,False,True,54,177174
60cf3febdca2b921fe9a6874,century,UMAC,2025-03-27,Machines,1,0,True,True,True,40,219697
6a9b13717c58ecb004c7bc4b,century,GLBE,2025-03-27,Global-E Online,11,0,True,True,True,6,220029
6bea065c9503069e09df878e,century,LE,2025-03-27,LANDS',0,0,False,True,True,2,197273
7122de7ce7dace488959d4c6,century,DDD,2025-03-27,,0,0,True,True,True,109,219583
7223a1baf82786f948ce2afb,century,GOVX,2025-03-27,GeoVax Labs,41,0,True,True,True,28,144186
860af9d9f3a44b070635dccd,century,KOD,2025-03-27,Kodiak Sciences,28,0,True,True,True,35,207730
9663f4aa172b35c8f3c62791,century,ZGN,2025-03-27,Ermenegildo Zegna,109,0,True,True,False,13,219978
a12e77c0182af4e022eec1f4,century,IMTX,2025-03-27,Immatics,38,0,True,True,False,15,220008
a615b59345ed27d8968c880a,century,SVRA,2025-03-27,,0,0,True,True,True,32,193576
a8530b0d34ea0bf46c58bcaa,century,WGO,2025-03-27,,0,0,True,True,True,20,100223
d57b3069b0c2a51faaca298d,century,BCAX,2025-03-27,Bicara,4,0,True,True,True,10,219965
dd334cc79114153e491cbc33,century,HROW,2025-03-27,,0,0,True,True,True,56,219857
e733ea0a8d28653d1d787a05,century,CANG,2025-03-27,Cango,47,0,True,True,False,3,220077
07fec5e514548812a30c4127,century,LAC,2025-03-28,AMERICAS,0,0,False,True,False,118,219890
7e09a71b8c155a0c80add5ba,century,ARBE,2025-03-28,Arbe Robotics,0,0,True,True,True,13,220061
c1e2393b0e682ec1d9c49110,century,DRCT,2025-03-28,,0,0,True,True,True,39,219511
d147ddd09de7f8b2fe70c0c8,century,SA,2025-03-28,SEABRIDGE,0,0,False,False,False,4,37625
d85fa0c57c0dbd4e9390fd3c,century,ENVB,2025-03-28,Enveric Biosciences,39,0,True,False,True,44,219468
e12fa02d98d2eacefa7b287c,century,CDZI,2025-03-28,CADIZ,67,0,True,True,True,122,199077
f97ab3baf54ba1e282257a19,century,CLRO,2025-03-28,CLEARONE,0,0,True,True,True,35,163141
00fc2429713b1afa791ad96f,century,HCTI,2025-03-31,Healthcare,61,0,True,True,True,45,182447
085f5e7f4f318886ab8bc7e8,century,OXM,2025-03-31,,0,0,True,True,True,44,214592
1d8063c0aefe8c5f0e3bcf73,century,ASPI,2025-03-31,Isotopes,138,0,True,True,True,56,219691
520da7168a4f40e43e3e10dc,century,TRNR,2025-03-31,,0,0,True,True,True,4,220049
6596345ad473e0ced7cff06a,century,NVVE,2025-03-31,Nuvve,31,0,True,True,True,11,219989
6db8102ccde0c9f2325143e4,century,XOS,2025-03-31,,0,0,True,True,True,84,220353
8113768e61232d3d6ab85068,century,CAPS,2025-03-31,,0,0,True,True,True,81,164539
83f4265b157c27c1b787d873,century,MVST,2025-03-31,Microvast,0,0,True,False,True,58,219642
83fc4a71d674173653eaeff4,century,SOAR,2025-03-31,Volato,66,0,False,False,True,24,197547
866ef3ddfa1284a8aa3d6c27,century,ALLR,2025-03-31,Allarity,19,0,True,True,True,53,219211
86c3ee4e7db87578e87c97bd,century,REBN,2025-03-31,,0,0,True,True,True,86,198372
ad048c950b95051b69702c23,century,BMEA,2025-03-31,Biomea,1,0,True,True,True,18,219912
b8c03840ab635d6e72618cb7,century,ANF,2025-03-31,ABERCROMBIE,66,0,True,True,True,3,149159
cedbb7fd90f2529d972d9ae6,century,WOOF,2025-03-31,Petco,44,0,False,True,True,2,220073
d6f2cce90f940de6b6418f08,century,CNSP,2025-03-31,,0,0,True,True,True,37,164098
ee23f636fda35013499e2987,century,CELC,2025-03-31,Celcuity,0,0,True,True,True,57,181574
ef15dd3143e37c80bc351aa6,century,ATNM,2025-03-31,,0,0,True,False,True,44,154605
f60ffdbaf6dab03ca5c38108,century,BAK,2025-03-31,BRASKEM,231,0,True,True,False,1,220070
fcbabe0397f768a919fc8466,century,NIXX,2025-03-31,Nixxy,8,0,True,True,True,24,220014
fd1add36a53b5b6727c378dd,century,NXDT,2025-03-31,NEXPOINT,20,0,True,True,True,26,219965
0c65574cf99a3deefb06c455,century,PVH,2025-04-01,,0,0,True,True,True,40,181709
a9a110a01c9c51fcb03237ce,century,JILL,2025-04-01,,0,0,False,True,True,78,214277
c1b0e04078e5bb68911e5e3d,century,CAL,2025-04-01,CALERES,0,0,False,True,True,22,167881
d23c924a23265fdc27d88e95,century,HIMX,2025-04-02,Himax,42,0,True,True,False,96,218993
e0acab922ded7a884bb79987,century,RH,2025-04-02,,0,0,False,True,True,99,220659
ef4f8fc2efd9e582f2d1fc0c,century,GLMD,2025-04-02,Galmed,11,0,True,False,False,8,219969
a18fae4420a09878e2d7e35f,century,RGP,2025-04-03,,0,0,True,True,True,43,168099
cc2992bcf64831a9f342b422,century,LW,2025-04-03,Weston,0,0,False,True,True,28,104345
66fd0f64292a39579ecf7ba6,century,LEN,2025-04-04,LENNAR,110,0,False,True,True,5,163286
33b1a50a4b12239014439de9,century,CXAI,2025-04-07,CXApp,130,0,True,True,True,26,220067
3be4ab04a62c902960dd02fd,century,FRO,2025-04-07,Frontline,0,0,False,True,False,72,219915
24b413c45b903fe20777df2d,century,NRIX,2025-04-08,Nurix,0,0,True,True,True,10,144220
4f39f1530f4149a947eba5a7,century,NIO,2025-04-08,,0,0,True,True,False,159,220810
ae7e81d983d03a49a29f5111,century,TLRY,2025-04-08,Tilray Brands,63,0,True,True,True,48,201150
ed336ec3b8e5c22f1c366ca2,century,FC,2025-04-08,,0,0,False,True,True,14,93387
ee9410693feed459efd36aa8,century,KRUS,2025-04-08,KURA SUSHI,42,0,True,True,True,14,85268
1b2d034fc65d7dd99495842d,century,ACON,2025-04-09,Aclarion,0,0,True,True,True,43,219981
52c42f7b10f575702468134a,century,NNOX,2025-04-09,Nano-X Imaging,57,0,True,True,False,6,220049
75754448c15da4966e528054,century,KBH,2025-04-09,,0,0,True,False,True,17,171028
d9b451e7c68497432455871a,century,NEOG,2025-04-09,NEOGEN,22,0,True,True,True,11,91561
e5da813a476aa996fa5dd786,century,DAL,2025-04-09,LINES,1,0,False,True,True,43,67804
eabe0d21af1643f0d764b31f,century,JEF,2025-04-09,Jefferies,28,0,False,True,True,30,219589
8c9239e49e4980989cfbe55d,century,LOVE,2025-04-10,Lovesac,0,0,False,True,True,27,170917
a5a67fc139603b95a0276ec1,century,BYRN,2025-04-10,Byrna,29,0,True,True,True,15,83372
c79431646494106283fdce2e,century,AEHR,2025-04-10,AEHR,0,0,True,True,True,15,87151
0596f31001eb86d21a2abc92,century,WS,2025-04-11,Worthington,24,0,False,True,True,44,159264
29627498786e86d11d4c2d37,century,BDRX,2025-04-11,Biodexa,2,0,True,True,False,11,219910
0e0b9a9d853a4988217013b9,century,APLD,2025-04-14,,0,0,True,True,True,78,214467
25d76b27f1515477af021693,century,TSSI,2025-04-15,,0,0,True,True,True,10,180558
42597fb68d734f77459d4f17,century,SUNE,2025-04-15,SUNation,32,0,False,True,True,31,219830
44d440e992f51b32809b0b2a,century,LNZA,2025-04-15,LanzaTech,80,0,True,True,True,23,219815
5aec8e24e41929191a28deeb,century,BGLC,2025-04-15,BioNexus,3,0,True,True,True,49,176975
5bf43c511f73b202abbbf477,century,PNBK,2025-04-15,,0,0,True,True,True,48,219397
5db1d4cad7f789b9c59113b3,century,DOMH,2025-04-15,Dominari,0,0,True,True,True,159,200290
966d90a132d106c470fa57c0,century,RNAZ,2025-04-15,Transcode,8,0,True,True,True,7,219985
9e6cdcaa4dc5a5c886223ab9,century,API,2025-04-15,,0,0,True,True,False,36,219997
ce31400cd2128ac25766d006,century,KITT,2025-04-15,Nauticus Robotics,53,0,True,True,True,60,219427
d7de9a2225e1d36f6ea0b3ee,century,EH,2025-04-15,EHang,51,0,False,True,False,2,220077
0f3b48be026b367f7120b021,century,MOV,2025-04-16,MOVADO,88,0,True,True,True,3,201342
03455b31ded049bbeb8f0c80,century,LAKE,2025-04-17,,0,0,False,True,True,54,204585
b76f7dfa36ebebe2dc12db2a,century,PLCE,2025-04-17,Childrens,0,0,True,True,True,4,175638
d0e4dfa84141671f30f04cce,century,LBRT,2025-04-17,,0,0,True,True,True,31,101023
ed644d9fcc250cd9ff35b577,century,NIU,2025-04-18,,0,0,True,True,False,59,219996
037b4a2fcf60ad8ad4a2b808,century,BTDR,2025-04-21,Bitdeer,25,0,True,True,False,9,219965
3c6c42fbd02cbf98c4600c66,century,DDL,2025-04-21,,0,0,True,True,False,15,220122
012935536d7cd5b86a566e04,century,PEGA,2025-04-22,PEGASYSTEMS,0,0,False,True,True,59,85874
4395349dc169af2ea36c13c3,century,GOTU,2025-04-22,Gaotu Techedu,16,0,True,True,False,22,219913
4647dcfb092a92e3a0f96a60,century,JYD,2025-04-22,Jayud,18,0,True,True,False,28,219920
562c4c408156751653e33863,century,HRI,2025-04-22,HERC,59,0,True,False,True,19,93572
aaa062243381213a82f9e227,century,NIVF,2025-04-22,NewGenIvf,0,0,True,True,False,459,219621
c364466ab1c78482ae7d372e,century,MTLS,2025-04-22,MATERIALISE,68,0,True,True,False,30,219915
d61d427bfdc9d0943d666e2b,century,WIMI,2025-04-22,WiMi Hologram,30,0,True,True,False,115,220435
0740173aa5417542a6f34e15,century,MXL,2025-04-23,MAXLINEAR,0,0,True,True,True,141,182795
53961c355bf1fd9f024194ac,century,VRT,2025-04-23,Vertiv,50,0,True,True,True,16,89765
6430c01d794e7df8afa7a1c8,century,PRG,2025-04-23,,0,0,True,True,True,28,109419
9409200467e4306778461331,century,TIGR,2025-04-23,Fintech,12,0,True,True,False,10,220057
9ea1095ff872a9d1830bc7b7,century,TSLA,2025-04-23,Tesla,67,0,True,True,True,16,107941
befa64693c451664f982eb5b,century,UGP,2025-04-23,ULTRAPAR,0,0,True,True,False,145,220062
02dc0d9cc85e31ad9495a2df,century,APOG,2025-04-24,ENTERPRISES,0,0,True,True,True,28,187012
064dad71584bfb76cdd6179d,century,WHR,2025-04-24,,0,0,True,True,True,2,112796
209ca35dc205acd123c7bc2e,century,CCS,2025-04-24,Communities,24,0,True,True,True,35,175898
4f0f3e8c6bb1f148c59b80d7,century,NVCR,2025-04-24,NovoCure,0,0,True,True,True,20,86065
752e91222b7d5508817d75a5,century,HZO,2025-04-24,MARINEMAX,0,0,True,True,True,27,118697
8656112c2d4fa96df34cadc4,century,HLX,2025-04-24,SOLUTIONS,0,0,True,True,True,13,114700
9385946729ab739cb91a2474,century,OII,2025-04-24,OCEANEERING,5,0,False,True,True,10,101164
a64d6c2f4dd896bed9c7f1eb,century,THRM,2025-04-24,Gentherm,0,0,True,True,True,31,114780
b06751d1b5f3e850b84fb5c7,century,TUYA,2025-04-24,Tuya,0,0,True,True,False,65,220230
c1c79e1ad6e763c4338b8495,century,AAL,2025-04-24,Airlines,11,0,False,True,True,72,143725
c420fd93615a3cf841415315,century,HELE,2025-04-24,,0,0,False,True,True,24,196926
016cc60a0cd13173fa1aa6c1,century,MED,2025-04-25,MEDICURE,0,0,True,True,False,91,220049
078582c7fac8ab93484bb721,century,MANH,2025-04-25,ASSOCIATES,0,0,True,True,True,15,85063
11293862ae11be950a6fef19,century,ICON,2025-04-25,,0,0,False,True,False,27,219979
1426f5ed9341b8a78866b85b,century,DOW,2025-04-25,,0,0,False,False,True,199,160243
8d0e76e277e3027c039a6d5b,century,AVTR,2025-04-25,Avantor,0,0,True,True,True,15,79798
b3f12c480006402bf97622ea,century,VNET,2025-04-25,VNET,0,0,True,True,False,35,220061
c06129697170ebfe991def9b,century,CRI,2025-04-25,CARTERS,0,0,True,True,True,2,105058
ce3c602a5be461001532481b,century,HAL,2025-04-25,HALLIBURTON,0,0,False,True,True,48,77145
0070e07b678919efefc04957,century,GDS,2025-04-28,,0,0,True,True,False,46,220295
26adcd3f6dc3fcf68487bb7c,century,VFS,2025-04-28,VinFast,99,0,True,True,False,9,220032
94242011aecdc84ad43ac08e,century,MLGO,2025-04-28,MicroAlgo,0,0,True,True,False,23,220002
c2bd06952985593e01def4ba,century,CLB,2025-04-28,Laboratories,38,0,True,True,True,1,92506
ded567c2e179edb822d62119,century,SAIA,2025-04-28,SAIA,0,0,True,True,True,35,68764
0c79853c13bfbf90c94e6276,century,UCTT,2025-04-29,,0,0,True,True,True,15,87988
1d09e444f5cf6937f3b17625,century,NEO,2025-04-29,NEOGENOMICS,0,0,False,True,True,63,115433
2796e037d9089c2a6263a76f,century,UPC,2025-04-29,,0,0,True,True,False,14,219884
349942b411021736e6c38f17,century,ILPT,2025-04-29,Properties,81,0,True,True,True,48,93197
381e2affaec62489e98b686b,century,JBLU,2025-04-29,JETBLUE AIRWAYS,24,0,True,True,True,25,99740
59185a1881f53e43645ae2ae,century,CWK,2025-04-29,Cushman Wakefield,0,0,True,True,True,21,129897
83940fb6753a74af9d7e6ea7,century,JKS,2025-04-29,JinkoSolar,0,0,True,True,False,27,219935
8a76f967c57c57a9a993a246,century,BXC,2025-04-29,BlueLinx,0,0,True,True,True,15,92084
995902b2809ec6c6ab13a4fa,century,RIG,2025-04-29,,0,0,False,True,True,84,101515
9f9bf872ae3bee47865f9ac9,century,TTI,2025-04-29,,0,0,True,True,True,15,98287
a13465f6d1e1f773d7580917,century,NOV,2025-04-29,,0,0,True,True,True,30,95801
a48f51a5b2c2056f4bfe76fe,century,DQ,2025-04-29,DAQO,115,0,False,True,False,14,219951
d8acbb5e73816edb4a5d3b13,century,CECO,2025-04-29,CECO,0,0,True,True,True,19,97779
de5feac26c345e16cd469466,century,PTEN,2025-04-29,PATTERSON,0,0,True,True,True,20,144246
e6bef9e943d70bfb3068f36d,century,ZBRA,2025-04-29,,0,0,True,True,True,15,89728
02a461e4ca18fc054963eb05,century,WING,2025-04-30,Wingstop,0,0,False,True,True,27,80150
031ae22a277ff88366ebf696,century,HLF,2025-04-30,HERBALIFE,0,0,True,True,True,42,156672
09b9841106a951bb115dfd2f,century,CDNA,2025-04-30,CareDx,9,0,True,True,True,15,157455
1174e01d2009c6ec5bbbed06,century,NOG,2025-04-30,,0,0,False,True,True,4,160680
179dbed788c8dc4f47a0587c,century,SIMO,2025-04-30,,0,0,True,True,False,14,184788
42170ee9af133fbbf3e2b1e6,century,CSIQ,2025-04-30,,0,0,True,True,False,31,219804
6dfe1ff6828cd3658027acf4,century,LGIH,2025-04-30,Homes,63,0,True,True,True,22,119706
6e23448b741775368c298875,century,SRI,2025-04-30,STONERIDGE,0,0,False,True,True,61,103769
85c9a2e74ed251dedbfba409,century,QUAD,2025-04-30,,0,0,False,True,True,83,149506
85fb17c61d126f9474956c46,century,ROG,2025-04-30,ROGERS,7,0,False,True,True,19,91768
919793d3252d0cb74d8a39e1,century,TV,2025-04-30,GRUPO TELEVISA,27,0,False,True,False,42,220197
9ac08c21aa449a88142752c0,century,NWL,2025-04-30,NEWELL BRANDS,8,0,True,True,True,19,96885
a1907f89521eef9ad858e95e,century,STEM,2025-04-30,,0,0,False,True,True,33,133567
ab424cfa11c71e3753262950,century,INN,2025-04-30,Properties,122,0,False,True,True,33,164076
af099ff65bcbd1931339df3d,century,KFRC,2025-04-30,KFORCE,25,0,True,True,True,19,65343
bc51e245352141b65c3b9287,century,ORN,2025-04-30,,0,0,True,False,True,1,82974
bcd1804b94e5397f00c4c21e,century,SWK,2025-04-30,,0,0,True,True,True,20,152716
c0116cfde07ad47e98bcc300,century,GRRR,2025-04-30,,0,0,True,True,False,23,219712
c2627de7bb294a3a9735f575,century,TNDM,2025-04-30,,0,0,True,True,True,14,137073
c783948c83dea84cb7b4b24c,century,WNC,2025-04-30,WABASH,24,0,True,True,True,20,144024
d47bb841c060a93d1efb50af,century,IONS,2025-04-30,IONIS,9,0,True,True,True,15,184536
ddb99dc28b92cc4c230cd9ff,century,SNAP,2025-04-30,,0,0,False,True,True,18,171910
f576af0fa5b4b51182adc51d,century,LXEH,2025-04-30,Lixiang,12,0,True,True,False,7,220015
f611ba4097fe34d3b1123414,century,JAKK,2025-04-30,JAKKS,2,0,True,True,True,28,74680
ff0c906d82d5f56f0ce49a1a,century,VLRS,2025-04-30,Controladora Vuela Compania Aviacion,32,0,True,True,False,3,220077
01ebc9ccbdfa8bb1bb2dd1f4,century,GKOS,2025-05-01,GLAUKOS,0,0,True,False,True,20,197594
0cd9c709f1232046d0109357,century,KWR,2025-05-01,,0,0,True,True,True,49,119207
0e71fe76d524a963d32c5431,century,WSC,2025-05-01,WillScot,0,0,True,False,True,29,103825
1e95fc1d04488c3324214d9d,century,NVRI,2025-05-01,ENVIRI,3,0,True,True,True,31,116986
24a5cf7dc57f24c80f405137,century,PEB,2025-05-01,Pebblebrook,12,0,True,True,True,36,115517
263fcaed8b7f6314d73d9631,century,BHC,2025-05-01,Bausch Companies,169,0,True,True,True,33,164591
40d5eb876a5d7058288aea36,century,USLM,2025-05-01,STATES MINERALS,4,0,True,True,True,10,43571
5688ee1ed75d93fbb9f70260,century,TDOC,2025-05-01,Teladoc,4,0,True,False,True,35,111310
5bfb0d077b11d0617e00d4bd,century,SIRI,2025-05-01,,0,0,True,True,True,261,183150
5c1360e3ea7f7d29fb65708a,century,THRY,2025-05-01,Thryv,80,0,True,True,True,16,130532
61efeff00357f3ce85732a2e,century,OLED,2025-05-01,,0,0,True,True,True,85,124410
683a1e8a30e82af4dafb18ae,century,ASH,2025-05-01,ASHLAND,0,0,False,False,True,332,186221
7d2f279291fcce53896d93ac,century,BLDR,2025-05-01,Builders FirstSource,2,0,True,True,True,16,68305
8415b378efff5b2ada2b8719,century,PBF,2025-05-01,,0,0,True,True,True,364,185030
980a0f7fbac2fea9119c231c,century,GDYN,2025-05-01,,0,0,True,True,True,78,104500
9fe3a6165957b647594796f4,century,DXCM,2025-05-01,DEXCOM,38,0,True,True,True,2,111094
adfb504c5654c3e6a510435a,century,FND,2025-05-01,Decor,2,0,True,True,True,23,84036
b5bc34e4e88573b1d8a63188,century,PUMP,2025-05-01,ProPetro,0,0,False,True,True,44,159895
b9b0a3b0d91daa4363fae215,century,CWH,2025-05-01,Camping,0,0,True,True,True,74,186995
bf46cb87655ddb1e5f85a051,century,AA,2025-05-01,Alcoa,92,0,False,True,True,98,142066
c48095dd317d25bf67159543,century,CERS,2025-05-01,CERUS,5,0,True,True,True,30,165972
c5105ec7fbf9c8ba82932c3a,century,RMAX,2025-05-01,,0,0,True,True,True,25,114858
c99ec2b0b272e2208c3a0a6a,century,BZH,2025-05-01,BEAZER HOMES,65,0,True,True,True,12,141817
ccf02242010b320a43871b25,century,MERC,2025-05-01,,0,0,True,False,True,24,95803
cd953fb2bdd0df892611b0c4,century,AEHL,2025-05-01,,0,0,True,True,False,53,219722
d6207950587ab2ce535fd9b5,century,WEX,2025-05-01,,0,0,True,True,True,155,155998
e085958c7536fb3f7e81f676,century,MGPI,2025-05-01,INGREDIENTS,4,0,True,True,True,24,90073
e8d06bf85a672fda2d2107ef,century,ULCC,2025-05-01,,0,0,True,True,True,31,104496
e8f527c29b0f1bbcc2e779cf,century,DINO,2025-05-01,Sinclair,10,0,True,True,True,143,155256
ee4b3e4815f4ee863ca2b7ae,century,CGNX,2025-05-01,COGNEX,1,0,True,False,True,25,74683
fa862e042f046bee48189aef,century,EL,2025-05-01,ESTEE COMPANIES,105,0,False,True,True,2,216506
1229cd0a7e05227ae03a79c2,century,SSTK,2025-05-02,Shutterstock,0,0,True,True,True,82,141192
568811a481ec19c102bc8829,century,CMPR,2025-05-02,CIMPRESS,0,0,True,True,True,76,164140
5eced9b24f5a36953c44c195,century,HUN,2025-05-02,,0,0,False,False,True,145,133138
64d7aefd263edba570238d0d,century,TER,2025-05-02,TERADYNE,0,0,True,True,True,184,111543
84ecc0c1aab4cc989930f328,century,TEX,2025-05-02,TEREX,26,0,True,True,True,15,131379
a68b39605478387144cf59fa,century,OGN,2025-05-02,,0,0,True,True,True,91,97104
aa35916031479e44693a22c7,century,PRAX,2025-05-02,Medicines,0,0,True,True,True,25,104757
ad243cd61caa6e6247f3e5b1,century,RHI,2025-05-02,,0,0,True,True,True,27,100966
aeb8fb9cc81e95421e959950,century,PRCT,2025-05-02,PROCEPT BioRobotics,0,0,True,True,True,11,73956
b8b41604a571a8b0c482a6b6,century,LUNG,2025-05-02,Pulmonx,0,0,False,False,True,36,126624
b9effc0a3294e497676d50a2,century,SM,2025-05-02,,0,0,False,True,True,15,124011
bcd9bf042ed6d683da02856d,century,IBIO,2025-05-02,iBio,0,0,True,True,True,97,187603
c3b4abe131e8e5fa744adad5,century,BFLY,2025-05-02,,0,0,True,True,True,15,77361
c5195df080450858d91450a8,century,RDDT,2025-05-02,Reddit,16,0,True,True,True,19,136711
cbcd2c52e4326298541e82c2,century,MAN,2025-05-02,ManpowerGroup,0,0,False,True,True,15,98105
dc777ec698a68324f5a6d31d,century,COHU,2025-05-02,COHU,0,0,True,True,True,57,154154
ebe51aa9a28744524b0fb1fb,century,WLK,2025-05-02,WESTLAKE,0,0,True,True,True,101,130201
04a5d053ebf681df726dc599,century,RLAY,2025-05-05,,0,0,True,True,True,10,125977
168fa329b3e3e7ca711489ae,century,RXRX,2025-05-05,,0,0,True,True,True,16,130911
1f6cb13a909b5eab5edf1ee6,century,NCLH,2025-05-05,,0,0,True,True,True,83,130629
40261011a7757f5baec38a44,century,CRGY,2025-05-05,,0,0,True,False,True,66,205069
47710e4dca54a3965454df45,century,NSSC,2025-05-05,NAPCO,7,0,True,True,True,18,130748
50c6954099b07b013b9eb4fd,century,CSTL,2025-05-05,BIOSCIENCES,0,0,True,True,True,30,173712
57dacfb42a37d6525ac13176,century,ON,2025-05-05,,0,0,False,False,True,120,100478
913f5ba0efd671e86ad4a586,century,FTAI,2025-05-05,FTAI,0,0,True,True,True,71,163439
9b3aeb75053357c605cd6b80,century,FUBO,2025-05-05,fuboTV,5,0,True,True,True,92,174067
9bfdc84736011f8ba27f5fff,century,BRCC,2025-05-05,,0,0,True,False,True,51,129731
d24865a6af6e83182460036d,century,HIMS,2025-05-05,Hims,0,0,True,True,True,23,146130
d31fc4db7e6f5a79112ae796,century,IART,2025-05-05,INTEGRA LIFESCIENCES,8,0,True,True,True,50,197676
e064c8f55ce62a3e1ed3c523,century,SNDX,2025-05-05,Syndax,4,0,True,True,True,10,96541
e3f5f4f8dcf33bab798d563b,century,TBI,2025-05-05,TrueBlue,0,0,True,True,True,22,102671
f341281474651dbe47444eea,century,ANAB,2025-05-05,ANAPTYSBIO,0,0,True,True,True,14,97935
120721543b018c9f0737790d,century,NRDS,2025-05-06,NERDWALLET,0,0,True,True,True,21,67485
1ceb9ae45597046090c616da,century,AGL,2025-05-06,agilon,14,0,True,True,True,25,109603
1e41d879003783e5443b407a,century,BEAM,2025-05-06,,0,0,False,True,True,64,151781
2b26d9a78fe6bfc1381dae0e,century,CIFR,2025-05-06,,0,0,True,True,True,38,118449
2ccb62bb583f9b1b8f9472cf,century,SEAT,2025-05-06,Seats,0,0,False,True,True,44,138321
35f6f4b067459906025a39b4,century,COGT,2025-05-06,Biosciences,0,0,True,True,True,12,118900
3b7877af97e7f65fcaaa8fe3,century,UPB,2025-05-06,,0,0,True,True,True,23,164045
58ed3dc229e983e95a003e2a,century,WHLR,2025-05-06,,0,0,True,True,True,32,106263
68125a23d8b2da91a2f674fb,century,DSP,2025-05-06,Viant,3,0,True,True,True,122,167657
6ab03137a03bf6ec015d6f13,century,SRPT,2025-05-06,Sarepta,23,0,True,True,True,13,158733
6c6e0e081df2459bd11e5b44,century,USNA,2025-05-06,USANA SCIENCES,28,0,True,True,True,22,83773
701e88f58d9bf9c26f45a2b6,century,AESI,2025-05-06,Solutions,3,0,True,True,True,17,197113
77ff36dd28eeb343694c2148,century,UPST,2025-05-06,,0,0,True,True,True,152,219152
7d0a72bc81a1d141e340e725,century,PBF,2025-05-06,,0,0,True,True,True,184,144100
8aaa1901c816c603fcf9f637,century,SVC,2025-05-06,Properties,116,0,True,True,True,39,148502
8aec955c9b20cbb6397605d2,century,CRBP,2025-05-06,Corbus,6,0,True,True,True,12,73259
a537b0dd7a14c5d6db7836af,century,UWMC,2025-05-06,,0,0,True,True,True,21,165255
a97078ec38c1307a4d9c41cb,century,PACK,2025-05-06,Ranpak,14,0,False,True,True,38,126472
adee07c6024c6b5977566719,century,GNRC,2025-05-06,GENERAC,0,0,True,True,True,66,141800
adfb9c1dc4b1846d4570cdcd,century,VRDN,2025-05-06,,0,0,True,True,True,13,155486
b223a46cfc618d4ac2d4cede,century,ACLS,2025-05-06,AXCELIS,3,0,True,True,True,12,78564
ba5949397cd7e03455819946,century,LMND,2025-05-06,,0,0,True,True,True,43,136688
babc76c1f4be4de6e9023cec,century,CC,2025-05-06,Chemours,0,0,False,True,True,123,156970
bb031dbc1d84928b402a6d1a,century,LFVN,2025-05-06,Lifevantage,0,0,True,True,True,32,111243
bb5e5d77d82cfdfdda6c46ae,century,AVNW,2025-05-06,AVIAT NETWORKS,38,0,True,True,True,16,101685
d9084e08f19a2eccbe2d8b3a,century,RVLV,2025-05-06,,0,0,True,True,True,26,134941
deed4931e6877351579b9a17,century,RMR,2025-05-06,,0,0,True,True,True,183,137566
e338e320e9dfa89d5323039c,century,CYTK,2025-05-06,CYTOKINETICS,0,0,True,True,True,41,145644
ebbed846f5abff50ad0f57b6,century,BIOA,2025-05-06,BioAge Labs,0,0,True,True,True,12,131330
ed1de7a0773f564a8685aac5,century,BVS,2025-05-06,Bioventus,0,0,True,True,True,60,124716
f55845b35ee17372fda442ce,century,ICHR,2025-05-06,,0,0,True,True,False,8,65471
f60a7358158227cca34b8ff9,century,ARRY,2025-05-06,,0,0,False,True,True,21,133630
f9d9c979575e113730e9e665,century,LCID,2025-05-06,,0,0,True,True,True,14,219965
0631464543707b2bf8bcd303,century,RXO,2025-05-07,,0,0,True,True,True,28,59659
0ae3065b0d9a09ebcae30ead,century,SMG,2025-05-07,SCOTTS MIRACLE-GRO,7,0,True,True,True,86,154145
132c461040772f0e053e042f,century,TDC,2025-05-07,TERADATA,68,0,True,True,True,2,91296
15231eedfbca4de12b17f99a,century,AMC,2025-05-07,,0,0,True,True,True,67,199696
1abe36c38a9a23a1b399e7f1,century,RUN,2025-05-07,Sunrun,12,0,False,True,True,13,191108
2869fb97b1e1c34cb8d0166c,century,STAA,2025-05-07,STAAR,3,0,True,True,True,26,73613
2df1102c67ca9e55437b7b8a,century,CCCC,2025-05-07,,0,0,True,True,True,15,153810
3128d0e3989b96ae4c358c25,century,LILA,2025-05-07,,0,0,False,True,True,99,167569
321236954b5247a8cd9ad652,century,ALAB,2025-05-07,Astera Labs,0,0,True,True,True,13,93438
34591da2bd0070ad45e460b8,century,CRNC,2025-05-07,Cerence,0,0,True,True,True,57,186372
352ec3fe6f53b5267280a3b4,century,CDLX,2025-05-07,Cardlytics,0,0,True,True,True,35,152533
3bfc1caec42290346475a75e,century,INBK,2025-05-07,Internet,6,0,True,True,True,19,176320
3d7090d63300e91373a2ef0c,century,KRO,2025-05-07,KRONOS WORLDWIDE,5,0,True,True,True,14,83436
417a739d2517df050338d010,century,FLYW,2025-05-07,Flywire,0,0,True,True,True,31,168756
440836cc0b97affe9b344d28,century,SAFE,2025-05-07,,0,0,False,True,True,78,168667
46371e11f75633be74874851,century,PCT,2025-05-07,PureCycle,10,0,True,False,True,199,190521
4d1759e8d62ee56d821f6a3a,century,RARE,2025-05-07,Ultragenyx,4,0,False,True,True,25,134256
4eb1e0a73f1215d771d68c50,century,ACRE,2025-05-07,Ares,22,0,False,True,True,24,193215
507a84cd820e3817c98e3687,century,PDYN,2025-05-07,Palladyne,19,0,True,True,True,12,160768
52079c451c10d539b177dc0d,century,MLR,2025-05-07,,0,0,True,True,True,1,65882
526d6eabf7470f02b1c1c3c8,century,ONL,2025-05-07,Properties,141,0,True,True,True,43,180603
54c93d6c9c10508a38cdfe45,century,ACDC,2025-05-07,ProFrac,0,0,True,True,True,40,82291
5b9121c43cdb9cd388d99d25,century,ENTG,2025-05-07,ENTEGRIS,0,0,True,True,True,19,93733
5d7357af9a935c258d67a011,century,APP,2025-05-07,AppLovin,0,0,True,False,True,41,176372
681183434de66ba02432924a,century,SABR,2025-05-07,Sabre,62,0,True,False,True,23,180956
6c838696ddc6d28b1bbf307b,century,COTY,2025-05-07,COTY,0,0,True,True,True,93,113618
6dfb3ae19485d9bbd9c7bab3,century,SCL,2025-05-07,STEPAN,0,0,True,True,True,12,109710
6f54965b849d65ea9d877819,century,LIVN,2025-05-07,LivaNova,0,0,True,True,True,221,111613
75542428d579ec8a3049ab14,century,FSLY,2025-05-07,Fastly,14,0,True,True,True,13,164518
7cc9fd2265ca63d5dc7dcd34,century,NUVB,2025-05-07,Nuvation,0,0,True,True,True,22,183124
7f96ecfec743015bf987437e,century,FBIN,2025-05-07,Brands Innovations,14,0,True,True,True,25,82531
8777205b5c420b4c95918d7c,century,SLDP,2025-05-07,,0,0,True,True,True,24,88230
8e166f8026cfaaadc2f50b78,century,WTTR,2025-05-07,Solutions,31,0,True,True,True,31,188286
921f632b3c248982008973d2,century,OEC,2025-05-07,,0,0,True,True,True,36,64769
93a207d621907bc087f36588,century,RYAM,2025-05-07,RAYONIER MATERIALS,1,0,True,False,True,46,93941
966b04a9cc808b6eb9dce4a8,century,SWKS,2025-05-07,SKYWORKS SOLUTIONS,6,0,True,True,True,14,83635
997f31472e5750f949514b2a,century,HLIO,2025-05-07,,0,0,True,True,True,12,89040
a08e55d92180af4a5a714701,century,EHTH,2025-05-07,eHealth,0,0,True,True,True,29,135226
a750d3db3ac6fce860ac7917,century,VSTS,2025-05-07,Vestis,55,0,True,True,True,25,129900
bd0ab1725245bc4c959f12cd,century,ALGT,2025-05-07,,0,0,True,True,True,14,73676
c32585183e8a88c53e6f6c01,century,CNDT,2025-05-07,CONDUENT,0,0,True,True,True,69,110508
c8934c0ad46739973770dc47,century,HNST,2025-05-07,,0,0,True,True,True,13,119059
cd2b965c287ae05dcdb133b4,century,IEP,2025-05-07,ICAHN ENTERPRISES,236,0,True,True,True,15,165984
dafbef834aff317f7dddc263,century,ELAN,2025-05-07,Elanco,26,0,True,False,True,24,91179
e11a4748fd47427487ccddf0,century,PCVX,2025-05-07,Vaxcyte,0,0,True,True,True,17,151253
e3aaf0308252081a525b38ed,century,MGNI,2025-05-07,MAGNITE,0,0,True,True,True,24,161938
e556f446755daef0f2786e56,century,SYM,2025-05-07,Symbotic,0,0,True,False,True,69,156059
ee59ce32700452a345b3eec4,century,OMCL,2025-05-07,OMNICELL,0,0,True,False,True,56,150523
f2cd7b18dbf4ebcc5d218b15,century,POWL,2025-05-07,POWELL,11,0,True,True,True,16,86063
f7ef056348ed483371082780,century,VSH,2025-05-07,VISHAY INTERTECHNOLOGY,23,0,True,True,True,15,100254
fb4b9ee6dd0283349289c170,century,BAND,2025-05-07,Bandwidth,0,0,False,True,True,22,165137
fbcb0cd4b13a89185f0a265a,century,TRIP,2025-05-07,TripAdvisor,0,0,False,False,True,105,175082
fc022370df39cee09af16962,century,CMTG,2025-05-07,Claros,2,0,True,True,True,15,125158
fefb9234edb15c6908e447f2,century,CRSR,2025-05-07,,0,0,True,True,True,61,109475
01f29abf9c939aa212db1d51,century,ABCL,2025-05-08,AbCellera Biologics,4,0,True,True,False,9,132508
065237a2a8c9703d366404f6,century,NTLA,2025-05-08,Intellia,10,0,True,True,True,27,104206
1e9aefc741226744482d9443,century,GSAT,2025-05-08,Globalstar,0,0,True,True,True,74,104948
1f5009562505c4261131305e,century,AOSL,2025-05-08,,0,0,True,False,True,2,137801
23cfee6cd54e4f46186e8eaa,century,SERV,2025-05-08,Robotics,19,0,True,True,True,4,109235
2401996633d2fc0845ea8a16,century,ARHS,2025-05-08,Arhaus,3,0,True,True,True,26,107703
252a79ee7709bb9b15808769,century,EPAM,2025-05-08,EPAM,0,0,True,True,True,43,136394
259c68bc524d7bd91ca6bcf9,century,WRBY,2025-05-08,Warby,1,0,True,False,True,33,104247
28df2aa424afba7c03c357a2,century,WEST,2025-05-08,Westrock,87,0,False,True,True,20,172162
2d0eb2b29cbc0537d0542351,century,VREX,2025-05-08,Varex Imaging,45,0,True,True,True,14,116222
341b52d8efb62eac1400c471,century,ALIT,2025-05-08,,0,0,False,True,True,2,146345
3cf97d50cd977bd5fcf4fdbb,century,CEVA,2025-05-08,CEVA,0,0,True,True,True,23,118326
3fa363ff1adcf36ee65f4528,century,CARS,2025-05-08,Cars,0,0,True,True,True,45,73451
40a4245c887ab1359af864bf,century,CMPS,2025-05-08,Pathways,0,0,True,True,False,9,176496
43060a10d0b19029967cecf1,century,CLF,2025-05-08,CLEVELAND-CLIFFS,0,0,True,True,True,33,150496
45ef66f11ae23431b029d55f,century,MXCT,2025-05-08,MAXCYTE,0,0,True,True,True,19,99977
46dd887c2f2b46d231db3fa0,century,SKYE,2025-05-08,Bioscience,0,0,False,True,True,18,62038
4a1515a379bfc34e999b398d,century,VAC,2025-05-08,MARRIOTT VACATIONS WORLDWIDE,21,0,True,True,True,36,154669
4eabbe872d6a6dd56b1511ee,century,BKSY,2025-05-08,BlackSky,60,0,True,True,True,14,140563
51508634368e4fa93e7b9aee,century,LZ,2025-05-08,LEGALZOOM,12,0,False,True,True,18,151853
597915af58eb2d3a4e7ae8f7,century,ST,2025-05-08,Sensata,3,0,False,True,True,14,105150
5b0c2384c341daa2ea26b552,century,INGN,2025-05-08,,0,0,True,True,True,2,105735
613c2bd07ead50727d5fdbf1,century,CBLL,2025-05-08,Ceribell,0,0,True,True,True,61,136970
62f5a5034ec9f23d46a1196c,century,CLDX,2025-05-08,Celldex,5,0,True,True,True,11,117221
6a7f54a4643cdc055f2e96b1,century,MTUS,2025-05-08,Metallus,0,0,True,True,True,23,74048
6dfcc3ab09970614376b5bda,century,DCGO,2025-05-08,DocGo,0,0,True,True,True,56,205976
71513f3407c921d23bb942e8,century,ARKO,2025-05-08,ARKO,0,0,True,True,True,19,125199
72c504618e0412f7d42043bf,century,DIOD,2025-05-08,DIODES,22,0,True,True,True,2,90354
7695d1dc6a2be6df500d480a,century,SENS,2025-05-08,Senseonics,0,0,True,False,True,32,152757
7d67165279a05ff4a3e9d701,century,TYRA,2025-05-08,Tyra Biosciences,0,0,True,True,True,43,85249
7d77e02c6e9de9991cad6fd0,century,QDEL,2025-05-08,QuidelOrtho,0,0,True,True,True,27,88080
84d3819d896ace060ceba727,century,SPHR,2025-05-08,,0,0,True,True,True,73,149178
907d6de3224e93beddc976fd,century,ONTO,2025-05-08,,0,0,False,True,True,20,167954
95c94b265bbcc949c4897f01,century,ARTV,2025-05-08,Artiva Biotherapeutics,3,0,True,False,True,9,144748
99e545aeb7c500b814e14dff,century,PCSA,2025-05-08,Processa,1,0,True,False,True,12,65287
9a29a0dd0403ce54ab579def,century,SEDG,2025-05-08,SOLAREDGE,9,0,True,True,True,84,124574
9ac8e2be3daa3fb2697d0a62,century,PSIX,2025-05-08,SOLUTIONS,3,0,True,True,True,13,103634
a1e16614e06f1718284afe25,century,VIR,2025-05-08,Biotechnology,5,0,True,True,True,30,135009
aad2faaa7695e9b482b41cd9,century,RNAC,2025-05-08,,0,0,True,True,True,22,151548
abb7a5083d41699f82aaf49d,century,CHRD,2025-05-08,,0,0,True,True,True,15,145625
b01a853a58db89f363a385b3,century,GPRE,2025-05-08,Plains,3,0,True,True,True,126,168941
b18a2340c917612657615999,century,TECH,2025-05-08,BIO-TECHNE,0,0,False,True,True,22,126763
b1f734e98fd22e3912cbd736,century,CLNE,2025-05-08,Fuels,21,0,True,True,True,20,154733
c15507d537c7d220ec6405ee,century,JELD,2025-05-08,JELD-WEN,0,0,True,True,True,37,155336
c1d5fe65b137df2ca1546994,century,IMXI,2025-05-08,,0,0,True,True,True,17,143943
c3d4032859a70bcf475b6fee,century,CMPX,2025-05-08,,0,0,True,True,True,12,57132
c4d4ea12cd75aab0d3b9cdff,century,OM,2025-05-08,,0,0,False,True,True,22,100327
c8bf71ad9b0a0fe78e7e77b8,century,GLUE,2025-05-08,,0,0,False,True,True,25,105649
e2e524737fad1d52fcdaee29,century,EWTX,2025-05-08,,0,0,True,True,True,10,172568
e50e93ea4dd04824d0ee0b37,century,TTEC,2025-05-08,TTEC,0,0,True,True,True,119,126625
e8e5e6059fdc3c1e72a231b3,century,SYNA,2025-05-08,SYNAPTICS,0,0,True,True,True,39,143265
ead0db5fd8e7fe1f58b7aef8,century,PZZA,2025-05-08,JOHNS,9,0,True,True,True,2,129247
ee3f61bf2ac9e8b7c2db640d,century,SONO,2025-05-08,Sonos,56,0,True,True,True,2,104517
eedbda97abd088aa89c55fcb,century,MKSI,2025-05-08,INSTRUMENTS,27,0,True,True,True,28,148783
f15adc46f6f37e960fbdec60,century,RCKT,2025-05-08,,0,0,True,False,True,15,137397
f43c7156042c6af57f40db2c,century,CRDF,2025-05-08,Cardiff,0,0,True,True,True,27,52566
f4998092a231ee3d1f6cef43,century,COIN,2025-05-08,Coinbase,15,0,False,True,True,22,179313
f5fda7cdd806fbd2d5b0b83e,century,WVE,2025-05-08,Sciences,0,0,True,True,True,91,110178
022469e1a2f1677b96662d50,century,AZTA,2025-05-09,Azenta,13,0,True,True,True,4,157882
0ed851992835d1f2acb7b437,century,KYMR,2025-05-09,Kymera,2,0,True,True,True,8,141402
1b6ae609091e22b138f4017c,century,RC,2025-05-09,,0,0,False,True,True,65,199287
27f8309e4ebfeaac2bb4005c,century,BILL,2025-05-09,,0,0,False,True,True,37,147006
283fa824eb29bcbafa1e9461,century,ARE,2025-05-09,Ares,3,0,False,True,True,153,209502
33bdce5cd22ff0f5a2942508,century,FOXF,2025-05-09,,0,0,True,True,True,35,123149
39e7e27947d55c76d9d0fa47,century,PRAA,2025-05-09,,0,0,True,True,True,4,100102
4768754b7ecddc4dea0af982,century,HP,2025-05-09,Helmerich Payne,0,0,False,True,True,23,205579
48a144395e81cd16ca02c516,century,NUS,2025-05-09,ENTERPRISES,0,0,True,True,True,11,101984
55c503852f978b4eb5e74e8b,century,HE,2025-05-09,,0,0,False,True,True,45,208723
5ae6f0fc264aebd12ace0825,century,XPOF,2025-05-09,Xponential,5,0,True,True,True,46,183563
5f646f01380442978ddd32e6,century,ESTA,2025-05-09,LABS,0,0,True,True,True,41,181210
66d527aa9d3233c02378d357,century,AMN,2025-05-09,HEALTHCARE SERVICES,88,0,True,True,True,14,88878
727d506050b8e7eb63d09e6a,century,ZD,2025-05-09,ZIFF DAVIS,0,0,False,True,True,50,159624
806dec9f098a82cdac6dfb21,century,ILMN,2025-05-09,ILLUMINA,0,0,True,True,True,96,115632
87cf7e90e8295d68914f1eb0,century,RKT,2025-05-09,Companies,8,0,True,True,True,78,169329
8adb93e669e6f33b832979db,century,GYRE,2025-05-09,,0,0,False,True,True,104,120247
8fb6e76f9a42c1f0132c96cf,century,SSP,2025-05-09,SCRIPPS,48,0,True,True,True,19,111390
b54d1199cecb3cc413f07e12,century,TLS,2025-05-09,TELOS,10,0,True,True,True,13,76408
c5deb8e8f1266a9e8642babc,century,OUST,2025-05-09,,0,0,False,True,True,20,130964
d418b767a8c9979fbf7b9cac,century,SHOO,2025-05-09,,0,0,False,True,True,62,133543
d777aa4d25e39e0db929c8a6,century,FLWS,2025-05-09,FLOWERS,1,0,True,True,True,16,127426
066fe6b8acf30e8df25223a2,century,OBIO,2025-05-12,BioMed,0,0,True,True,True,20,173223
07b4d4cbce9b59aadc40e42f,century,HPK,2025-05-12,HighPeak,8,0,True,True,True,55,178285
0cb493072a2827db2b951e77,century,NNDM,2025-05-12,Nano,20,0,True,True,False,52,219743
172d098a5d5fc4d6cdf3c5b1,century,RPAY,2025-05-12,,0,0,True,True,True,45,110160
1ec67a93f5fc026a5f0057f5,century,LXEO,2025-05-12,Lexeo,1,0,True,True,True,10,134004
2b78da5073d19284d979fab1,century,IMNM,2025-05-12,Immunome,0,0,True,True,True,11,125682
2dad227e7734b1c74c176183,century,SLQT,2025-05-12,SelectQuote,0,0,True,True,True,32,183475
3e6183ec8124165cae3276fc,century,GCT,2025-05-12,GigaCloud,81,0,True,True,True,35,118995
459148cf146c3f74335fb023,century,OMEX,2025-05-12,,0,0,True,True,True,13,130887
4725ebfdb25e58027ac3c2a0,century,AGEN,2025-05-12,AGENUS,14,0,False,True,True,20,92851
587bbe64b9f39de03e50e95c,century,EDIT,2025-05-12,Editas,1,0,False,True,True,14,113292
5cefd4ba1f34bb04f60ff519,century,FTRE,2025-05-12,Fortrea,0,0,True,True,True,48,95483
73232811a1922adc02f9d15c,century,RXT,2025-05-12,Rackspace,68,0,True,True,True,40,176953
74f88461ee113e2a0613454e,century,BHVN,2025-05-12,Biohaven,0,0,True,True,False,79,204268
7916aef37ccd04006349d74e,century,GNPX,2025-05-12,Genprex,0,0,True,True,True,79,133398
79a750c2b32141e3e0bc68ad,century,EGY,2025-05-12,VAALCO,31,0,True,False,True,3,118319
9d420dc036d33591479ff7db,century,SBH,2025-05-12,,0,0,True,True,True,19,69282
a6329f563fe72693b7e042ff,century,MRVI,2025-05-12,MARAVAI LIFESCIENCES,8,0,True,True,True,27,175606
af6a9e4f896bed0a0c1b401f,century,BDTX,2025-05-12,,0,0,True,True,True,63,124758
b0d66920dbc3e8f6ff5571e6,century,PANL,2025-05-12,Solutions,0,0,True,True,True,15,80078
b1a1430d1dedc31fc89ca93f,century,ACHC,2025-05-12,Healthcare,23,0,True,False,True,29,116669
b3e7cd12c190bcf5271b3f1a,century,SEG,2025-05-12,,0,0,False,True,True,30,153448
befb1db913c761c901027953,century,AVBP,2025-05-12,ArriVent BioPharma,17,0,True,True,True,23,103051
d50bd8deb0905a1b2a51b4f7,century,CLMT,2025-05-12,,0,0,True,True,True,3,208325
e88c76142a4e27a4f01ede21,century,VERI,2025-05-12,Veritone,0,0,False,True,True,82,157628
eee14f87e787f6686443fbfa,century,BMBL,2025-05-12,,0,0,True,True,True,50,157964
f9e8a337d1f39dc866e01f4d,century,PACB,2025-05-12,BIOSCIENCES,1,0,True,True,True,9,135944
195de3dbd3c6be21b7178923,century,BJDX,2025-05-13,Bluejay,9,0,True,True,True,13,96161
238b39da1ce7033da854fff0,century,XXII,2025-05-13,,0,0,True,True,True,19,119058
360a43d9bda87bd7e6cf5dbe,century,NRGV,2025-05-13,,0,0,True,True,True,74,137279
3622e05c5ef7ce236be38701,century,HUMA,2025-05-13,Humacyte,0,0,False,True,True,67,207280
40b6c327b2cd23f7e00e9647,century,INO,2025-05-13,INOVIO,8,0,False,True,True,25,109699
4675171e6676be9f7c9bc420,century,TIL,2025-05-13,Instil,0,0,False,True,True,16,155176
49833f7ca0f4a7350138ecdd,century,FATE,2025-05-13,,0,0,False,True,True,10,154060
5206e78e4cf8a939a6478ce4,century,QNRX,2025-05-13,,0,0,True,True,True,14,91111
5851aac4bf321c69cf13330a,century,LUCY,2025-05-13,,0,0,False,True,True,15,89072
9eb59c880945224880713d7b,century,CAMP,2025-05-13,Camp4,1,0,False,True,True,15,99614
b2fe297377a16f0af9549859,century,GEVO,2025-05-13,Gevo,0,0,True,True,True,151,170679
c91d32add1e9a657bf48f25d,century,KLC,2025-05-13,KinderCare Companies,4,0,True,True,True,13,129550
d30818a455b43b96ff0798b9,century,HYFM,2025-05-13,HYDROFARM,0,0,True,False,True,53,119597
dabf1eaf23a7fc163330b749,century,AGMH,2025-05-13,,0,0,True,True,False,2,220073
f3745ef95782235fcefacdfa,century,AUID,2025-05-13,authID,15,0,True,True,True,29,68676
0c88103183e530b9adf4792f,century,WTI,2025-05-14,,0,0,True,True,True,14,162184
28ad537ee4a1753d0a3d6b99,century,ELAB,2025-05-14,PMGC,38,0,True,False,True,11,104217
3208e5a6013686e77d001be8,century,CAPR,2025-05-14,CAPRICOR,137,0,True,True,True,22,164099
3fcc963eed9f6ddb14fb864a,century,MIRA,2025-05-14,,0,0,False,False,True,32,61243
584bce6f01fccb4512bb8863,century,WTI,2025-05-14,,0,0,True,True,True,14,107270
679ec62a962aa29cf9a833a5,century,PAL,2025-05-14,,0,0,False,True,True,28,131446
6e165a9e7c8c98c3c1244fae,century,CDXS,2025-05-14,CODEXIS,0,0,True,True,True,23,112521
8133357c6ba27c92aef8247f,century,ATAI,2025-05-14,ATAI Sciences,25,0,True,True,False,84,179519
916926b70986f0b6a2ddf95e,century,CTGO,2025-05-14,,0,0,True,True,True,19,128066
9b70b70d0bf7d53bce553693,century,ZNTL,2025-05-14,Zentalis,12,0,True,True,True,11,131857
bd31d3b6ee6034506d02da84,century,ALDX,2025-05-14,Aldeyra,1,0,True,True,True,12,164733
ccf6c3ac2931ae4bd4a9fe5d,century,KSCP,2025-05-14,Knightscope,0,0,True,True,True,29,112581
d98c3aea8a12a83e8bb83223,century,SMX,2025-05-14,Matters,147,0,True,True,False,40,220265
dde9a2a40c177c6eddd037c4,century,MIST,2025-05-14,,0,0,False,False,False,24,130439
eb34b2cb426b00030dd157ab,century,NKTX,2025-05-14,Nkarta,4,0,True,True,True,11,120279
f3d2f1283f813429a0c73a2f,century,ACRV,2025-05-14,Acrivon,10,0,True,True,True,12,122980
fc2dbe761eba9d3091c530d0,century,REKR,2025-05-14,Rekor,57,0,True,False,True,15,144868
fcb33aff6f7733b1418e9e20,century,RCAT,2025-05-14,,0,0,True,False,True,10,100022
38c114e069050359c3862016,century,GNLN,2025-05-15,Greenlane,0,0,True,True,True,64,146962
3a097c123f4ebfff1ee9409e,century,PHIO,2025-05-15,Phio,0,0,True,False,True,27,84806
4a3ca2853f5195e864999da1,century,OLB,2025-05-15,,0,0,True,True,True,16,105614
51b946b02ec64ebfe02af45c,century,CDTG,2025-05-15,,0,0,True,True,False,7,219953
5216a88e0bf84349b3911be2,century,AURA,2025-05-15,Biosciences,0,0,False,True,True,17,162591
53cbe7895c5bb164881c918a,century,NDRA,2025-05-15,ENDRA Sciences,5,0,True,False,True,11,79774
588c3862914426f73a5f94a9,century,JAGX,2025-05-15,,0,0,True,True,True,25,192365
58adbdd012e2eae684b08802,century,BIAF,2025-05-15,bioAffinity,1,0,True,True,True,21,105077
625990cef3f28f6f36c09808,century,GDC,2025-05-15,,0,0,True,True,True,23,107808
7e4afce92f2fe1d938c1f93a,century,NNE,2025-05-15,Nano,8,0,True,False,True,24,136492
9981523038799f671f98fe11,century,KULR,2025-05-15,KULR,0,0,True,True,True,110,122923
a0c387f32e22a91d0739aac5,century,VBIO,2025-05-15,,0,0,True,True,True,11,96105
a8d0e0944ae74092c39be135,century,TE,2025-05-15,,0,0,False,False,True,15,86565
af4298079f27ea544e3adee6,century,HCWB,2025-05-15,Biologics,4,0,True,True,True,21,168909
b088d47ba203c5ec184912fa,century,SEPN,2025-05-15,Septerna,0,0,True,True,True,26,120849
baebcd051c815b55a0afb522,century,TGL,2025-05-15,,0,0,True,True,True,31,141056
bba0e1a830131e4a32a2eca8,century,FLD,2025-05-15,,0,0,True,True,True,41,161454
bdade3cba5d98ad7c6a2f0d5,century,SXTP,2025-05-15,DEGREES,0,0,True,True,True,22,152052
c1c23dc0322f035470b206f2,century,SIDU,2025-05-15,Sidus,38,0,True,False,True,18,139237
c872d38352ac0b77051a4ac4,century,IXHL,2025-05-15,Incannex Healthcare,19,0,True,True,True,21,103950
cd0096de5dfe89c9b937e85d,century,OMER,2025-05-15,OMEROS,12,0,False,True,True,11,123188
cec150dd34774daf39a17a35,century,ADGM,2025-05-15,,0,0,True,True,True,18,187960
d636e3ee25d093203c496e84,century,APVO,2025-05-15,Aptevo,23,0,True,True,True,11,132792
df9c327c4f1dd8876a38a072,century,IBG,2025-05-15,,0,0,True,True,False,131,220128
e8548168fbbecb29dcb8df0a,century,ASST,2025-05-15,Entities,5,0,True,True,True,40,151982
f1fac94eb036273fc7712761,century,TCRT,2025-05-15,Alaunos,4,0,True,False,True,17,78405
f6c2a53e0458f044f41d4b47,century,SNYR,2025-05-15,,0,0,True,True,True,24,105622
508fecfcd5455b4dad5c6e48,century,WCT,2025-05-16,Wellchange,0,0,True,True,False,27,220018
8b8eda6a40d78d1a9980eb9e,century,GPUS,2025-05-20,Hyperscale,0,0,True,True,True,35,142227
5216541afeb76099e9efb9ab,century,STI,2025-05-21,Solidion,57,0,True,True,True,27,147218
29bb02d9c37a07e76555c0bd,century,EGHT,2025-05-22,,0,0,True,True,True,5,220085
351a445353f8ceebe68fb51a,century,VFC,2025-05-22,,0,0,True,True,True,5,186319
45775891a87371443b427732,century,REPL,2025-05-22,Replimune,0,0,True,True,True,35,219841
9ed9571c0b2bbbda93707920,century,LSPD,2025-05-22,Lightspeed,14,0,True,False,True,6,20141
d42a687320c5537aba65b092,century,AAP,2025-05-22,PARTS,5,0,True,True,True,30,83743
f2f351ff9cc4db476027a2b9,century,DECK,2025-05-23,DECKERS,7,0,False,True,True,29,219765
872016374c2b05c3e6e129da,century,CMCO,2025-05-28,COLUMBUS MCKINNON,0,0,True,True,True,76,215412
ef5455e7bfacbdb9e48adbd3,century,TTGT,2025-05-28,TechTarget,0,0,True,True,True,236,219515
f72f58f91c8272f45e7515fd,century,MNRO,2025-05-28,MONRO,36,0,True,True,True,63,178742
7e10c6c7392e1180cc0ab7af,century,LPG,2025-05-29,,0,0,True,True,True,159,220533
c53ea31ce5720ddd82807c42,century,LRHC,2025-05-29,,0,0,True,True,True,34,144530
f94fd49d9c60f82e72ead192,century,ELF,2025-05-29,,0,0,False,True,True,47,219690
092eae87da8a45b1bb158973,century,ONCO,2025-06-02,Onconetix,0,0,True,True,True,36,220027
6d7d90f57182eecad9331055,century,PL,2025-06-04,Labs,1,0,False,True,True,15,161342
acc41800644e8edf94626150,century,BNAI,2025-06-05,,0,0,True,True,True,29,161957
8b088c66cb27f23cc07352d0,century,KSS,2025-06-06,KOHLS,1,0,True,True,True,1,64147
a45ab01081b18d55f7e0a898,century,CHPT,2025-06-06,ChargePoint,0,0,True,True,True,502,172852
089e4a9a8fafddabe57a5e3d,century,CURV,2025-06-09,,0,0,True,True,True,41,83048
ec813794f777004f3bf9ca1e,century,LMNR,2025-06-09,Limoneira,0,0,True,True,True,53,136522
b62716bcec55b9dfa9fe381d,century,POWW,2025-06-16,,0,0,True,True,True,64,205642
07075f721e3a79e0e421bf31,century,AIOT,2025-06-26,Powerfleet,0,0,True,True,True,98,219893
4d1014737f4dfc66c2a91fb8,century,HIVE,2025-06-26,,0,0,False,False,False,6,30968
0f2138b042f7b560e11f2ea5,century,ATXG,2025-06-30,ADDENTAX,0,0,True,False,True,41,219861
85dccf521813b43ea8faa669,century,NCL,2025-07-01,Northann,0,0,True,True,True,36,219979
f9d89f45867457bf5f7a9282,century,ZYBT,2025-07-03,Zhengye Biotechnology,26,0,True,False,False,7,220025
18abe8aaeaabe1d7fefd9ee8,century,AIHS,2025-07-10,Senmiao,72,0,True,False,True,8,220027
b26dcfa3f8219b4e5320ce9f,century,FLYE,2025-07-15,Fly-E,10,0,True,True,True,20,219911
b07be628036742a1c9bb429a,century,MOH,2025-07-24,MOLINA HEALTHCARE,12,0,True,True,True,50,109240
b113440dd110bdcf50362482,century,TNET,2025-07-25,TRINET,94,0,True,True,True,15,112964
c8374f108958622c789492c6,century,CNC,2025-07-25,CENTENE,0,0,True,True,True,32,152939
e32aa5b0496fa510b865bc1b,century,DYN,2025-07-28,,0,0,True,True,True,10,141593
3d9f9b0a2536931584d3c041,century,CLW,2025-07-29,Clearwater,0,0,True,True,True,12,71972
9101c6fe40b9b0619d47191d,century,XPRO,2025-07-29,EXPRO,25,0,True,True,True,32,135941
e86ecbb9258d51a34f61a1ce,century,BBNX,2025-07-29,Bionics,0,0,True,True,True,8,168158
6c01a7e648e5ac103b177169,century,HUM,2025-07-30,HUMANA,22,0,False,True,True,54,142356
8dc029b71abef890bdecc0d3,century,ANIK,2025-07-30,Anika,1,0,True,True,True,19,94445
cf3cd89523f0b9fb51bce766,century,ALHC,2025-07-30,Healthcare,21,0,True,True,True,30,136663
d51aa3ca7bc6cda5ba9d141c,century,AUR,2025-07-30,,0,0,True,True,True,16,67432
01260c77c4942b3db07c8304,century,YSXT,2025-07-31,,0,0,True,True,False,7,220072
4e57731290e0d7ec0f680e24,century,CRTO,2025-07-31,Criteo,20,0,True,True,False,23,102939
607b84adc3425d415c6f596e,century,GTE,2025-07-31,GRAN TIERRA,40,0,True,True,True,19,121293
673f0fd92b7a4eb46fdcc68a,century,CBIO,2025-07-31,BIOPHARMA,0,0,True,True,True,14,152857
93ae72ffbf298045d1891768,century,WK,2025-07-31,WORKIVA,0,0,False,True,True,30,101410
bc070964e7c5e50ec69c0507,century,GSIW,2025-07-31,,0,0,True,True,False,50,219889
0cf9e8ea1563be1b32f011c0,century,ONEW,2025-08-01,OneWater,88,0,True,True,True,56,191974
4886e3ef761779c160d96d47,century,NSP,2025-08-01,INSPERITY,0,0,True,True,True,58,86146
632df742029d6069819b5f94,century,MRNA,2025-08-01,Moderna,0,0,True,True,True,74,120316
95c9ebc3cbc742c59a06d33b,century,DXC,2025-08-01,,0,0,True,True,True,78,119459
a1a3c3bb54810ec5a07b0310,century,HLIT,2025-08-01,,0,0,True,False,True,14,188309
e695ada613d00b8fd44c5170,century,OFLX,2025-08-01,,0,0,True,False,True,23,88084
0944531d02bf4d4e3cfe8a3c,century,OPAD,2025-08-04,Offerpad Solutions,29,0,True,True,True,75,159595
0e920c523d5354b0524ec12a,century,PRTA,2025-08-04,PROTHENA,15,0,True,True,True,4,147133
595f7d0386dddb4bc87b8637,century,BCC,2025-08-04,BOISE,3,0,True,True,True,35,111715
7cafabadca2bbba0bbf76909,century,BGS,2025-08-04,Foods,3,0,True,True,True,51,181128
a96debfd90bbc6bd5602ff5a,century,ENR,2025-08-04,,0,0,True,True,True,84,172627
d177c3210f0375ac9f688e6e,century,TDW,2025-08-04,,0,0,True,True,True,36,123996
e262e4327c14f8766c3d6a93,century,TCMD,2025-08-04,,0,0,True,False,True,18,116686
20b22529b64970e137c9c179,century,CTNM,2025-08-05,Contineum,1,0,True,True,True,13,111963
351b2c8aa4ac12540ce89e3c,century,BOOM,2025-08-05,,0,0,False,True,True,55,142158
517f540153d58271eb38595b,century,TNGX,2025-08-05,,0,0,True,True,True,22,144817
645ee60152f47c8974ea9127,century,BAX,2025-08-05,,0,0,True,True,True,21,188407
6751b303ef256e1eaeb4156c,century,WLFC,2025-08-05,WILLIS,36,0,True,True,True,15,131542
6a7b548bce91a3ccbac047c0,century,MLAB,2025-08-05,LABORATORIES,2,0,True,True,True,13,89210
80f0f9514a00afedfec497d3,century,STKS,2025-08-05,,0,0,True,True,True,21,130027
846a1047ce9e6470cba5b764,century,OFIX,2025-08-05,Orthofix,4,0,True,True,True,15,93691
b9eb37c49c3624a7b4d3a791,century,ATKR,2025-08-05,Atkore,10,0,True,True,True,14,100234
bcc97fe7c6ab107ddefea09f,century,DOCN,2025-08-05,DigitalOcean,0,0,True,True,True,23,116927
00f9658cb15ab4cd787fb753,century,MBC,2025-08-06,MasterBrand,0,0,True,True,True,22,110289
1420e5e06bdcdccd3cb09232,century,TRNS,2025-08-06,TRANSCAT,0,0,True,True,True,33,100334
1d039bf5a34d06e0883122fa,century,SERA,2025-08-06,PROGNOSTICS,0,0,False,True,True,11,126853
6e298cb29c1f4b9d023483ca,century,LVWR,2025-08-06,LiveWire,0,0,True,True,True,96,127680
70293de701d1b98f591edd2d,century,LXRX,2025-08-06,,0,0,True,True,True,13,80323
76d82b53ef8d8efc33d754b7,century,TPL,2025-08-06,,0,0,True,True,True,19,87484
7a083cdd8b5e1dffcdc7a84e,century,ARDT,2025-08-06,,0,0,True,True,True,48,176007
8d048a76fbc1475ddbe64e5e,century,AEVA,2025-08-06,Aeva,0,0,True,True,True,50,117170
9a6eccf941e0b06209c9e3a6,century,VERX,2025-08-06,,0,0,True,True,True,33,198317
b6f0adbcf788138622555e4f,century,MNKD,2025-08-06,MANNKIND,0,0,True,True,True,36,190417
bbfdde88681de5db77fb4a97,century,MAGN,2025-08-06,Magnera,0,0,True,True,True,14,55034
cb6709cabaa1f9b04a645324,century,SES,2025-08-06,,0,0,True,True,True,25,96649
dabcac095eb287ab18f6344f,century,QTTB,2025-08-06,,0,0,True,True,True,16,176623
dbf772b57d5e8745526606d6,century,NVAX,2025-08-06,NOVAVAX,0,0,True,True,True,37,209809
e5c125ea1b9a973be24c7e3a,century,DCTH,2025-08-06,DELCATH,9,0,True,True,True,17,104777
e933d91c8af1993d5a062fba,century,LINE,2025-08-06,,0,0,False,True,True,83,126475
ee1d647aa28232597de07944,century,MCRB,2025-08-06,,0,0,True,True,True,13,190896
ef6ecbb9d1ead181c00dfffb,century,JACK,2025-08-06,,0,0,False,True,True,58,113668
f712d5f7caf9ec04fa20298f,century,GPCR,2025-08-06,,0,0,True,True,True,21,138462
0427b2fa2f79987b285d814d,century,AVTX,2025-08-07,Avalo,67,0,True,True,True,78,128918
12cb17311c1355f6cddf0ebe,century,INMB,2025-08-07,Inmune,0,0,True,False,True,25,117497
15294632af0c21cd8fc67c97,century,ACHV,2025-08-07,SCIENCES,1,0,True,True,True,10,149874
1bd1e14ff54038e77f5d7c60,century,GMED,2025-08-07,GLOBUS,14,0,True,True,True,15,144949
1fa91ee14352f1386082d099,century,NXTC,2025-08-07,NextCure,0,0,True,True,True,19,97011
36121bd6eb8c1dfee0e32584,century,TMCI,2025-08-07,TREACE CONCEPTS,2,0,True,True,True,16,101619
3812c772525c13ffa7357130,century,HPP,2025-08-07,Hudson Properties,95,0,True,True,True,192,212108
49e340774f2005dca001a5e3,century,ADV,2025-08-07,Solutions,5,0,True,True,True,29,124653
54fa95330b16f508130807d3,century,SPB,2025-08-07,Brands,5,0,True,False,True,30,139142
5bdb942418ce66ab8937dad3,century,LESL,2025-08-07,Leslie's,0,0,True,True,True,1,101396
75f9fb93c64ad3445a34c824,century,RLYB,2025-08-07,Rallybio,0,0,True,True,True,27,149186
767c5d4c9b6d004fbb50e681,century,COLM,2025-08-07,,0,0,True,True,True,60,181789
83858b7a2bd599739dc12ebe,century,UP,2025-08-07,Wheels,75,0,False,True,True,115,184318
849472a1b1e767318c76e955,century,INTS,2025-08-07,,0,0,True,True,True,12,88686
8f0ba719e78fb81d36b57ae4,century,REAL,2025-08-07,TheRealReal,0,0,False,True,True,5,164309
9994e0a230284d8c80dcfd51,century,DTIL,2025-08-07,BIOSCIENCES,1,0,True,True,True,16,195421
9d9de15218686875323fb262,century,AMTX,2025-08-07,AEMETIS,0,0,True,False,True,41,117299
b64e2444823ee83f89d47c16,century,CABA,2025-08-07,,0,0,False,True,True,18,186068
c68ae1547382a1739de343c6,century,EXFY,2025-08-07,Expensify,0,0,True,True,True,63,120851
cc105d06119adf0762112507,century,SOBR,2025-08-07,SOBR,0,0,True,True,True,22,119290
dc58cd525b8e63e7935fe50f,century,XPER,2025-08-07,Xperi,13,0,True,True,False,19,126525
e2e6b9ab6b57a56a59024494,century,WEAV,2025-08-07,Communications,6,0,True,True,True,15,152214
e2fa24d3d1d71d66990b87f7,century,VCYT,2025-08-07,VERACYTE,0,0,True,True,True,50,129671
e32311fac85debafd32e86ca,century,CPRI,2025-08-07,,0,0,True,True,False,3,153015
e53b42c65d055acc84b00cb6,century,SABS,2025-08-07,Biotherapeutics,0,0,True,True,True,22,149004
e7a48c3108845f281c9afc37,century,PRTH,2025-08-07,,0,0,True,True,True,28,122029
ec23c3ff8a1f1fd12100a2cb,century,CCOI,2025-08-07,COMMUNICATIONS,17,0,True,True,True,26,146976
ed4f8e9cc0c1f3dbada22e93,century,PLTK,2025-08-07,Playtika,0,0,True,False,True,37,157560
f019353eccd3f92d4ac568b5,century,EGBN,2025-08-07,,0,0,True,True,True,50,143323
fec09ca37abfa6dd498fc5bd,century,LBRDA,2025-08-07,Broadband,4,0,True,True,True,227,139392
026b43cb43cecfea8f234ea5,century,PHUN,2025-08-08,Phunware,0,0,True,True,True,43,90359
05f313b3c593dcd34a970a75,century,SLVM,2025-08-08,Sylvamo,0,0,True,True,True,31,85346
12d6945e44d637c30cfc1326,century,TALK,2025-08-08,Talkspace,0,0,False,True,True,19,78670
287eb72c084128f6a156a206,century,XCUR,2025-08-08,EXICURE,0,0,True,True,True,48,107602
6eb0252276e9a345cb5739e7,century,XFOR,2025-08-08,,0,0,True,True,True,30,187976
73e076169c6125ed08d234cc,century,CHGG,2025-08-08,CHEGG,48,0,True,True,True,17,106083
7fc4fbe8cac7dadade8db47a,century,RC,2025-08-08,Companies,9,0,False,True,True,25,104837
8d7e2ace8db13f60c74d04b1,century,HIT,2025-08-08,,0,0,False,True,True,38,141042
ac43caf3a2b3759c6180611a,century,CLDI,2025-08-08,Calidi Biotherapeutics,24,0,True,False,True,20,196517
cedd69ad7d521a5df0988197,century,CLOV,2025-08-08,INVESTMENTS,41,0,True,True,True,3,127765
e2d272d2f27ce9c298d1b732,century,WEN,2025-08-08,Wendy's,0,0,False,True,True,2,114018
e4d73f631189b9eb850dce2d,century,MBIO,2025-08-08,,0,0,True,False,True,23,153380
e9341c75626bfbbd1ade3105,century,SONM,2025-08-08,SONIM,27,0,True,False,True,21,154247
f4b4bcf0f1af4421034d2b32,century,EMBC,2025-08-08,Embecta,0,0,True,True,True,59,106861
012f4c741dd54a3ca595b0c7,century,BW,2025-08-11,Wilcox Enterprises,23,0,False,True,True,39,165430
04887334f36bc25882fcfde8,century,SMC,2025-08-11,,0,0,True,True,True,79,183720
0ae5c80acc438f1a2b5fb275,century,AAON,2025-08-11,AAON,0,0,True,True,True,103,140964
0d82aa45c85e1a4a2b29c32f,century,MYO,2025-08-11,MYOMO,7,0,True,True,True,11,110132
1ba957fd788dc3b180503dc7,century,PLUG,2025-08-11,,0,0,False,True,True,53,133013
428166e080c28a818719372a,century,IMVT,2025-08-11,Immunovant,0,0,True,True,True,78,97726
472d29df9b6376505a5296ac,century,ACVA,2025-08-11,Auctions,16,0,True,True,True,17,134642
6a0da80d6c00c3b936a947a8,century,RR,2025-08-11,RICHTECH ROBOTICS,8,0,False,True,True,11,70781
7aafda158fcabf94c60d8100,century,BKKT,2025-08-11,Bakkt,142,0,True,True,True,23,201784
7d0f46519073095bc079f021,century,BCDA,2025-08-11,BioCardia,0,0,True,True,True,16,80309
99f3432d93147d7b25a442ee,century,CE,2025-08-11,,0,0,False,True,True,81,170815
af5a7a2e109dcec424f678a4,century,FLNC,2025-08-11,Fluence,26,0,True,True,True,127,209538
bacdbe176766599b70a2d379,century,BALY,2025-08-11,Bally's,1,0,True,True,True,2,159856
dacc5b005f427a116bb0cf8e,century,UNH,2025-08-11,UNITEDHEALTH,0,0,True,True,True,33,84999
e5f27254f8a2ffda9debc654,century,NGNE,2025-08-11,Neurogene,0,0,True,True,True,47,163739
e8120a4ecbd19e0dfe998283,century,ESOA,2025-08-11,Services,84,0,True,False,True,15,154030
f76eeb1402ff871923cd6008,century,UFPT,2025-08-11,,0,0,True,True,True,11,98444
0bb411a02bbb5b1b41de3606,century,SPRU,2025-08-12,,0,0,True,True,True,45,151499
16b6ebd3c56d57faa7675533,century,VG,2025-08-12,,0,0,False,True,True,66,157392
245a1f1c6435b547546723d8,century,ATEX,2025-08-12,Anterix,0,0,True,True,True,15,89469
5ea9c43944a72c8adf0c1bcf,century,ALT,2025-08-12,Altimmune,0,0,False,True,True,25,78160
626660ea96ae049e73e65504,century,PROK,2025-08-12,PROKIDNEY,0,0,True,True,True,133,126448
887a01265bc05dde0be8d0e0,century,NPCE,2025-08-12,NeuroPace,0,0,True,False,True,25,174666
8cf6ea75985ef860543b7745,century,KYTX,2025-08-12,Kyverna,2,0,True,True,True,13,160193
9b46aa23727f07b99aa1eaf0,century,EMPD,2025-08-12,,0,1,True,True,True,18,168056
b0e726fd29c343e367be1c8d,century,SRFM,2025-08-12,,0,0,True,False,True,14,164989
ca0beffb2b52d1c68c20805e,century,CTXR,2025-08-12,Citius,125,0,True,True,True,28,111086
e7f20fa19896407dc058c671,century,CTOR,2025-08-12,CITIUS,50,0,True,True,True,50,71013
e8ed33053156924e0112ce97,century,NCPL,2025-08-12,Netcapital,0,0,True,False,True,123,219787
03a3f2b60723f8eb7bcc9866,century,SDST,2025-08-13,Stardust,1,0,True,False,True,95,213377
0664696441a3b7ebc6200fd9,century,JBIO,2025-08-13,Biosciences,2,0,True,True,True,34,137457
0c59c61a7441e6cec1074a95,century,PMN,2025-08-13,ProMIS Neurosciences,12,0,True,True,True,14,124171
1461d554342596993a8588e1,century,XPON,2025-08-13,Expion360,0,0,True,True,True,14,140973
1763f992a270d9ea7b8c5866,century,CAVA,2025-08-13,,0,0,False,True,True,175,87872
1c2a06951034e4e8a6bf8174,century,AMIX,2025-08-13,Autonomix,2,0,True,True,True,22,103675
46e3e91b13e066678b690468,century,LVLU,2025-08-13,Lulu's,0,0,True,True,True,5,159145
55ef6f7af84d3b42360d05f9,century,ICU,2025-08-13,SeaStar,3,0,True,True,True,41,129299
5e3f1bb8115690f0b4ac5d47,century,ARTL,2025-08-13,ARTELO BIOSCIENCES,0,0,True,True,True,20,160590
60a9bef540e2372341568001,century,ENTA,2025-08-13,ENANTA,1,0,True,True,True,13,92474
6741a0da730d703bd028e27c,century,TNON,2025-08-13,,0,0,True,True,True,15,84906
683c3dea245a2d58c82789e7,century,LPSN,2025-08-13,LIVEPERSON,0,0,True,True,True,36,138799
79a88562bcb8f7e1eb001553,century,SCLX,2025-08-13,Scilex,71,0,True,True,True,35,219919
9304659bf5e09961a87a8867,century,AIRE,2025-08-13,ARES,8,0,False,True,True,17,212376
c194ca6a28e75c4c0dcec114,century,AQMS,2025-08-13,Metals,8,0,True,True,True,40,90640
c8877db7c714f69589efb9f3,century,HYPD,2025-08-13,HYPERION DEFI,2,0,True,True,True,35,150797
11b8d61fd9443d3f173c34c3,century,AIRE,2025-08-14,reAlpha,63,0,False,True,True,18,170312
255c9a93c85fc5c21c77a850,century,HSDT,2025-08-14,HELIUS,6,0,True,True,True,16,110497
498d69885cb9043a2fae1023,century,NUWE,2025-08-14,Nuwellis,0,0,True,True,True,24,114752
50eec6eccffd0ddb2851ce41,century,CWD,2025-08-14,CaliberCos,0,0,True,True,True,50,134317
5a3410fe0c9922325e4a8c3f,century,PEW,2025-08-14,GrabAGun,61,0,False,True,True,22,47320
758ec5f85add77fbf756f316,century,MRKR,2025-08-14,,0,0,True,True,True,12,110290
7eabf462ac9b911be861160e,century,DFDV,2025-08-14,DeFi,9,0,True,True,True,44,150595
82ec0f1f8115fa187b1a5374,century,CMCT,2025-08-14,,0,0,True,True,True,32,157300
873ce62bd451d3ca544d4f56,century,INV,2025-08-14,Innventure,0,0,True,True,True,194,179883
91ca42b7368c498853e78c69,century,OTLK,2025-08-14,,0,0,True,True,True,39,192531
a18571d036f8b38f8f4e364e,century,SOWG,2025-08-14,,0,0,True,True,True,58,128531
a3ea58389a9ff86f9943b934,century,UNCY,2025-08-14,Unicycive,2,0,True,False,True,10,147071
ad477389510c4074a7fc7224,century,IPDN,2025-08-14,,0,0,True,True,True,18,146839
bf57c43c99d1715478fb6dfd,century,XBP,2025-08-14,,0,0,True,True,True,85,174138
c2998228bfd680e3b7e23bbd,century,ZURA,2025-08-14,Zura,0,0,True,True,True,52,184681
c65ae82534a725fb81e0569a,century,EHGO,2025-08-14,EShallGo,0,0,True,True,False,84,220068
d375c0e58179ccee814f2a21,century,BEEM,2025-08-14,,0,0,True,True,True,20,123356
de4e83ab8161e7664f53d729,century,ELDN,2025-08-14,Eledon,9,0,True,True,True,18,154017
ded9e384a3b3b666abcaa25d,century,DARE,2025-08-14,Bioscience,17,0,False,True,True,67,193449
e1b3aa4668c0792a7837daa5,century,CETX,2025-08-14,CEMTREX,0,0,True,False,True,44,110063
e1ceb6048de2f0ceb66fedf7,century,SNGX,2025-08-14,SOLIGENIX,0,0,True,True,True,20,175547
e400ddc148a1656182c67923,century,SQFT,2025-08-14,,0,0,True,True,True,24,187239
e42f09083e90a24ea2515866,century,INKT,2025-08-14,,0,0,True,True,True,28,76818
ec14d6e0ed3f11e914a78ee5,century,AIM,2025-08-14,ImmunoTech,0,0,False,False,True,48,200291
ecfc2a2930f4a935dafaa34c,century,XELB,2025-08-14,XCel Brands,67,0,True,False,True,46,129543
f0f9f8658d37b11e224abc0d,century,DFLI,2025-08-14,,0,0,True,False,True,48,164410
f8dc5cb64d49fb010739d7f6,century,HURA,2025-08-14,TuHURA Biosciences,124,0,False,True,True,9,119613
fb5c168a0130c2d95970f8f2,century,CVM,2025-08-14,,0,0,True,True,True,1,92562
fb9128cd849980cacd1742ed,century,AIRI,2025-08-14,,0,0,True,False,True,15,89419
fdc96f2a14f82ce70cc587c5,century,TELO,2025-08-14,Telomir,31,0,True,False,True,23,67231
32591eec41d1d411ca00b64a,century,LASE,2025-08-15,Photonics,2,0,True,False,True,25,64130
cbec204bea541dd960d4e4e7,century,WKHS,2025-08-15,Workhorse,0,0,True,True,True,142,167445
e33eb339b075868d02c1fcc9,century,TEAM,2025-08-15,Atlassian,0,0,False,True,True,60,176763
7d761ceb991bd7f3f3efdf7e,century,MNTS,2025-08-19,Momentus,0,0,True,True,True,58,158175
b584141aaca4f5f0938e12d1,century,BTBD,2025-08-19,Brands,0,0,True,True,True,28,78349
bcc719147167d9c37fc160f6,century,FTFT,2025-08-19,FinTech,5,0,True,True,True,76,124212
dbbbe847cdea75f654c7f993,century,INTA,2025-08-20,Intapp,20,0,True,True,True,18,220009
f359ddbbe635137f34aec365,century,PSEC,2025-08-26,,0,0,True,True,True,85,219406
10b7124747ca8dc3a7d5b462,century,ARAY,2025-08-28,ACCURAY,0,0,True,True,True,43,217995
7d377e27aea3935dc5c20cc4,century,S,2025-08-28,SentinelOne,0,0,False,True,True,30,156929
3d909f5a2cef816f905e2c9b,century,BMRA,2025-08-29,BIOMERICA,0,0,True,False,True,42,219082
22c6f3e1642538effd82cb09,century,DAVA,2025-09-04,Endava,34,0,True,True,False,14,220061
8063824b24b07e3f699315cc,century,LULU,2025-09-04,lululemon athletica,15,0,False,True,True,18,182642
a9e2c9e16a9e4210f4b87ea1,century,SWBI,2025-09-04,WESSON BRANDS,14,0,True,True,True,20,95215
c574d75a88bfa940f5e68f05,century,BRZE,2025-09-05,,0,0,True,True,True,23,178291
a94bc15f03d65745527ed5f0,century,FCEL,2025-09-09,FUELCELL,1,0,True,True,True,32,219852
d11ca9e9e9d226bd7bff4ee1,century,MEI,2025-09-09,METHODE,2,0,True,True,True,18,115501
e0857f8b79f60714f5402740,century,CRMT,2025-09-09,AMERICAS CARMART,0,0,True,True,True,2,144112
f738dd33a10d15c1f71b1ed3,century,AI,2025-09-09,,0,0,False,True,True,95,117118
7fba3a8442d35f06d263c295,century,HAIN,2025-09-15,,0,0,False,True,True,47,213719
9a25616c658666bf126e0308,century,ELPW,2025-09-22,Elong,335,0,True,False,False,61,219898
36f56011dec4e3350d184545,century,UPXI,2025-09-24,UPEXI,18,0,True,True,True,17,220028
9b3899fc4846b08995f35806,century,MOVE,2025-09-24,Movano,5,0,False,False,True,27,98188
8b4a4f1bc50cacc322ac38e4,century,LITS,2025-09-26,,0,0,True,True,True,30,215662
8ca20ce67e1e13b201d20099,century,MARA,2025-09-26,,0,0,False,True,True,0,204427
d82dcfed03dfe279c34aa4d0,century,KMX,2025-09-26,CARMAX,53,0,True,True,True,2,148430
1dd9b424bcfdbb3a514f548b,century,BENF,2025-09-29,Beneficient,0,0,True,True,True,55,219907
b5900877944061444dce99e6,century,CAG,2025-10-01,CONAGRA BRANDS,14,0,False,True,True,31,107683
880fd155160d655eb6fc9422,century,STZ,2025-10-07,BRANDS,34,0,True,True,True,75,174619
0f943e2723e6df6ed50993c1,century,RGP,2025-10-08,,0,0,True,True,True,28,132783
1346d565f08cb39e1f19282f,century,IPW,2025-10-09,iPower,26,0,True,True,True,24,220009
aabdcf7bf307676ba16dc091,century,NEOG,2025-10-09,NEOGEN,10,0,True,True,True,17,69788
b9f911852beadc761b080e21,century,NRIX,2025-10-09,Nurix,0,0,True,True,True,10,138583
cd494b626f874c4c711e7d12,century,RMCF,2025-10-14,,0,0,True,True,True,40,100730
8343d31db4551e57579e30b9,century,SAFX,2025-10-16,,0,0,True,False,True,41,219827
6e519869f75ffa0048380901,century,LBRT,2025-10-17,,0,0,True,True,True,41,121039
6171ee37137fe0481f13d4b1,century,HAO,2025-10-20,Haoxi,80,0,False,True,False,8,220045
bae4f3d6b0ec021d86913288,century,SMMT,2025-10-20,,0,0,True,True,True,27,143882
0a61b9fca96443d082144950,century,FDS,2025-10-22,FACTSET,34,0,True,True,True,26,197105
526400909c32a07bf6f8d348,century,FLXS,2025-10-22,FLEXSTEEL,2,0,True,True,True,11,49656
5b14145914360056cd1e045f,century,WGO,2025-10-22,,0,0,True,True,True,32,188456
5cb07c6dfcef8f28b292fedd,century,HLX,2025-10-23,SOLUTIONS,0,0,True,True,True,13,132581
8625b9b60bd7a44c70b4023d,century,VKTX,2025-10-23,,0,0,True,True,True,13,157974
b4ee48e06e27dbe19ecb5a44,century,CCS,2025-10-23,Communities,27,0,True,True,True,37,200875
0afd229505038edfc3620eb5,century,CLIK,2025-10-24,,0,0,True,False,False,5,220085
24a6360e51b668a9c1c09a6f,century,CYH,2025-10-24,,0,0,True,True,True,62,200275
5aa07442b0c6ff917fb75225,century,GLXG,2025-10-24,,0,0,True,True,False,63,219727
5c1889ba74150775b6fc34e2,century,BAH,2025-10-24,Booz,3,0,False,True,True,31,91838
b43db5e42fe03ab942a5d26c,century,DOW,2025-10-24,,0,0,False,False,True,167,148550
ca87b3a96d5543b8f34f928e,century,CRI,2025-10-27,CARTERS,0,0,True,True,True,2,159828
19e82268b7659f050b237884,century,NEO,2025-10-28,NEOGENOMICS,0,0,False,True,True,59,135390
3f1e06d45e6674bc39db52ad,century,JBLU,2025-10-28,JETBLUE AIRWAYS,23,0,True,True,True,27,128118
51f5ee24fd43745dc60c03a2,century,OLN,2025-10-28,OLIN,43,0,True,True,True,28,140274
6cb3e5aa94b179ea28f28be9,century,CZR,2025-10-28,Caesars,98,0,True,False,True,40,151497
8cfa9acc2d7f00ac0f8e48a0,century,WHR,2025-10-28,,0,0,True,True,True,2,131666
9707a2573bd2d39c84ce8d79,century,HRI,2025-10-28,HERC,65,0,True,False,True,22,136660
adcf1fd9a3e7904513438000,century,ENPH,2025-10-28,Enphase,20,0,True,True,True,101,164286
bc2c6de3098970dce954b8aa,century,AQB,2025-10-28,AQUABOUNTY,9,0,True,False,True,13,72857
1e5fabd4fe6c3e98902e8b3b,century,MAX,2025-10-29,MediaAlpha,0,0,False,True,True,29,166555
30bf86e36dc5087da5d4e5c3,century,ATOM,2025-10-29,Atomera,0,0,False,False,True,19,61687
5a92ebfb670218433afd1a4e,century,KIDS,2025-10-29,ORTHOPEDIATRICS,0,0,False,True,True,23,118113
5dddbb5130c3d73979ad2637,century,CLVT,2025-10-29,CLARIVATE,0,0,True,True,False,42,101517
79a1ad2c1ec43ca2a8f0b6dc,century,MGPI,2025-10-29,INGREDIENTS,6,0,True,True,True,23,114254
7f98392f35192caa452b3c36,century,SFM,2025-10-29,Sprouts Farmers,11,0,True,True,True,32,97629
018a5e53cde2c36afc264e5b,century,BCYC,2025-10-30,,0,0,True,True,False,18,165642
05d4d2db0f648344d40015ae,century,ICFI,2025-10-30,,0,0,True,True,True,15,91707
1ffe30fd42042af0676f0a28,century,PDEX,2025-10-30,,0,0,True,True,True,8,79556
33a990c6d4071078d89dda9a,century,RMAX,2025-10-30,,0,0,True,True,True,25,141058
44e9effcdf2bf90bf0044ca6,century,SPSC,2025-10-30,,0,0,True,True,True,50,85870
53e119695c4aedfc07aa900b,century,LODE,2025-10-30,Comstock,0,0,False,True,True,96,217937
5b8e13d4f82e09f7964cbf91,century,FISV,2025-10-30,FISERV,46,0,True,True,True,1,178130
5ba628e8e6a1a7f46d975f78,century,CWH,2025-10-30,Camping,0,0,True,True,True,43,141261
711e856f051783056197ef87,century,SAIA,2025-10-30,SAIA,0,0,True,True,True,36,78690
73437edcdeda2fdbad1653f7,century,TDOC,2025-10-30,Teladoc,3,0,True,False,True,35,134783
83c535555387efa5a408ac2b,century,NVCR,2025-10-30,NovoCure,0,0,True,True,True,19,98704
8931c92c3bf6d80b8591390e,century,FMC,2025-10-30,,0,0,True,True,True,107,200227
8a866c57d7b07769a099f03b,century,CBZ,2025-10-30,CBIZ,30,0,True,True,True,14,139718
9bd8b181a2b3882051cf9d80,century,NSIT,2025-10-30,ENTERPRISES,1,0,True,True,True,57,149231
b29148673452161f0a37c871,century,NCMI,2025-10-30,CineMedia,0,0,True,True,True,30,147990
ba2aa9932108e08c7d3c7c45,century,NEXT,2025-10-30,NextDecade,0,0,False,True,True,48,99250
c1fc173f45a5eca5d3155a57,century,THRY,2025-10-30,Thryv,53,0,True,True,True,18,154792
e9e4a93cb6d46700bf352f6f,century,WNC,2025-10-30,WABASH,24,0,True,True,True,19,157023
ecd42f9fcc28254229883795,century,FND,2025-10-30,Decor,1,0,True,True,True,19,92849
f6fe944f345ab54a83c6e01c,century,MORN,2025-10-30,Morningstar,0,0,False,True,True,194,137221
fb87066382afdd06d53bdc29,century,GDYN,2025-10-30,,0,0,True,True,True,86,118586
128c2e884d981b312c316e7c,century,WLK,2025-10-31,WESTLAKE,0,0,True,True,True,103,153016
1469e6b152988f4306157bbf,century,BFLY,2025-10-31,,0,0,True,True,True,17,91974
27ccac4a81f95d241905ed31,century,ARBB,2025-10-31,,0,0,True,True,False,3,218915
2a8979c158093b9b62495d95,century,CHTR,2025-10-31,COMMUNICATIONS,69,0,True,True,True,2,134385
3e69ae06555023262be11f93,century,FIP,2025-10-31,FTAI,50,0,False,True,True,66,207699
500a3ffa374ad6d6ccc86833,century,NWL,2025-10-31,NEWELL BRANDS,8,0,True,True,True,16,119644
58835a653272a52c80af451d,century,GDDY,2025-10-31,GoDaddy,0,0,True,True,True,40,123334
617f66277c3ee64dba6f0c58,century,JAKK,2025-10-31,JAKKS,2,0,True,True,True,31,88848
6c13930866ec84282e8e11c2,century,GKOS,2025-10-31,GLAUKOS,0,0,True,False,True,18,143220
90b91a7c2d70e872f8d07587,century,RHI,2025-10-31,,0,0,True,True,True,29,124209
ab3bdc6c749a86517b30f188,century,MAN,2025-10-31,ManpowerGroup,0,0,False,True,True,15,142885
b6eb424fe8fe1d4a843a1c1e,century,UPBD,2025-10-31,,0,0,True,True,True,47,187797
c867f38861f39f27e6c7e927,century,MCS,2025-10-31,MARCUS,2,0,True,True,True,23,117393
d5e4607af3c710a9555b04a2,century,TREX,2025-10-31,T-REX,4,0,True,True,True,17,178240
dba48275c65cf024b38a0080,century,RGC,2025-10-31,Regencell Bioscience,25,0,True,False,False,68,219368
e8c34642834d6963d0dd7595,century,BTOG,2025-10-31,,0,0,True,True,False,31,219977
f19557b26ca39277f31f8412,century,LYB,2025-10-31,LyondellBasell,9,0,True,True,True,54,135056
f1c9354c204cd960ce447c27,century,NBR,2025-10-31,NABORS,63,0,True,False,True,21,150764
fdb68a5b9f6b7200543bbb11,century,ALKT,2025-10-31,ALKAMI,12,0,True,True,True,11,137024
01a217ba9970f60971a7454c,century,MED,2025-11-03,MEDIFAST,0,0,True,True,True,31,92692
0567e7bf00a17b1eb7e8b416,century,TBI,2025-11-03,TrueBlue,0,0,True,True,True,34,144901
16f2b1ca826c25cd6c6f7900,century,SM,2025-11-03,,0,0,False,True,True,23,158809
1946be7cc7b934b88bfa0c30,century,BDSX,2025-11-03,BIODESIX,0,0,True,True,True,43,176564
85aef1761d480ce8e41280f7,century,MSTR,2025-11-03,,0,0,True,True,True,40,177281
9f6630109158386d7b5fbf79,century,KVUE,2025-11-03,Kenvue,63,0,True,True,True,24,151968
a7964a6cfbd1f38520f290d9,century,CRGY,2025-11-03,,0,0,True,False,True,48,199373
e42661f8951d865452269f46,century,KPTI,2025-11-03,Karyopharm,4,0,True,True,True,15,188005
01db82b7031ea2441339c383,century,BVS,2025-11-04,Bioventus,0,0,True,True,True,56,171173
0a4565e9324a69c14753edbc,century,GPK,2025-11-04,PACKAGING,102,0,True,True,True,45,127996
0acd2315b09b2950f60c6baf,century,PCVX,2025-11-04,Vaxcyte,0,0,True,True,True,18,153829
0ca7bc1b138c16b1aa478e24,century,KURA,2025-11-04,Kura,0,0,True,True,True,11,124489
14c60269e8eb10ce8e021149,century,LFVN,2025-11-04,Lifevantage,0,0,True,False,True,23,104715
1ae28252bbcbc3a9ba978421,century,LAB,2025-11-04,BIOTOOLS,0,0,False,True,True,21,124294
1ef90b17350ae95058c7bb87,century,STIM,2025-11-04,Neuronetics,0,0,False,True,True,41,128505
27abc58388d586e47f170bcb,century,HRTX,2025-11-04,,0,0,True,True,True,1,136567
27f6d82a9c34122896bce7b5,century,GDRX,2025-11-04,GoodRx,30,0,True,True,True,18,128347
328fdbb8198a484744f403a8,century,AESI,2025-11-04,Solutions,2,0,True,True,True,15,195208
348a1ab96a2ceb4797de51a0,century,MYGN,2025-11-04,,0,0,True,True,True,16,114266
36953d6380cbb7023fbf91a6,century,UPST,2025-11-04,,0,0,True,True,True,150,219072
39841d039788740936bcd92c,century,CDNA,2025-11-04,CareDx,4,0,True,True,True,11,117678
3d3d0e2199d1cf9dadccde62,century,DDD,2025-11-04,,0,0,True,True,True,37,142726
45335c2699e4286ca52e4462,century,GT,2025-11-04,,0,0,False,True,True,2,156802
4708180ebe22ff9748e5f4a7,century,CBLL,2025-11-04,Ceribell,0,0,True,True,True,62,141333
667e1dff5a4517bc27f34ef6,century,OEC,2025-11-04,,0,0,True,True,True,46,90356
6eec47c188d89bba516a30a9,century,XIFR,2025-11-04,XPLR,456,0,True,True,True,25,115943
6fa6db2655977ecc64a74bc2,century,HOWL,2025-11-04,,0,0,False,True,True,15,172209
728e2075d6d1676dd0a2d231,century,ANGI,2025-11-04,Angi,0,0,True,False,True,98,119704
778dbae88c83c2683dd269d7,century,IT,2025-11-04,GARTNER,0,0,False,True,True,56,133674
842447b27c4ba49967496c85,century,BWIN,2025-11-04,,0,0,True,True,True,24,198860
9d09cdc36263c0ec7945b3bb,century,HLNE,2025-11-04,,0,0,True,True,True,65,166552
9e11f6afa26478390b3c32ff,century,AGL,2025-11-04,agilon,14,0,True,True,True,28,125767
a850be42affa1f78f71be481,century,EVEX,2025-11-04,,0,0,True,True,True,18,116360
bad0c3c9d8f161d6e1eb744c,century,IIPR,2025-11-04,PROPERTIES,80,0,True,True,True,17,134580
c13bf82f0c60c9268b9b6a3e,century,BXC,2025-11-04,BlueLinx,0,0,True,True,True,17,125075
d09f1a2a089dc441e8cdf2d5,century,LGIH,2025-11-04,Homes,85,0,True,True,True,27,147937
db51302f48bd1b3c0ada3fe8,century,RVLV,2025-11-04,,0,0,True,True,True,28,131139
e1972891b49abdeab779ce50,century,PTLO,2025-11-04,Portillo's,0,0,True,True,True,126,135461
e2637df99ef1aa9791a60a89,century,WING,2025-11-04,Wingstop,0,0,False,True,True,29,95307
e3feba73b61292e68b98b865,century,EMN,2025-11-04,EASTMAN,72,0,True,True,True,9,135514
e8ba2a6265c7a624d01fb154,century,AEYE,2025-11-04,AUDIOEYE,0,0,True,True,True,34,93813
ec95e543f6c72ed94695609b,century,KOS,2025-11-04,Kosmos,18,0,False,True,True,29,159323
f1ffd567a7caf1e49b594dec,century,SPIR,2025-11-04,,0,0,True,True,True,43,213156
f5927d766fb03ee33d33bed8,century,BOW,2025-11-04,,0,0,False,True,True,34,153037
fecb4342fe2ef5f74f72dae9,century,BMEA,2025-11-04,Biomea,1,0,True,True,True,13,167923
03a16af28e03b4ef02842e15,century,ARKO,2025-11-05,ARKO,0,0,True,True,True,19,156288
090f84ab806269a1dc88dae0,century,FRSH,2025-11-05,Freshworks,0,0,True,True,True,22,135854
0f39fbca95a80173e210905c,century,ARCB,2025-11-05,ARCBEST,20,0,True,False,True,1,155620
144dba6b498d2b293aa2e6e2,century,IBRX,2025-11-05,ImmunityBio,0,0,True,True,True,121,219362
1cb23bfeb385f7f65887a2e3,century,POWI,2025-11-05,INTEGRATIONS,0,0,True,True,True,31,120674
1f7bec2b53e06f22ae213508,century,CMTG,2025-11-05,Claros,2,0,True,True,True,22,161828
2e1f731642b791661ecd82ea,century,RPD,2025-11-05,Rapid7,15,0,True,True,True,16,147185
3a34e7384fa9d671270f454f,century,OPRT,2025-11-05,Oportun,30,0,True,True,True,11,162444
3c888e3099530fcc364076da,century,CTKB,2025-11-05,Cytek Biosciences,50,0,True,True,True,17,219902
429b29b6d6b102b0c0830bc5,century,LRMR,2025-11-05,Larimar,4,0,True,True,True,11,126825
461ec37720587b537f517704,century,SENS,2025-11-05,Senseonics,0,0,True,False,True,38,185063
46fc9be2b4a1fe6cbfab6274,century,FWRD,2025-11-05,,0,0,True,True,True,42,155523
47f6ddb1115471fe872e37b2,century,PRCT,2025-11-05,PROCEPT BioRobotics,0,0,True,True,True,11,80167
493fde73a4056ff4cc83156f,century,MATX,2025-11-05,Matson,39,0,True,True,True,5,169107
49e5097e6b43aeaa94192bee,century,SABR,2025-11-05,Sabre,63,0,True,False,True,18,192813
4d8a17c5359a36d2cec15339,century,VIR,2025-11-05,Biotechnology,4,0,True,True,True,33,140434
563f8e14766dcd39060686cd,century,ZVIA,2025-11-05,Zevia,58,0,True,False,True,23,126344
6e1d300969b7c320d589cf61,century,HCKT,2025-11-05,HACKETT,0,0,True,True,True,37,94370
72aeac39f094dc9796511bc5,century,HNST,2025-11-05,,0,0,True,True,True,14,148885
73f67a926d4597ab0868d142,century,VERA,2025-11-05,,0,0,False,True,True,10,165555
79d64cfe0969ff86be0f5aac,century,SDHC,2025-11-05,Homes,64,0,True,True,True,77,176526
7aa450d19cd0b75e65de38a2,century,COTY,2025-11-05,COTY,0,0,True,True,True,115,186554
7be00d79aac32c903382854e,century,MLTX,2025-11-05,MoonLake Immunotherapeutics,75,0,True,True,True,63,158232
7ed2e8f82bd102ef58eae564,century,USNA,2025-11-05,USANA SCIENCES,32,0,True,True,True,24,102714
7f409d15412d3ea876e4007b,century,LCID,2025-11-05,,0,0,True,True,True,16,219947
83d29696e13e9d7c790c3b61,century,KROS,2025-11-05,Keros,2,0,True,True,True,11,157769
854a6e0f2be66e50fb0cdaf5,century,FHTX,2025-11-05,,0,0,True,True,True,10,101080
8aec0904fce269a2a26914d8,century,HUBS,2025-11-05,HUBSPOT,0,0,True,True,True,15,175316
900655bc16a56b40b99d5d15,century,ARVN,2025-11-05,ARVINAS,0,0,True,True,True,23,211800
939e6bf3e7cb959fac340073,century,RELY,2025-11-05,Remitly,26,0,False,True,True,25,148431
9465fdd83ce0c6c7e76f6513,century,ZIP,2025-11-05,ZIPRECRUITER,0,0,False,False,True,33,142539
997c0e62a94f66243ffc0046,century,AMC,2025-11-05,,0,0,True,True,True,47,180066
9b71aa65bb959fa51581a538,century,MLR,2025-11-05,,0,0,True,True,True,1,78732
a17ac85f5e737ce8932e0e59,century,LENZ,2025-11-05,LENZ,0,0,True,True,True,55,190258
a3dc5a8ce10c4ed798973e1f,century,IOSP,2025-11-05,INNOSPEC,0,0,True,True,True,18,74414
ab2bcd8008c5159fad312274,century,XNCR,2025-11-05,Xencor,19,0,True,True,True,2,126250
aef5354a68753b1bfb2276cd,century,ROOT,2025-11-05,,0,0,False,True,True,43,118907
b41b0de425a9ee5cfa396ad5,century,ADMA,2025-11-05,ADMA BIOLOGICS,4,0,True,True,True,59,173238
b5427ea0ee344b4f5b5a1d44,century,QSI,2025-11-05,Quantum-Si,0,0,True,True,True,33,137840
be92796a93754d467721b644,century,OSUR,2025-11-05,ORASURE,3,0,True,True,True,12,98514
c1bc0fbfdae92252e13fcdc0,century,OC,2025-11-05,Owens,0,0,False,True,True,116,190300
c34d5cfe150b75417a386c97,century,CHH,2025-11-05,HOTELS,118,0,True,True,True,2,143194
dc7fbb6f1ac0a1257b047be5,century,RXRX,2025-11-05,,0,0,True,True,True,17,136985
ded7cc9e410d63170871274d,century,QTWO,2025-11-05,,0,0,True,True,True,5,177599
dfad0205353284a6e7319fa7,century,ULCC,2025-11-05,,0,0,True,True,True,41,131899
e0ca440d63ddb59f18943bb4,century,ACET,2025-11-05,Adicet,26,0,True,True,True,13,173615
e82886ae2c200e041910034a,century,RXST,2025-11-05,RxSight,0,0,True,True,True,32,177160
e8666d363d30a7b50c28fe82,century,NERV,2025-11-05,Neurosciences,0,0,True,True,True,14,112513
ef6b4228e4d01d9133ac1a11,century,SCL,2025-11-05,STEPAN,3,0,True,True,True,12,142169
f6b9d545b6e92db44848c1bb,century,ALGN,2025-11-05,,0,0,True,True,True,14,120380
fa7e49b99462db25bf5ead63,century,CDLX,2025-11-05,Cardlytics,0,0,True,True,True,31,153833
fabd20ee1595efb8d34b2448,century,KVYO,2025-11-05,Klaviyo,0,0,True,True,True,43,114591
0131d0cf14c7732ea7a83514,century,TECX,2025-11-06,,0,0,True,True,True,13,126750
028e83f8ed0e3ceec729f881,century,JELD,2025-11-06,JELD-WEN,0,0,True,True,True,29,190853
035012b26921a91f27cb9776,century,CC,2025-11-06,Chemours,0,0,False,True,True,119,157985
0397a4f631e52e1f29d5d42c,century,GEO,2025-11-06,,0,0,False,True,True,70,126721
072dd6e03c410d92b42fb65d,century,GOGO,2025-11-06,,0,0,False,True,True,93,155386
08cd2ba966447056e646bd96,century,FIVN,2025-11-06,Five9,3,0,True,True,True,17,160932
0aceec9b8100e16e67d378fb,century,KFRC,2025-11-06,KFORCE,27,0,True,True,True,19,82581
0bce28a0cf09875a7a65ef61,century,WEST,2025-11-06,Westrock,95,0,False,True,True,20,219511
0e98b13472c116d7a7e8ac31,century,CNR,2025-11-06,,0,0,True,False,True,24,209887
140781042096ed2b420df367,century,ALIT,2025-11-06,,0,0,False,True,True,2,175876
20cdd2f266ab47a951398e8e,century,FLO,2025-11-06,FLOWERS FOODS,13,0,False,True,True,34,207305
274414e82ccb4b34ae42ccad,century,SRPT,2025-11-06,Sarepta,30,0,True,True,True,15,200016
285a320bd882a5d477f417ef,century,ULH,2025-11-06,,0,0,True,False,True,26,120277
298a86baa81901ced44a4d07,century,CLYM,2025-11-06,,0,0,True,True,True,9,156063
2f0f2ff2b6217467c8426f1c,century,STGW,2025-11-06,Stagwell,0,0,True,True,True,85,202351
2f20549ce988f6727c46120e,century,HBIO,2025-11-06,BIOSCIENCE,0,0,True,True,True,18,97448
37aa76de661b5fd601ca9228,century,AMPH,2025-11-06,Amphastar,9,0,True,True,True,39,171980
3bf80477fd80f0554ee7fd65,century,SNWV,2025-11-06,SANUWAVE,5,0,True,True,True,19,100195
40128cc391552dffc4441cda,century,ACRS,2025-11-06,Aclaris,3,0,True,True,True,13,131153
4042f852d35714003c71e65a,century,WWW,2025-11-06,,0,0,True,True,True,2,121125
4043104807eed30e8c9f353e,century,CRDF,2025-11-06,Cardiff,0,0,True,True,True,26,58541
42cc1288d256dc9891e50bfa,century,LNTH,2025-11-06,Lantheus,0,0,True,True,True,91,153856
4437c9299980f1c55a129db8,century,ALEC,2025-11-06,Alector,0,0,False,True,True,22,171149
46bc8c990e5adfc624de0ff3,century,TNDM,2025-11-06,,0,0,True,True,True,12,132791
4a99a90d8025b8449a785d5f,century,ZLAB,2025-11-06,,0,0,True,True,True,2,104521
4bf15cf428b019502bf57ad4,century,SKIN,2025-11-06,,0,0,False,True,True,48,149891
5af15feaba6cce170cc2c7a0,century,KRO,2025-11-06,KRONOS WORLDWIDE,7,0,True,True,True,15,108208
5b2fcbeddd9b466cadd2d33a,century,AOSL,2025-11-06,,0,0,True,False,True,2,110462
612eb959685c8582fd014cd6,century,RNAC,2025-11-06,,0,0,True,True,True,19,163295
61ead614b97c8c5f1441a458,century,STRO,2025-11-06,SUTRO BIOPHARMA,1,0,True,True,True,39,188179
67d50f1f8c6cc6fb4973eb07,century,EWTX,2025-11-06,,0,0,True,True,True,10,177459
6ca91ed90628b3ccafd2886e,century,BKSY,2025-11-06,BlackSky,89,0,True,True,True,15,181281
6e707a60248985a30e3bf2fe,century,PSQH,2025-11-06,,0,0,True,True,True,18,140109
70aed34b23fa2ec12428c46d,century,CRVL,2025-11-06,CORVEL,0,0,True,True,True,13,136805
71d9e359dc068e1af048c713,century,WSC,2025-11-06,WillScot,0,0,True,False,True,37,140478
7922d51a50c98021727e7137,century,ALK,2025-11-06,,0,0,False,False,True,15,114279
7c13eee9369dc1d24aa8e42b,century,PCSA,2025-11-06,Processa,3,0,True,False,True,16,88204
81b71f4e785a62f79572b7f4,century,XRAY,2025-11-06,DENTSPLY SIRONA,14,0,True,True,True,51,158953
876d661261e8790cf1356544,century,SEAT,2025-11-06,Seats,0,0,False,True,True,50,176995
9285f4de5b0fcccab3c67e4c,century,EHTH,2025-11-06,eHealth,0,0,True,True,True,27,129292
9753208fa4d559f52d011c3c,century,NMRA,2025-11-06,Neumora,5,0,True,True,True,46,204081
9e4ec4c70f6afe89a03cfb6a,century,DUOL,2025-11-06,Duolingo,0,0,True,False,True,39,116398
a0c33b979e82e8eb552358cb,century,GRPN,2025-11-06,Groupon,0,0,True,True,True,73,193432
a120498bace6bcc55bc1e24e,century,RCKT,2025-11-06,,0,0,True,False,True,20,161488
a1ceda73c6c0dc9111383c4a,century,BIOA,2025-11-06,BioAge Labs,0,0,True,True,True,12,144545
a643c6830004c669531b4011,century,KELYA,2025-11-06,SERVICES,62,0,True,True,True,37,118189
a7e5ef0ce00e34e4ac6a9f66,century,NTLA,2025-11-06,Intellia,11,0,True,True,True,17,114082
ac0383e0013bedfccab89a64,century,CNMD,2025-11-06,CONMED,5,0,True,True,True,13,90914
adc1c1c5bdfe82d4bb6b8d48,century,DNUT,2025-11-06,Krispy Kreme,1,0,True,True,True,57,166086
ae31fb8fda43a3d3357b921f,century,GNE,2025-11-06,,0,0,True,True,True,30,166978
afc8c73458e87d14780c4f89,century,IOVA,2025-11-06,IOVANCE BIOTHERAPEUTICS,10,0,True,True,True,25,204273
b2556d00d009504928a0c91d,century,ASPN,2025-11-06,AEROGELS,1,0,True,True,True,22,157440
b4e0810e40e98aa249947e75,century,CARS,2025-11-06,Cars,0,0,True,True,True,58,85880
b71959d13b8110311879a7e0,century,RXO,2025-11-06,,0,0,True,True,True,28,72809
b78b7f8ab3bc0e6cde10c8b1,century,PAR,2025-11-06,,0,0,False,True,True,50,124273
b79d3e923841daeafe898878,century,TRDA,2025-11-06,Entrada,5,0,True,True,True,12,184254
baa868640631069ec0c2d39d,century,INGN,2025-11-06,,0,0,True,True,True,2,123620
baf51e5c8d3c925b480d41d0,century,UA,2025-11-06,Armour,0,0,False,True,True,28,179620
bc71901ab95a4812d0c79679,century,FOUR,2025-11-06,Shift4 Payments,47,0,False,True,True,93,174831
bd1d37384d5446ada5beb6db,century,SLN,2025-11-06,,0,0,True,True,False,19,118286
bfea18a10b42e28a8cafaecf,century,UIS,2025-11-06,UNISYS,16,0,True,True,True,31,134944
c4a7d470e4cacc9020009907,century,TFX,2025-11-06,TELEFLEX,0,0,True,True,True,49,146055
cb9a8545e51bd1a7b655568c,century,AUUD,2025-11-06,AUDDIA,17,0,True,True,True,21,106977
d2fdc519e58a43c60484de75,century,MERC,2025-11-06,,0,0,True,False,True,29,127354
d573574ad939c96724442136,century,CGEM,2025-11-06,Cullinan,67,0,True,True,True,11,96781
d63dd0dd78e29935b6d05c89,century,ALLO,2025-11-06,,0,0,True,True,True,30,145447
d69554bf843f5f13e5b02e71,century,SNAP,2025-11-06,,0,0,False,True,True,18,181184
d99ae91642f0918e21311fa1,century,TROX,2025-11-06,Tronox,67,0,True,False,True,31,161838
da12112a1374deb68cb8f21c,century,KRUS,2025-11-06,KURA SUSHI,148,0,True,True,True,18,154667
dfffdb996aedde04f6f5afd3,century,USAR,2025-11-06,,0,0,False,True,True,114,125217
e8563c027118c8a30b369b61,century,GRND,2025-11-06,Grindr,68,0,True,True,True,35,163528
ec71a6084f48cbb2b10c0301,century,HAE,2025-11-06,HAEMONETICS,0,0,True,True,True,32,155911
ed12074e1d1b68c1c6abf16a,century,BLMN,2025-11-06,Bloomin' Brands,73,0,True,True,True,3,136172
ed263d232797d56672bacb06,century,RDW,2025-11-06,Redwire,0,0,True,True,True,83,189722
ef2efef8882e9075cddebc75,century,QDEL,2025-11-06,QuidelOrtho,0,0,True,True,True,26,132309
f13bf5045c1323fa9846f441,century,NDLS,2025-11-06,NOODLES,0,0,True,True,True,19,100938
f1cfdd80a49f2b9f8ba6d4e3,century,CCCC,2025-11-06,,0,0,True,True,True,15,150100
f2a06a27cbfa52d4ae1c5a66,century,CGTX,2025-11-06,,0,0,True,True,True,14,133223
f2db58dc8487959b576500a8,century,VIVS,2025-11-06,VivoSim Labs,6,0,True,True,True,12,145775
f6182dc5c1e6d9496de8e98f,century,PLRX,2025-11-06,,0,0,True,True,True,12,137468
fa5a847ab66934b72ac394fc,century,TTD,2025-11-06,,0,0,True,True,True,16,101083
fa7cac84ae8e89eba4a361a6,century,SPT,2025-11-06,,0,0,True,True,True,52,140869
fa8dbb2692c41d310795ef68,century,FNKO,2025-11-06,Funko,26,0,True,True,True,41,173154
1009e459cbc7676dddc1cfee,century,DJT,2025-11-07,,0,0,True,True,True,12,178617
11e21b726abbbda6a5d2eb91,century,ASIX,2025-11-07,AdvanSix,0,0,True,True,True,33,101910
16e970bc1f7b5b176140efbc,century,PRKS,2025-11-07,Parks Resorts,35,0,True,True,True,23,135447
1a9ecf113fdd786352b129fb,century,SSP,2025-11-07,SCRIPPS,66,0,True,True,True,18,133739
39582aa8503be5f7531bcad5,century,BAER,2025-11-07,Aerospace,0,0,True,True,True,20,176425
4b051e5b4b533f823d1a12e5,century,NOG,2025-11-07,,0,0,False,True,True,4,191337
4d1488831e8de5cb59716784,century,FUN,2025-11-07,Flags,192,0,False,True,True,5,177141
557b12c70e57df266d0de07f,century,BILL,2025-11-07,,0,0,False,True,True,41,159784
62e595fb12eb6f1d8564add1,century,AMN,2025-11-07,HEALTHCARE SERVICES,97,0,True,True,True,14,117715
64ce4ee24d799b040c5a951a,century,LDI,2025-11-07,loanDepot,0,0,True,True,True,57,174578
64e038caa030f5eebac6c628,century,HUN,2025-11-07,,0,0,False,False,True,161,163659
721fd52cae830818d9a9f7ee,century,MKTX,2025-11-07,MARKETAXESS,0,0,True,True,True,43,167448
8120b5932ebc9afafb1b7099,century,MP,2025-11-07,Materials,50,0,False,False,True,25,172279
8867c5b09dc638d32a6f300f,century,ERNA,2025-11-07,Ernexa,9,0,True,False,True,19,109710
890c85b048f311a1f2990ebf,century,EVH,2025-11-07,Evolent,13,0,True,True,True,59,179966
8d25eda6ae53c83688279a3e,century,SG,2025-11-07,Sweetgreen,0,0,False,True,True,40,153135
9282813fac3c8a026dde4184,century,MAIA,2025-11-07,Biotechnology,0,0,False,False,True,95,174489
99ab6d262644b2ee6f6a45e9,century,TKNO,2025-11-07,Teknova,14,0,True,True,True,17,100102
a4a75de5b03b0830a71740ec,century,CTM,2025-11-07,Castellum,0,0,True,False,True,29,121475
a5b497d62f374a08bd0b7db4,century,CNDT,2025-11-07,CONDUENT,0,0,True,True,True,75,130951
b22f19deec7f604040d5a4c6,century,MRTN,2025-11-07,,0,0,True,True,True,18,88909
b96f7acc001838619717192f,century,DKNG,2025-11-07,DraftKings,0,0,True,True,True,163,201514
c20b8f1c140e6d10f11e88b4,century,CABO,2025-11-07,,0,0,True,True,True,21,156233
c6e1970e15aae31075c6be28,century,KZIA,2025-11-07,KAZIA,70,0,True,True,False,36,219761
c9b62afd69dc616f724920f9,century,GERN,2025-11-07,GERON,17,0,True,True,True,26,120673
ca3ad35ac763b9f5e157c18e,century,DV,2025-11-07,DoubleVerify,0,0,False,True,True,42,117418
d2eefa4dc05dcc358891adca,century,QNST,2025-11-07,QUINSTREET,0,0,True,True,True,12,213642
dc52770e610aa489b407b7d0,century,AWX,2025-11-07,AVALON,268,0,True,True,True,32,151322
dc901f0d6a2f8b4d2b9a8457,century,TGLS,2025-11-07,Tecnoglass,0,0,True,False,True,34,110361
deeb37b56a2495a3ed91e0c0,century,ZD,2025-11-07,ZIFF DAVIS,0,0,False,True,True,54,205086
f16cb06ab36485e0720a3f4b,century,RC,2025-11-07,,0,0,False,True,True,68,214250
f4c80078fa9fca3324676e13,century,LIDR,2025-11-07,AEye,6,0,True,True,True,13,149473
0c5cf11e178fa020bf7c7eef,century,WVE,2025-11-10,Sciences,0,0,True,True,True,107,125105
0e20e2e812a248eb5409e809,century,PRAA,2025-11-10,,0,0,True,True,True,5,131219
0f338736d50f2af547af8960,century,EVGO,2025-11-10,EVgo,0,0,True,True,True,230,216566
0f7ea89c9cf57bf8e17dcc7a,century,FORR,2025-11-10,FORRESTER,9,0,True,True,True,15,123533
22dd1913823c44393071c5bc,century,RAIL,2025-11-10,FreightCar,11,0,False,True,True,20,86395
26d3262c66bbacb1e8fed82f,century,ASTH,2025-11-10,Astrana,55,0,True,True,True,41,185470
286e5091590b3eba4430e0e1,century,OM,2025-11-10,,0,0,False,True,True,21,109311
2b23cc869beec8064999c60c,century,TZOO,2025-11-10,TRAVELZOO,0,0,True,True,True,110,119467
2cb0a89a2a301f2d32799be7,century,CATX,2025-11-10,,0,0,True,True,True,21,134500
31ec06f61f5e8d51216c2630,century,BCAX,2025-11-10,Bicara,12,0,True,True,True,12,165400
323627304806a8c1208e924b,century,QRHC,2025-11-10,,0,0,True,True,True,16,83722
32ab390503ef4732bf571ec8,century,SKYE,2025-11-10,Bioscience,0,0,False,True,True,20,79682
386348b621b741571e8c118c,century,SPRB,2025-11-10,BIOSCIENCES,0,0,True,True,True,14,178872
3bcd1f6021eb503e0ea7e937,century,RUM,2025-11-10,,0,0,False,True,True,11,153141
3c688c57a887e3bdfe64b628,century,PUBM,2025-11-10,PubMatic,0,0,True,True,True,18,135585
3d65d3594a24e06e05e7ba55,century,AKBA,2025-11-10,,0,0,True,True,True,64,186956
3dae335191a25d55ce0c7e3d,century,OBIO,2025-11-10,BioMed,0,0,True,True,True,112,181805
46e4ad916687a73742637744,century,XRX,2025-11-10,Xerox,234,0,True,True,True,74,170266
498f1d49216e901a9437a5da,century,RGTI,2025-11-10,Rigetti Computing,43,0,True,True,True,17,162524
4a0d2ab454736c3c1922d3fe,century,OGN,2025-11-10,,0,0,True,True,True,80,151795
51d251e1bd9cc4bf458b1623,century,XAIR,2025-11-10,,0,0,True,False,True,88,138963
61849259f94fc730e63e6abc,century,ARE,2025-11-10,Ares,3,0,False,True,True,120,182997
64b11c04245f70e17139ca07,century,XPOF,2025-11-10,Xponential,3,0,True,True,True,27,104431
6ac52b2d8041a5e25e7f5a1d,century,FLYW,2025-11-10,Flywire,0,0,True,True,True,30,161450
6daefebf60c039bb46c0fe4f,century,BBAI,2025-11-10,BigBear,2,0,True,True,True,93,202652
7675e391bb0c16d9093c0341,century,DCGO,2025-11-10,DocGo,0,0,True,True,True,46,136854
7a8f1fa3d623a95ed7844637,century,TNYA,2025-11-10,Tenaya,0,0,True,True,True,11,146256
7e893d8aae8926b95a6a0a5b,century,NKTX,2025-11-10,Nkarta,5,0,True,True,True,9,124556
80845a40586ee7e478045a32,century,INBK,2025-11-10,Internet,6,0,True,True,True,20,212434
8a6b97e6c013f65edc5f6cec,century,EDIT,2025-11-10,Editas,1,0,False,True,True,27,125403
8d620a549e9e2615a2c8d929,century,RXT,2025-11-10,Rackspace,69,0,True,True,True,45,201925
93cf8f077aee806dbf0dd6b6,century,HCAT,2025-11-10,,0,0,True,True,True,45,178225
93edb14e9481ba55f229add5,century,BIOX,2025-11-10,Bioceres Solutions,62,0,True,True,False,12,219893
9c518609fc6556bffb9d81d7,century,MX,2025-11-10,MAGNACHIP,3,0,False,True,True,30,162132
a03baedf1e8c636683fda01e,century,BHVN,2025-11-10,Biohaven,0,0,True,True,False,84,212419
a0b38ec0f62bd673319cf0c6,century,AGEN,2025-11-10,AGENUS,20,0,False,True,True,27,124971
a11c898cb2b40eb997b7ad5f,century,RPAY,2025-11-10,,0,0,True,True,True,49,137241
a1dcc817e1a16ed2def74525,century,PALI,2025-11-10,,0,0,False,True,True,56,137056
a4fa37ed1fbc58099ad1e4f8,century,GETY,2025-11-10,Getty Images,7,0,True,True,True,110,167043
a7e1a1f07a1747d782f4f425,century,PGY,2025-11-10,Pagaya,63,0,True,True,True,33,201178
aaae9706e0b0dcd9b8c06b97,century,TNXP,2025-11-10,Tonix,23,0,True,True,True,50,168749
abf073aaee10a2c0e87c0323,century,ZNTL,2025-11-10,Zentalis,15,0,True,True,True,11,133298
aee5de82f9d4b5d7a21510da,century,AVBP,2025-11-10,ArriVent BioPharma,18,0,True,True,True,24,110584
b24cd5114ceb72d8500454a7,century,MREO,2025-11-10,Mereo BioPharma,7,0,True,True,False,18,88878
c3801240996e8bba82fd056d,century,EXOD,2025-11-10,,0,0,True,True,True,14,99135
c3978101bead3b01a9d0cda0,century,VYGR,2025-11-10,,0,0,True,True,True,14,128852
d0f3100e6bd5b50042f613e0,century,ANNX,2025-11-10,Annexon,0,0,True,True,True,28,120553
d4331fa199fe44aaaabcf8f8,century,SATL,2025-11-10,Satellogic,0,0,True,True,True,44,136903
d8c5f992071368fd97aa0e68,century,DOMH,2025-11-10,Dominari,0,0,True,True,True,107,119164
dd974f036268c3e9dd311f13,century,ACDC,2025-11-10,ProFrac,0,0,True,True,True,51,115028
ed7607f203654a1217f878b6,century,SOUN,2025-11-10,SOUNDHOUND,44,0,True,True,True,46,184073
f7e7c687b6f6cf976d38a10d,century,QURE,2025-11-10,uniQure,12,0,True,True,False,13,140141
f80bf21214d994fb05e7c9de,century,CAPR,2025-11-10,CAPRICOR,139,0,True,True,True,25,184323
f860277659e36c47643284e0,century,IRWD,2025-11-10,,0,0,True,True,True,22,159655
f8fcf26ce93f2684d03024bb,century,DSP,2025-11-10,Viant,3,0,True,True,True,122,160746
fdee00a2dc634687130f5f04,century,INO,2025-11-10,INOVIO,8,0,False,True,True,27,125606
ff213fe6c178d847997c3591,century,SPRY,2025-11-10,,0,0,False,True,True,18,158197
00897c7a95edd1fa007f64e5,century,CYCN,2025-11-12,Cyclerion,35,0,True,True,True,10,98974
033af98c223c052a3a1f262e,century,IBIO,2025-11-12,iBio,0,0,True,True,True,110,203908
0fc8c0545db2e6b724f04d44,century,MGNX,2025-11-12,MACROGENICS,0,0,True,True,True,14,100411
1352d9de0f7d37e714da3c2a,century,ANVS,2025-11-12,Annovis,7,0,True,False,True,14,92431
19637335ef778a4d0571292f,century,ABSI,2025-11-12,Absci,1,0,False,True,True,14,146725
238b84d7b1bb10ef92e640d9,century,KPLT,2025-11-12,Katapult,0,0,True,True,True,74,182949
24b90f58299858e710d66fe4,century,DRCT,2025-11-12,,0,0,True,True,True,55,200772
27004e51deed276e0031680c,century,KLC,2025-11-12,KinderCare Companies,4,0,True,True,True,13,158564
2ff2cab1f93f1c9f909bc8c7,century,MEDS,2025-11-12,Scienture,0,0,True,False,True,141,181825
364660010aae85698ab76ed8,century,PRSO,2025-11-12,Peraso,16,0,True,False,True,7,132108
5360eb748a135d18e2cc1270,century,NMG,2025-11-12,,0,0,True,True,True,23,131118
54b67578287c0c35b5e20320,century,ABEO,2025-11-12,ABEONA,6,0,True,False,True,19,145503
55afbc413b8f8d4da757bec1,century,PRLD,2025-11-12,,0,0,True,True,True,10,109228
5b0731cbed3864c17da58459,century,ARCT,2025-11-12,,0,0,True,True,True,102,124766
5d386b4f212e3dec91a74294,century,SBET,2025-11-12,SharpLink,0,0,True,False,True,73,171491
5eb7fdc5dcb529e143192993,century,GUTS,2025-11-12,FRACTYL,4,0,True,True,True,12,160046
61bf692df46764ecf25aacfe,century,STFS,2025-11-12,,0,0,True,False,False,28,219745
653bd4d9de2f7fb3bfaaf8ac,century,XBIO,2025-11-12,Xenetic Biosciences,10,0,True,True,True,14,69342
6a96e3da09221d9a75c3bc99,century,ARTV,2025-11-12,Artiva Biotherapeutics,4,0,True,False,True,10,147847
6eb5f77adca42d82cc13f11b,century,UAMY,2025-11-12,STATES,5,0,True,False,True,39,120720
73952c9582340643ac06a33f,century,PRHI,2025-11-12,Presurance,0,0,True,True,True,15,130351
759bd36f2e0bc9019a4a371a,century,OKLO,2025-11-12,Oklo,0,0,True,True,True,44,138386
855a74877b1fc009227987e7,century,CRBP,2025-11-12,Corbus,5,0,True,True,True,13,88928
8569a03d7349ad4309b178e9,century,PDYN,2025-11-12,Palladyne,21,0,True,True,True,10,157761
871890b941b83d95a8a5dc1b,century,MVIS,2025-11-12,MICROVISION,0,0,True,False,True,14,144830
887306bfe63f88f5891776f4,century,MBOT,2025-11-12,Microbot,52,0,True,False,True,16,94340
8e3716935f929dd63e53bbc9,century,MGX,2025-11-12,Metagenomi,0,0,True,True,True,62,144664
9009f0682dda3afd571953a1,century,FC,2025-11-12,,0,0,False,True,True,52,192312
942624cfd1fd552070f207e9,century,HYLN,2025-11-12,Hyliion,0,0,True,True,True,36,107865
98f7db1725523484c5843829,century,OMEX,2025-11-12,,0,0,True,True,True,14,178069
9e86cd2f8bad025d8c47fee7,century,ATOS,2025-11-12,,0,0,True,True,True,9,208198
a022c7d7fc5288e0b83d5b3f,century,HUMA,2025-11-12,Humacyte,0,0,False,True,True,65,187687
acab51ee4d315c3178e87819,century,KSCP,2025-11-12,Knightscope,0,0,True,True,True,26,129589
b02093487b7c7a8bd4510410,century,KRRO,2025-11-12,Korro,4,0,True,True,True,52,157504
b7ea4c01f33dbd4a6e951dae,century,SINT,2025-11-12,Sintx,42,0,True,False,True,13,90300
bad09db5902b6cff3c054344,century,CARS,2025-11-12,Carlyle Solutions,24,0,True,False,True,26,135263
be4544743f1766209a037f8e,century,PXLW,2025-11-12,PIXELWORKS,0,0,True,True,True,99,173705
bf0a18c3978859ae7311f921,century,AUTL,2025-11-12,Autolus,18,0,True,True,False,36,200472
d1d56936d9b6c5a860f8fb19,century,ACXP,2025-11-12,Acurx,0,0,True,True,True,16,148024
d974d90f8f51b423f070169b,century,QUIK,2025-11-12,QUICKLOGIC,0,0,True,True,True,22,125643
e0cdaa652bdfebfd4244e37a,century,WWR,2025-11-12,WESTWATER,37,0,True,True,True,32,109998
e36d63bf4f43f404169b2252,century,TCRX,2025-11-12,TScan,2,0,True,True,True,13,168247
e475e35e1c2db6ca57c2f16c,century,ACON,2025-11-12,Aclarion,0,0,True,True,True,19,115756
eef145d0aba12043f5775390,century,CENN,2025-11-12,Cenntro,0,0,True,True,True,164,191935
f68589407d99455a4f55b556,century,LUNG,2025-11-12,Pulmonx,0,0,False,False,True,33,126439
f7744fb6cf8e956b19edcbf1,century,BYND,2025-11-12,,0,0,True,False,True,61,219657
f92cfd3217938a7fe6baccf9,century,SCWO,2025-11-12,,0,0,True,True,True,27,184679
0234886dd8869705dcb931fe,century,NXPL,2025-11-13,NextPlat,0,0,True,True,True,65,117967
0f1f8c93fb45b3547b886024,century,NPWR,2025-11-13,,0,0,True,True,True,49,113167
0fd70fdbc446e33b9f73dcb5,century,ACRV,2025-11-13,Acrivon,8,0,True,True,True,14,132652
104056b3e6061dbfdb94cf30,century,FLUX,2025-11-13,,0,0,False,False,True,20,149168
1473f02c3705f5a59640c7d4,century,NMAX,2025-11-13,Newsmax,0,0,True,True,True,117,157796
17cb47e6746e12bfd57e3c2f,century,KIDZ,2025-11-13,Classover,0,0,True,True,True,37,116934
334278383385f301fa8e1923,century,SHPH,2025-11-13,,0,0,True,False,True,16,139130
3c569efdae8fdad28caa3e5d,century,SOAR,2025-11-13,Volato,29,0,False,False,True,16,143924
4800fcaab801509db98f4aa7,century,HCTI,2025-11-13,Healthcare,29,0,True,False,True,51,128290
4dca85069117d4628e809634,century,ALMS,2025-11-13,ALUMIS,7,0,False,True,True,21,192054
549f0133bd53ca1e63f416e5,century,RCAT,2025-11-13,,0,0,True,True,True,13,106793
57c9830d70e3a00583a045c7,century,NUAI,2025-11-13,,0,0,True,True,True,42,206286
59b2b12d78a6c7b2c9dd7680,century,CADL,2025-11-13,Candel,1,0,True,True,True,18,197958
59bec0fc278db673ec2f2c05,century,VOR,2025-11-13,Biopharma,0,0,True,True,True,14,134867
5f6cbad31e287358e56026c3,century,CLRB,2025-11-13,Cellectar Biosciences,5,0,True,True,True,15,141129
620433292c9967c578b5b48c,century,FATE,2025-11-13,,0,0,False,True,True,10,163020
6291f3ef1b5ae2b2fb264780,century,FEAM,2025-11-13,Materials,17,0,True,True,True,15,104550
631dd49fa8b97cc047fdbe5d,century,MBRX,2025-11-13,Moleculin Biotech,5,0,True,True,True,18,137524
68ce41c44ceeef74756d8a97,century,CODX,2025-11-13,Co-Diagnostics,0,0,True,False,True,28,85582
6ae96674290ea7fce7edbd0e,century,DMRC,2025-11-13,Digimarc,0,0,True,True,True,64,128612
6f63bfcfa58aa64c54bea7fe,century,CURI,2025-11-13,CuriosityStream,0,0,True,True,True,30,103763
70756344319a48e33d8c52bf,century,HYPR,2025-11-13,,0,0,True,True,True,35,116563
739f6cb080ee742a9cf61745,century,LAC,2025-11-13,AMERICAS,0,0,False,True,False,83,126938
7998779f6d10b400fcf561fa,century,WATT,2025-11-13,Energous,0,0,False,False,True,25,132551
7d0b5fd6d0b3b4eb8a9e9ce9,century,ASTC,2025-11-13,ASTROTECH,0,0,True,True,True,28,84958
9083207d0b12f4bdbd356ac0,century,IBTA,2025-11-13,Ibotta,27,0,True,True,True,29,154341
92d386e44584e374eba48cb4,century,MSAI,2025-11-13,MultiSensor,0,0,True,True,True,34,101017
9ef42626957af62e6152814b,century,LUNR,2025-11-13,Machines,0,0,True,True,True,92,160812
a63dbf7f51b825be6ffb5056,century,SOC,2025-11-13,,0,0,False,True,True,36,197362
af6b421df62ba2bfc15358ac,century,AREN,2025-11-13,,0,0,True,True,True,15,166840
c138c2b4398968593f54794d,century,TSSI,2025-11-13,,0,0,True,True,True,17,133392
cbd3c6e2757da7c4b1946c27,century,TMC,2025-11-13,metals,53,0,True,True,False,85,205962
cd5c631f0e41a2c38c491438,century,ONDS,2025-11-13,Ondas,106,0,True,True,True,12,148584
d336577334e9c8926c827118,century,GWH,2025-11-13,,0,0,True,True,True,19,162294
d3fb89e3c1a69f9bd1c3cee9,century,NVVE,2025-11-13,Nuvve,78,0,True,True,True,62,198933
d6d6d03c594328bc44677074,century,TIL,2025-11-13,Instil,0,0,False,True,True,15,149257
e228ee13e7a41e932c2936d5,century,LUCY,2025-11-13,,0,0,False,True,True,14,124206
e2f9141c971e1ee6415ae2c3,century,AURA,2025-11-13,Biosciences,0,0,False,True,True,17,171087
e4937cf1515029f5497050e3,century,OMER,2025-11-13,OMEROS,13,0,False,True,True,12,155795
f12548694e0821aa607ae954,century,PHIO,2025-11-13,Phio,0,0,True,False,True,30,92844
fa3ea29719aa52704e9d1195,century,MDAI,2025-11-13,,0,0,True,True,True,15,109726
09bc90d086def23894d64f0b,century,GNLN,2025-11-14,Greenlane,0,0,True,False,True,69,174459
14557605107dea042abbf04e,century,TCRT,2025-11-14,Alaunos,3,0,True,False,True,22,97344
1a7b21f935a3c649f023fd80,century,MASK,2025-11-14,,0,0,False,False,False,3,220041
25bd2914bce18e625b0634a4,century,AMPG,2025-11-14,AmpliTech,0,0,True,False,True,71,114743
38bc7d447587ccd64a394f41,century,ARAI,2025-11-14,,0,0,True,False,True,35,97651
3c6aaabca222f981834c730a,century,SPAI,2025-11-14,,0,0,True,False,True,95,146659
3d49272e75d7417f6e222003,century,AISP,2025-11-14,,0,0,True,True,True,41,121712
3ffbd9310d06eece67dafbeb,century,ABTC,2025-11-14,Bitcoin,256,0,True,True,True,109,168422
4eca68ca9cf779b07e86fbbb,century,NEUP,2025-11-14,Neuphoria,22,0,True,True,True,16,109069
546d9955a2c92840e6893de5,century,FBRX,2025-11-14,Biosciences,0,0,True,True,True,19,138863
5e1c8139322d3b2b542c96b1,century,NXL,2025-11-14,Nexalin,33,0,True,True,True,16,104999
5faff2e1efcc292a30a07da4,century,SLNH,2025-11-14,Soluna,100,0,True,False,True,8,201779
621ec26cab9b3000d926dcdf,century,IDAI,2025-11-14,,0,0,True,False,True,22,147443
6509be34313aa4c85acd6e07,century,MGRX,2025-11-14,MANGOCEUTICALS,0,0,True,False,True,31,219809
65981c03fddbe3a88ea6b649,century,KITT,2025-11-14,Nauticus Robotics,23,0,True,True,True,60,173315
734c48d853b2ac86415c83e5,century,GIPR,2025-11-14,PROPERTIES,48,0,True,True,True,38,159638
753465360f331168ff4fba71,century,CVU,2025-11-14,AEROSTRUCTURES,0,0,True,False,True,6,87752
7b728ade4b4d0bde26d51181,century,FGI,2025-11-14,,0,0,True,True,True,96,137657
84e1bd11d89b82db6c613c73,century,PROP,2025-11-14,,0,0,False,True,True,26,197410
8b0d9c5482ac8b80ffecf2a4,century,BKYI,2025-11-14,,0,0,True,True,True,13,91597
8d60d953f8084ae5719cc0a1,century,VRCA,2025-11-14,Verrica,0,0,True,True,True,14,134678
907c7522926fb8bf446c2cc7,century,QUBT,2025-11-14,Computing,8,0,True,True,True,22,121980
92180366142a8c49ff7da98f,century,BIAF,2025-11-14,bioAffinity,1,0,True,False,True,17,126152
94c16a6363c34d88b54ad744,century,GNPX,2025-11-14,Genprex,0,0,True,True,True,104,180001
9a3a4af9f8114033040018b8,century,IXHL,2025-11-14,Incannex Healthcare,3,0,True,True,True,14,75845
a18100b16992d1443edfc4ec,century,DRMA,2025-11-14,Dermata,0,0,True,False,True,15,139979
ac059e5910242464f6153db0,century,BTBT,2025-11-14,,0,0,True,True,True,104,204396
b950901498181ed57ccc1cf3,century,BURU,2025-11-14,Nuburu,42,0,True,True,True,15,220045
ba21c9a17c9109c508705c47,century,ASST,2025-11-14,,0,0,True,True,True,35,169940
e0d5c5db1bdf7541ffa30aff,century,NRXP,2025-11-14,,0,0,True,True,True,15,201977
e392c6d378aefe93bb6a4d7f,century,AREC,2025-11-14,,0,0,True,False,True,18,166917
e7446a295085faa3a54cea3b,century,ONMD,2025-11-14,OneMedNet,0,0,True,False,True,26,125073
e832b769ca2cbff37203c35b,century,SERV,2025-11-14,Robotics,19,0,True,True,True,4,160229
ec34cf78f367bf1a37392518,century,RNAZ,2025-11-14,Transcode,7,0,True,True,True,47,186402
f925a9452429566480085252,century,ELAB,2025-11-14,PMGC,41,0,True,False,True,14,140442
faee4cd9b4ef3a7936a89810,century,TGL,2025-11-14,,0,0,True,True,True,64,188306
12d9fc05c1ad99d235bfb272,century,TWST,2025-11-17,Bioscience,0,0,True,True,True,23,212702
6de41a803752fb42b6236afe,century,LFMD,2025-11-17,LifeMD,64,0,True,False,True,32,175845
822233937114b36eafeb6af0,century,HTCR,2025-11-18,HeartCore Enterprises,119,0,True,False,True,51,138792
9412564dd370f5650c3fd333,century,EPC,2025-11-18,EDGEWELL,10,0,True,True,True,38,218952
abbe0a0e708898f10e4b80fd,century,NUTX,2025-11-18,Nutex,33,0,True,True,True,69,162568
b2fc64f74a4dacdd0c0fef80,century,BRBR,2025-11-18,BELLRING BRANDS,94,0,True,True,True,19,143914
d3a28f84211e0e3dc598f88b,century,KULR,2025-11-18,KULR,0,0,True,True,True,151,172368
07fb4e38d3e1edc6b61d075f,century,VIVK,2025-11-19,Vivakor,0,0,True,True,True,118,199610
32001630cfc370cf4b11d8e1,century,SBEV,2025-11-19,,0,0,True,True,True,35,206605
4902124c692426a1c2b4772c,century,SDOT,2025-11-19,Sadot,131,0,True,True,True,62,206724
6126ebe1d4439c58d48036ce,century,ASPI,2025-11-19,Isotopes,47,0,True,True,True,51,172590
9ef5c165e9c04723fa5e851a,century,POLA,2025-11-19,,0,0,True,False,True,14,194892
be7b9fc565c75d1e5bebb7ba,century,GWAV,2025-11-19,Greenwave Solutions,4,0,True,False,True,29,165515
c8b74c8947defc03605a67a2,century,CYN,2025-11-19,Cyngn,10,0,True,True,True,26,169853
3816f384d91fa109c32791d9,century,BBWI,2025-11-20,,0,0,True,True,True,18,96234
5324b154fa1f8dd1ae2107b8,century,STI,2025-11-20,Solidion,57,0,True,True,True,29,166072
a615fe6d26ea93b5057a3fc6,century,CRNC,2025-11-20,Cerence,0,0,True,True,True,65,182339
673b8d057c9d98317aecfdb7,century,NFE,2025-11-21,,0,0,True,True,True,18,220008
8e94791b981d03431332d0f7,century,CBT,2025-11-24,,0,0,True,True,True,26,161075
cb649da0b38892e1a704c37e,century,ESTC,2025-11-24,,0,0,True,True,True,15,141639
9e3fa503bd5c5aa307db22b7,century,CLSK,2025-11-25,CLEANSPARK,0,0,True,True,True,22,219943
a9209d06679d4484855c1140,century,AVXL,2025-11-25,ANAVEX SCIENCES,51,0,True,True,True,29,179502
9892a9cb4403158117b1d0fb,century,JJSF,2025-11-26,FOODS,4,0,True,True,True,37,95282
b929ae21ba0912def807f873,century,VSTS,2025-12-02,Vestis,117,0,True,False,True,23,220024
d0bdea7de5694674fc23e12c,century,ASAN,2025-12-02,,0,0,True,True,True,27,174172
63f9c65991c758eacb5bc310,century,GTLB,2025-12-03,Gitlab,30,0,True,True,True,11,151440
bd9153b8df4727c6d0aea1be,century,NCNO,2025-12-03,nCino,63,0,True,True,True,54,172977
463b0cae4480283d97577e45,century,NTNX,2025-12-04,Nutanix,0,0,True,True,True,60,151166
2a66f09019d9b60ab9b32923,century,CHPT,2025-12-05,ChargePoint,0,0,True,True,True,534,196657
40fd40db75f1ebac1f4825dd,century,ANF,2025-12-05,ABERCROMBIE,68,0,True,True,True,2,143759
5820553c9d9e8484633d7975,century,WOOF,2025-12-05,Petco,17,0,False,True,True,1,83717
0d2373ab2fd0678189c96c82,century,LAKE,2025-12-09,,0,0,False,True,True,21,129682
6e5a0c01a57bc91740f858f8,century,ARQQ,2025-12-09,Arqit,348,0,True,False,False,38,219815
72c05165971d0d31a2953127,century,DOMO,2025-12-09,DOMO,0,0,True,True,True,30,200146
c8c57f52221e3eac74b0d881,century,CBRL,2025-12-09,,0,0,True,True,True,16,101882
02179eb23dad4cbb0f705eed,century,SKIL,2025-12-10,Skillsoft,0,0,False,True,True,104,147009
09c9c3113cff790897d7f64e,century,GCO,2025-12-11,GENESCO,0,0,True,True,True,38,88720
66e4fd14f973f7af631ad7a3,century,BRR,2025-12-11,ProCap,74,0,True,True,True,15,83775
81d71d7b1b9b5a69315954df,century,LOVE,2025-12-11,Lovesac,0,0,False,True,True,27,104682
89a241f6b254dfa4b2dbc9da,century,RH,2025-12-11,,0,0,False,True,True,148,170595
99eaf67a9fd9e14a5ef6f4f4,century,VRA,2025-12-11,,0,0,True,True,True,59,108062
be2e6088e5ba70fabc03ec90,century,MIND,2025-12-11,,0,0,False,True,True,16,74473
c0c9da44f4ab4c33d97dce02,century,OXM,2025-12-11,,0,0,True,True,True,15,145872
e8eef2acf35aef5afb40641a,century,NGVC,2025-12-11,Grocers,10,0,True,True,True,18,201202
ef100baa7818a486d3958e61,century,CAL,2025-12-11,CALERES,0,0,False,True,True,33,160308
347eb09a358ab519866559cb,century,NX,2025-12-12,Quanex Products,87,0,False,True,True,54,204050
247d2bd688f5867cee2376da,century,INHD,2025-12-15,INNO,44,0,True,False,True,23,172587
d5de1ca69df81a118410b8b9,century,RILY,2025-12-15,,0,0,True,True,True,29,219713
0004572df3e8e0032537972a,century,PLCE,2025-12-16,Childrens,0,0,True,True,True,2,154059
2a569a36c69df0b24e24ab96,century,CODI,2025-12-18,,0,0,True,False,True,36,178831
d6496e2c0949983ddef2e695,century,NNE,2025-12-18,Nano,5,0,True,False,True,5,220032
6e7dcf78d37a89e6e2d95744,century,XXI,2025-12-19,,0,0,True,True,True,23,100202
958bebd5cffae9e845de0fd0,century,YCBD,2025-12-19,cbdMD,23,0,True,True,True,35,167201
333274479bb9d8405a4fa8de,century,LMNR,2025-12-23,Limoneira,0,0,True,True,True,88,192679
6fddc9caab2393a4fa033414,live_2026,APOG,2026-01-07,ENTERPRISES,0,0,True,True,True,9,112309
197892d82acd1cf55b7fe6de,live_2026,KRUS,2026-01-07,KURA SUSHI,41,0,True,True,True,14,76138
50e333208059c1b2fa35f6c0,live_2026,HELE,2026-01-08,,0,0,False,True,True,28,214815
dd0e64eb21145281a39644f4,live_2026,NEOG,2026-01-08,NEOGEN,10,0,True,True,True,21,83276
087d1cdff501534b1846f53a,live_2026,SMPL,2026-01-08,FOODS,2,0,True,True,True,28,92194
cd79079d761447f328eebbc8,live_2026,TLRY,2026-01-08,TILRAY BRANDS,66,0,True,True,True,41,172314
19b4d599ea64e2ebd35ad9d9,live_2026,FC,2026-01-09,,0,0,False,True,True,12,80681
275c21a64b8a8ee0a8bf989f,live_2026,SLP,2026-01-09,SIMULATIONS,0,0,True,True,True,13,100999
a320549dc635a86d43dd6a98,live_2026,BMNR,2026-01-13,BITMINE,5,0,True,False,True,10,81686
e15d251bf6b26a5c12fb4e55,live_2026,MOBX,2026-01-13,MOBIX LABS,60,0,True,True,True,59,219906
af574e8c56fff6cda57497c9,live_2026,CODI,2026-01-14,,0,0,True,False,True,37,166765
5c30a4444c52ccdef3a91328,live_2026,HOVR,2026-01-14,,0,0,True,True,True,16,61892
b14816e185ea8e1b8502c016,live_2026,BTCS,2026-01-16,BTCS LABS,24,0,True,True,True,43,69581
cb2e81ec46fcec0ce6d99711,live_2026,SUGP,2026-01-16,,0,0,True,False,False,5,220085
03eb229599deb5e4ec27b66f,live_2026,RR,2026-01-20,RICHTECH ROBOTICS,51,0,False,True,True,26,206541
c889dc5bd2dab864eeeab5c0,live_2026,CVLT,2026-01-28,COMMVAULT,9,0,True,True,True,31,130258
f3a70eb748745f334c6334e2,live_2026,LRN,2026-01-28,,0,0,True,True,True,41,143208
4c45017690da6e12c1104ef6,live_2026,AEHL,2026-01-29,,0,0,True,False,False,120,219154
854da194d1b7641c9129b24a,live_2026,FLWS,2026-01-29,FLOWERS,0,0,True,True,True,16,101007
640e85c19f2e254086811beb,live_2026,NOW,2026-01-29,SERVICENOW,0,0,False,False,True,43,207008
f907c3d9aac3c0aa8aab20dd,live_2026,PDEX,2026-01-29,,0,0,True,False,True,5,87978
45e1d2df247ffa765fc0752a,live_2026,CGTL,2026-01-30,,0,0,True,False,False,23,217424
d7bded5316156e45d4942205,live_2026,CHTR,2026-01-30,COMMUNICATIONS,68,0,True,True,True,3,220077
ad54c4514d2bd2bb1cb518f2,live_2026,GRI,2026-01-30,,0,0,True,True,True,91,220434
160d019d25e3f2f0af9ff26d,live_2026,WOK,2026-01-30,,0,0,False,True,False,22,219745
9206203471d1aa9644d5affb,live_2026,NTCL,2026-02-02,NETCLASS,152,0,True,True,False,7,220021
637345436d1ca77553dbed5f,live_2026,BRBR,2026-02-03,BELLRING BRANDS,12,0,True,True,True,23,76494
0e3b27fe3e27cf1c517b3143,live_2026,DECK,2026-02-03,DECKERS,3,0,False,True,True,28,119916
6eca63a84ad77aa42fa93c3b,live_2026,INTA,2026-02-03,INTAPP,13,0,True,True,True,12,124210
75b98e368341dd2542334a63,live_2026,MLAB,2026-02-03,LABORATORIES,2,0,True,True,True,12,97191
dab5c14ec694437707d6363c,live_2026,PYPL,2026-02-03,PAYPAL,115,0,True,True,True,27,219799
fbf0a57f11cd18de512e076c,live_2026,REPL,2026-02-03,REPLIMUNE,0,0,True,True,True,25,168974
d164a1c4f77236edb193f857,live_2026,AMSC,2026-02-04,,0,0,True,True,True,17,136882
b4c7adf5e367ac6c4c05f2f0,live_2026,EGHT,2026-02-04,,0,0,True,True,True,3,116925
391f627a820b3fb53bf23818,live_2026,LFVN,2026-02-04,LIFEVANTAGE,0,0,True,False,True,25,116806
ff3384906dfc71e2d6995208,live_2026,LUCK,2026-02-04,,0,0,False,True,True,17,114252
01aeef693f919f4bb307a81e,live_2026,MANH,2026-02-04,ASSOCIATES,3,0,True,True,True,21,129711
2661df15052367d8173d82b6,live_2026,NVO,2026-02-04,NORDISK,336,0,True,True,False,5,182081
eec6c1e06a4bf992578e7a36,live_2026,VRNS,2026-02-04,VARONIS,17,0,True,True,True,18,204168
5865bac097e604290827f19e,live_2026,ABAT,2026-02-05,,0,0,True,False,True,30,116171
1e67a2ed4166890ea2ffb7f9,live_2026,AOSL,2026-02-05,,0,0,True,False,True,4,123273
d11f841602147f7f2b9f1986,live_2026,APPF,2026-02-05,APPFOLIO,0,0,True,True,True,27,179868
45f8e98f74a5176f24295a2d,live_2026,AZTA,2026-02-05,AZENTA,13,0,True,True,True,4,139557
abdc9a153e3a273e4fe61e74,live_2026,BARK,2026-02-05,,0,0,False,True,True,72,199084
4a4df552dcecd58769b419d6,live_2026,BYRN,2026-02-05,BYRNA,88,0,True,True,True,43,208471
bd31e8a897cef54534e5f43d,live_2026,CLSK,2026-02-05,CLEANSPARK,0,0,True,True,True,24,150864
e65e4000ee77d3d44e12e2e2,live_2026,COTY,2026-02-05,COTY,0,0,True,True,True,88,116771
7d23937359fe09d1c8e8355a,live_2026,CRVL,2026-02-05,CORVEL,0,0,True,True,True,11,134081
1b73d059b25c725d48e32593,live_2026,DOCS,2026-02-05,DOXIMITY,0,0,True,True,True,50,150732
24017ac85449f0c4add94079,live_2026,ELF,2026-02-05,,0,0,False,True,True,15,138941
824ab1515e857f27ff86aa71,live_2026,FUBO,2026-02-05,FUBOTV,3,0,True,True,True,123,200366
f3acf21ccec63f8358ab71c8,live_2026,GWAV,2026-02-05,GREENWAVE SOLUTIONS,4,0,True,False,True,28,183401
bb24cf3dabc517b96aceacb6,live_2026,HRB,2026-02-05,,0,0,True,True,True,50,80910
81a4e8fcc636e7538ad55edb,live_2026,IREN,2026-02-05,IREN,0,0,True,True,False,46,220118
c07e410ddfc00f6ec4f15fab,live_2026,LBRDA,2026-02-05,BROADBAND,28,0,True,True,True,241,217995
b03185092b69848a4606eb89,live_2026,NGVC,2026-02-05,GROCERS,2,0,True,True,True,13,97787
91c093c68910382470fe7015,live_2026,OCUL,2026-02-05,THERAPEUTIX,0,0,True,True,True,12,219928
0f0baaa51626a9e83ea5993b,live_2026,OTEX,2026-02-05,,0,0,True,True,True,19,94725
89da80e78df460a5dcdde0ba,live_2026,PTON,2026-02-05,,0,0,True,True,True,16,160884
b210b5605521819cd9f84322,live_2026,SLQT,2026-02-05,SELECTQUOTE,0,0,True,True,True,32,206583
537a7ceb7d9a026c55dd60e7,live_2026,SNAP,2026-02-05,,0,0,False,True,True,24,220105
ce2abe70e750b0f49017c055,live_2026,ANPA,2026-02-06,,0,0,True,True,False,75,220037
51f7e80a4d4d1b34bb364dda,live_2026,BILL,2026-02-06,,0,0,False,True,True,39,145066
a97e5ae75397bdbb3f0a9efe,live_2026,CGC,2026-02-06,,0,0,True,True,False,83,183754
c4945e232b84bb4eb0cb6d1d,live_2026,GSIT,2026-02-06,,0,0,True,True,True,13,187472
46b20f0eac0e88b779dbd290,live_2026,NB,2026-02-06,NIOCORP DEVELOPMENTS,66,0,False,True,True,25,126307
e913781b3ac9289680343f70,live_2026,PCTY,2026-02-06,PAYLOCITY,0,0,True,True,True,16,110847
d8ba4fb8195d3d2402469603,live_2026,QNST,2026-02-06,QUINSTREET,0,0,True,True,True,14,152939
6300f8baf41b437105c50718,live_2026,RDDT,2026-02-06,REDDIT,35,0,True,True,True,29,196928
7732d6bb14de8eb35131675b,live_2026,SMCI,2026-02-06,,0,0,True,True,True,106,184136
790d20d5e26d494d87fea595,live_2026,TEAM,2026-02-06,ATLASSIAN,0,0,False,True,True,32,162642
5898b08fad331747e5cd004a,live_2026,AIOT,2026-02-09,POWERFLEET,0,0,True,True,True,50,156972
f087ba123ed3282292e2f847,live_2026,AVXL,2026-02-09,ANAVEX SCIENCES,168,0,True,True,True,22,123154
28ad5f61434ea683da9463b6,live_2026,DT,2026-02-09,DYNATRACE,0,0,False,True,True,31,128624
b7b12e51a15f4c660faede71,live_2026,HAIN,2026-02-09,,0,0,False,True,True,46,188867
6195f8ac08d2309fc228fcbe,live_2026,PI,2026-02-09,IMPINJ,35,0,False,True,True,2,207457
b6a23a77e723efd3f7840c21,live_2026,IBIO,2026-02-10,IBIO,0,0,True,True,True,98,193610
b85e2c5530230316cc398593,live_2026,KVYO,2026-02-10,KLAVIYO,0,0,True,True,True,62,219989
0b53ffcb01b87741edad026d,live_2026,MOH,2026-02-10,MOLINA HEALTHCARE,33,0,True,True,True,74,159997
db93034126e7f8b5fe6c5452,live_2026,SPOT,2026-02-10,SPOTIFY,20,0,False,True,False,8,219987
c65c0fbe0bb02610977b5aad,live_2026,UPST,2026-02-10,,0,0,True,True,True,124,219646
3e61ead9d6549c0c3db7df37,live_2026,UPXI,2026-02-10,UPEXI,7,0,True,True,True,18,166738
7daee1dae0174f2961547230,live_2026,VSTS,2026-02-10,VESTIS,60,0,True,True,True,32,125027
c78938cf5dd8ff4610ef3255,live_2026,AMIX,2026-02-11,AUTONOMIX,1,0,True,True,True,16,112881
143e26cea5ff0de71b4ba19c,live_2026,AUR,2026-02-11,,0,0,True,True,True,33,194600
29f9a000e17907330b94ab99,live_2026,AVTR,2026-02-11,AVANTOR,0,0,True,True,True,50,201020
9ab33d1f80ac99cd369bd694,live_2026,HUBS,2026-02-11,HUBSPOT,0,0,True,True,True,27,220119
e26be2e52be5da25e2318aa6,live_2026,KMPR,2026-02-11,KEMPER,128,0,True,True,True,53,219927
1e300d65983fbc5051d1b4b5,live_2026,NSP,2026-02-11,INSPERITY,0,0,True,True,True,91,126379
a6e54216d9786023f3186f2a,live_2026,QTWO,2026-02-11,,0,0,True,False,True,10,215462
341b22391445e346f2b8bca4,live_2026,RBLX,2026-02-11,ROBLOX,33,0,True,True,True,14,208627
b329eb2477021571869a5791,live_2026,U,2026-02-11,,0,0,False,False,True,77,172449
13c88c0f3ecea1af15a3b520,live_2026,VIVS,2026-02-11,VIVOSIM LABS,6,0,True,True,True,12,146885
55d44f776c3e83a4439cbd57,live_2026,AZI,2026-02-12,AUTOZI INTERNET,92,0,True,False,False,9,219851
0aea2069fd1f24db3978b04e,live_2026,BRO,2026-02-12,,0,0,True,True,True,32,219847
8e46ca9bb04ec1db03957dee,live_2026,COIN,2026-02-12,COINBASE,71,0,False,True,True,10,219986
f7bb7efc6882a145d7466b72,live_2026,FWDI,2026-02-12,,0,0,True,False,True,29,100777
8ce20f025a33ff9616d291d5,live_2026,GEOS,2026-02-12,GEOSPACE,1,0,True,True,True,13,83103
003c2e113058d74bebe74757,live_2026,GTM,2026-02-12,ZOOMINFO,133,0,True,False,True,41,219401
0dc7c499d60adfc52201520c,live_2026,INBS,2026-02-12,SOLUTIONS,5,0,True,False,True,29,118260
9464b7f09ae7fb74e06da503,live_2026,IRDM,2026-02-12,COMMUNICATIONS,27,0,True,True,True,21,204359
7e5657d0af1c3d17530bbe1f,live_2026,IT,2026-02-12,GARTNER,0,0,False,True,True,77,166930
90e97cd0a8f71ac7800fb8a3,live_2026,MBLY,2026-02-12,MOBILEYE,93,0,True,True,True,25,219860
dd265d04f9554f87e9a3c55d,live_2026,MERC,2026-02-12,,0,0,True,False,True,22,197985
8fd8ef6cd126f2cb96ef8d1c,live_2026,NSIT,2026-02-12,ENTERPRISES,3,0,True,True,True,107,172636
181f7a4866e808157e1f8e20,live_2026,PINS,2026-02-12,PINTEREST,0,0,True,True,True,46,146341
93b57fc996e06177ce25148b,live_2026,PN,2026-02-12,SKYCORP,52,0,False,False,False,26,220056
3fcf8a2904fb7783a0b16105,live_2026,RZLT,2026-02-12,REZOLUTE,0,0,True,True,True,28,130097
27f5c6e15a9349e0224a95a0,live_2026,TNET,2026-02-12,TRINET,102,0,True,True,True,32,151443
8e32e64d593077ae275b4e07,live_2026,BROS,2026-02-13,BROS,0,0,True,True,True,280,205112
56c46687ba173d2b54e04ebe,live_2026,CVRX,2026-02-13,CVRX,0,0,True,True,True,17,211525
c720dd5d76012d94c4ff9075,live_2026,DKNG,2026-02-13,DRAFTKINGS,0,0,True,True,True,44,219965
d2264c11be55c2818572a363,live_2026,EAF,2026-02-13,GRAFTECH,94,0,True,True,True,40,219914
7ca14449dc886c9612c8f0f3,live_2026,INSP,2026-02-13,,0,0,True,True,True,48,191283
2980178a614ac7cd67fbb3fa,live_2026,IXHL,2026-02-13,INCANNEX HEALTHCARE,3,0,True,True,True,14,86375
ff1a3270308f757eae90f754,live_2026,MORN,2026-02-13,MORNINGSTAR,0,0,False,True,True,265,169857
38ffc7bdf2412e4c8fb96237,live_2026,NTGR,2026-02-13,NETGEAR,0,0,True,True,True,26,220046
363719ffb518aad4ff7c117d,live_2026,OM,2026-02-13,,0,0,False,True,True,14,219933
e9bcadae014165440cb70b2d,live_2026,OPTU,2026-02-13,COMMUNICATIONS,26,0,True,False,True,88,218773
e9cc1fa315146f41d16d0501,live_2026,RHI,2026-02-13,,0,0,True,True,True,31,85847
ddebb0772daffa48ce090f20,live_2026,RYAN,2026-02-13,RYAN,0,0,True,True,True,84,220039
015e3c0aa3cec568976d9c2c,live_2026,SRXH,2026-02-13,SOLUTIONS,16,0,True,False,True,21,145187
7318b23c5989cb12698aa6bc,live_2026,TRIP,2026-02-13,TRIPADVISOR,0,0,False,False,True,70,219845
ee5e6920a69f292d094d7610,live_2026,TRUP,2026-02-13,TRUPANION,0,0,True,False,True,57,205093
3db7fae92681d5729cd4088a,live_2026,UPWK,2026-02-13,,0,0,True,True,True,3,219539
5429f3f6d177600ea44e29aa,live_2026,XAIR,2026-02-13,,0,0,True,False,True,88,150868
7523eaf3a5584ece01872166,live_2026,AISP,2026-02-17,,0,0,True,True,True,122,219608
40a3fe33df70e5153a2fc297,live_2026,CETX,2026-02-17,CEMTREX,0,0,True,False,True,43,98771
19ceb64926a470ebdb3962d2,live_2026,CZR,2026-02-17,CAESARS,95,0,True,True,True,47,173910
06dd571879b946dafb575923,live_2026,DFIN,2026-02-17,DONNELLEY SOLUTIONS,64,0,True,True,True,93,129153
e47dea21d688c256ca91aeb4,live_2026,KD,2026-02-17,KYNDRYL,0,0,False,True,True,29,142922
98259793160f04f6ab0f44ec,live_2026,NNE,2026-02-17,NANO,7,0,True,False,True,31,157840
fca41710ea0e490971781ea7,live_2026,OEC,2026-02-17,,0,0,True,True,True,64,170551
e1af6f19e8e30840f3e49cad,live_2026,QMCO,2026-02-17,,0,0,True,True,True,1,121152
39728821972483a92f1a2681,live_2026,TMQ,2026-02-17,METALS,128,0,True,True,True,56,211680
c3f8f02272a3086c36226a7d,live_2026,VWAV,2026-02-17,VISIONWAVE,0,0,True,True,True,66,178629
26970b7980d3080975e08621,live_2026,WAY,2026-02-17,WAYSTAR,0,0,False,True,True,55,208842
a82f06abf612db7e75af619f,live_2026,BLKB,2026-02-18,BLACKBAUD,0,0,True,True,True,131,212202
5e3d7c3a6438cd76cfacd6d9,live_2026,BRR,2026-02-18,PROCAP,60,0,True,False,True,6,220050
ad7e51f4ef7b235476c16580,live_2026,CLW,2026-02-18,CLEARWATER,0,0,True,True,True,19,163943
2f02c9d3af4bfb7f6d04de23,live_2026,CVI,2026-02-18,,0,0,True,True,True,109,215082
de8b440f8b1ec611e78c444a,live_2026,DASH,2026-02-18,DOORDASH,0,0,False,True,True,60,217014
dcd511c8c6101ff8f1447c6c,live_2026,FIG,2026-02-18,FIGMA,54,0,False,True,True,21,220026
7c6f7fe994967b445dc06056,live_2026,HOOD,2026-02-18,ROBINHOOD MARKETS,172,0,False,True,True,4,220043
c52d1e18e92f39aab0d02ac7,live_2026,JACK,2026-02-18,,0,0,False,True,True,42,91686
71fafc0d4d243eceff0f237a,live_2026,NXDR,2026-02-18,NEXTDOOR,0,0,True,True,True,63,152207
88a98aa5748bb75a4a933397,live_2026,RARE,2026-02-18,ULTRAGENYX,4,0,False,True,True,73,166131
5ce4dde40ba11fec4422d9c9,live_2026,RELY,2026-02-18,REMITLY,22,0,False,True,True,37,219869
2be9f13d55f971a7f4a4216a,live_2026,TOST,2026-02-18,,0,0,False,True,True,17,209498
f8e5768acf535f2362655578,live_2026,TYL,2026-02-18,,0,0,True,True,True,27,212296
5e3455af2ef710bb82f057a7,live_2026,ULCC,2026-02-18,,0,0,True,True,True,115,217061
5002efb0e0cc8b23997783f1,live_2026,VRSK,2026-02-18,VERISK,45,0,True,True,True,51,190318
4d3f0613bbbc1e330310ec12,live_2026,AMPL,2026-02-19,,0,0,True,True,True,39,213350
0ecf66afc53f230445c9c229,live_2026,APP,2026-02-19,APPLOVIN,0,0,True,False,True,59,200696
1ea0e2eacfb427302d8c892a,live_2026,APPN,2026-02-19,APPIAN,31,0,True,True,True,32,219966
885d0ab320985d11af453583,live_2026,CAR,2026-02-19,,0,0,False,True,True,138,143158
b37f1e319497b3eaee061237,live_2026,CNDT,2026-02-19,CONDUENT,0,0,True,True,True,115,200385
e2d0ebab856721cd1070a6ae,live_2026,ETSY,2026-02-19,ETSY,0,0,True,True,True,146,196977
a7966825a443d1a9950d5fba,live_2026,FISV,2026-02-19,FISERV,72,0,True,True,True,2,219258
ac662677fff64c2523fe0403,live_2026,GSHD,2026-02-19,GOOSEHEAD,107,0,True,True,True,49,192495
b6e21d3e7b4992b6884e0cb5,live_2026,MNTN,2026-02-19,MNTN,0,0,True,True,True,16,220069
804a458160c4cb885936a209,live_2026,OPEN,2026-02-19,OPENDOOR,43,0,False,True,True,66,219041
481050173423d26cb8dafeaf,live_2026,OWL,2026-02-19,,0,0,False,True,True,242,219527
fbec10d3d1742455d907901e,live_2026,PAYC,2026-02-19,PAYCOM,12,0,True,True,True,24,166411
241a33e48481d857ecc7e340,live_2026,PHGE,2026-02-19,BIOMX,72,0,True,True,True,38,220007
4b12c995ef65b2b69c09edbd,live_2026,QDEL,2026-02-19,QUIDELORTHO,0,0,True,True,True,21,182081
b3e756c64c0476e905bc2d68,live_2026,RELX,2026-02-19,RELX,0,0,True,True,False,322,217037
ba8da78c2ea0f787aaa94154,live_2026,RMNI,2026-02-19,RIMINI,23,0,True,True,True,38,189731
76d3c199d6aa865d77a7ecf9,live_2026,RPD,2026-02-19,RAPID7,21,0,True,True,True,13,220031
6e4ddca56dadf37b432709e2,live_2026,SFM,2026-02-19,SPROUTS FARMERS,20,0,True,True,True,18,186596
46d3936c06d563216587628c,live_2026,SPSC,2026-02-19,,0,0,True,True,True,62,145658
3136e95956fb08e9d2b19185,live_2026,TNDM,2026-02-19,,0,0,True,True,True,16,219905
a2075e200c4d5c48c9f3607d,live_2026,WSC,2026-02-19,WILLSCOT,0,0,True,True,True,36,188981
4d260707d15e72a2256c9be7,live_2026,ACH,2026-02-20,ACCENDRA,26,0,False,True,True,2,165964
609fda493f2ee3fa34945905,live_2026,ALAB,2026-02-20,ASTERA LABS,0,0,True,True,True,15,219975
1b87ea70cdf2c03811728709,live_2026,ANGI,2026-02-20,ANGI,0,0,True,False,True,124,169564
80c49146f44c86ec4328c15d,live_2026,CCOI,2026-02-20,COMMUNICATIONS,22,0,True,True,True,30,212708
2e32ef60011e91bca4747205,live_2026,FIVN,2026-02-20,FIVE9,15,0,True,True,True,12,214281
96c661b6fff69f30e88598c8,live_2026,IPW,2026-02-20,IPOWER,10,0,True,True,True,28,190654
275e5b706e9b341290de0895,live_2026,KFRC,2026-02-20,KFORCE,114,0,True,True,True,40,212191
27fa8525c8a5f112813ae8f7,live_2026,PFSI,2026-02-20,PENNYMAC SERVICES,35,0,True,True,True,18,179929
8272e23248fb20b920eb2d09,live_2026,PRCH,2026-02-20,,0,0,True,True,True,21,219928
eea5965d7e6be66f8cd0a90d,live_2026,TLX,2026-02-20,TELIX,24,0,True,True,False,12,219944
895b0af8da0b37cc8ca6ed06,live_2026,ACVA,2026-02-23,AUCTIONS,11,0,True,True,True,19,214142
634e5c806572de0866dcc688,live_2026,AMC,2026-02-23,,0,0,True,True,True,114,220160
924cfe5816138b6a8a5438cd,live_2026,COUR,2026-02-23,COURSERA,0,0,True,True,True,49,154951
d478b7e4ef106ea03b8182e2,live_2026,FRPT,2026-02-23,FRESHPET,0,0,True,True,True,108,168254
612384fe4ea436a926811dec,live_2026,HIMS,2026-02-23,HIMS,0,0,True,False,True,39,220021
0c0f5e585a18065f5be6149d,live_2026,ITGR,2026-02-23,,0,0,True,True,True,57,219680
62649e84eb1eb961ade1d315,live_2026,JELD,2026-02-23,JELD-WEN,0,1,True,True,True,51,218244
c5a4f0f84ea439399527fe62,live_2026,LZ,2026-02-23,LEGALZOOM,7,0,False,True,True,45,219726
3866d08c6fa740560fb6bfeb,live_2026,MAN,2026-02-23,MANPOWERGROUP,0,0,False,True,True,34,175863
b42764a7ca62d569341a738f,live_2026,MAX,2026-02-23,MEDIAALPHA,0,0,False,True,True,36,219840
9db26ad56c3e4316d2e986ca,live_2026,SMMT,2026-02-23,,0,0,True,True,True,54,219306
ec873a3a8eb993a05a3b9f12,live_2026,WEN,2026-02-23,WENDY'S,0,0,False,True,True,3,210690
400fe98f4fbd545d6ee27a49,live_2026,WGS,2026-02-23,GENEDX,33,0,True,True,True,19,176411
9ae1307426c9121156cf28e9,live_2026,ABCL,2026-02-24,ABCELLERA BIOLOGICS,7,0,True,True,False,11,192261
46577e94f133e24601b715f7,live_2026,AESI,2026-02-24,SOLUTIONS,10,0,True,True,True,8,219982
5bb427a475bba8e49194c578,live_2026,ALIT,2026-02-24,,0,0,False,True,True,3,220077
e34a736590d38a6ced14590b,live_2026,ATEC,2026-02-24,ALPHATEC,0,0,True,True,True,63,188412
c79ad960f78e961119f893c9,live_2026,BBNX,2026-02-24,BIONICS,0,0,True,True,True,4,220059
506e7a087dde5240a9d0e325,live_2026,BOW,2026-02-24,,0,0,False,True,True,24,219611
0e141610485f3d5a58d28c02,live_2026,CCC,2026-02-24,SOLUTIONS,83,0,True,True,True,48,219677
b64a9e8304d3375998647e63,live_2026,CLVT,2026-02-24,CLARIVATE,0,0,True,True,False,47,162032
0a2141682f7eb578d75f457d,live_2026,CORT,2026-02-24,CORCEPT,12,0,True,True,True,32,160161
1f9af344c9a4448be0068fc0,live_2026,CRDF,2026-02-24,CARDIFF,0,0,True,True,True,33,164560
edaa62de1a59e96d653efb5f,live_2026,EVER,2026-02-24,EVERQUOTE,0,0,False,True,True,23,179665
da40057c2588969a8196e1f1,live_2026,EXLS,2026-02-24,EXLSERVICE,0,0,True,True,True,44,208730
8ed722555baa69d2a1bb6630,live_2026,FIS,2026-02-24,SERVICES,71,0,True,True,True,128,178884
0bc743490b738b9a0ed61f66,live_2026,FLYW,2026-02-24,FLYWIRE,0,0,True,True,True,54,220067
440b2a9af13236cd69ee4a34,live_2026,ICON,2026-02-24,,0,0,False,True,False,40,219954
035a13409f66c2ad97c1fc5a,live_2026,IOVA,2026-02-24,IOVANCE BIOTHERAPEUTICS,8,0,True,True,True,28,219558
da5e034afe4f0f94e7461563,live_2026,JMIA,2026-02-24,JUMIA,30,0,True,True,False,9,220016
2806fd8ac57e9268893c25be,live_2026,JZXN,2026-02-24,JIUZI,148,0,True,True,False,4,220081
1c38293c7be50e969a6e398c,live_2026,LCID,2026-02-24,,0,0,True,True,True,9,220023
f537713f92e426689cb4fdf4,live_2026,MQ,2026-02-24,MARQETA,0,0,False,True,True,106,194518
0a72c4d9ea6734c31dd3a901,live_2026,MYGN,2026-02-24,,0,0,True,True,True,15,197471
dddc1162264da43684fd8509,live_2026,OGN,2026-02-24,,0,0,True,True,True,93,201378
6837e14ac951fc91ca4b80af,live_2026,PCOR,2026-02-24,PROCORE,15,0,True,True,True,34,216087
1c8401451a89b2e6526cb6d2,live_2026,PTLO,2026-02-24,PORTILLO'S,0,0,True,True,True,147,187254
de1c808827e458cec3bd5f87,live_2026,ROP,2026-02-24,,0,0,True,True,True,22,151491
297e7352be0216d7f9451e1e,live_2026,TEM,2026-02-24,TEMPUS,30,0,True,True,True,7,220052
f7ea8b1440fe75dfcade7dfa,live_2026,VERX,2026-02-24,,0,0,True,True,True,28,219961
8a64e51b60f15c279beaa4fc,live_2026,ZD,2026-02-24,ZIFF DAVIS,0,0,False,True,True,80,210016
61381bcf46fb83120dcb41ee,live_2026,AGL,2026-02-25,AGILON,27,0,True,True,True,31,219842
6a1da762926699e5c270557c,live_2026,AXON,2026-02-25,,0,0,False,True,True,63,220096
823fa7ab336b3e533cefe715,live_2026,BLMN,2026-02-25,BLOOMIN' BRANDS,118,0,True,True,True,5,183812
cd5f0ae493c63c078b8b780e,live_2026,CAVA,2026-02-25,,0,0,False,True,True,117,196796
10dbb1c0fd9aa5c1f59e922b,live_2026,CRSR,2026-02-25,,0,0,True,True,True,72,189823
2299a7a2c43ba4c3172bd3ab,live_2026,ENVX,2026-02-25,ENOVIX,17,0,True,True,True,28,220009
c8e01525371adf96667dfc9d,live_2026,EVH,2026-02-25,EVOLENT,37,0,True,True,True,59,219575
12d3d053366a7b3514f54a53,live_2026,FLO,2026-02-25,FLOWERS FOODS,42,0,False,True,True,118,219491
f8cd91eb0af5eb55241d787b,live_2026,GDDY,2026-02-25,GODADDY,0,0,True,True,True,62,197173
98dea81ce4658c9cb4c86e3d,live_2026,GEO,2026-02-25,,0,0,False,True,True,96,220535
9963be1951579be473faae5c,live_2026,HNST,2026-02-25,,0,0,True,True,True,13,219957
5b637ef41f57082b7be0393b,live_2026,HPQ,2026-02-25,,0,0,True,True,True,6,134100
3c523e4c352bc5538672a01b,live_2026,IONQ,2026-02-25,IONQ,0,0,True,True,True,72,220089
78bb62ad1b014a7fe32b3457,live_2026,LAW,2026-02-25,DISCO,11,0,False,True,True,60,171292
58f8fb8976cd8f12531b9c7e,live_2026,LMND,2026-02-25,,0,0,True,True,True,64,220037
104be6c13bbf5e3d348139af,live_2026,MGNI,2026-02-25,MAGNITE,0,0,True,True,True,19,197758
502f43a605d9216499862584,live_2026,MLTX,2026-02-25,MOONLAKE IMMUNOTHERAPEUTICS,56,0,True,True,True,99,218253
534e3e936c22ae8395066977,live_2026,PSKY,2026-02-25,SKYDANCE,68,0,True,False,True,117,218428
91f5f565b35f2f74a6fb3195,live_2026,QS,2026-02-25,QUANTUMSCAPE,0,0,False,True,True,38,187609
3568cd406a8a7464b9f66c7c,live_2026,ROOT,2026-02-25,,0,0,False,True,True,59,220265
4d0c804275dec84bbf35fd3f,live_2026,RXRX,2026-02-25,,0,0,True,True,True,18,219738
e8f67fe4ccecdb1757a9ad09,live_2026,RXST,2026-02-25,RXSIGHT,0,0,True,True,True,36,220056
452d5fb8098e8f9c13759603,live_2026,SDGR,2026-02-25,SCHRODINGER,0,0,True,True,True,6,220055
117cfc8b53a826e889f37455,live_2026,SLDP,2026-02-25,,0,0,True,True,True,112,181405
fef7c0e99d05a956ceb4ba17,live_2026,SLG,2026-02-25,,0,0,True,False,True,46,219113
78b9c507082a48d2dcb993f3,live_2026,UIS,2026-02-25,UNISYS,40,0,True,True,True,24,181337
c876e8daf5e12b89d0fa9af3,live_2026,VLN,2026-02-25,VALENS,213,0,True,False,False,6,220017
c598f0daff1e357965d20f52,live_2026,ZIP,2026-02-25,ZIPRECRUITER,0,0,False,False,True,68,219637
3a12f1fca48c691dc3bb8de8,live_2026,ZVIA,2026-02-25,ZEVIA,176,0,True,False,True,40,220045
91edecb18cd9aba9d8627c21,live_2026,AKBA,2026-02-26,,0,0,True,True,True,45,219348
2e5a472811fbecca848216cf,live_2026,ALKT,2026-02-26,ALKAMI,22,0,True,True,True,14,219893
7c635907c8d7555153280ab3,live_2026,AVPT,2026-02-26,AVEPOINT,0,0,True,False,True,81,173930
1c42926a42d1be05d275ab01,live_2026,BFAM,2026-02-26,HORIZONS SOLUTIONS,22,0,True,True,True,20,188041
98c375924980c346e2fc21ed,live_2026,BL,2026-02-26,BLACKLINE,0,0,False,True,True,79,219845
6f42c7e266b691a845841861,live_2026,BSY,2026-02-26,BENTLEY,37,0,True,True,True,57,202288
50f0b6f2613da130b2ef256c,live_2026,BWIN,2026-02-26,,0,0,True,True,True,9,219938
6251685f5db909ab70c9d82d,live_2026,CABO,2026-02-26,,0,0,True,True,True,52,219782
952184a5f22368de20de630b,live_2026,CBIO,2026-02-26,BIOPHARMA,1,0,True,True,True,24,219771
f5a538bf5d5ce4a1b606a2bb,live_2026,CBZ,2026-02-26,CBIZ,75,0,True,True,True,35,165545
8875873143a62b0f8d57f095,live_2026,CERT,2026-02-26,CERTARA,0,0,True,True,True,32,220028
0c3d189cda4fbc4b00a97796,live_2026,CPNG,2026-02-26,COUPANG,0,0,True,False,True,191,219695
6a3641762104c82bb34ec128,live_2026,CRTO,2026-02-26,CRITEO,40,0,True,True,False,28,202523
f66fa89685d19b8d1f34895e,live_2026,CSGP,2026-02-26,,0,0,True,True,True,25,219857
364c844568b01f6a353660bf,live_2026,CTEV,2026-02-26,CLARITEV,0,0,True,True,True,44,220001
216728f0724ecf465c8f6a76,live_2026,DCTH,2026-02-26,DELCATH,9,0,True,True,True,37,184870
b402144c62a07dedead69548,live_2026,DNA,2026-02-26,BIOWORKS,0,0,True,True,True,29,219643
4cbc8969da29445ed5abe342,live_2026,DV,2026-02-26,DOUBLEVERIFY,0,0,False,True,True,40,204477
15a0b0c5290f85bba64bc0bd,live_2026,EHTH,2026-02-26,EHEALTH,0,0,True,True,True,41,198271
58ae445082ed8644ab730b26,live_2026,ENOV,2026-02-26,ENOVIS,34,0,True,True,True,37,211576
62698d57becffa914556e793,live_2026,EOSE,2026-02-26,ENTERPRISES,0,0,True,True,True,30,219561
0e1a738f762b4412d440dcdf,live_2026,EPAM,2026-02-26,EPAM,0,0,True,True,True,64,185696
97831930be31b941254eba4c,live_2026,FA,2026-02-26,,0,0,False,True,True,75,219451
24a992b9b502fb4aad95b542,live_2026,FG,2026-02-26,ANNUITIES,48,0,False,True,True,17,219831
9749365fe9d6f89640f8f309,live_2026,FLUT,2026-02-26,,0,0,True,True,True,17,219860
a4efefbb715e2f98a0fcfb36,live_2026,FRSH,2026-02-26,FRESHWORKS,0,0,True,True,True,28,195518
c25af8b23b85848e359b6327,live_2026,FTRE,2026-02-26,FORTREA,0,0,True,True,True,113,205018
474e4b800da682edc6c074e5,live_2026,FUN,2026-02-26,FLAGS,130,0,False,True,True,4,186586
1f639dc11b62524fab8a0465,live_2026,GDRX,2026-02-26,GOODRX,46,0,True,True,True,18,219882
04279e54f00528281200ab59,live_2026,GLXY,2026-02-26,,0,0,True,True,True,33,220052
e2cf719d3ac45383bd59b658,live_2026,HRTX,2026-02-26,,0,0,True,True,True,2,205389
476098d875e389e55b96d20d,live_2026,HTZ,2026-02-26,,0,0,True,False,True,195,219102
ab2faa1f92dae3ce7c2be967,live_2026,IART,2026-02-26,INTEGRA LIFESCIENCES,12,0,True,True,True,83,206510
71180bff7c6e4c86c742f6cc,live_2026,IBTA,2026-02-26,IBOTTA,32,0,True,True,True,35,201344
094576155e434d437d1d6e7d,live_2026,INOD,2026-02-26,INNODATA,0,0,True,True,True,71,148029
3b328585ed830502df586b48,live_2026,INTU,2026-02-26,,0,0,True,True,True,19,146985
c15c1d675c26bd84cc91682d,live_2026,JANX,2026-02-26,JANUX,1,0,True,True,True,19,219807
dc60ffeb23de6f1d4b036807,live_2026,LTBR,2026-02-26,LIGHTBRIDGE,0,0,True,True,True,47,145048
8ac9b597184bbd8da011236a,live_2026,METC,2026-02-26,RAMACO,6,0,True,True,True,7,220021
d50f14f0a96e42c456626509,live_2026,MNKD,2026-02-26,MANNKIND,0,0,True,True,True,81,220001
ba17412d77689a3d06da11ba,live_2026,MP,2026-02-26,MATERIALS,85,0,False,True,True,29,220239
7dc7ee4f83c1df0af9188079,live_2026,NABL,2026-02-26,N-ABLE,22,0,True,True,True,32,219953
d2b176250647d26cfefd58eb,live_2026,NAVI,2026-02-26,NAVIENT,0,0,True,True,True,133,183322
78d79e9c136ce40dd6682c33,live_2026,NCMI,2026-02-26,CINEMEDIA,5,0,True,True,True,42,219601
dedd86c9616470e320488a5b,live_2026,NTLA,2026-02-26,INTELLIA,13,0,True,True,True,40,189693
f21aefe546b0d73d7f08973c,live_2026,PAR,2026-02-26,,0,0,False,True,True,87,220281
876689958a8589be5c0bcd69,live_2026,PAYO,2026-02-26,PAYONEER,125,0,True,True,True,23,219821
65e34b679429d3c0634750cc,live_2026,PCT,2026-02-26,PURECYCLE,16,0,True,False,True,328,219773
a2e942da494b94d6de6a0bc0,live_2026,PENN,2026-02-26,PENN,0,0,True,False,True,123,220117
11f4bf11bef9b29cca211203,live_2026,PLTK,2026-02-26,PLAYTIKA,0,0,True,False,True,85,219867
b75a7e99b290842e2b8a0886,live_2026,POOL,2026-02-26,,0,0,False,True,True,89,174726
6945ca47597e24822fa60525,live_2026,PRCT,2026-02-26,PROCEPT BIOROBOTICS,3,0,True,True,True,13,219902
92407704772eaef60b3e4942,live_2026,PRGO,2026-02-26,PERRIGO,0,0,True,False,False,141,193228
8b1a855fd7157fcac19125df,live_2026,PUBM,2026-02-26,PUBMATIC,0,0,True,False,True,23,219993
bf9981e857ce5ed40bc24bc9,live_2026,QBTS,2026-02-26,D-WAVE,124,0,True,True,True,126,219124
ad54adf34712ba47ede60826,live_2026,RBBN,2026-02-26,COMMUNICATIONS,7,0,True,True,True,54,206019
cab5610a47564cacfba5059b,live_2026,RCKT,2026-02-26,,0,0,True,True,True,33,207914
4039493ac2a8d788878f482a,live_2026,REVB,2026-02-26,BIOSCIENCES,0,0,True,True,True,40,219385
76ef8c7eb74028f3eb7a7a71,live_2026,S,2026-02-26,RIDGEWOOD,32,0,False,True,True,15,160074
0d8e783d5925b2f81ffa009f,live_2026,SEZL,2026-02-26,SEZZLE,31,0,True,True,True,8,187347
14b61d6512df05abe8550c2b,live_2026,SMR,2026-02-26,NUSCALE,311,0,True,True,True,60,145247
0f63c89ad5c0f80ec7234508,live_2026,STLA,2026-02-26,STELLANTIS,199,0,True,True,False,18,219983
b93253a1e87eee53e2583358,live_2026,TDOC,2026-02-26,TELADOC,3,0,True,False,True,62,216219
a8f21ec4f39b003e8d639fa1,live_2026,THRY,2026-02-26,THRYV,77,0,True,True,True,19,217486
eb6c349c836bfa6fcc9a0ab8,live_2026,U,2026-02-26,RIDGEWOOD,16,0,False,True,True,15,157809
d9ac26636af3f1b3754e8bb0,live_2026,VITL,2026-02-26,FARMS,28,0,True,True,True,26,197616
b0b46991e77dc2b307e6803d,live_2026,VTEX,2026-02-26,VTEX,0,0,True,True,False,38,220217
db4b0c8ea7d225c1a92ae640,live_2026,ZLAB,2026-02-26,,0,0,True,True,True,2,220073
5405c9b989f9599eaff8850d,live_2026,ZS,2026-02-26,ZSCALER,0,0,False,True,True,13,155966
6138a47a88dede4627fb54bd,live_2026,ACHC,2026-02-27,HEALTHCARE,74,0,True,False,True,28,208631
bd95b800e04d7362f8290ca6,live_2026,CEVA,2026-02-27,CEVA,0,0,True,True,True,57,146388
e181b6215a47e11a9b22dac4,live_2026,CLOV,2026-02-27,INVESTMENTS,59,0,True,True,True,2,220073
144cf89cc69b6337020684f6,live_2026,CWH,2026-02-27,CAMPING,0,0,True,True,True,54,219670
35a3db2a9e4933902def464b,live_2026,DCBO,2026-02-27,DOCEBO,3,0,True,False,False,4,16184
32dbdb2fca4ebe61e583e9ee,live_2026,DJT,2026-02-27,,0,0,True,True,True,13,219789
ce19aabdf1c7d5b69ef75657,live_2026,DUOL,2026-02-27,DUOLINGO,0,0,True,False,True,61,189958
fb9130eb1f53e75c03eaf164,live_2026,ESTC,2026-02-27,,0,0,True,True,True,15,142766
f8e5c187d5a8cdfb133e02d7,live_2026,ETHA,2026-02-27,ISHARES ETHEREUM,128,0,True,True,True,5,220019
1decb3b6918f8c4042bb37e5,live_2026,FMC,2026-02-27,,0,0,True,True,True,140,220590
a77c3abdd0df922f5514b0d5,live_2026,FOUR,2026-02-27,SHIFT4 PAYMENTS,102,0,False,True,True,71,219480
c658a9b2a236074a694af92e,live_2026,GLOB,2026-02-27,GLOBANT,36,0,True,True,False,14,220050
e03c6c9c74aae68be6892811,live_2026,GOGO,2026-02-27,,0,0,False,True,True,94,220346
b805c8bd1669b54f4ff24909,live_2026,HCKT,2026-02-27,HACKETT,0,0,True,True,True,87,209441
af93e26336e97a43b0bcbdfc,live_2026,HPP,2026-02-27,HUDSON PROPERTIES,197,0,True,True,True,167,216932
8d2b9526e84722f898ba2842,live_2026,IBIT,2026-02-27,ISHARES BITCOIN,653,0,True,True,True,5,220022
914763d07b4d4c5c89e2182b,live_2026,JOBY,2026-02-27,JOBY,0,0,True,True,True,45,219963
1429a56f0e7909a99aed5245,live_2026,NMG,2026-02-27,,0,0,True,True,True,4,219969
92de40a3264a1b47784ad7a9,live_2026,NVTS,2026-02-27,NAVITAS,27,0,True,True,True,63,171995
f2efd4fa20f3e6c2dcddaa02,live_2026,PRTA,2026-02-27,PROTHENA,27,0,True,True,True,5,220085
a996e32f995263580cceca15,live_2026,RDW,2026-02-27,REDWIRE,0,0,True,True,True,68,220071
821800e0c54aae9d7dfd7a9c,live_2026,SG,2026-02-27,SWEETGREEN,0,0,False,True,True,34,181205
c15ad8d94adaac7cd708fe60,live_2026,SOC,2026-02-27,,0,0,False,True,True,34,219891
a6ed850ac85fc4edbba67034,live_2026,SPT,2026-02-27,,0,0,True,True,True,52,219673
e9f8655ea516f6e68deda1c7,live_2026,SUIG,2026-02-27,,0,0,True,True,True,5,220085
29b5092e96eb39f5f02cd786,live_2026,TCPC,2026-02-27,BLACKROCK,54,0,True,True,True,18,220022
b484f62d8bd12b3271d175b7,live_2026,TENB,2026-02-27,,0,0,True,True,True,61,219135
330e4bf13ebfe67b6fe10130,live_2026,TMCI,2026-02-27,TREACE CONCEPTS,4,0,True,True,True,13,219854
4b2e2a75963cbf7d55c4d4d0,live_2026,TTD,2026-02-27,,0,0,True,True,True,13,192778
e056385501472f3b723c4a77,live_2026,YELP,2026-02-27,,0,0,False,True,True,97,215129
2b1c6d5205dda74ee21a1757,live_2026,ZSTK,2026-02-27,ZEROSTACK,0,0,True,True,False,42,219883
aa0fdd7547cf3015fe43d3d7,live_2026,ACHR,2026-03-02,,0,0,True,True,True,42,219694
0eaff1a1ea3bacd4f6d22961,live_2026,BBAI,2026-03-02,BIGBEAR,0,0,True,True,True,65,219890
9d2d62631dff1b32599f2b4b,live_2026,BHVN,2026-03-02,BIOHAVEN,0,0,True,True,False,76,220030
cf3665bc4fa0389d23ba8d1a,live_2026,BYAH,2026-03-02,,0,0,True,False,False,11,219964
d5841d8b4d4b4a690e2678f1,live_2026,CMRC,2026-03-02,,0,0,True,True,True,21,187640
2e942a8dbec009728bd9ddd1,live_2026,CNNE,2026-03-02,CANNAE,73,0,True,True,True,52,154246
3a0596ef0272381560b024b9,live_2026,CRWV,2026-03-02,COREWEAVE,0,0,True,True,True,30,220008
1ce4d550f098f5c124fef3fa,live_2026,DXST,2026-03-02,,0,0,True,True,False,9,220026
b8859049e621e2d2833c78cd,live_2026,ETOR,2026-03-02,ETORO,27,0,True,True,False,5,220037
7ab1e0abca1e74fa90934ca0,live_2026,GPK,2026-03-02,PACKAGING,87,0,True,False,True,47,133361
b6b6676becdebe47e8db00c1,live_2026,GRND,2026-03-02,GRINDR,66,0,True,True,True,30,220003
2c102595f37d2838a00dec32,live_2026,LIF,2026-03-02,LIFE360,0,0,False,True,True,86,220051
adb75ccbb150ec262955bde1,live_2026,MARA,2026-03-02,,0,0,False,True,True,30,219975
fc777302be73bd4e54fd012f,live_2026,NEXT,2026-03-02,NEXTDECADE,0,0,False,True,True,94,204027
357a4d385f8e096e06c67015,live_2026,NTNX,2026-03-02,NUTANIX,0,0,True,True,True,65,166708
c92ea4881985e3322d469619,live_2026,OUST,2026-03-02,,0,0,False,True,True,19,202561
7939824b14f54a9be25c6a0f,live_2026,PGY,2026-03-02,PAGAYA,117,0,True,True,True,13,219925
d054049aa28369fad5c79003,live_2026,PLUG,2026-03-02,,0,0,False,True,True,61,220191
611d563c7ed838e7a4b9a84c,live_2026,QUBT,2026-03-02,COMPUTING,7,0,True,True,True,41,201820
6c0e8b5720183e2ce90f5f67,live_2026,QURE,2026-03-02,UNIQURE,44,0,True,True,False,8,220050
594196aed7037db0204271e1,live_2026,RC,2026-03-02,,0,0,False,True,True,45,219894
bcd416ab2229fb43343d7d2d,live_2026,SENS,2026-03-02,SENSEONICS,0,0,True,False,True,42,219714
5b49ebf201024d93d1a83883,live_2026,SMWB,2026-03-02,SIMILARWEB,0,0,True,True,False,29,220004
5ad5251f1e9a97abc5913c35,live_2026,SOUN,2026-03-02,SOUNDHOUND,136,0,True,True,True,33,219762
c971db88ab2835250acce6fb,live_2026,SRPT,2026-03-02,SAREPTA,17,0,True,True,True,54,219161
c064e51cf295f0d9880f0866,live_2026,TDUP,2026-03-02,THREDUP,0,0,True,True,True,36,191024
3c3243fc9f55a03a16bd459b,live_2026,TGLS,2026-03-02,TECNOGLASS,0,0,True,False,True,59,211710
62d96142db7abe45dfcf5f9b,live_2026,UNH,2026-03-02,UNITEDHEALTH,0,0,True,True,True,58,149769
137854e7f7406d5bb408eff0,live_2026,VG,2026-03-02,,0,0,False,True,True,67,220077
7716d897bc707d6727a6efa4,live_2026,ARCT,2026-03-03,,0,0,True,True,True,61,172558
23fb50f9527fcf097ac69c08,live_2026,CAI,2026-03-03,CARIS SCIENCES,42,0,True,True,True,7,220018
5684bb0931455196c8cdfd22,live_2026,EOLS,2026-03-03,EVOLUS,31,0,True,False,True,32,219961
66a1322d17af88a41bee2aa0,live_2026,PSFE,2026-03-03,PAYSAFE,0,0,True,True,False,130,220210
8c21ae430335e2be3b43a3a5,live_2026,AQST,2026-03-04,AQUESTIVE,17,0,True,True,True,42,203843
a35b8b46e7816fe7eae01152,live_2026,CBRL,2026-03-04,,0,0,True,True,True,17,111629
4cc0f62cd652ddd4d6d284ee,live_2026,GO,2026-03-04,,0,0,False,True,True,54,219579
5cb1d6bc991b9085dbb32fd2,live_2026,NAGE,2026-03-04,NIAGEN BIOSCIENCE,83,0,True,True,True,47,203240
d173fc9fe447301289cba985,live_2026,NEXN,2026-03-04,NEXXEN,32,0,True,True,False,25,219733
2cd91b089e7abe3be00a32d9,live_2026,NMG,2026-03-04,,0,0,True,True,True,2,220009
4bf1b8d3cb988a97ca76c5c9,live_2026,OSG,2026-03-04,,0,0,True,True,True,159,219963
594cccb6326b197bc83bed36,live_2026,REAX,2026-03-04,,0,0,True,False,False,8,26713
e7ef1a8c384847a13e901df0,live_2026,RGTI,2026-03-04,RIGETTI COMPUTING,124,0,True,True,True,20,219881
2cc370c9ab72301d5aedec47,live_2026,SES,2026-03-04,,0,0,True,True,True,92,220389
2e0df73031c336ea365fea77,live_2026,SGHT,2026-03-04,SCIENCES,0,0,True,True,True,17,202045
a5cce632b299476815fe5cc4,live_2026,STVN,2026-03-04,STEVANATO,83,0,True,False,False,12,219933
4ccd33cf061c28151d3dad92,live_2026,VSTM,2026-03-04,VERASTEM,0,0,True,True,True,25,219985
2ff7a9fe547022d3b7da61e1,live_2026,XPOF,2026-03-04,XPONENTIAL,11,0,True,True,True,38,219527
0db8a18b22e36a9944e67117,live_2026,CRMD,2026-03-05,CORMEDIX,0,0,True,True,True,66,190511
557ee8837207afc12d0df3e0,live_2026,GDYN,2026-03-05,,0,0,True,True,True,38,208166
11100c44a3ae5c53ae3fff9b,live_2026,GWH,2026-03-05,,0,0,True,True,True,37,219920
3cb9679cb726f304aa6b7608,live_2026,IVVD,2026-03-05,INVIVYD,0,0,True,True,True,8,220058
e727258ae8e5f246b9259ec8,live_2026,NMG,2026-03-05,,0,0,True,True,True,2,219995
c28aba19c719cda93c0b88e4,live_2026,NRC,2026-03-05,,0,0,True,True,True,45,111101
3ab58b7ff40882f2345ea635,live_2026,NUTX,2026-03-05,NUTEX,29,0,True,False,True,68,219618
baabfce4a0fde872d397d3ae,live_2026,OKTA,2026-03-05,OKTA,0,0,True,True,True,74,220265
56b8b70182d5f22b96991143,live_2026,PDYN,2026-03-05,PALLADYNE,16,0,True,True,True,11,219969
a486fe9fa913efbf90f1548c,live_2026,PHIO,2026-03-05,PHIO,0,0,True,True,True,30,156971
42294de8ae8fde030eee4dff,live_2026,RGNX,2026-03-05,REGENXBIO,0,0,True,True,True,21,219989
102d1d40354cbe139b694f54,live_2026,RUM,2026-03-05,,0,0,False,True,True,10,220075
ef61c089a1824d4856b3f3c3,live_2026,STEM,2026-03-05,,0,0,False,True,True,42,220137
51c5a4a245ad3feed86d94c3,live_2026,TRI,2026-03-05,THOMSON REUTERS,14,0,False,False,True,1,7685
c9e6c7dff00fa4da5b654020,live_2026,WBTN,2026-03-05,WEBTOON,43,0,True,True,True,32,219555
6fc51c11a44c7dc1e8f6ec7e,live_2026,WEAV,2026-03-05,COMMUNICATIONS,12,0,True,True,True,16,214049
4c88535159c8d0a787e68a4b,live_2026,WHLR,2026-03-05,,0,0,True,True,True,42,194428
fc7db33596aac647302aba0c,live_2026,WIX,2026-03-05,,0,0,True,True,False,75,220359
9ffdf3db27bfb1d7c435fb64,live_2026,ALT,2026-03-06,ALTIMMUNE,0,0,False,True,True,39,195570
6b56f3ac58a8354f63bfafab,live_2026,ARE,2026-03-06,ARES,8,0,False,True,True,209,221017
2d746a79fe26c398176cd3bb,live_2026,ATAI,2026-03-06,ATAIBECKLEY,0,0,True,True,True,97,219988
0d67ed22177ceccacc4b8ca8,live_2026,AUUD,2026-03-06,AUDDIA,92,0,True,True,True,15,220034
5550c9c91022786d70d99c84,live_2026,BJDX,2026-03-06,BLUEJAY,8,0,True,True,True,35,219539
fe43fb13335be4c6d834171f,live_2026,DNUT,2026-03-06,KRISPY KREME,12,0,True,True,True,63,219729
7529377a067bba57769a754e,live_2026,IMRX,2026-03-06,IMMUNEERING,0,0,True,True,True,14,219992
76a889158d55bc87ce0add20,live_2026,INLF,2026-03-06,INLIF,38,0,True,True,False,3,220077
f5b1d734f35789e7ae4dcff2,live_2026,JBIO,2026-03-06,BIOSCIENCES,4,0,True,True,True,58,219385
1bc9113b9544db166f8572e1,live_2026,JTAI,2026-03-06,,0,0,True,False,True,4,220074
dc8dfca7fa8fdf9a62a055bc,live_2026,OMDA,2026-03-06,OMADA,16,0,True,True,True,20,219919
5067e09e4712f8ed9e9d9a3f,live_2026,VIA,2026-03-06,,0,0,False,True,True,40,219809
6b8ec0c948088a968746fbf9,live_2026,WDAY,2026-03-06,,0,0,True,True,True,47,188502
7f0b0776438d35d1d4c19c40,live_2026,CRBP,2026-03-09,CORBUS,5,0,True,True,True,23,196769
b1454f5b006ac82baad82be3,live_2026,CRCL,2026-03-09,INTERNET,33,0,True,False,True,10,220016
8b20e86bd18ffcb5b9ad1f7e,live_2026,DDD,2026-03-09,,0,0,True,True,True,55,207802
9f61836766fa9e598dbb5c13,live_2026,EDIT,2026-03-09,EDITAS,3,0,False,True,True,42,195678
d10263891ea958b8a3c2a495,live_2026,EVGO,2026-03-09,EVGO,0,0,True,True,True,195,220720
d128e54604cad80454a0da3a,live_2026,NPWR,2026-03-09,,0,0,True,True,True,120,196996
60ea922eaa36f15f8c3348f6,live_2026,OWLT,2026-03-09,,0,0,True,True,True,15,220048
b82ca1877a4f367b427f5841,live_2026,RPAY,2026-03-09,,0,0,True,True,True,41,219629
f9d69930792f09b54fb9e35e,live_2026,SBET,2026-03-09,SHARPLINK,0,0,True,False,True,124,219850
789febbd0d52ec94c58f1124,live_2026,SPRB,2026-03-09,BIOSCIENCES,0,0,True,True,True,21,219801
0dc8245a12cfb83d509b5a66,live_2026,SPRY,2026-03-09,,0,0,False,True,True,40,219454
efb0e42d917105e70f7dc6ef,live_2026,TREE,2026-03-09,LENDINGTREE,0,0,False,True,True,65,219843
d82d6e02e08618dc894d1d8c,live_2026,ARQ,2026-03-10,,0,0,True,True,True,67,191820
e8aacb9a56e3e2ff010e1af5,live_2026,BCTX,2026-03-10,BRIACELL,71,0,True,False,True,23,100326
a9cfb7184498fb8d4b783ad7,live_2026,BLSH,2026-03-10,,0,0,True,True,False,185,220259
48d51df15cd1177e381b9595,live_2026,BLZE,2026-03-10,BACKBLAZE,0,0,True,True,True,39,207706
ef19f4f7936b5ec7e9a95b43,live_2026,BRRR,2026-03-10,COINSHARES BITCOIN,724,0,True,False,True,11,212470
cc2ede5dbc8283745771c022,live_2026,EVLV,2026-03-10,EVOLV,40,0,True,True,True,22,219633
5bb71fbbc3cbe572ccf1b01b,live_2026,GRPN,2026-03-10,GROUPON,0,0,True,True,True,72,219921
261ca123217dbacea1a437ab,live_2026,LEGN,2026-03-10,BIOTECH,4,0,True,True,False,23,219912
b91beb16e0b2ed57a94f6904,live_2026,LFMD,2026-03-10,LIFEMD,58,0,True,False,True,64,170531
4c99e8c76d0de0b8f058387c,live_2026,PRTH,2026-03-10,,0,0,True,True,True,36,184560
d3ac0bf99b19985357f49abc,live_2026,SIGA,2026-03-10,SIGA,0,0,True,True,True,82,117285
9c78bc0992315ba6b677815a,live_2026,TWFG,2026-03-10,TWFG,0,0,True,True,True,160,220645
f52ad8f2c2206d014d93c6a8,live_2026,UP,2026-03-10,WHEELS,74,0,False,True,True,110,220311
5c7bac082e171d1bb830134a,live_2026,VOYG,2026-03-10,,0,0,True,True,True,5,220085
55c8b5ff932a70ba6c38ebe2,live_2026,WEST,2026-03-10,WESTROCK,102,0,False,True,True,18,219913
2fdaf7012dc3e43f11c7b539,live_2026,XGN,2026-03-10,EXAGEN,7,0,True,True,True,16,220033
cce1a37f8dbca56f2e4de9be,live_2026,AI,2026-03-11,,0,0,False,True,True,106,115842
54c60e3653e3ff0c7a883e83,live_2026,AVAV,2026-03-11,AEROVIRONMENT,0,0,True,True,True,22,176157
191b2f3aa3af6c84ebd9fd55,live_2026,CDXS,2026-03-11,CODEXIS,0,0,True,True,True,32,210463
43cf12220ad81a525861042a,live_2026,DMRC,2026-03-11,DIGIMARC,0,0,True,True,True,102,156978
c27dd1d7a54fb6110d5097b6,live_2026,HPK,2026-03-11,HIGHPEAK,25,0,True,True,True,268,218129
30f905e8471e7b23b50f304c,live_2026,MNTK,2026-03-11,RENEWABLES,8,0,True,True,True,39,182727
862a67d275fef97ed06dc750,live_2026,NUWE,2026-03-11,NUWELLIS,0,0,True,True,True,35,219983
9e4310e1115aff942d1055dd,live_2026,ORCL,2026-03-11,,0,0,True,True,True,45,165354
55b979d21d1cb199586d1db5,live_2026,SGMT,2026-03-11,SAGIMET BIOSCIENCES,5,0,True,True,True,14,219896
4f815504f1eec6809a795880,live_2026,TTGT,2026-03-11,TECHTARGET,0,0,True,True,True,226,211746
a343926f943525a3eae02e0a,live_2026,TZOO,2026-03-11,TRAVELZOO,0,0,True,True,True,151,177081
c558930555f86011b204b24e,live_2026,ACET,2026-03-12,ADICET,25,0,True,False,True,26,219923
cb8d9c3fb9bcdc5e2b6ebfc0,live_2026,ACXP,2026-03-12,ACURX,3,0,True,True,True,39,219505
200d30c002a278faab2bdb67,live_2026,AEYE,2026-03-12,AUDIOEYE,0,0,True,True,True,96,203713
bd997f8f5c49cb50ebf6d34c,live_2026,ANGX,2026-03-12,STUDIOS,11,0,True,True,True,56,219668
f37ec61b6880413982abb52b,live_2026,BEAT,2026-03-12,HEARTBEAM,0,0,False,True,True,70,176275
4976404934cef2da0845cd87,live_2026,BLDP,2026-03-12,BALLARD,3,0,True,False,False,8,56072
1407547f2826d2d5f9cbb391,live_2026,CADL,2026-03-12,CANDEL,2,0,True,True,True,6,219984
fe0ef999ddc3f8203e244d76,live_2026,CRMT,2026-03-12,AMERICAS CARMART,0,0,True,True,True,2,168981
ce93adb3dbdb18117ecb4f91,live_2026,CURI,2026-03-12,CURIOSITYSTREAM,0,0,True,True,True,56,219648
3b22493c67d4b5c71e2cd09e,live_2026,FLNA,2026-03-12,FILANA,0,0,True,False,True,16,184783
a7ab0566d47c950f419290b8,live_2026,FNKO,2026-03-12,FUNKO,23,0,True,True,True,54,211900
8802998c1991b46c9f429fca,live_2026,FVRR,2026-03-12,FIVERR,13,0,True,True,True,29,219639
e7f07add71db7041418a8b89,live_2026,GRAL,2026-03-12,,0,0,True,True,True,10,220063
c38658ce466164d1d0acfc25,live_2026,HCAT,2026-03-12,,0,0,True,False,True,65,219450
d3111f329c860774bb1ea747,live_2026,INO,2026-03-12,INOVIO,15,0,False,True,True,47,205264
46616e362f6ba2a443cb3255,live_2026,KRRO,2026-03-12,KORRO,2,0,True,True,True,33,220148
82d5d541ea3a1601afd26212,live_2026,LDI,2026-03-12,LOANDEPOT,0,0,True,True,True,26,219973
7058f5d2890d739e78d2035a,live_2026,MLYS,2026-03-12,MINERALYS,0,0,True,True,True,17,219779
d2901dee914dfd19d0d77625,live_2026,OPFI,2026-03-12,OPPFI,142,0,True,True,True,25,220039
fad4a422c095aad248bd593a,live_2026,OPRX,2026-03-12,OPTIMIZERX,0,0,True,True,True,79,173406
f082d57b5484b77a5302c44e,live_2026,PD,2026-03-12,PAGERDUTY,0,0,False,True,True,79,210984
8ca3aaf26caeec938763c673,live_2026,SDHC,2026-03-12,HOMES,135,0,True,True,True,37,219505
a77153ca814085385331b26a,live_2026,SFIX,2026-03-12,,0,0,True,True,True,89,217880
59c1b14d5921701f81d1b681,live_2026,SNDL,2026-03-12,SNDL,0,0,True,False,False,6,19382
76fa1bb5da72ebe9f05eae48,live_2026,SRFM,2026-03-12,,0,0,True,True,True,21,219845
96607ebdc18ca332069cbcbb,live_2026,STXS,2026-03-12,,0,0,True,False,True,43,208515
414d0905dfea7ee733e1d6ab,live_2026,TIC,2026-03-12,SOLUTIONS,8,0,False,True,True,26,219845
f225c0ecea07d45c9d8f209a,live_2026,TNXP,2026-03-12,TONIX,30,0,True,False,True,52,219148
e92798171583531904510562,live_2026,ASAN,2026-03-13,,0,0,True,True,True,34,219991
4b6060b506ef39a12c30baca,live_2026,ASPN,2026-03-13,AEROGELS,8,0,True,True,True,17,219983
56b862f8a027a2263a1d4e92,live_2026,BETR,2026-03-13,,0,0,True,True,True,21,219815
e06f266dde46cc0cfc81636d,live_2026,CDIO,2026-03-13,CARDIO,47,0,True,True,True,28,219691
3887edd5b0c3d195329d679c,live_2026,FOA,2026-03-13,COMPANIES,11,0,True,True,True,69,220170
ed2399686aa10a43745fe115,live_2026,FORR,2026-03-13,FORRESTER,51,0,True,True,True,22,150426
1317bfd86225d7b1f9ca31c9,live_2026,KLC,2026-03-13,KINDERCARE COMPANIES,25,0,True,True,True,14,219753
f665d81034ffe54a443936da,live_2026,MLCO,2026-03-13,MELCO RESORTS,209,0,True,True,False,3,220027
103da4acc8da536a3246ee62,live_2026,MNDY,2026-03-13,,0,0,True,True,False,66,219892
cfaf9d301e08f5907ad8106c,live_2026,AGEN,2026-03-16,AGENUS,12,0,False,True,True,20,220043
764d11878f8d34aff92302fd,live_2026,ATRA,2026-03-16,ATARA BIOTHERAPEUTICS,13,0,True,True,True,39,214374
4af12b891967bb11f785de4f,live_2026,BDTX,2026-03-16,,0,0,True,True,True,58,220169
368390bbd90d8a34a240b8b3,live_2026,BIAF,2026-03-16,BIOAFFINITY,3,0,True,False,True,34,219464
9467d28de99fb425db36e796,live_2026,BLND,2026-03-16,LABS,0,0,True,False,True,29,219869
d0d8b1dd483e93f1688d8fa9,live_2026,BMBL,2026-03-16,,0,0,True,True,True,75,204221
65f4a8a69fb5982f4aae8020,live_2026,BNC,2026-03-16,,0,0,True,False,True,23,185668
c5ddb6f6d0fbbb65c6ffe2eb,live_2026,DOUG,2026-03-16,ELLIMAN,23,0,False,False,True,178,218205
0ad96d204c8aa0448f64472e,live_2026,EVEX,2026-03-16,,0,0,True,True,True,19,219933
0b54d220954f11c25f704804,live_2026,FIGR,2026-03-16,SOLUTIONS,8,0,True,True,True,6,220002
626f082ee1c9e3566c2bac59,live_2026,HDSN,2026-03-16,HUDSON,67,0,True,True,True,3,217030
a737cbafa04dd81778a14d33,live_2026,IQ,2026-03-16,IQIYI,74,0,False,True,False,29,219987
b6d8c7cbe4bdb593c1f2ace6,live_2026,MVST,2026-03-16,MICROVAST,0,0,True,False,True,53,219722
254c77de4dc30d3a1153c6be,live_2026,OLMA,2026-03-16,OLEMA,14,0,True,True,True,19,219756
03024231e3bae5ce8ce821f4,live_2026,TLS,2026-03-16,TELOS,25,0,True,True,True,16,169393
f33f9127ec3b710bd5bb48c0,live_2026,USNA,2026-03-16,USANA SCIENCES,40,0,True,True,True,36,185652
c146a0a6c1749458b2908ad5,live_2026,WW,2026-03-16,,0,0,False,True,True,51,196490
20c70b3e9e2547f16c3358d9,live_2026,ZBIO,2026-03-16,ZENAS BIOPHARMA,16,0,True,True,True,10,220004
75ac803ec8960c05b3bfacf2,live_2026,BCYC,2026-03-17,,0,0,True,True,False,27,219693
6a50b141763c41127000e8bc,live_2026,CLPT,2026-03-17,CLEARPOINT NEURO,60,0,True,True,True,31,202951
177f84c7535b530d27bb61fb,live_2026,GENI,2026-03-17,,0,0,True,True,False,29,219956
56eeaeebb5fe9593e577f991,live_2026,GTLB,2026-03-17,GITLAB,55,0,True,True,True,29,197286
85876957a5ee95e9716e2a04,live_2026,GXAI,2026-03-17,GAXOS,31,0,True,True,True,47,219916
e9403aa614110a0cc55d4cd8,live_2026,LULU,2026-03-17,LULULEMON ATHLETICA,33,0,False,True,True,36,135173
2942a821841b354d676b3940,live_2026,ODD,2026-03-17,,0,0,False,True,False,10,220019
1472062c382fc28fa058da0c,live_2026,OKLO,2026-03-17,OKLO,0,0,True,True,True,46,220154
d26511de069c002abcfd112d,live_2026,STIM,2026-03-17,NEURONETICS,0,0,False,True,True,43,212561
fb85d894c5560d0b3655d809,live_2026,TPET,2026-03-17,,0,0,True,False,True,18,92320
4a14674de7d90521701920a8,live_2026,XFOR,2026-03-17,,0,0,True,True,True,48,219487
2444d2bc8f74826051806d0b,live_2026,XRX,2026-03-17,XEROX,225,0,True,True,True,47,219580
765105695a866d044c770e53,live_2026,ARX,2026-03-18,,0,0,False,False,True,81,219771
53357d34ff27f95f8e5f5ec0,live_2026,CARS,2026-03-18,CARLYLE SOLUTIONS,95,0,True,False,True,20,219871
70835ad5032b8230b4e73d7f,live_2026,DOCU,2026-03-18,DOCUSIGN,0,0,True,True,True,103,219591
480bb47e6485415adb14d0c1,live_2026,HTFL,2026-03-18,HEARTFLOW,0,0,True,True,True,113,214789
e558ac737a4c066b0a78d0d5,live_2026,LIDR,2026-03-18,AEYE,32,0,True,True,True,21,220041
632df0e0f4c9ca14cfce4fde,live_2026,NRGV,2026-03-18,,0,0,True,True,True,22,219888
ea06e69ffa43d0e3dde952a9,live_2026,PROK,2026-03-18,PROKIDNEY,0,0,True,True,True,143,219687
7e02e02ebc4d76424133bb86,live_2026,TSSI,2026-03-18,,0,0,True,True,True,14,177022
338041f50a2cc121bdb714db,live_2026,ACRV,2026-03-19,ACRIVON,9,0,True,True,True,18,219791
0bcf5c26014436646c282a83,live_2026,ASST,2026-03-19,,0,0,True,True,True,24,220073
fde772febb1f4b92ca33395c,live_2026,BKKT,2026-03-19,BAKKT,122,0,True,True,True,14,220051
a757bffaec1642b2214d3f60,live_2026,KSS,2026-03-19,KOHLS,8,0,True,True,True,2,211335
74cb06c59069cfa12da965c8,live_2026,LAC,2026-03-19,AMERICAS,0,0,False,True,False,98,220103
f46d8d79d6fd053abac27abe,live_2026,RBRK,2026-03-19,RUBRIK,35,0,True,True,True,69,219813
69da18681194c0a10e3e8d88,live_2026,RICK,2026-03-19,,0,0,False,True,True,60,219161
e3adacf4ebf3042ab8b3c421,live_2026,SAIL,2026-03-19,SAILPOINT,0,0,False,True,True,37,219959
5da1b3e923375e8bf4a0a19a,live_2026,SATL,2026-03-19,SATELLOGIC,0,0,True,True,True,65,219855
f2bd1f5196fa4016fd9b9378,live_2026,TGEN,2026-03-19,TECOGEN,0,0,True,True,True,102,219870
3d57b4e16c6f0b6767885e60,live_2026,TII,2026-03-19,,0,0,True,False,False,7,22792
07aba616f3ee3ba23f1bbc5b,live_2026,UAMY,2026-03-19,STATES,18,0,True,True,True,32,201015
2730e55795a82914a8fd6598,live_2026,WPP,2026-03-19,,0,0,True,True,False,225,160117
2f6d8c69ef2a8295f0dd7edc,live_2026,AEVA,2026-03-20,AEVA,0,0,True,True,True,288,214263
6280ef456fb607fce60875c3,live_2026,ASTI,2026-03-20,,0,0,True,True,True,21,203798
7eab36b7d49280fa0ef2f02d,live_2026,FLY,2026-03-20,AEROSPACE,1,0,False,True,True,16,219898
90249c14e96ba1dbfb91639f,live_2026,MIST,2026-03-20,,0,0,False,True,False,44,210905
b470b7ffe37d955440d6fd54,live_2026,SMX,2026-03-20,MATTERS,124,0,True,False,False,38,220255
2d2c89a2c7cf1dd167d233c5,live_2026,AARD,2026-03-23,,0,0,True,True,True,7,220013
9f4e6b666c5cbda03557a002,live_2026,AGIG,2026-03-23,ABUNDIA,16,0,True,False,True,109,219923
d80e9ac2b3f6752ae884b1b5,live_2026,AMBA,2026-03-23,,0,0,False,True,True,16,205739
a88eabf846c54708806a76fd,live_2026,BATL,2026-03-23,,0,0,True,True,True,53,219591
cccd56ccb5fbd3b5c071c0b3,live_2026,HTLM,2026-03-23,HOMESTOLIFE,0,0,True,False,False,55,219912
4a15c8a7ab7232b3c57c6301,live_2026,IDR,2026-03-23,,0,0,True,True,True,44,148352
7c9c5e0f0d5f875464567726,live_2026,MAIA,2026-03-23,BIOTECHNOLOGY,8,0,False,False,True,52,220065
b33524c77a28af537fa3597d,live_2026,MOB,2026-03-23,MOBILICOM,0,0,False,True,True,65,219988
3632c4184dd01d2d8c02b3e0,live_2026,NRXP,2026-03-23,,0,0,True,True,True,23,219782
c8cdaec755ee009495b55522,live_2026,RC,2026-03-23,COMPANIES,19,0,False,True,True,25,185607
a5b4504437d2abd8df6c438b,live_2026,RUBI,2026-03-23,RUBICO,7,0,True,True,False,11,220053
8640f9b34af5c97dd2e81459,live_2026,SUNE,2026-03-23,SUNATION,40,0,False,True,True,31,219847
c4aa6fc5b5104d4e73926af8,live_2026,ABSI,2026-03-24,ABSCI,6,0,False,True,True,22,208075
4daf0607cb50a947c4a559a5,live_2026,BMEA,2026-03-24,BIOMEA,1,0,True,True,True,17,219923
61ac57e77965920cdc7274d8,live_2026,BZAI,2026-03-24,BLAIZE,111,0,True,True,True,48,219594
b966fa5309cae5454d5f084e,live_2026,CRCL,2026-03-24,,0,0,True,True,True,1,160264
85d7224a930b7a1f1b8b4e89,live_2026,DPRO,2026-03-24,DRAGANFLY,0,0,True,False,False,6,22372
30b6189ace86ff818b7fee9b,live_2026,EVTL,2026-03-24,AEROSPACE,14,0,True,True,False,16,219894
48ab756ecc681582bb1ae38d,live_2026,LENZ,2026-03-24,LENZ,0,0,True,True,True,51,219996
bb489d0cbe1e57ce01df1576,live_2026,NGNE,2026-03-24,NEUROGENE,0,0,True,True,True,35,219985
9180035dd27513e547cfcd9a,live_2026,SMTI,2026-03-24,SANARA MEDTECH,12,0,True,False,True,42,211946
37f70450de92145efb059e27,live_2026,ADBE,2026-03-25,,0,0,True,True,True,29,181527
1a4c0bc604093229661f499c,live_2026,BRZE,2026-03-25,,0,0,True,True,True,21,220023
fbb8e2c0854b02f28bfd5c09,live_2026,CHWY,2026-03-25,,0,0,True,True,True,22,220013
7b5eed94ee965d559c5c101f,live_2026,GCTS,2026-03-25,,0,0,True,True,True,39,219319
2aed37e7f437e35be4e85dfd,live_2026,ITRG,2026-03-25,INTEGRA,0,0,True,False,True,13,43170
43cb10b5f9f76712651f9dcf,live_2026,MDAI,2026-03-25,,0,0,True,True,True,22,219955
aab50a4b95a2813c5c75aff4,live_2026,NFGC,2026-03-25,,0,0,True,False,False,6,32711
37ba101c6dfabf91aa267639,live_2026,PATH,2026-03-25,UIPATH,38,0,False,True,True,32,219969
af98c13e291b6f8a026999c0,live_2026,PAYS,2026-03-25,PAYSIGN,0,0,True,True,True,27,134965
60d3434ecdabe15b7e698ed3,live_2026,SER,2026-03-25,SERINA,53,0,False,True,True,39,219854
b6f5ffde359be98203a67887,live_2026,TRON,2026-03-25,,0,0,False,False,True,153,220642
fd0e2b3a59897d64b9e1c121,live_2026,TTAN,2026-03-25,SERVICETITAN,0,0,True,True,True,29,219905
5c157edc2c2285cf1973a284,live_2026,ALLT,2026-03-26,,0,0,True,True,False,20,220041
b067f4f160cc734fd6938845,live_2026,AMPG,2026-03-26,AMPLITECH,0,0,True,False,True,85,219955
97845f27624cdcc611a87e52,live_2026,BTCS,2026-03-26,BTCS,0,0,True,False,True,111,220489
d2d168e52f6f9ea87256e072,live_2026,CANF,2026-03-26,CAN-FITE BIOPHARMA,9,0,True,True,False,14,220017
d54ea4e38fda61cf800855ca,live_2026,CV,2026-03-26,CAPSOVISION,0,0,False,True,True,12,220031
632c58a87856ac0a79ce9533,live_2026,DRMA,2026-03-26,DERMATA,7,0,True,False,True,9,219965
4059a279d25ebe7d006c54c3,live_2026,GANX,2026-03-26,,0,0,True,True,True,19,219896
708d370cda424a1c73e53324,live_2026,KKR,2026-03-26,,0,0,True,True,True,163,220784
ff269b2d53de4a90681c7e74,live_2026,KKR,2026-03-26,,0,0,True,True,True,179,220864
687c51ce8d5b96cf0897dd65,live_2026,MBOT,2026-03-26,MICROBOT,196,0,True,False,True,41,188540
e57952de74ff44ddbba396cb,live_2026,NMAX,2026-03-26,NEWSMAX,0,0,True,True,True,213,190610
1db8f066b03134cfb48ab78c,live_2026,NMG,2026-03-26,NOUVEAU MONDE,0,0,True,False,False,13,30555
471d20bc9b32fd945834f117,live_2026,PRFX,2026-03-26,,0,0,True,True,False,7,220017
a76cd96114771c7d281293c9,live_2026,QNRX,2026-03-26,,0,0,True,True,True,84,218978
d27afe280713e1c38977f98d,live_2026,QNTM,2026-03-26,BIOPHARMA,7,0,True,True,False,22,219889
25a6cfe06f32885e4b8d8cb6,live_2026,RANI,2026-03-26,,0,0,False,True,True,131,219979
1d9b14b294841edc0b830b19,live_2026,SKYX,2026-03-26,SKYX PLATFORMS,4,0,True,False,True,14,219941
c7c8aaa317b4a88a366c800a,live_2026,SNWV,2026-03-26,SANUWAVE,13,0,True,True,True,25,190872
ce8c6025cb3ee6dcf0c052c3,live_2026,UPB,2026-03-26,,0,0,True,True,True,5,220060
379ffa42f7b29e9e0011186f,live_2026,WYFI,2026-03-26,WHITEFIBER,0,0,True,True,True,149,219743
5a4efb71eb89a98a1509e9d6,live_2026,ABTC,2026-03-27,BITCOIN,416,0,True,True,True,54,219843
8189338cd15e9ce3961222ac,live_2026,ANY,2026-03-27,,0,0,False,True,True,176,220339
0173c9dc8bc30aa1c1735056,live_2026,AUTL,2026-03-27,AUTOLUS,17,0,True,True,False,13,219937
4d54ae7c676963f0dc73a96c,live_2026,BTAI,2026-03-27,BIOXCEL,55,0,True,True,True,9,219947
cb5a1b87dca35a8585b87c47,live_2026,BTBT,2026-03-27,,0,0,True,True,True,52,219917
a10e2cbe56d2a3c3ac4fdbd5,live_2026,CYN,2026-03-27,CYNGN,12,0,True,True,True,21,220044
193419e098672e28eb6399c7,live_2026,EMPD,2026-03-27,,0,1,True,True,True,30,219845
bea512f7b367946e58b85dc9,live_2026,ENVB,2026-03-27,ENVERIC BIOSCIENCES,15,0,True,False,True,50,219310
bfd367f4e5520634b714ef3d,live_2026,KSCP,2026-03-27,KNIGHTSCOPE,0,0,True,True,True,44,219809
0d0adea245d1240b8d490a40,live_2026,MNPR,2026-03-27,MONOPAR,18,0,True,True,True,115,208217
e613654d49c5dd1ec8e27469,live_2026,OXM,2026-03-27,,0,0,True,True,True,28,219855
3c0695e1242c2af258802a56,live_2026,SRAD,2026-03-27,SPORTRADAR,26,0,True,True,False,9,219987
99a36a410b7212c68be31d18,live_2026,AEO,2026-03-30,OUTFITTERS,1,0,True,True,True,58,176572
e2d0dd434f53387f5d7dd813,live_2026,DFDV,2026-03-30,DEFI,19,0,True,True,True,25,219823
fed47ba81dfe932cdd8ff0b2,live_2026,DFLI,2026-03-30,,0,0,True,False,True,98,218554
34c0c13e88d9fe651c2f9a81,live_2026,ELAB,2026-03-30,PMGC,34,0,True,False,True,10,219993
e0154402dd58e8fa4a91d21f,live_2026,FRMI,2026-03-30,FERMI,13,0,True,True,True,10,220081
c9710489db824a95f565d0ff,live_2026,GBFH,2026-03-30,GBANK,41,0,True,True,True,35,219930
dcb4d4fe94817f65fdfdf524,live_2026,GNPX,2026-03-30,GENPREX,0,0,True,True,True,76,219955
e89eda9a13dda857edc6619e,live_2026,HYPD,2026-03-30,HYPERION DEFI,16,0,True,True,True,41,219758
1ff8451d27d12b86d76e1a35,live_2026,IMSR,2026-03-30,,0,0,True,False,True,197,220853
b22f332923b661de5a08933f,live_2026,INV,2026-03-30,INNVENTURE,0,0,True,True,True,570,218765
859efe3aac6f640f20225abb,live_2026,LXEO,2026-03-30,LEXEO,1,0,True,True,True,15,219863
d9a69cce39a7fc7d809661b7,live_2026,NAKA,2026-03-30,NAKAMOTO,0,0,True,False,True,129,220106
48e2073806057ba87c402dd6,live_2026,SPCE,2026-03-30,,0,0,True,True,True,66,219146
ed5bf546646bfe1144648028,live_2026,SSTI,2026-03-30,SOUNDTHINKING,0,0,True,True,True,33,212988
255270537cc2dbd8242c99c1,live_2026,SXTP,2026-03-30,DEGREES,0,0,True,True,True,31,219477
8a39a8510ca9d28779532a43,live_2026,USAR,2026-03-30,,0,0,False,True,True,87,219125
13423ff166baedc2ade17368,live_2026,USAS,2026-03-30,AMERICAS,9,0,True,False,False,1,42564
931a9a5d4686436e7e309355,live_2026,VOR,2026-03-30,BIOPHARMA,0,0,True,True,True,21,219965
a992f6e3876bb89943f390de,live_2026,AIFF,2026-03-31,NEUROSCIENCE,11,0,True,True,True,31,219581
b9d404c43ff08b7b7f9aaf0e,live_2026,AIRJ,2026-03-31,AIRJOULE,167,0,True,True,True,20,219839
e32305d27e648d26b22a3c1d,live_2026,AIRO,2026-03-31,AIRO,0,0,True,False,True,37,220171
b8876a4331252f0cd6b191e9,live_2026,AIRS,2026-03-31,AIRSCULPT,80,0,True,True,True,17,208095
fefa8bb6727b09dc0e108fb8,live_2026,ALVO,2026-03-31,ALVOTECH,0,0,True,True,False,104,220077
dc23bb8bdb646c368c01edd5,live_2026,BALY,2026-03-31,BALLY'S CHICAGO,174,0,True,True,True,2,220056
d6683b21bdace10f0b19d822,live_2026,BLNE,2026-03-31,,0,0,True,False,True,145,220123
da3dffccf615f555319ca223,live_2026,CNTN,2026-03-31,,0,0,True,False,True,9,219957
513358625943fb5d72329a7b,live_2026,CODX,2026-03-31,CO-DIAGNOSTICS,0,0,True,False,True,57,184588
a476bea1950233edae6deef8,live_2026,CURV,2026-03-31,,0,0,True,False,True,82,192008
f5d72edbb41137506dbc6248,live_2026,DGXX,2026-03-31,DIGI,24,0,True,True,False,39,219824
a52ad8ec99bf46d83c3860fc,live_2026,DUOT,2026-03-31,DUOS,32,0,True,True,True,47,199996
e063d7d6b510760370a3dac7,live_2026,EU,2026-03-31,,0,0,False,True,False,14,220009
305c94d3bd534f4fc8ef4550,live_2026,GEMI,2026-03-31,,0,0,True,True,True,7,219989
ba99eb7bcfdffde63099ff8b,live_2026,HCWB,2026-03-31,BIOLOGICS,7,0,True,True,True,24,219927
69b3aaf57d5d48de605c14a9,live_2026,HURA,2026-03-31,TUHURA BIOSCIENCES,192,0,False,True,True,8,220097
d4b7ad5218e4bafcb22b14c6,live_2026,INKT,2026-03-31,,0,0,True,True,True,68,209800
d21777587f303a9ab91acf72,live_2026,JFB,2026-03-31,,0,0,True,True,True,77,198269
815a7e4b9c2996bbfdf26c16,live_2026,KULR,2026-03-31,KULR,0,0,True,True,True,85,219805
d1324455435cccbe0f558801,live_2026,LAES,2026-03-31,SEALSQ,735,0,True,True,False,12,220050
400dd8b571cb88c4f9dffbb9,live_2026,LNSR,2026-03-31,LENSAR,15,0,True,True,True,30,219791
91b83812fb846bd97d739286,live_2026,MNTS,2026-03-31,MOMENTUS,0,0,True,True,True,74,219932
b42004ade98c95a68f7904fc,live_2026,NAK,2026-03-31,MINERALS,1,0,False,False,False,5,38778
6702462ab847489064a74822,live_2026,NCNO,2026-03-31,NCINO,72,0,True,True,True,44,219954
f344c5d6eca0b0d1058e96b9,live_2026,NTSK,2026-03-31,NETSKOPE,0,0,True,True,True,24,220073
982d9768169ecb920a22b655,live_2026,NXPL,2026-03-31,NEXTPLAT,0,0,True,True,True,59,154723
c541c2bdcbd7ddce49579b61,live_2026,NXTT,2026-03-31,,0,0,True,True,True,31,185158
115d9d8880c8a32c7c005d9b,live_2026,OMER,2026-03-31,OMEROS,18,0,False,True,True,10,180376
1a3a698f2420f20f1caa09cd,live_2026,PHR,2026-03-31,PHREESIA,0,0,True,True,True,58,220002
86cf05f3da55694521c146da,live_2026,PLAY,2026-03-31,BUSTER'S,14,0,False,True,True,28,138192
b5ca74dd8cbd2032cccf9805,live_2026,POET,2026-03-31,,0,0,False,False,False,84,219726
5a7e1f0d4475dc8ac98f64a4,live_2026,PRGS,2026-03-31,,0,0,True,True,True,2,75932
f18c394d0f6323c50dbf5762,live_2026,PROP,2026-03-31,,0,0,False,True,True,17,219906
f082e78e04b289a8052fea76,live_2026,RZLV,2026-03-31,REZOLVE,712,0,True,True,False,17,220025
0ce85bdc1619dad0fd55a0b3,live_2026,SKYQ,2026-03-31,,0,0,True,True,True,52,219784
93c3c07839c681f942af5b9b,live_2026,SPAI,2026-03-31,,0,0,True,False,True,100,192993
474c5d3524d0e843a7011ab7,live_2026,STEX,2026-03-31,STREAMEX,0,0,True,False,True,128,220001
00157857d07125a17f26aa82,live_2026,TAOX,2026-03-31,SYNERGIES,0,0,True,True,True,29,219884
59ca001a1dbc1a05b9c455c0,live_2026,TE,2026-03-31,,0,0,False,False,True,28,219993
39536544bc0391c164dd6417,live_2026,TMC,2026-03-31,METALS,38,0,True,True,False,49,220310
1adbd82044f93b28954e2873,live_2026,TONX,2026-03-31,,0,0,True,False,True,32,219941
1bbae507864a23e7412cec9f,live_2026,TRNR,2026-03-31,,0,0,True,True,True,3,220045
ceae29998a56892fefc1e742,live_2026,VELO,2026-03-31,VELO3D,25,0,False,True,True,12,220041
d113ad7a344b2f7d3f91cac8,live_2026,VENU,2026-03-31,VENU,0,0,True,False,True,647,222575
26e5134c761d49013569d555,live_2026,VNRX,2026-03-31,VOLITIONRX,0,0,True,True,True,39,199415
95ace3df3b51f55f69cc57d8,live_2026,VTAK,2026-03-31,,0,0,True,True,True,25,219697
094022c4a8c94e3cd4c74aa6,live_2026,XXI,2026-03-31,,0,0,True,True,True,172,218340
12432e43a815104d00db723c,live_2026,AZ,2026-04-01,CUST2MATE SOLUTIONS,71,0,False,False,False,23,219822
b5dabf5b7d73e43899adadc3,live_2026,FRMM,2026-04-01,MARKETS,28,0,True,True,True,13,220027
bbb0d27466912624b3dfed81,live_2026,ISPC,2026-04-01,ISPECIMEN,0,0,True,True,True,80,219960
a02ba4aeab507362b8e326ca,live_2026,KIDZ,2026-04-01,CLASSOVER,0,0,True,True,True,45,219735
8a779df0604ac5c240e99837,live_2026,LGO,2026-04-01,,0,0,True,False,False,6,19806
faef910991ac458c8338acbc,live_2026,RENX,2026-04-01,RENX ENTERPRISES,1,0,True,True,True,14,220031
c308178a3c0e9f73c20ccd31,live_2026,RH,2026-04-01,,0,0,False,True,True,109,205706
1147b8596d6409046aaf5ee5,live_2026,SIDU,2026-04-01,SIDUS,10,0,True,False,True,35,188925
319b907963e0cb42007339ec,live_2026,TOPS,2026-04-01,SHIPS,6,0,False,True,False,9,220036
044571f6e3b570e7b358b957,live_2026,CHPT,2026-04-02,CHARGEPOINT,0,0,True,True,True,969,217067
ab02be38fa20170c6e6ed56e,live_2026,FDS,2026-04-02,FACTSET,12,0,True,True,True,21,179875
2b046f609b338e647568be8c,live_2026,NAMM,2026-04-02,NAMIB MINERALS,12,0,True,False,False,25,219934
154c82b50d9b72967ba31061,live_2026,RIME,2026-04-02,ALGORHYTHM,0,0,False,False,True,132,218475
eee8f79e21b757f4da8fa941,live_2026,CNXC,2026-04-03,CONCENTRIX,0,0,True,True,True,62,135652
feda449a5b119f800236de9c,live_2026,NBP,2026-04-07,NOVABRIDGE BIOSCIENCES,19,0,True,True,False,8,220010
15daf62064bc9d7eb85fc832,live_2026,NNNN,2026-04-07,ANBIO BIOTECHNOLOGY,63,0,True,True,False,39,198279
14a1ec1622653a81db5a5b55,live_2026,SUPV,2026-04-08,GRUPO SUPERVIELLE,87,0,True,True,False,11,219965
013dc83e7f747c7390797581,live_2026,BULL,2026-04-09,WEBULL,408,0,False,True,False,15,220027
4611c853d922bfc1330bcc27,live_2026,ASPI,2026-04-10,ISOTOPES,103,0,True,True,True,22,219965
8f7e7a2de197ad78cfcf720a,live_2026,CSIQ,2026-04-10,,0,0,True,True,False,72,219503
ed1afb87486ec077a5559d2d,live_2026,LI,2026-04-10,,0,0,False,True,False,52,220097
dc3241660909dacfa529eea3,live_2026,QNCX,2026-04-10,,0,0,True,True,True,17,219803
02a3b78665be1c00bf9c6241,live_2026,RBNE,2026-04-10,,0,0,True,True,False,4,220042
4830f7f48450408be0dd4bfd,live_2026,ATPC,2026-04-13,,0,0,True,False,True,89,210934
726bd2883da41590fab6522c,live_2026,DTCX,2026-04-13,DATACENTREX,0,0,True,False,True,46,219962
f6165d1229866e75cf5abb09,live_2026,GOGO,2026-04-14,BUYERS,0,0,False,False,True,13,58387
d0179b6492f94a1fc757e0a9,live_2026,IPST,2026-04-14,,0,0,True,True,True,6,220038
14919ac8601f4537f8e26da1,live_2026,SPWR,2026-04-14,SUNPOWER,0,0,True,True,True,41,220058
c854fab2f4c7ee8862823885,live_2026,ARAI,2026-04-15,,0,0,True,False,True,39,219976
f00b53ccc8f2ae6ced1aac33,live_2026,DBGI,2026-04-15,BRANDS,39,0,True,False,True,153,218563
4aeb90ce19c7cf86af879f91,live_2026,FEED,2026-04-15,ENVUE,155,0,False,False,True,21,219969
ea079b657f5a2b39acda7918,live_2026,GRRR,2026-04-15,,0,0,True,True,False,16,219826
8b1230ef71131acd9f935d49,live_2026,HCTI,2026-04-15,HEALTHCARE,52,0,True,True,True,82,205298
00ad8df031d3fdfd93a0a473,live_2026,KALA,2026-04-15,,0,0,False,True,True,11,220077
2ef426b402d38a73b121d738,live_2026,KITT,2026-04-15,NAUTICUS ROBOTICS,51,0,True,True,True,49,219526
d08c9f53c3dc07b18660ccd5,live_2026,KMX,2026-04-15,CARMAX,110,0,True,True,True,3,178774
72f2d4194cfa8fa26a14d2d2,live_2026,PFSA,2026-04-15,PROFUSA,0,0,True,True,True,107,220133
5e5f0ce44168019b6d322edf,live_2026,POLA,2026-04-15,,0,0,True,False,True,34,209946
8b528b16aa22b113d18d86e5,live_2026,QCLS,2026-04-15,,0,0,True,False,True,9,220011
5409b2e46cc1329662baaebd,live_2026,SBEV,2026-04-15,,0,0,True,True,True,34,187798
693061715059435ded752da1,live_2026,VERI,2026-04-15,VERITONE,0,0,False,True,True,63,220001
b5baa921fd2793c78b16f08a,live_2026,XTIA,2026-04-15,AEROSPACE,9,0,True,True,True,30,219822
0d6afcf7fe87b0a37ffd9fc5,live_2026,BBW,2026-04-16,BUILD-A-BEAR,20,0,True,True,True,42,166503
3b8ca24825ef955208fdbf4c,live_2026,DOMO,2026-04-16,DOMO,0,0,True,False,True,38,220151
5dabf7c194dcc3d5969c8030,live_2026,NIU,2026-04-17,,0,0,True,True,False,59,219996
02954d2bb219405447138325,live_2026,PSNY,2026-04-17,,0,0,True,True,False,10,219895
e0ec0a0a4eca091dafa454a2,live_2026,SE,2026-04-17,,0,0,False,True,False,4,220089
be59dc093371fdf65eb809fb,live_2026,TME,2026-04-17,TENCENT,115,0,True,True,False,25,219776
1c30ef3dbca6252ace196f30,live_2026,WNW,2026-04-17,MEIWU,46,0,True,False,False,15,219969
2ce31e47217a8c0cff92b8b2,live_2026,BMI,2026-04-20,,0,0,True,True,True,16,57388
91f80c99adb6eb11635a74dd,live_2026,ELPW,2026-04-20,ELONG,275,0,True,False,False,21,220037
6399f78ba3bad2233d20fc98,live_2026,LASE,2026-04-20,PHOTONICS,3,0,True,False,True,21,211135
374d2b0621d9461ea0667fd9,live_2026,MIND,2026-04-20,,0,0,False,True,True,33,184764
9f3a1303ea1bf2bf51fb94d7,live_2026,YYGH,2026-04-21,,0,0,True,False,False,5,220085
8803ed46bf8b509be3e3d5aa,live_2026,PONY,2026-04-22,,0,0,False,True,False,87,220301
957cf8b01bfebb1300044afb,live_2026,SY,2026-04-23,SO-YOUNG,42,0,False,True,False,18,219798
b6c84f4e19de543de692f6a5,live_2026,BDMD,2026-04-24,BAIRD,84,0,True,True,False,12,219973
1e2c5b78a2318b1ee461fc08,live_2026,HKIT,2026-04-24,HITEK,110,0,True,False,False,10,220045
da20cff5e7b96ec668af52ae,live_2026,MNSO,2026-04-24,MINISO,45,0,True,True,False,2,220073
464dbfbe0cc7f40353de1391,live_2026,TIGR,2026-04-24,FINTECH,7,0,True,True,False,11,220055
2e8e7f1c2adf9c967a993ca8,live_2026,ZEPP,2026-04-24,ZEPP,0,0,True,True,False,41,220002
9aaa16a64b24d9042a03384e,live_2026,ARE,2026-04-27,ALEXANDRIA EQUITIES,30,0,False,True,True,252,216462
41944995a8e27b23a47abea1,live_2026,CUPR,2026-04-27,CUPRINA,60,0,True,False,False,8,220057
5e80b60676bdc61b75750958,live_2026,FULC,2026-04-27,,0,0,True,True,True,14,119583
ed6215f401907682432c35ff,live_2026,QFIN,2026-04-27,QFIN,0,0,True,True,False,23,219902
e1a3844f789b3a9840a716fc,live_2026,YDDL,2026-04-27,,0,0,True,False,False,1,220069
e156e22ffd7d905464c67960,live_2026,EUDA,2026-04-28,EUDA,0,0,True,False,False,184,220506
6995d1be828ae13912d53383,live_2026,FICO,2026-04-28,,0,0,False,True,True,39,109881
4b5f98c5ce0b9363176770b9,live_2026,LZMH,2026-04-28,,0,0,True,True,False,72,219741
4e4a274953d8bf187aa6cea8,live_2026,NEGG,2026-04-28,NEWEGG,75,0,True,True,False,11,219973
5caeb9ae1dc0094d9d347510,live_2026,WVE,2026-04-28,SCIENCES,0,0,True,True,True,94,111700
2237d90ac79f517b50fc0945,live_2026,XNET,2026-04-28,XUNLEI,116,0,True,True,False,3,220071
0aa3adc41bc7ba4c3a0deb76,live_2026,AGIO,2026-04-29,AGIOS,11,0,False,True,True,13,121989
9d03dd621532574697c01142,live_2026,BZ,2026-04-29,KANZHUN,0,0,False,True,False,23,220098
510e2526e9fb1d1ba6ec67d8,live_2026,CHA,2026-04-29,CHAGEE,38,0,False,True,False,5,220056
67aedda9937b371774cada21,live_2026,FINV,2026-04-29,FINVOLUTION,0,0,True,True,False,39,219818
9bb4523b8218400e3b90c828,live_2026,INDO,2026-04-29,INDONESIA,85,0,True,False,False,7,220044
0e5b982540d6568efc3738c8,live_2026,IONR,2026-04-29,IONEER,43,0,True,True,False,21,220059
f9820c3b8f2cb2257df009c1,live_2026,LX,2026-04-29,LEXINFINTECH,0,0,False,True,False,13,219893
2108ceb62dd79c3768910fa5,live_2026,MDXG,2026-04-29,MIMEDX,8,0,True,True,True,13,51356
4ec72fea216a3b24da5d6356,live_2026,PSN,2026-04-29,PARSONS,0,0,True,True,True,59,142969
82fcfa4b2968290ce69971c1,live_2026,RAYA,2026-04-29,ERAYAK,29,0,False,False,False,12,219921
3d426f2f381213e2b2cb7da6,live_2026,SPRC,2026-04-29,SCISPARC,0,0,True,True,False,36,220075
4a3e96408169e05104b2aed8,live_2026,WBUY,2026-04-29,WEBUY,40,0,True,True,False,25,219928
07af4d113ea8f1814f330dd4,live_2026,WING,2026-04-29,WINGSTOP,0,0,False,True,True,27,78584
d68c5b17c2b4f2eb3fd75081,live_2026,YXT,2026-04-29,,0,0,True,True,False,24,220185
7b97a25c2461647288bb3c3e,live_2026,AHMA,2026-04-30,AMBITIONS,22,0,True,True,False,10,173381
1e8a266c0037a2980e80ac5b,live_2026,BIYA,2026-04-30,BAIYA,21,0,True,True,False,6,220022
bd0425c3e95bfc6f88e0b506,live_2026,BLDR,2026-04-30,BUILDERS FIRSTSOURCE,3,0,True,True,True,15,68176
7f64bc07040df16cbe2acd6d,live_2026,BTDR,2026-04-30,BITDEER,15,0,True,True,False,9,219949
2b95928f727a155491c2224a,live_2026,CLMB,2026-04-30,SOLUTIONS,23,0,True,True,True,15,112675
21ff1e8f1db7d6c54149af9f,live_2026,CMG,2026-04-30,CHIPOTLE,25,0,True,True,True,16,64362
2c7cd6a749759f162768a92a,live_2026,CNMD,2026-04-30,CONMED,2,0,True,True,True,14,79414
4715d7b429f48d2ccbf9a178,live_2026,DCX,2026-04-30,,0,0,True,False,False,11,219860
8dc5d440ff482cba57281bb1,live_2026,FND,2026-04-30,DECOR,1,0,True,True,True,22,77043
6a1e145b26d12ec1b3105ec3,live_2026,LU,2026-04-30,LUFAX,11,0,False,True,False,24,219894
1992b763fb2a542e54dc043d,live_2026,NCI,2026-04-30,NEO-CONCEPT,94,0,True,True,False,61,214429
7c5b4468d677395c5ba78253,live_2026,NNOX,2026-04-30,NANO-X IMAGING,85,0,True,True,False,7,220043
48cbe69c4803a90c4da6eded,live_2026,OLED,2026-04-30,,0,0,True,True,True,86,129073
a922b8423e8e7eaa1486d30f,live_2026,PMAX,2026-04-30,POWELL,0,0,True,True,False,31,220021
9b87b646f9e935ef797d5a76,live_2026,PPC,2026-04-30,PILGRIMS,0,0,True,True,True,21,118232
1bb2648fc1916e13a54f3c29,live_2026,PTLE,2026-04-30,,0,0,True,False,False,11,220109
ee9f6556bac7b055d07ded7a,live_2026,RNAC,2026-04-30,,0,0,True,True,True,14,101938
085f445cac165d5f4216d2a1,live_2026,SID,2026-04-30,,0,0,False,False,False,3,220069
47b9514a4b8605355179fb78,live_2026,SOGP,2026-04-30,,0,0,True,False,False,20,219929
d6e9baccf390984b7bb29e71,live_2026,BSX,2026-05-01,,0,0,True,True,True,41,139563
fecb305e34b71c3242323334,live_2026,DFH,2026-05-01,FINDERS HOMES,67,0,True,True,True,33,121997
a106c5c881cf4d16bd35c3b5,live_2026,EBS,2026-05-01,BIOSOLUTIONS,0,0,True,False,True,22,132954
7789f9090cbdb5a687340c18,live_2026,FLGT,2026-05-01,,0,0,True,True,True,13,131337
0015f80983f505056c8a1180,live_2026,INHD,2026-05-01,INNO,21,0,True,False,True,10,218943
8d42e2735f2e845e54a951d6,live_2026,RETO,2026-05-01,RETO ECO-SOLUTIONS,0,0,True,False,False,98,220409
9a7071a882c39ca16f10b9bc,live_2026,SCZM,2026-05-01,SANTACRUZ,0,0,True,False,False,8,33328
ff72e3892be69f3c0bc1782a,live_2026,AFJK,2026-05-04,AIMEI,20,0,True,False,False,14,193501
b70f3eba7e502d40780ddf25,live_2026,NUVB,2026-05-04,NUVATION,0,0,True,True,True,21,170165
d87c24bd9488ededdf0bd85c,live_2026,ONEW,2026-05-04,ONEWATER,84,0,True,True,True,55,195506
ec0a2ea874f01b82aec95a48,live_2026,RAIL,2026-05-04,FREIGHTCAR,5,0,False,True,True,16,68921
e0ac02276d1ddc9d1c863bf6,live_2026,BXC,2026-05-05,BLUELINX,0,0,True,True,True,17,97178
9add4d35f441239d73aeb0f8,live_2026,CARL,2026-05-05,CARLSMED,0,0,False,True,True,18,120418
8b0040b867e5e3e9ccaa61b6,live_2026,CMPX,2026-05-05,,0,0,True,True,True,15,62076
43525b5cdf5d72cf8bb09442,live_2026,HL,2026-05-05,HECLA,87,0,False,True,True,2,157852
d2c88a4b7cad4eda314839f7,live_2026,HRZN,2026-05-05,,0,0,True,True,True,50,180286
139f30a4ebf637de6fd29854,live_2026,IP,2026-05-05,,0,0,False,True,True,30,140445
fd25d5920951f8047b51d495,live_2026,RIGL,2026-05-05,,0,0,True,True,True,12,190246
6265ffe19c9f28c7b822f8dd,live_2026,SGRY,2026-05-05,,0,0,True,True,True,35,81246
7a59dcaf310cc21b1b9c558d,live_2026,VRDN,2026-05-05,,0,0,True,True,True,6,136326
e1c1c142d193df7a99fe88f8,live_2026,W,2026-05-05,RIDGEWOOD,2,0,False,True,True,9,56049
5569e17005ac7e8dfbdc7567,live_2026,ADMA,2026-05-06,ADMA BIOLOGICS,4,0,True,True,True,63,147545
a1ea6470e804a06ec55b9b5b,live_2026,CRK,2026-05-06,COMSTOCK,33,0,True,True,True,29,76786
d58cef6435af01aab1989915,live_2026,CSTL,2026-05-06,BIOSCIENCES,0,0,True,True,True,33,157504
0034691d2e0119334277938d,live_2026,FLNC,2026-05-06,FLUENCE,39,0,True,True,True,118,209524
eefc4ddc2a14e228d39e42fc,live_2026,KTOS,2026-05-06,KRATOS SOLUTIONS,78,0,True,True,True,15,149672
9bd9e2ddd2f69e546825bbcd,live_2026,LEU,2026-05-06,CENTRUS,63,0,False,False,True,140,163071
b5cb9a968732710238b56a37,live_2026,LFCR,2026-05-06,LIFECORE BIOMEDICAL,35,0,True,True,True,2,97431
0185593e80dba63b063cc8a8,live_2026,LYEL,2026-05-06,LYELL IMMUNOPHARMA,1,0,True,True,True,13,167818
aae83fd03c270bf1385202a5,live_2026,PODD,2026-05-06,INSULET,0,0,True,True,True,24,75733
2afa8e7d45d0844901a41a5f,live_2026,QTRX,2026-05-06,QUANTERIX,0,0,True,True,True,33,107699
f4e1f0b8857f971d03636112,live_2026,SVC,2026-05-06,PROPERTIES,130,0,True,True,True,38,155690
14ffb7909a7f4c70bb90a69a,live_2026,TCRX,2026-05-06,TSCAN,2,0,True,True,True,13,158927
202ee7ac69163f8346c5b481,live_2026,UTZ,2026-05-06,BRANDS,11,0,True,True,True,21,102148
8e5209a5cc68b71cc158ba65,live_2026,VRRM,2026-05-06,VERRA,0,0,True,True,True,17,114477
a48c0916bf1e1a226738c031,live_2026,ZG,2026-05-06,ZILLOW,102,0,False,True,True,22,128879
fca09eca06b5ceb45eb1afeb,live_2026,AJG,2026-05-07,GALLAGHER,4,0,True,True,True,15,165011
fdd27d3995f68b3be1c77dae,live_2026,ALDX,2026-05-07,ALDEYRA,1,0,True,True,True,10,158154
6b842594ff21719fc545dfca,live_2026,ALGS,2026-05-07,ALIGOS,11,0,True,True,True,7,165071
1fc06fa8e85f914b437e51fe,live_2026,BYND,2026-05-07,,0,0,True,False,True,60,176736
f7e491499d00683f78e6e490,live_2026,CDLX,2026-05-07,CARDLYTICS,0,0,True,True,True,58,174082
713599e2dffa947273ee2529,live_2026,CELH,2026-05-07,,0,0,True,True,True,59,170985
d867d0cf253eafd859e93ffc,live_2026,CHYM,2026-05-07,,0,0,True,True,True,21,174811
6e5e963ec2baa45a825b4030,live_2026,GPCR,2026-05-07,,0,0,True,True,True,25,153633
c3b12f45d9e9627539ddf39d,live_2026,IMA,2026-05-07,IMAGENEBIO,0,0,False,True,True,14,138867
9718a166cd08691dd9e10bb6,live_2026,LPCN,2026-05-07,LIPOCINE,0,0,True,False,True,192,151961
2a270415cca85f39b7c2504e,live_2026,ORGO,2026-05-07,,0,0,True,True,True,25,91275
758ac2f4fbad6d2cab71ce2f,live_2026,PLNT,2026-05-07,,0,0,True,True,True,51,114143
95345d891c24f37900c72892,live_2026,PRME,2026-05-07,,0,0,True,True,True,18,89295
e26cad04773103a4124c3b4a,live_2026,PSNL,2026-05-07,PERSONALIS,0,0,True,True,True,21,169643
b9354ea6cd9c8e0c55edd91d,live_2026,QSI,2026-05-07,QUANTUM-SI,0,0,True,True,True,27,105370
8b539e1f32f2026adc07f8d0,live_2026,ROCK,2026-05-07,,0,0,False,True,True,26,100179
6471fdfb9c1a841d4014e516,live_2026,SABR,2026-05-07,SABRE,63,0,True,False,True,32,188154
295de0b8892f17bc15ab0932,live_2026,SERV,2026-05-07,ROBOTICS,26,0,True,True,True,2,163538
daf201abf86b327ba59a4cd9,live_2026,SOFI,2026-05-07,SOFI,0,0,True,True,True,169,209570
518907bc726ebfb72c6862f3,live_2026,TASK,2026-05-07,TASKUS,21,0,False,True,True,22,109993
8afb1e53ac203fc442b66539,live_2026,TREX,2026-05-07,TREX,0,0,True,True,True,135,94250
68e6020be55de41c060968c2,live_2026,TSCO,2026-05-07,,0,0,True,True,True,2,64450
d949770f394ff9a6db3878e8,live_2026,TTEC,2026-05-07,TTEC,0,0,True,True,True,110,121656
f9c2176418e42acb3e5ef6a1,live_2026,VEEE,2026-05-07,POWERCATS,0,0,True,True,True,32,145787
1e7d51fc291cc8c3fddbd3ed,live_2026,VYX,2026-05-07,VOYIX,2,0,True,True,True,65,162250
921e5db4adee55b971066370,live_2026,WHR,2026-05-07,,0,0,True,True,True,3,136858
2fdaaae03eaade66941c9285,live_2026,XXII,2026-05-07,,0,0,True,True,True,17,100407
f3cfab05a908ace8871c9e64,live_2026,BAER,2026-05-08,AEROSPACE,0,0,True,True,True,29,204846
3c3eeeeaa1f3424f5c3b2fae,live_2026,BUR,2026-05-08,BURFORD,56,0,False,True,False,76,149982
b42ed4d2dd63bfdf89eefb52,live_2026,CGTX,2026-05-08,,0,0,True,True,True,14,112172
84a06cc629d6990d63563dd5,live_2026,CMCT,2026-05-08,,0,0,True,True,True,43,197742
60e66cfe9b052d4682baaf00,live_2026,JCSE,2026-05-08,CLEANTECH,0,0,True,False,False,32,219961
345ce5cb78fa12f3358a1c70,live_2026,LYFT,2026-05-08,LYFT,0,0,True,False,True,50,179273
d52be5cf0269c08eeb52def0,live_2026,NUS,2026-05-08,ENTERPRISES,0,0,True,True,True,11,95797
0251622d428a1122587385a5,live_2026,OCGN,2026-05-08,OCUGEN,11,0,True,True,True,13,137069
52a56697faf309e82ea67212,live_2026,WLDN,2026-05-08,WILLDAN,0,0,True,True,True,50,139335
dbb4842867df610f5b363ebf,live_2026,AGNT,2026-05-11,,0,0,True,True,True,11,94124
f280fac91c041078ffa8ac58,live_2026,ERAS,2026-05-11,ERASCA,8,0,True,True,True,61,125090
eb9b724ae1df79d09019917a,live_2026,ERNA,2026-05-11,ERNEXA,7,0,True,False,True,26,88315
91df0c6a0fcd18347596106c,live_2026,FLYX,2026-05-11,FLYEXCLUSIVE,0,0,True,True,True,84,180203
1892a051a34ed2a97301f43e,live_2026,FSK,2026-05-11,,0,0,True,True,True,45,219618
d5a21729fbfd0688dee467d2,live_2026,FWRD,2026-05-11,,0,0,True,True,True,30,86294
c184f7724010ff4f8175e17e,live_2026,GPRO,2026-05-11,GOPRO,33,0,True,True,True,53,197347
297099fc63330a678dc774b7,live_2026,SANA,2026-05-11,SANA BIOTECHNOLOGY,8,0,True,True,True,14,216179
d400a9b051510447b2c34528,live_2026,SIBN,2026-05-11,SI-BONE,2,0,True,True,True,22,88995
e28b9a1006572793dd6782da,live_2026,UWMC,2026-05-11,,0,0,True,True,True,23,164944
eb67dc691e5b96c4554d0b1c,live_2026,VSA,2026-05-11,VISIONSYS,2,0,True,False,False,27,220113
e9b43237a45a1c2381ead02b,live_2026,ACM,2026-05-12,AECOM,0,0,True,True,True,57,163691
7e6d1e9c6641966aca2e410b,live_2026,BBOT,2026-05-12,BRIDGEBIO,27,0,True,True,True,398,184196
fea5f8e1ef35344726032a9b,live_2026,BETA,2026-05-12,,0,0,False,True,True,21,68867
d388191ef8a8885b30291786,live_2026,CYCN,2026-05-12,CYCLERION,303,0,True,True,True,9,156419
566706641148b7d1b85b2409,live_2026,JBI,2026-05-12,,0,0,True,True,True,77,148023
7cd798fe5aebb657050a57b5,live_2026,MAZE,2026-05-12,,0,0,False,True,True,13,186088
7278117e58d4db3106302787,live_2026,OMEX,2026-05-12,,0,0,True,True,True,12,179764
93eec20159f09fefcce1c3eb,live_2026,PEPG,2026-05-12,PEPGEN,2,0,True,True,True,10,139931
e6fefbe9f150fbe67b542a4f,live_2026,ROLR,2026-05-12,,0,0,True,False,True,36,130496
0b268f4765e8fa3143ca2d62,live_2026,SST,2026-05-12,SYSTEM1,0,0,True,True,True,69,85875
cd83191f4bdda81b7cf28bc5,live_2026,ASTC,2026-05-13,ASTROTECH,0,0,True,True,True,27,107810
756b73f8c07a018703b2a883,live_2026,BRCB,2026-05-13,,0,0,True,True,True,81,117086
cf0b13de3adee1d335fd25a2,live_2026,DERM,2026-05-13,,0,0,False,True,True,20,85485
c59e66d8c0169bab8dc24adb,live_2026,HCAI,2026-05-13,HUACHEN,77,0,True,True,False,4,219992
7b498358d265b64c83e23275,live_2026,IMDX,2026-05-13,,0,0,True,True,True,326,212613
ed8844051b03e84ee708f943,live_2026,ONCO,2026-05-13,ONCONETIX,0,0,True,True,True,44,179142
febb0b672943c032a8cd4c17,live_2026,SNAL,2026-05-13,,0,0,True,False,True,12,172027
9e57e163035bb90fab5e873f,live_2026,ANNA,2026-05-14,ALEANNA,0,0,False,False,True,69,84594
2f24303884e54c1b614f4ccd,live_2026,ARTL,2026-05-14,ARTELO BIOSCIENCES,0,0,True,True,True,30,119739
db048bf1a1c435dd61decd28,live_2026,CING,2026-05-14,,0,0,True,False,True,22,110925
8f551f58d6d28906db0ef1f1,live_2026,CLDI,2026-05-14,CALIDI BIOTHERAPEUTICS,10,0,True,False,True,18,169509
2504311eadbc3ac1944e6e64,live_2026,CLNN,2026-05-14,CLENE,23,0,True,True,True,21,172015
fa415c1c23e693d062a2b159,live_2026,CLRB,2026-05-14,CELLECTAR BIOSCIENCES,5,0,True,True,True,16,131811
38537820cf9d9eca5813cd53,live_2026,CNSP,2026-05-14,,0,0,True,True,True,18,56376
c0ba4e5317327340bb08abc9,live_2026,CTNT,2026-05-14,,0,0,True,True,True,16,167656
0e4cb64ca5e5bd1f2c3cfdb0,live_2026,CYPH,2026-05-14,CYPHERPUNK,7,0,True,True,True,22,103656
1363a915d1c09b6e36c5730c,live_2026,EGAN,2026-05-14,EGAIN,19,0,True,True,True,16,206119
a569ba6d7b6050a4055965da,live_2026,EYE,2026-05-14,,0,0,False,True,True,31,111172
6dc0544de002046a0c907424,live_2026,FBYD,2026-05-14,FALCON'S,20,0,True,True,True,2,119120
18940c6df791e1c5000a5bb1,live_2026,FCUV,2026-05-14,,0,0,True,True,True,26,97784
a19b9c60b96b5566e9a69d27,live_2026,KRMN,2026-05-14,KARMAN,15,0,True,True,True,17,112104
cfdcc9f209bfb8c646c638b0,live_2026,KROS,2026-05-14,KEROS,2,0,True,True,True,10,153661
5c0bee95283ee5d3b0e88189,live_2026,LNZA,2026-05-14,LANZATECH,46,0,True,False,True,68,182661
be22261321a33867bf36143e,live_2026,NIQ,2026-05-14,,0,0,True,True,False,77,143535
63c5a973785a0bc7dba08453,live_2026,OCG,2026-05-14,,0,0,True,True,False,29,219763
db59c310117829f5d9491c9d,live_2026,PAL,2026-05-14,,0,0,False,True,True,21,125198
2e6734202cbda558d39c36a3,live_2026,PBH,2026-05-14,HEALTHCARE,35,0,True,True,True,25,195300
f496bd1925dbcf77930157b4,live_2026,POM,2026-05-14,POMDOCTOR,0,0,False,False,False,8,220075
5fb24cfd9a466c148e488d4d,live_2026,PYXS,2026-05-14,,0,0,True,True,True,14,126300
cf6db76f3471c640a05a8875,live_2026,SILO,2026-05-14,PHARMA,6,0,False,True,True,41,167804
2bdd074aaf4e5fc8df2f867c,live_2026,STUB,2026-05-14,STUBHUB,0,0,False,False,True,40,152024
4f0acc4379609cef0010f17f,live_2026,TRAK,2026-05-14,REPOSITRAK,0,0,True,True,True,28,100059
d877ed0a44171013719bb47d,live_2026,ULH,2026-05-14,,0,0,True,False,True,22,81751
47805d9105b8b5e4550edf96,live_2026,UONE,2026-05-14,,0,0,True,True,True,24,134977
7badf10bb1a7b59df06bdf50,live_2026,WWW,2026-05-14,,0,0,True,True,True,2,89656
287ff0f19242d007f8f84ba2,live_2026,ADVB,2026-05-15,BIOMED,0,0,True,True,True,66,153396
ee7d419f0f6f00431ea3debf,live_2026,AGPU,2026-05-15,,0,0,True,True,True,13,115519
6c22915b9ce426346e737181,live_2026,AIXI,2026-05-15,XIAO-I,128,0,True,True,False,10,220049
aee4f2bafa063b5de95b6fa2,live_2026,AMZE,2026-05-15,,0,0,True,False,True,10,157975
81beb7da9f6d1150f60460c6,live_2026,ANVS,2026-05-15,ANNOVIS,7,0,True,False,True,17,96301
039de1dd3e32fee9a83d1736,live_2026,ASBP,2026-05-15,BIOPHARMA,0,0,True,False,True,68,207583
2c8ed83eda6285915ea1e00f,live_2026,ATER,2026-05-15,,0,0,True,True,True,49,166278
44eb38cf29f998c1f038a7e1,live_2026,BEEM,2026-05-15,,0,0,True,True,True,16,101864
b5fc127fa8171955aab41e05,live_2026,BIRD,2026-05-15,ALLBIRDS,0,0,False,False,True,53,204692
4593b7acbf1b1702f1b28a5e,live_2026,BNAI,2026-05-15,,0,0,True,False,True,24,109910
521f3150cfea19d05793759b,live_2026,DRCT,2026-05-15,,0,0,True,True,True,41,183502
05b7821bb37e26569c1ec23b,live_2026,EDBL,2026-05-15,,0,0,True,True,True,11,104694
5b11240884ef5d6bbcee973a,live_2026,EH,2026-05-15,EHANG,52,0,False,True,False,2,220077
23b7726b313c158fe52a2dd2,live_2026,FGI,2026-05-15,,0,0,True,True,True,88,115889
a61e69dec3e811f093f1b0cf,live_2026,FUSE,2026-05-15,FUSEMACHINES,0,0,False,False,True,136,172790
a484eef1d44e88dcd28f18c5,live_2026,G,2026-05-15,,0,0,False,True,True,31,74267
87fec48b4c162e9f16534221,live_2026,GNLN,2026-05-15,GREENLANE,0,0,True,False,True,51,125861
59a2678c4570503ac7470bd9,live_2026,ISSC,2026-05-15,SOLUTIONS,19,0,True,True,True,1,159758
e9d656f9604bad3393fee6cf,live_2026,LIMN,2026-05-15,LIMINATUS PHARMA,48,0,False,True,True,20,115307
35e6e02e86f3ce0f977a183b,live_2026,LNAI,2026-05-15,LUNAI BIOWORKS,20,0,True,True,True,33,155107
0cfcabd837c2968e9683bf98,live_2026,LOCL,2026-05-15,BOUNTI,104,0,True,True,True,2,100678
d7ed5ae15f944117a333e5b2,live_2026,MYSE,2026-05-15,MYSEUM,36,0,True,True,True,36,130661
23fb686a062ca07829ea40bc,live_2026,NEOV,2026-05-15,NEOVOLTA,0,0,True,True,True,34,94712
802c31e3cebb3903c411f166,live_2026,RNTX,2026-05-15,,0,0,True,True,True,13,136026
7f7c9c6440c19ccb61e76b47,live_2026,SDOT,2026-05-15,SADOT,80,0,True,True,True,46,218625
4f862ee82c0fb97c214e2987,live_2026,SHPH,2026-05-15,,0,0,True,False,True,14,137705
83ab3f5bb06738239c6e52c9,live_2026,SLNH,2026-05-15,SOLUNA,60,0,True,True,True,21,162087
9e6a0dfb578db372e0955838,live_2026,SQFT,2026-05-15,,0,0,True,True,True,23,160890
fc589d3731c5826dda6327bd,live_2026,TRAW,2026-05-15,TRAWS PHARMA,1,0,True,True,True,18,107345
7dcd56bc94bc72e80fe8fe15,live_2026,TURB,2026-05-15,,0,0,False,True,False,20,219897
16932acb635655ad808e2e7d,live_2026,UAVS,2026-05-15,AGEAGLE,38,0,True,True,True,28,119508
b4ac41f23070fa62a20b3d45,live_2026,UCAR,2026-05-15,,0,0,True,False,False,2,220073
65064a9ac98e0987ab12324b,live_2026,ZSQR,2026-05-15,,0,0,True,False,True,85,202412
3f863756da167c431c8cf4dd,live_2026,BTBD,2026-05-18,BRANDS,0,0,True,True,True,30,80941
2577b4e9d694f9e60242a727,live_2026,FATN,2026-05-18,FATPIPE,73,0,True,False,True,5,168003
993163b70abdc35a2c6f3e9f,live_2026,ALOY,2026-05-20,REALLOYS,0,0,True,True,True,98,136080
49f6d64e19add2511cf30c5b,live_2026,AREC,2026-05-20,,0,0,True,True,True,30,206318
5e3f738ae8afe9b8cb3f5857,live_2026,IQST,2026-05-20,IQSTEL,5,0,True,True,True,20,102336
741814eac8c446f58e083942,live_2026,SOWG,2026-05-20,,0,0,True,True,True,72,147379
c4e979acd12aef6589b6f70e,live_2026,VIVK,2026-05-20,VIVAKOR,0,0,True,True,True,65,126896
8ce51bf9aa020ca4846effbd,live_2026,AGYS,2026-05-21,AGILYSYS,0,0,True,True,True,41,174665
649a47f918f36c656f1e0389,live_2026,HLNE,2026-05-21,,0,0,True,True,True,54,219694
e5f9b04b419126bdb489c57c,live_2026,TREX,2026-05-26,T-REX,6,0,True,True,True,15,134020
08fae84dfb24604ac860e32b,live_2026,BBWI,2026-05-27,,0,0,True,True,True,14,81230
2aadbd5a152e87eba92755bc,live_2026,ICLR,2026-05-27,,0,0,True,True,False,37,220077
67ad5eb2e8d9f36da9ee714c,live_2026,BETR,2026-06-01,BETTERLIFE PHARMA,18,0,True,True,False,19,119451
72a4c42450423581e92bc9cc,live_2026,YEXT,2026-06-02,YEXT,0,0,True,True,True,16,158276
897f16c2a92739201d6c7b03,live_2026,NG,2026-06-03,,0,0,False,True,False,114,219454
06f21e28a755477ca7031327,live_2026,OLLI,2026-06-03,OLLIE'S,0,0,True,True,True,1,87121
320ddf8c6e282f2bb60f4b31,live_2026,CXM,2026-06-04,SPRINKLR,0,0,True,True,True,103,175849
5161083ff8d831c94897fa65,live_2026,LRHC,2026-06-04,,0,0,True,True,True,11,219983
b0e27e28f347248a5d7f9d43,live_2026,ANF,2026-06-05,ABERCROMBIE,60,0,True,True,True,2,120360
0fb466e496d94327253d40e7,live_2026,GWRE,2026-06-05,GUIDEWIRE,4,0,True,True,True,13,219047
aa5bf3d110021a7dff37a9df,live_2026,VEEV,2026-06-05,VEEVA,60,0,True,True,True,73,209224
c500ac4a139d2c50120d5ee4,live_2026,CMCO,2026-06-08,COLUMBUS MCKINNON,0,0,True,True,True,58,219444
f149e765b1825ea76b35f921,live_2026,AKAN,2026-06-09,AKANDA,136,0,False,True,False,9,220061
54cb4e41244151457a1f65ae,live_2026,LAKE,2026-06-09,,0,0,False,True,True,23,106721
73a45c3c71bfe8635a39f65b,live_2026,LE,2026-06-09,LANDS',0,0,False,True,True,12,132474
8aa75a19e07ff3b4f4e09861,live_2026,AEMD,2026-06-10,AETHLON,6,0,True,False,True,28,219913
7fa750ea47f36c2871243a69,live_2026,ACB,2026-06-11,,0,0,True,False,False,8,28182
3e5805ea435269ef26c6a7d6,live_2026,PLAB,2026-06-11,PHOTRONICS,0,0,True,True,True,58,99017
ad9b9b44e5b94353ab595ee2,live_2026,PLCE,2026-06-12,CHILDRENS,0,0,True,True,True,2,136810
814c85530a92625089c2da9a,live_2026,ENGN,2026-06-15,ENGENE,19,0,True,True,False,34,145245
dfdc1290f8bba8e3b7439e24,live_2026,INFY,2026-06-15,INFOSYS,0,0,True,True,False,56,220127
2698fa77dd5dfa05bd3b2d76,live_2026,NKLR,2026-06-16,TERRA INNOVATUM,245,0,True,True,False,38,219444
98e195f809158bbf770b30c7,live_2026,ACN,2026-06-18,ACCENTURE,0,0,True,True,True,118,111018
180f7226652195585b3ebc1a,live_2026,IHT,2026-06-22,INNSUITES,16,0,True,False,True,78,145585
7c53b89e795813f4fb6ea9bc,live_2026,NG,2026-06-24,NOVAGOLD,41,0,False,True,False,23,90383
cd3afed9f6baeda8acb1e946,live_2026,WGO,2026-06-25,,0,0,True,True,True,17,92660
2187a2790c9ff13bbe73a7f3,live_2026,OLOX,2026-06-30,OLENOX,15,0,True,True,True,15,219996
