Mean data for USA  Province= 44: Texas,  from 1982 to 2025, weekly; version='GC_current'<br>for   area with 'WHEA' <br>
year,week, SMN,SMT,VCI,TCI, VHI<br>
<tt><pre>1982, 1, 0.204,288.46, 59.02, 50.24, 54.63,
1982, 2, 0.198,288.64, 56.48, 53.27, 54.88,
1982, 3, 0.191,288.87, 52.94, 57.65, 55.29,
1982, 4, 0.186,289.34, 49.39, 61.42, 55.41,
1982, 5, 0.185,290.25, 47.79, 61.24, 54.52,
1982, 6, 0.186,291.32, 46.41, 60.14, 53.27,
1982, 7, 0.189,292.79, 45.25, 57.26, 51.26,
1982, 8, 0.196,294.33, 44.34, 55.81, 50.07,
1982, 9, 0.202,295.64, 42.74, 56.42, 49.58,
1982,10, 0.210,296.71, 41.53, 58.07, 49.80,
1982,11, 0.219,297.17, 39.86, 64.26, 52.06,
1982,12, 0.231,297.72, 39.79, 68.09, 53.94,
1982,13, 0.244,298.79, 40.93, 67.43, 54.18,
1982,14, 0.255,299.55, 40.39, 68.63, 54.51,
1982,15, 0.264,299.90, 37.26, 72.69, 54.98,
1982,16, 0.272,300.12, 37.21, 76.12, 56.67,
1982,17, 0.279,300.40, 38.32, 78.62, 58.47,
1982,18, 0.285,300.60, 40.44, 80.06, 60.25,
1982,19, 0.291,300.67, 43.75, 81.35, 62.55,
1982,20, 0.297,301.13, 48.46, 79.50, 63.98,
1982,21, 0.302,301.72, 51.73, 77.88, 64.80,
1982,22, 0.302,301.88, 53.20, 79.93, 66.57,
1982,23, 0.300,301.95, 53.37, 81.86, 67.61,
1982,24, 0.299,302.04, 54.16, 82.19, 68.17,
1982,25, 0.301,302.28, 56.53, 82.02, 69.27,
1982,26, 0.302,302.74, 58.84, 80.75, 69.79,
1982,27, 0.302,303.24, 61.15, 77.69, 69.42,
1982,28, 0.300,303.82, 62.69, 74.29, 68.49,
1982,29, 0.296,304.30, 63.08, 72.09, 67.58,
1982,30, 0.288,304.50, 60.56, 71.17, 65.87,
1982,31, 0.279,304.51, 57.13, 70.93, 64.03,
1982,32, 0.271,304.69, 53.94, 67.98, 60.96,
1982,33, 0.264,304.89, 50.38, 64.53, 57.46,
1982,34, 0.259,304.91, 48.35, 60.66, 54.50,
1982,35, 0.255,304.88, 46.96, 56.53, 51.74,
1982,36, 0.250,304.73, 44.28, 53.05, 48.67,
1982,37, 0.246,304.24, 41.24, 51.04, 46.14,
1982,38, 0.240,303.51, 37.55, 48.80, 43.18,
1982,39, 0.234,302.49, 34.34, 47.03, 40.69,
1982,40, 0.231,301.61, 32.73, 43.57, 38.15,
1982,41, 0.227,300.69, 30.76, 40.30, 35.53,
1982,42, 0.223,299.41, 28.19, 40.84, 34.51,
1982,43, 0.218,297.98, 26.11, 42.46, 34.29,
1982,44, 0.210,296.54, 24.26, 42.81, 33.54,
1982,45, 0.201,295.06, 22.56, 42.63, 32.60,
1982,46, 0.191,293.27, 20.36, 45.98, 33.17,
1982,47, 0.185,291.82, 20.70, 44.82, 32.76,
1982,48, 0.181,290.53, 22.26, 43.57, 32.92,
1982,49, 0.177,289.41, 23.21, 44.61, 33.91,
1982,50, 0.172,288.27, 25.40, 48.63, 37.02,
1982,51, 0.167,287.54, 25.53, 52.90, 39.22,
1982,52, 0.162,287.23, 25.29, 55.14, 40.22,
1983, 1, 0.159,287.33, 19.42, 60.42, 39.92,
1983, 2, 0.155,287.27, 18.08, 64.71, 41.40,
1983, 3, 0.154,287.38, 18.06, 68.91, 43.49,
1983, 4, 0.155,287.90, 17.92, 71.83, 44.87,
1983, 5, 0.155,288.71, 17.74, 72.49, 45.11,
1983, 6, 0.159,289.74, 18.67, 72.03, 45.35,
1983, 7, 0.165,291.09, 19.23, 71.49, 45.36,
1983, 8, 0.174,292.70, 19.77, 70.30, 45.03,
1983, 9, 0.186,294.07, 21.87, 71.03, 46.45,
1983,10, 0.199,294.92, 24.41, 75.10, 49.75,
1983,11, 0.214,295.72, 27.68, 77.90, 52.79,
1983,12, 0.228,296.54, 30.67, 78.73, 54.70,
1983,13, 0.243,297.62, 33.86, 77.63, 55.74,
1983,14, 0.259,298.89, 37.89, 73.75, 55.82,
1983,15, 0.273,300.35, 39.34, 66.75, 53.04,
1983,16, 0.286,301.50, 42.86, 61.29, 52.07,
1983,17, 0.294,302.42, 45.66, 58.18, 51.92,
1983,18, 0.298,303.09, 47.10, 56.58, 51.84,
1983,19, 0.299,303.58, 48.46, 55.73, 52.09,
1983,20, 0.298,303.75, 48.86, 57.63, 53.25,
1983,21, 0.296,303.65, 48.28, 62.59, 55.44,
1983,22, 0.294,303.83, 48.50, 65.68, 57.09,
1983,23, 0.292,304.28, 49.05, 65.75, 57.40,
1983,24, 0.287,304.52, 48.28, 65.86, 57.07,
1983,25, 0.280,304.68, 46.12, 66.25, 56.19,
1983,26, 0.273,305.16, 44.09, 63.93, 54.01,
1983,27, 0.266,305.42, 42.67, 61.72, 52.19,
1983,28, 0.257,305.58, 40.97, 60.85, 50.91,
1983,29, 0.248,305.44, 38.50, 62.85, 50.68,
1983,30, 0.240,305.18, 35.87, 65.38, 50.62,
1983,31, 0.234,305.28, 34.17, 64.37, 49.27,
1983,32, 0.228,305.34, 31.86, 62.61, 47.23,
1983,33, 0.222,305.39, 29.36, 60.57, 44.96,
1983,34, 0.219,305.39, 27.56, 56.68, 42.12,
1983,35, 0.215,305.05, 25.71, 55.00, 40.36,
1983,36, 0.212,304.60, 23.76, 53.77, 38.77,
1983,37, 0.206,303.55, 19.83, 56.48, 38.15,
1983,38, 0.201,302.37, 16.79, 58.75, 37.77,
1983,39, 0.203,301.33, 17.13, 58.08, 37.61,
1983,40, 0.204,299.98, 17.58, 60.92, 39.25,
1983,41, 0.205,298.31, 17.82, 67.53, 42.68,
1983,42, 0.206,296.80, 18.07, 70.88, 44.47,
1983,43, 0.208,295.34, 20.14, 73.16, 46.65,
1983,44, 0.208,293.29, 22.56, 81.31, 51.94,
1983,45, 0.205,291.27, 24.19, 85.22, 54.70,
1983,46, 0.203,290.26, 27.18, 78.92, 53.05,
1983,47, 0.202,288.91, 30.85, 76.41, 53.63,
1983,48, 0.195,287.25, 31.11, 78.41, 54.76,
1983,49, 0.186,285.94, 29.62, 81.86, 55.74,
1983,50, 0.176,285.11, 29.98, 84.86, 57.42,
1983,51, 0.170,284.52, 29.52, 85.41, 57.47,
1983,52, 0.167,284.02, 30.80, 88.11, 59.46,
1984, 1, 0.163,284.02, 25.79, 93.14, 59.47,
1984, 2, 0.162,284.75, 27.70, 90.82, 59.26,
1984, 3, 0.165,286.35, 31.74, 82.00, 56.87,
1984, 4, 0.168,288.10, 34.35, 73.33, 53.84,
1984, 5, 0.169,288.91, 34.98, 74.47, 54.72,
1984, 6, 0.171,289.82, 35.65, 75.04, 55.34,
1984, 7, 0.177,291.31, 36.84, 72.52, 54.68,
1984, 8, 0.185,292.57, 36.98, 74.02, 55.50,
1984, 9, 0.192,293.58, 35.36, 77.29, 56.32,
1984,10, 0.200,295.01, 34.34, 74.90, 54.62,
1984,11, 0.212,296.42, 34.34, 71.45, 52.90,
1984,12, 0.225,297.49, 35.41, 69.69, 52.55,
1984,13, 0.238,298.60, 35.92, 68.01, 51.97,
1984,14, 0.248,299.83, 35.78, 64.91, 50.34,
1984,15, 0.259,300.99, 35.09, 61.15, 48.12,
1984,16, 0.267,302.40, 35.64, 53.30, 44.47,
1984,17, 0.269,303.79, 34.42, 46.34, 40.38,
1984,18, 0.271,304.90, 34.02, 41.48, 37.75,
1984,19, 0.271,305.47, 34.24, 40.45, 37.34,
1984,20, 0.269,305.63, 33.88, 42.67, 38.27,
1984,21, 0.266,305.80, 33.09, 45.75, 39.42,
1984,22, 0.261,305.90, 31.88, 49.87, 40.87,
1984,23, 0.255,305.95, 30.55, 53.08, 41.81,
1984,24, 0.249,306.10, 29.34, 54.06, 41.70,
1984,25, 0.245,306.24, 29.13, 54.46, 41.80,
1984,26, 0.242,306.55, 29.44, 53.09, 41.26,
1984,27, 0.238,306.82, 30.03, 50.97, 40.50,
1984,28, 0.235,306.76, 30.33, 51.93, 41.13,
1984,29, 0.231,306.56, 30.24, 54.03, 42.14,
1984,30, 0.227,306.19, 29.32, 56.78, 43.05,
1984,31, 0.226,305.91, 29.60, 58.27, 43.94,
1984,32, 0.227,305.38, 30.56, 61.36, 45.96,
1984,33, 0.230,304.91, 32.52, 63.86, 48.19,
1984,34, 0.235,304.73, 35.37, 61.69, 48.53,
1984,35, 0.238,304.46, 37.27, 59.75, 48.51,
1984,36, 0.237,303.81, 36.38, 60.79, 48.59,
1984,37, 0.234,303.02, 34.56, 61.48, 48.02,
1984,38, 0.231,302.18, 32.84, 60.89, 46.86,
1984,39, 0.228,300.99, 31.07, 61.72, 46.40,
1984,40, 0.227,299.53, 30.53, 65.58, 48.05,
1984,41, 0.229,298.05, 31.94, 69.21, 50.58,
1984,42, 0.238,297.10, 36.68, 66.08, 51.38,
1984,43, 0.247,296.33, 43.64, 60.52, 52.08,
1984,44, 0.253,295.48, 50.37, 53.99, 52.18,
1984,45, 0.254,294.35, 55.45, 49.03, 52.24,
1984,46, 0.255,293.22, 60.70, 45.64, 53.17,
1984,47, 0.254,291.85, 65.03, 44.09, 54.56,
1984,48, 0.253,290.61, 68.26, 41.99, 55.12,
1984,49, 0.257,290.20, 73.30, 36.13, 54.72,
1984,50,-1.000, -1.00, -1.00, -1.00, -1.00,
1984,51,-1.000, -1.00, -1.00, -1.00, -1.00,
1984,52,-1.000, -1.00, -1.00, -1.00, -1.00,
1985, 1,-1.000, -1.00, -1.00, -1.00, -1.00,
1985, 2,-1.000, -1.00, -1.00, -1.00, -1.00,
1985, 3,-1.000, -1.00, -1.00, -1.00, -1.00,
1985, 4,-1.000, -1.00, -1.00, -1.00, -1.00,
1985, 5,-1.000, -1.00, -1.00, -1.00, -1.00,
1985, 6,-1.000, -1.00, -1.00, -1.00, -1.00,
1985, 7,-1.000, -1.00, -1.00, -1.00, -1.00,
1985, 8,-1.000, -1.00, -1.00, -1.00, -1.00,
1985, 9, 0.263,296.26, 75.11, 50.50, 62.80,
1985,10, 0.267,296.73, 72.32, 57.32, 64.82,
1985,11, 0.284,297.60, 74.82, 59.55, 67.19,
1985,12, 0.304,298.82, 78.23, 56.36, 67.29,
1985,13, 0.323,300.21, 80.78, 51.62, 66.20,
1985,14, 0.339,301.58, 82.98, 46.49, 64.74,
1985,15, 0.351,302.78, 83.92, 42.26, 63.09,
1985,16, 0.357,303.73, 83.73, 39.30, 61.51,
1985,17, 0.358,304.20, 82.63, 41.34, 61.99,
1985,18, 0.356,304.59, 81.24, 42.82, 62.03,
1985,19, 0.351,305.05, 78.98, 42.85, 60.91,
1985,20, 0.343,305.58, 75.25, 42.51, 58.88,
1985,21, 0.333,306.06, 70.09, 43.46, 56.78,
1985,22, 0.323,306.27, 65.53, 46.84, 56.18,
1985,23, 0.315,306.56, 62.44, 48.27, 55.35,
1985,24, 0.309,307.08, 60.30, 46.66, 53.48,
1985,25, 0.302,307.52, 57.77, 45.17, 51.47,
1985,26, 0.296,307.78, 56.14, 44.01, 50.08,
1985,27, 0.289,307.99, 54.74, 41.86, 48.30,
1985,28, 0.282,308.48, 53.54, 38.39, 45.96,
1985,29, 0.274,308.63, 51.69, 37.27, 44.48,
1985,30, 0.267,308.16, 49.58, 40.38, 44.98,
1985,31, 0.263,307.81, 48.51, 41.87, 45.19,
1985,32, 0.261,307.81, 48.47, 39.99, 44.23,
1985,33, 0.256,307.69, 46.42, 39.38, 42.90,
1985,34, 0.249,307.05, 42.65, 41.07, 41.86,
1985,35, 0.243,305.77, 39.81, 47.90, 43.85,
1985,36, 0.244,304.35, 40.74, 55.85, 48.29,
1985,37, 0.248,302.66, 42.29, 65.30, 53.80,
1985,38, 0.252,300.87, 44.01, 74.41, 59.21,
1985,39, 0.255,299.05, 45.04, 82.85, 63.95,
1985,40, 0.258,297.61, 46.70, 87.95, 67.32,
1985,41, 0.260,296.59, 49.26, 87.56, 68.41,
1985,42, 0.263,295.59, 51.24, 84.82, 68.03,
1985,43, 0.263,294.35, 53.54, 84.94, 69.24,
1985,44, 0.263,293.18, 56.72, 82.66, 69.69,
1985,45, 0.260,292.20, 59.35, 75.02, 67.19,
1985,46, 0.252,290.78, 58.98, 73.92, 66.45,
1985,47, 0.241,289.66, 56.65, 69.56, 63.11,
1985,48, 0.232,288.84, 54.90, 63.94, 59.42,
1985,49, 0.225,288.66, 54.34, 55.56, 54.95,
1985,50, 0.218,288.78, 57.28, 46.11, 51.70,
1985,51, 0.211,288.82, 55.90, 41.00, 48.45,
1985,52, 0.204,289.33, 54.64, 35.14, 44.89,
1986, 1, 0.201,290.73, 54.41, 27.95, 41.18,
1986, 2, 0.200,291.63, 55.63, 24.04, 39.83,
1986, 3, 0.201,292.85, 57.54, 18.28, 37.91,
1986, 4, 0.202,293.96, 58.35, 15.00, 36.68,
1986, 5, 0.204,295.04, 58.97, 12.50, 35.74,
1986, 6, 0.207,296.11, 58.79, 11.61, 35.20,
1986, 7, 0.212,296.99, 58.26, 14.23, 36.25,
1986, 8, 0.221,298.11, 58.51, 16.77, 37.64,
1986, 9, 0.230,299.29, 58.86, 19.05, 38.95,
1986,10, 0.239,300.12, 58.10, 22.79, 40.45,
1986,11, 0.246,300.94, 55.75, 25.21, 40.48,
1986,12, 0.252,301.53, 52.04, 28.52, 40.28,
1986,13, 0.259,302.47, 49.19, 29.27, 39.23,
1986,14, 0.267,303.61, 47.24, 27.78, 37.51,
1986,15, 0.273,304.04, 42.70, 31.53, 37.11,
1986,16, 0.278,304.43, 41.05, 34.25, 37.65,
1986,17, 0.283,305.01, 41.37, 35.49, 38.43,
1986,18, 0.284,305.13, 40.24, 39.79, 40.02,
1986,19, 0.281,305.22, 38.02, 42.78, 40.40,
1986,20, 0.278,305.17, 36.92, 46.71, 41.82,
1986,21, 0.277,304.73, 36.63, 54.47, 45.55,
1986,22, 0.277,304.38, 38.16, 61.47, 49.81,
1986,23, 0.278,304.18, 40.52, 65.91, 53.21,
1986,24, 0.280,304.32, 43.53, 66.55, 55.04,
1986,25, 0.282,304.75, 46.61, 65.09, 55.85,
1986,26, 0.284,305.38, 49.18, 61.52, 55.35,
1986,27, 0.282,306.34, 51.31, 54.17, 52.74,
1986,28, 0.279,307.03, 52.12, 49.29, 50.70,
1986,29, 0.275,307.57, 52.56, 45.40, 48.98,
1986,30, 0.273,308.08, 52.98, 40.74, 46.86,
1986,31, 0.266,307.81, 50.96, 41.74, 46.35,
1986,32, 0.257,306.91, 46.81, 48.01, 47.41,
1986,33, 0.250,305.61, 43.25, 57.84, 50.55,
1986,34, 0.248,304.02, 42.27, 68.18, 55.23,
1986,35, 0.252,302.90, 45.01, 73.77, 59.39,
1986,36, 0.258,301.96, 47.91, 77.52, 62.71,
1986,37, 0.265,300.88, 51.33, 81.63, 66.48,
1986,38, 0.271,299.67, 53.68, 85.80, 69.74,
1986,39, 0.279,298.64, 57.65, 86.76, 72.20,
1986,40, 0.282,297.83, 60.02, 85.26, 72.64,
1986,41, 0.284,296.81, 62.27, 84.79, 73.53,
1986,42, 0.283,295.56, 62.10, 84.51, 73.31,
1986,43, 0.281,294.65, 63.69, 80.39, 72.04,
1986,44, 0.276,293.66, 63.72, 75.68, 69.70,
1986,45, 0.263,292.20, 60.35, 73.65, 67.00,
1986,46, 0.250,290.59, 57.20, 75.03, 66.11,
1986,47, 0.241,288.99, 55.81, 75.95, 65.88,
1986,48, 0.230,287.52, 53.27, 76.60, 64.93,
1986,49, 0.217,286.47, 49.21, 77.57, 63.39,
1986,50, 0.208,286.16, 50.00, 74.41, 62.21,
1986,51, 0.201,285.77, 49.35, 73.46, 61.40,
1986,52, 0.198,285.44, 49.95, 74.73, 62.34,
1987, 1, 0.192,285.28, 46.49, 81.71, 64.10,
1987, 2, 0.192,285.56, 47.60, 83.34, 65.47,
1987, 3, 0.193,286.32, 49.33, 82.39, 65.86,
1987, 4, 0.196,287.35, 51.42, 80.42, 65.92,
1987, 5, 0.200,288.57, 53.68, 77.20, 65.44,
1987, 6, 0.205,289.68, 56.08, 75.72, 65.90,
1987, 7, 0.216,290.89, 59.93, 76.25, 68.09,
1987, 8, 0.230,292.06, 63.83, 78.38, 71.10,
1987, 9, 0.243,292.97, 66.58, 82.24, 74.41,
1987,10, 0.258,294.08, 69.72, 82.99, 76.36,
1987,11, 0.276,295.47, 73.19, 79.90, 76.55,
1987,12, 0.291,296.64, 74.57, 77.19, 75.88,
1987,13, 0.303,297.64, 73.49, 76.65, 75.07,
1987,14, 0.311,298.54, 70.64, 75.77, 73.21,
1987,15, 0.318,299.84, 65.15, 70.05, 67.60,
1987,16, 0.324,301.21, 64.72, 62.56, 63.64,
1987,17, 0.327,302.20, 64.29, 58.70, 61.49,
1987,18, 0.326,302.49, 62.51, 60.14, 61.32,
1987,19, 0.323,302.30, 60.46, 64.57, 62.52,
1987,20, 0.320,302.19, 58.89, 68.38, 63.63,
1987,21, 0.318,302.27, 58.78, 71.66, 65.22,
1987,22, 0.320,302.42, 60.89, 74.65, 67.77,
1987,23, 0.323,302.68, 65.02, 75.93, 70.48,
1987,24, 0.329,303.21, 69.90, 73.75, 71.82,
1987,25, 0.332,303.75, 72.60, 71.58, 72.09,
1987,26, 0.331,304.08, 73.82, 70.62, 72.22,
1987,27, 0.328,304.32, 74.53, 68.96, 71.74,
1987,28, 0.321,304.41, 73.83, 68.96, 71.40,
1987,29, 0.314,304.62, 72.77, 68.74, 70.75,
1987,30, 0.308,305.07, 71.30, 65.62, 68.46,
1987,31, 0.303,305.33, 70.27, 63.06, 66.66,
1987,32, 0.298,305.43, 69.05, 60.70, 64.87,
1987,33, 0.295,305.31, 68.28, 60.06, 64.17,
1987,34, 0.293,304.73, 67.19, 61.58, 64.39,
1987,35, 0.292,303.82, 67.16, 65.40, 66.28,
1987,36, 0.293,303.14, 68.01, 66.98, 67.49,
1987,37, 0.296,302.81, 68.51, 64.01, 66.26,
1987,38, 0.298,302.06, 68.41, 62.88, 65.64,
1987,39, 0.298,301.29, 67.81, 59.61, 63.71,
1987,40, 0.294,300.78, 66.34, 52.82, 59.58,
1987,41, 0.286,299.95, 63.01, 48.53, 55.77,
1987,42, 0.275,298.90, 56.77, 46.08, 51.43,
1987,43, 0.211,292.03, 61.09, 10.80, 35.94,
1987,44, 0.253,295.52, 49.88, 54.38, 52.13,
1987,45, 0.242,293.62, 48.03, 58.62, 53.32,
1987,46, 0.232,292.07, 46.84, 59.61, 53.23,
1987,47, 0.220,290.98, 44.24, 55.36, 49.80,
1987,48, 0.207,289.90, 40.68, 52.00, 46.34,
1987,49, 0.194,288.88, 36.19, 52.08, 44.13,
1987,50, 0.180,287.68, 32.07, 56.95, 44.51,
1987,51, 0.170,286.14, 29.59, 68.77, 49.18,
1987,52, 0.165,285.16, 29.49, 76.63, 53.06,
1988, 1, 0.163,284.78, 26.09, 84.06, 55.07,
1988, 2, 0.164,284.61, 28.41, 88.13, 58.27,
1988, 3, 0.165,285.21, 30.46, 88.19, 59.33,
1988, 4, 0.169,286.06, 33.22, 88.21, 60.71,
1988, 5, 0.172,287.33, 34.62, 85.56, 60.09,
1988, 6, 0.175,289.12, 35.34, 79.31, 57.32,
1988, 7, 0.180,291.29, 35.58, 70.98, 53.28,
1988, 8, 0.189,293.63, 36.22, 61.90, 49.06,
1988, 9, 0.200,295.45, 37.48, 57.19, 47.34,
1988,10, 0.212,297.22, 39.37, 51.37, 45.37,
1988,11, 0.222,298.41, 38.49, 49.97, 44.23,
1988,12, 0.233,299.25, 39.05, 50.59, 44.82,
1988,13, 0.247,299.95, 40.32, 53.05, 46.68,
1988,14, 0.260,300.43, 41.83, 56.79, 49.31,
1988,15, 0.272,300.65, 41.23, 61.75, 51.49,
1988,16, 0.283,301.35, 43.64, 60.74, 52.19,
1988,17, 0.293,301.86, 47.02, 61.10, 54.06,
1988,18, 0.298,302.37, 48.70, 60.48, 54.59,
1988,19, 0.299,302.85, 49.14, 59.23, 54.18,
1988,20, 0.297,303.08, 48.28, 60.19, 54.23,
1988,21, 0.293,303.41, 46.94, 61.88, 54.41,
1988,22, 0.290,303.69, 46.59, 64.09, 55.34,
1988,23, 0.288,304.15, 47.03, 64.18, 55.61,
1988,24, 0.285,304.36, 46.72, 64.78, 55.75,
1988,25, 0.281,304.30, 46.54, 66.94, 56.74,
1988,26, 0.281,304.27, 47.86, 68.57, 58.21,
1988,27, 0.282,304.17, 51.06, 69.62, 60.34,
1988,28, 0.282,303.94, 53.82, 72.06, 62.94,
1988,29, 0.281,303.91, 55.74, 73.78, 64.76,
1988,30, 0.278,303.96, 55.79, 74.12, 64.96,
1988,31, 0.272,303.87, 54.01, 74.72, 64.37,
1988,32, 0.268,303.71, 52.43, 74.62, 63.52,
1988,33, 0.261,303.36, 49.77, 75.95, 62.86,
1988,34, 0.257,303.01, 47.61, 75.77, 61.69,
1988,35, 0.256,302.87, 47.18, 73.07, 60.12,
1988,36, 0.256,302.51, 47.46, 71.79, 59.62,
1988,37, 0.259,301.85, 48.28, 72.06, 60.17,
1988,38, 0.263,301.46, 50.00, 68.36, 59.18,
1988,39, 0.268,301.20, 52.01, 60.44, 56.23,
1988,40, 0.273,301.04, 55.15, 49.88, 52.51,
1988,41, 0.267,300.22, 53.03, 46.06, 49.55,
1988,42, 0.267,299.63, 53.18, 38.41, 45.80,
1988,43, 0.265,298.99, 54.07, 31.11, 42.59,
1988,44, 0.262,297.97, 56.32, 26.57, 41.45,
1988,45, 0.259,296.84, 59.42, 23.76, 41.59,
1988,46, 0.252,295.75, 60.50, 21.41, 40.96,
1988,47, 0.243,294.61, 59.69, 18.66, 39.17,
1988,48, 0.235,293.61, 58.68, 15.34, 37.01,
1988,49, 0.225,292.64, 56.47, 14.50, 35.49,
1988,50, 0.218,291.77, 58.64, 14.63, 36.63,
1988,51, 0.211,291.30, 57.87, 16.92, 37.39,
1988,52, 0.203,290.28, 55.13, 26.84, 40.99,
1989, 1, 0.197,290.03, 52.47, 35.43, 43.95,
1989, 2, 0.193,290.79, 51.22, 32.94, 42.08,
1989, 3, 0.187,290.98, 47.22, 37.81, 42.51,
1989, 4, 0.180,291.15, 42.38, 44.41, 43.39,
1989, 5, 0.173,291.35, 36.85, 50.37, 43.61,
1989, 6, 0.169,291.66, 31.40, 56.11, 43.75,
1989, 7, 0.166,292.62, 26.05, 58.45, 42.25,
1989, 8, 0.168,293.81, 21.52, 60.63, 41.08,
1989, 9, 0.172,295.61, 18.56, 56.70, 37.63,
1989,10, 0.179,297.86, 17.16, 46.52, 31.84,
1989,11, 0.189,299.67, 16.92, 38.91, 27.92,
1989,12, 0.200,301.08, 17.60, 34.20, 25.90,
1989,13, 0.209,301.56, 16.98, 39.48, 28.23,
1989,14, 0.222,302.67, 19.21, 37.86, 28.53,
1989,15, 0.234,304.07, 19.97, 32.05, 26.01,
1989,16, 0.243,304.54, 20.66, 33.88, 27.27,
1989,17, 0.252,305.15, 23.23, 34.92, 29.07,
1989,18, 0.260,305.72, 26.22, 35.19, 30.71,
1989,19, 0.266,305.97, 29.66, 37.18, 33.42,
1989,20, 0.271,306.09, 32.78, 40.06, 36.42,
1989,21, 0.274,306.05, 35.53, 44.99, 40.26,
1989,22, 0.277,306.19, 39.02, 48.59, 43.80,
1989,23, 0.279,306.39, 42.32, 50.45, 46.38,
1989,24, 0.280,306.37, 44.86, 52.53, 48.69,
1989,25, 0.281,306.48, 47.06, 53.13, 50.10,
1989,26, 0.280,306.60, 48.13, 53.27, 50.70,
1989,27, 0.278,306.77, 49.31, 51.90, 50.60,
1989,28, 0.273,306.63, 49.03, 53.48, 51.25,
1989,29, 0.268,306.37, 48.43, 56.14, 52.28,
1989,30, 0.266,306.02, 49.33, 58.88, 54.11,
1989,31, 0.267,305.64, 50.81, 61.28, 56.04,
1989,32, 0.267,305.25, 51.53, 63.12, 57.32,
1989,33, 0.268,304.97, 52.36, 63.92, 58.14,
1989,34, 0.268,304.74, 53.17, 62.23, 57.70,
1989,35, 0.271,304.54, 54.90, 59.50, 57.20,
1989,36, 0.272,304.36, 55.45, 56.29, 55.87,
1989,37, 0.274,304.17, 56.05, 51.63, 53.84,
1989,38, 0.275,303.99, 55.95, 44.15, 50.05,
1989,39, 0.272,303.81, 54.08, 33.28, 43.68,
1989,40, 0.265,303.37, 50.98, 24.16, 37.57,
1989,41, 0.255,302.85, 46.69, 15.84, 31.26,
1989,42, 0.246,301.99, 41.07, 11.60, 26.34,
1989,43, 0.237,300.67, 37.89, 11.24, 24.57,
1989,44, 0.227,298.86, 35.37, 15.33, 25.35,
1989,45, 0.218,297.22, 33.76, 19.25, 26.50,
1989,46, 0.209,295.84, 33.55, 20.17, 26.86,
1989,47, 0.202,294.45, 34.05, 20.58, 27.32,
1989,48, 0.196,293.04, 34.84, 21.20, 28.02,
1989,49, 0.190,291.93, 34.82, 21.37, 28.10,
1989,50, 0.185,291.36, 38.14, 17.72, 27.93,
1989,51, 0.180,291.40, 39.61, 14.51, 27.06,
1989,52, 0.175,291.75, 38.88, 11.40, 25.14,
1990, 1, 0.170,292.00, 33.86, 15.41, 24.64,
1990, 2, 0.167,292.49, 33.56, 15.32, 24.44,
1990, 3, 0.165,292.67, 32.84, 19.48, 26.16,
1990, 4, 0.166,292.98, 33.01, 24.06, 28.54,
1990, 5, 0.168,293.40, 33.66, 27.70, 30.68,
1990, 6, 0.168,293.80, 31.34, 33.51, 32.42,
1990, 7, 0.171,294.35, 29.83, 40.14, 34.98,
1990, 8, 0.177,295.10, 27.74, 46.71, 37.23,
1990, 9, 0.181,295.69, 23.90, 54.84, 39.37,
1990,10, 0.324,305.21, 63.33, 38.61, 50.97,
1990,11, 0.199,296.93, 21.05, 65.28, 43.17,
1990,12, 0.211,297.73, 21.88, 66.62, 44.25,
1990,13, 0.223,298.55, 22.99, 68.26, 45.62,
1990,14, 0.234,299.24, 23.91, 69.86, 46.89,
1990,15, 0.246,299.96, 24.91, 70.26, 47.59,
1990,16, 0.259,300.62, 27.91, 69.99, 48.95,
1990,17, 0.273,301.70, 33.85, 65.39, 49.62,
1990,18, 0.284,303.12, 38.88, 56.58, 47.73,
1990,19, 0.289,304.23, 41.95, 50.83, 46.39,
1990,20, 0.293,305.30, 44.96, 45.63, 45.29,
1990,21, 0.294,306.47, 46.72, 40.91, 43.81,
1990,22, 0.288,307.17, 44.84, 40.89, 42.87,
1990,23, 0.282,307.82, 43.52, 39.77, 41.65,
1990,24, 0.275,308.16, 41.77, 39.42, 40.59,
1990,25, 0.268,308.29, 40.01, 39.70, 39.85,
1990,26, 0.262,308.26, 38.85, 40.03, 39.44,
1990,27, 0.256,307.80, 37.86, 42.84, 40.35,
1990,28, 0.251,307.07, 38.10, 48.54, 43.32,
1990,29, 0.250,306.10, 39.34, 56.57, 47.95,
1990,30, 0.252,305.25, 41.91, 63.60, 52.75,
1990,31, 0.258,304.73, 46.22, 67.66, 56.94,
1990,32, 0.266,304.61, 51.39, 67.37, 59.38,
1990,33, 0.270,304.70, 54.46, 65.10, 59.78,
1990,34, 0.272,304.50, 55.73, 63.28, 59.50,
1990,35, 0.270,303.95, 55.46, 63.95, 59.71,
1990,36, 0.268,303.24, 54.23, 65.51, 59.87,
1990,37, 0.267,302.17, 53.14, 68.99, 61.06,
1990,38, 0.270,301.04, 53.89, 71.76, 62.83,
1990,39, 0.277,300.06, 57.15, 71.55, 64.35,
1990,40, 0.281,299.40, 59.82, 67.53, 63.68,
1990,41, 0.282,298.79, 61.63, 61.65, 61.64,
1990,42, 0.280,297.98, 60.92, 56.61, 58.76,
1990,43, 0.274,297.26, 59.79, 50.24, 55.02,
1990,44, 0.265,296.31, 57.96, 44.82, 51.39,
1990,45, 0.256,295.11, 56.97, 41.79, 49.38,
1990,46, 0.245,293.96, 55.35, 39.44, 47.39,
1990,47, 0.236,292.80, 55.15, 36.73, 45.94,
1990,48, 0.228,292.02, 54.67, 30.57, 42.62,
1990,49, 0.217,290.82, 52.08, 32.83, 42.45,
1990,50, 0.206,289.78, 52.15, 35.65, 43.90,
1990,51, 0.194,288.89, 48.08, 41.47, 44.77,
1990,52, 0.182,288.49, 43.38, 44.42, 43.90,
1991, 1, 0.173,288.55, 35.51, 49.89, 42.70,
1991, 2, 0.167,288.97, 33.42, 50.81, 42.12,
1991, 3, 0.167,289.92, 33.96, 48.08, 41.02,
1991, 4, 0.168,291.23, 34.74, 43.24, 38.99,
1991, 5, 0.171,292.55, 36.79, 38.70, 37.75,
1991, 6, 0.178,293.84, 39.79, 35.52, 37.66,
1991, 7, 0.186,295.47, 41.62, 31.44, 36.53,
1991, 8, 0.196,297.35, 42.92, 26.27, 34.59,
1991, 9, 0.208,298.97, 44.78, 23.57, 34.18,
1991,10, 0.220,300.25, 45.77, 22.70, 34.23,
1991,11, 0.233,301.35, 46.83, 22.01, 34.42,
1991,12, 0.245,302.28, 46.69, 21.82, 34.26,
1991,13, 0.257,302.95, 46.76, 24.75, 35.76,
1991,14, 0.271,303.45, 48.35, 28.96, 38.65,
1991,15, 0.283,303.87, 47.12, 32.93, 40.02,
1991,16, 0.290,304.09, 47.56, 37.77, 42.67,
1991,17, 0.296,304.05, 48.57, 45.32, 46.95,
1991,18, 0.299,304.03, 49.06, 50.79, 49.92,
1991,19, 0.301,304.11, 49.97, 53.71, 51.84,
1991,20, 0.300,304.40, 50.13, 54.69, 52.41,
1991,21, 0.299,304.67, 50.41, 56.37, 53.39,
1991,22, 0.302,304.88, 53.76, 58.95, 56.36,
1991,23, 0.306,305.13, 58.06, 60.16, 59.11,
1991,24, 0.312,305.48, 62.67, 59.06, 60.86,
1991,25, 0.312,305.81, 64.11, 58.00, 61.05,
1991,26, 0.309,305.90, 63.57, 58.09, 60.83,
1991,27, 0.307,306.09, 64.44, 56.17, 60.31,
1991,28, 0.300,306.11, 63.47, 56.33, 59.90,
1991,29, 0.294,305.77, 62.10, 59.62, 60.86,
1991,30, 0.289,305.30, 61.20, 63.49, 62.35,
1991,31, 0.285,304.59, 60.30, 69.20, 64.75,
1991,32, 0.282,303.91, 59.58, 73.88, 66.73,
1991,33, 0.280,303.34, 58.85, 77.48, 68.17,
1991,34, 0.275,302.51, 56.77, 81.33, 69.05,
1991,35, 0.272,301.83, 55.89, 83.41, 69.65,
1991,36, 0.271,301.10, 55.63, 85.40, 70.51,
1991,37, 0.275,300.47, 57.44, 85.41, 71.43,
1991,38, 0.281,300.13, 59.21, 81.32, 70.26,
1991,39, 0.284,300.03, 60.40, 72.33, 66.36,
1991,40, 0.284,299.83, 61.35, 63.13, 62.24,
1991,41, 0.280,299.20, 60.23, 57.53, 58.88,
1991,42, 0.272,298.08, 56.16, 56.05, 56.10,
1991,43, 0.260,296.39, 51.52, 60.77, 56.14,
1991,44, 0.243,294.07, 45.12, 71.56, 58.34,
1991,45, 0.229,292.15, 40.94, 74.98, 57.96,
1991,46, 0.217,290.85, 38.96, 72.81, 55.88,
1991,47, 0.206,289.75, 36.54, 68.01, 52.28,
1991,48, 0.195,288.57, 34.03, 65.61, 49.82,
1991,49, 0.185,287.59, 32.01, 65.59, 48.80,
1991,50, 0.177,286.83, 32.43, 66.29, 49.36,
1991,51, 0.169,286.21, 30.44, 67.94, 49.19,
1991,52, 0.164,285.96, 29.22, 68.69, 48.96,
1992, 1, 0.161,285.99, 24.38, 74.13, 49.26,
1992, 2, 0.161,286.40, 26.23, 74.82, 50.53,
1992, 3, 0.164,287.18, 29.24, 73.80, 51.52,
1992, 4, 0.167,288.20, 31.44, 72.59, 52.02,
1992, 5, 0.172,289.60, 34.69, 67.91, 51.30,
1992, 6, 0.182,291.32, 40.25, 60.53, 50.39,
1992, 7, 0.196,293.08, 46.49, 55.04, 50.76,
1992, 8, 0.211,294.63, 51.59, 53.23, 52.41,
1992, 9, 0.227,295.98, 56.30, 53.16, 54.73,
1992,10, 0.244,297.39, 61.21, 50.90, 56.05,
1992,11, 0.260,298.79, 63.64, 47.42, 55.53,
1992,12, 0.274,299.40, 64.96, 50.47, 57.72,
1992,13, 0.288,299.68, 65.66, 57.29, 61.48,
1992,14, 0.301,299.82, 66.54, 64.28, 65.41,
1992,15, 0.313,300.10, 63.92, 68.64, 66.28,
1992,16, 0.324,300.44, 66.25, 71.30, 68.77,
1992,17, 0.331,300.85, 68.28, 72.78, 70.53,
1992,18, 0.331,300.86, 67.64, 75.92, 71.78,
1992,19, 0.328,300.65, 65.58, 79.82, 72.70,
1992,20, 0.323,300.35, 63.03, 84.22, 73.62,
1992,21, 0.320,300.27, 61.86, 87.84, 74.85,
1992,22, 0.321,300.46, 63.32, 89.61, 76.47,
1992,23, 0.326,301.12, 68.31, 87.36, 77.83,
1992,24, 0.334,302.27, 74.15, 80.47, 77.31,
1992,25, 0.341,303.17, 78.84, 75.66, 77.25,
1992,26, 0.341,303.56, 80.27, 74.60, 77.44,
1992,27, 0.338,303.62, 80.47, 74.50, 77.48,
1992,28, 0.335,303.78, 81.24, 74.33, 77.78,
1992,29, 0.332,304.00, 82.17, 74.24, 78.20,
1992,30, 0.329,304.04, 81.95, 74.66, 78.31,
1992,31, 0.324,303.90, 80.69, 75.95, 78.32,
1992,32, 0.320,303.72, 80.06, 76.34, 78.20,
1992,33, 0.319,303.67, 79.91, 75.18, 77.54,
1992,34, 0.315,303.60, 78.66, 72.20, 75.43,
1992,35, 0.309,303.33, 76.15, 70.32, 73.23,
1992,36, 0.305,303.19, 74.16, 66.70, 70.43,
1992,37, 0.303,302.93, 72.19, 62.74, 67.46,
1992,38, 0.298,302.35, 68.20, 59.67, 63.93,
1992,39, 0.289,301.58, 63.38, 56.21, 59.79,
1992,40, 0.279,300.53, 58.46, 55.71, 57.09,
1992,41, 0.269,299.22, 53.74, 57.67, 55.70,
1992,42, 0.256,297.63, 46.87, 61.34, 54.10,
1992,43, 0.240,295.65, 39.30, 69.29, 54.29,
1992,44, 0.224,293.38, 32.74, 79.39, 56.07,
1992,45, 0.209,291.01, 28.28, 86.70, 57.49,
1992,46, 0.196,289.00, 24.79, 91.09, 57.94,
1992,47, 0.181,287.23, 20.52, 91.68, 56.10,
1992,48, 0.167,285.85, 16.03, 90.45, 53.24,
1992,49, 0.155,284.93, 12.65, 90.16, 51.40,
1992,50, 0.146,284.49, 11.40, 89.40, 50.40,
1992,51, 0.137,284.29,  9.54, 86.42, 47.98,
1992,52, 0.132,284.39,  9.08, 83.21, 46.14,
1993, 1, 0.130,284.81,  8.82, 81.32, 45.07,
1993, 2, 0.135,285.47, 11.68, 80.48, 46.08,
1993, 3, 0.143,286.49, 15.97, 78.18, 47.08,
1993, 4, 0.151,287.70, 19.63, 75.70, 47.66,
1993, 5, 0.157,288.84, 23.23, 73.53, 48.38,
1993, 6, 0.166,289.99, 26.64, 71.34, 48.99,
1993, 7, 0.174,291.02, 29.10, 72.91, 51.00,
1993, 8, 0.184,292.21, 30.41, 74.41, 52.41,
1993, 9, 0.196,293.47, 32.30, 75.23, 53.76,
1993,10, 0.210,294.70, 35.39, 75.54, 55.47,
1993,11, 0.225,295.81, 37.67, 75.68, 56.68,
1993,12, 0.240,296.67, 40.65, 76.42, 58.54,
1993,13, 0.258,297.49, 44.30, 77.85, 61.08,
1993,14, 0.275,298.47, 48.50, 76.87, 62.68,
1993,15, 0.293,299.35, 51.11, 76.01, 63.56,
1993,16, 0.309,300.52, 56.76, 71.04, 63.90,
1993,17, 0.321,301.45, 61.60, 68.00, 64.80,
1993,18, 0.330,302.12, 65.91, 65.91, 65.91,
1993,19, 0.336,302.76, 69.75, 63.09, 66.42,
1993,20, 0.337,303.14, 71.22, 63.05, 67.14,
1993,21, 0.335,303.55, 71.03, 63.79, 67.41,
1993,22, 0.331,303.72, 70.35, 66.72, 68.54,
1993,23, 0.328,303.88, 69.99, 68.70, 69.35,
1993,24, 0.326,304.16, 69.95, 68.26, 69.10,
1993,25, 0.325,304.35, 70.24, 68.37, 69.30,
1993,26, 0.325,304.67, 71.38, 67.27, 69.32,
1993,27, 0.323,304.91, 72.29, 65.22, 68.76,
1993,28, 0.320,305.10, 72.95, 64.26, 68.61,
1993,29, 0.317,305.41, 73.43, 62.82, 68.13,
1993,30, 0.313,305.57, 72.60, 61.73, 67.16,
1993,31, 0.307,305.63, 70.72, 60.62, 65.67,
1993,32, 0.302,305.80, 69.22, 57.50, 63.36,
1993,33, 0.295,305.61, 66.61, 57.53, 62.07,
1993,34, 0.289,305.12, 64.04, 58.17, 61.11,
1993,35, 0.287,304.36, 63.57, 60.59, 62.08,
1993,36, 0.287,303.71, 63.97, 61.64, 62.80,
1993,37, 0.286,303.11, 63.02, 60.88, 61.95,
1993,38, 0.286,302.28, 62.03, 60.33, 61.18,
1993,39, 0.285,301.45, 61.46, 57.63, 59.55,
1993,40, 0.283,300.22, 61.02, 59.22, 60.12,
1993,41, 0.281,298.34, 61.07, 67.13, 64.10,
1993,42, 0.280,296.65, 61.25, 71.63, 66.44,
1993,43, 0.275,295.00, 61.16, 75.87, 68.51,
1993,44, 0.263,293.55, 57.63, 76.60, 67.12,
1993,45, 0.246,292.58, 51.51, 70.18, 60.84,
1993,46, 0.223,291.85, 42.18, 62.42, 52.30,
1993,47, 0.198,291.28, 31.31, 52.72, 42.02,
1993,48, 0.182,290.51, 26.19, 46.19, 36.19,
1993,49, 0.172,289.57, 24.29, 45.14, 34.71,
1993,50, 0.166,288.73, 25.62, 45.85, 35.74,
1993,51, 0.164,287.95, 27.91, 50.00, 38.96,
1993,52, 0.164,287.44, 30.35, 54.06, 42.20,
1994, 1, 0.162,286.64, 27.20, 67.77, 47.49,
1994, 2, 0.162,286.15, 28.41, 76.66, 52.53,
1994, 3, 0.164,286.14, 30.51, 82.16, 56.33,
1994, 4, 0.167,286.60, 32.17, 84.51, 58.34,
1994, 5, 0.169,286.93, 33.64, 87.58, 60.61,
1994, 6, 0.175,287.75, 35.40, 87.66, 61.53,
1994, 7, 0.183,289.12, 36.90, 86.77, 61.83,
1994, 8, 0.191,290.65, 36.28, 86.13, 61.20,
1994, 9, 0.201,292.18, 36.56, 85.16, 60.86,
1994,10, 0.214,293.72, 38.20, 82.79, 60.50,
1994,11, 0.225,294.93, 37.77, 81.43, 59.60,
1994,12, 0.236,296.15, 37.69, 78.93, 58.31,
1994,13, 0.250,297.40, 39.33, 76.93, 58.13,
1994,14, 0.262,298.45, 40.76, 75.83, 58.30,
1994,15, 0.271,299.11, 38.40, 76.54, 57.47,
1994,16, 0.278,299.58, 38.52, 77.45, 57.98,
1994,17, 0.282,299.86, 39.00, 79.76, 59.38,
1994,18, 0.288,299.96, 41.11, 81.98, 61.55,
1994,19, 0.296,300.28, 45.59, 81.78, 63.68,
1994,20, 0.305,300.99, 51.93, 78.90, 65.42,
1994,21, 0.314,301.65, 58.47, 77.39, 67.93,
1994,22, 0.322,302.58, 64.74, 74.49, 69.62,
1994,23, 0.325,303.55, 68.57, 70.64, 69.60,
1994,24, 0.323,304.08, 68.49, 68.61, 68.55,
1994,25, 0.317,304.29, 66.72, 68.75, 67.73,
1994,26, 0.313,304.67, 66.03, 67.38, 66.70,
1994,27, 0.309,304.96, 65.95, 65.23, 65.59,
1994,28, 0.303,304.84, 65.14, 66.90, 66.02,
1994,29, 0.298,304.66, 64.27, 69.48, 66.88,
1994,30, 0.292,304.40, 62.44, 72.05, 67.25,
1994,31, 0.285,304.24, 60.19, 73.12, 66.66,
1994,32, 0.279,303.97, 57.55, 74.06, 65.81,
1994,33, 0.272,303.63, 54.75, 75.15, 64.95,
1994,34, 0.267,303.25, 52.49, 74.47, 63.48,
1994,35, 0.262,302.77, 50.29, 73.79, 62.04,
1994,36, 0.264,302.57, 51.32, 70.92, 61.12,
1994,37,-1.000, -1.00, -1.00, -1.00, -1.00,
1994,38,-1.000, -1.00, -1.00, -1.00, -1.00,
1994,39,-1.000, -1.00, -1.00, -1.00, -1.00,
1994,40,-1.000, -1.00, -1.00, -1.00, -1.00,
1994,41,-1.000, -1.00, -1.00, -1.00, -1.00,
1994,42,-1.000, -1.00, -1.00, -1.00, -1.00,
1994,43,-1.000, -1.00, -1.00, -1.00, -1.00,
1994,44,-1.000, -1.00, -1.00, -1.00, -1.00,
1994,45,-1.000, -1.00, -1.00, -1.00, -1.00,
1994,46,-1.000, -1.00, -1.00, -1.00, -1.00,
1994,47,-1.000, -1.00, -1.00, -1.00, -1.00,
1994,48,-1.000, -1.00, -1.00, -1.00, -1.00,
1994,49,-1.000, -1.00, -1.00, -1.00, -1.00,
1994,50,-1.000, -1.00, -1.00, -1.00, -1.00,
1994,51,-1.000, -1.00, -1.00, -1.00, -1.00,
1994,52,-1.000, -1.00, -1.00, -1.00, -1.00,
1995, 1,-1.000, -1.00, -1.00, -1.00, -1.00,
1995, 2,-1.000, -1.00, -1.00, -1.00, -1.00,
1995, 3,-1.000, -1.00, -1.00, -1.00, -1.00,
1995, 4, 0.230,292.85, 72.20, 26.35, 49.28,
1995, 5, 0.230,293.24, 72.46, 31.01, 51.74,
1995, 6, 0.228,293.67, 69.97, 36.75, 53.36,
1995, 7, 0.227,294.12, 65.76, 44.82, 55.29,
1995, 8, 0.227,294.62, 60.39, 54.04, 57.22,
1995, 9, 0.230,295.50, 55.21, 58.83, 57.02,
1995,10, 0.235,296.68, 52.15, 59.05, 55.60,
1995,11, 0.244,297.68, 50.46, 59.57, 55.01,
1995,12, 0.256,299.04, 50.60, 55.28, 52.94,
1995,13, 0.269,300.27, 50.97, 52.61, 51.79,
1995,14, 0.281,301.31, 51.61, 51.06, 51.33,
1995,15, 0.289,301.35, 48.29, 58.77, 53.53,
1995,16, 0.299,301.94, 49.90, 59.23, 54.56,
1995,17, 0.306,303.12, 52.18, 53.46, 52.82,
1995,18, 0.308,303.76, 52.47, 51.95, 52.21,
1995,19, 0.309,303.98, 53.53, 52.95, 53.24,
1995,20, 0.310,304.23, 55.40, 53.96, 54.68,
1995,21, 0.310,304.82, 56.68, 53.56, 55.12,
1995,22, 0.309,305.12, 57.29, 55.82, 56.55,
1995,23, 0.308,305.24, 58.54, 58.32, 58.43,
1995,24, 0.306,305.40, 58.76, 59.02, 58.89,
1995,25, 0.305,305.90, 59.57, 56.94, 58.26,
1995,26, 0.305,306.50, 61.15, 53.51, 57.33,
1995,27, 0.302,306.70, 61.36, 51.83, 56.59,
1995,28, 0.298,306.92, 62.19, 50.65, 56.42,
1995,29, 0.294,307.18, 62.57, 49.24, 55.90,
1995,30, 0.289,307.10, 61.58, 49.76, 55.67,
1995,31, 0.284,306.55, 60.07, 53.46, 56.77,
1995,32, 0.280,306.29, 59.12, 54.13, 56.62,
1995,33, 0.276,306.02, 57.80, 54.76, 56.28,
1995,34, 0.272,305.75, 56.27, 53.26, 54.77,
1995,35, 0.268,305.09, 54.43, 54.49, 54.46,
1995,36, 0.268,304.16, 54.50, 57.87, 56.18,
1995,37, 0.269,302.77, 54.34, 64.24, 59.29,
1995,38, 0.275,301.85, 56.46, 64.91, 60.68,
1995,39, 0.283,301.52, 60.20, 57.53, 58.87,
1995,40, 0.285,301.14, 61.83, 49.54, 55.69,
1995,41, 0.282,300.63, 61.98, 41.59, 51.79,
1995,42, 0.276,299.79, 59.48, 36.47, 47.97,
1995,43, 0.264,298.57, 54.62, 34.96, 44.79,
1995,44, 0.251,297.12, 50.03, 35.16, 42.60,
1995,45, 0.239,295.88, 47.31, 32.98, 40.14,
1995,46, 0.230,294.69, 46.47, 31.47, 38.97,
1995,47, 0.220,293.48, 45.08, 29.69, 37.39,
1995,48, 0.210,292.18, 43.46, 29.42, 36.44,
1995,49, 0.201,290.24, 41.84, 38.78, 40.31,
1995,50, 0.192,288.36, 42.09, 50.43, 46.26,
1995,51, 0.185,287.32, 41.37, 56.91, 49.14,
1995,52, 0.181,287.62, 42.06, 52.26, 47.16,
1996, 1, 0.178,288.19, 38.85, 52.81, 45.83,
1996, 2, 0.177,289.11, 40.02, 48.76, 44.39,
1996, 3, 0.176,289.76, 40.40, 48.86, 44.63,
1996, 4, 0.174,291.28, 38.80, 41.52, 40.16,
1996, 5, 0.172,292.90, 36.64, 33.44, 35.04,
1996, 6, 0.171,294.44, 34.65, 27.68, 31.17,
1996, 7, 0.173,296.13, 32.41, 23.09, 27.75,
1996, 8, 0.174,297.72, 28.26, 21.34, 24.80,
1996, 9, 0.177,299.22, 24.22, 20.18, 22.20,
1996,10, 0.181,300.18, 21.00, 22.36, 21.68,
1996,11, 0.185,300.64, 16.93, 28.28, 22.60,
1996,12, 0.189,301.41, 12.93, 30.09, 21.51,
1996,13, 0.194,302.78, 10.12, 26.34, 18.23,
1996,14, 0.202,304.06,  8.79, 23.34, 16.07,
1996,15, 0.210,304.95,  7.89, 22.73, 15.31,
1996,16, 0.220,305.52,  8.61, 23.99, 16.30,
1996,17, 0.227,306.57,  9.81, 21.41, 15.61,
1996,18, 0.235,307.65, 11.71, 17.90, 14.80,
1996,19, 0.240,308.19, 13.89, 17.88, 15.88,
1996,20, 0.243,308.50, 16.56, 19.88, 18.22,
1996,21, 0.245,308.86, 18.90, 22.40, 20.65,
1996,22, 0.249,309.08, 22.61, 26.41, 24.51,
1996,23, 0.252,309.20, 26.93, 29.76, 28.34,
1996,24, 0.253,308.91, 29.92, 34.33, 32.12,
1996,25, 0.253,308.77, 31.91, 36.63, 34.27,
1996,26, 0.253,308.75, 34.00, 37.21, 35.60,
1996,27, 0.254,308.34, 37.17, 39.90, 38.54,
1996,28, 0.256,307.49, 40.07, 46.89, 43.48,
1996,29, 0.262,306.79, 44.87, 52.87, 48.87,
1996,30, 0.268,306.40, 49.19, 55.76, 52.47,
1996,31, 0.272,305.96, 52.32, 58.74, 55.53,
1996,32, 0.274,305.03, 54.06, 65.36, 59.71,
1996,33, 0.277,304.07, 56.20, 72.12, 64.16,
1996,34, 0.282,303.12, 59.70, 76.91, 68.30,
1996,35, 0.292,302.33, 65.70, 79.70, 72.70,
1996,36, 0.305,301.72, 73.57, 80.65, 77.11,
1996,37, 0.319,301.29, 80.55, 78.72, 79.64,
1996,38, 0.330,301.10, 84.94, 72.72, 78.83,
1996,39, 0.333,300.76, 86.46, 65.68, 76.07,
1996,40, 0.329,300.09, 85.40, 61.26, 73.33,
1996,41, 0.320,298.92, 82.70, 61.40, 72.05,
1996,42, 0.309,297.65, 78.13, 61.30, 69.71,
1996,43, 0.296,296.71, 73.97, 56.99, 65.48,
1996,44, 0.282,295.36, 69.75, 56.15, 62.95,
1996,45, 0.268,294.05, 64.92, 53.64, 59.28,
1996,46, 0.252,293.34, 59.76, 45.98, 52.87,
1996,47, 0.238,292.27, 55.81, 41.63, 48.72,
1996,48, 0.228,291.27, 53.39, 37.54, 45.46,
1996,49, 0.219,290.41, 51.75, 35.89, 43.82,
1996,50, 0.211,289.87, 53.65, 33.28, 43.47,
1996,51, 0.203,289.67, 51.73, 32.41, 42.07,
1996,52, 0.196,289.14, 49.86, 37.57, 43.71,
1997, 1, 0.191,288.73, 47.35, 48.19, 47.77,
1997, 2, 0.189,288.77, 47.79, 52.90, 50.35,
1997, 3, 0.189,289.16, 48.27, 55.69, 51.98,
1997, 4, 0.187,289.76, 47.42, 57.83, 52.63,
1997, 5, 0.188,290.45, 47.66, 59.82, 53.74,
1997, 6, 0.191,291.43, 46.98, 59.53, 53.26,
1997, 7, 0.193,292.57, 44.89, 60.22, 52.55,
1997, 8, 0.200,293.16, 43.29, 67.93, 55.61,
1997, 9, 0.210,294.33, 43.33, 69.43, 56.38,
1997,10, 0.221,295.86, 44.14, 66.16, 55.15,
1997,11, 0.234,296.95, 44.68, 65.66, 55.17,
1997,12, 0.247,297.51, 45.55, 69.06, 57.31,
1997,13, 0.263,298.00, 47.13, 73.56, 60.35,
1997,14, 0.279,298.65, 49.79, 75.44, 62.61,
1997,15, 0.294,299.13, 49.81, 77.87, 63.84,
1997,16, 0.305,299.46, 52.22, 80.09, 66.16,
1997,17, 0.315,299.89, 55.95, 80.94, 68.45,
1997,18, 0.325,300.71, 61.20, 76.81, 69.00,
1997,19, 0.333,301.31, 66.38, 74.07, 70.23,
1997,20, 0.339,301.63, 71.12, 74.03, 72.58,
1997,21, 0.343,301.82, 74.61, 76.13, 75.37,
1997,22, 0.345,302.43, 77.52, 75.40, 76.46,
1997,23, 0.347,302.97, 79.96, 74.55, 77.26,
1997,24, 0.348,303.32, 81.99, 73.44, 77.72,
1997,25, 0.349,303.73, 83.31, 72.02, 77.66,
1997,26, 0.350,304.38, 84.33, 68.72, 76.52,
1997,27, 0.346,305.03, 84.27, 63.92, 74.10,
1997,28, 0.338,305.20, 82.80, 63.29, 73.04,
1997,29, 0.325,305.00, 78.32, 66.12, 72.22,
1997,30, 0.316,304.84, 75.06, 67.95, 71.50,
1997,31, 0.310,304.91, 73.53, 67.23, 70.38,
1997,32, 0.306,305.03, 72.35, 64.89, 68.62,
1997,33, 0.305,305.11, 72.08, 62.40, 67.24,
1997,34, 0.302,304.97, 71.17, 59.99, 65.58,
1997,35, 0.297,304.92, 69.21, 56.00, 62.61,
1997,36, 0.289,304.74, 65.18, 52.77, 58.98,
1997,37, 0.282,304.22, 60.68, 51.02, 55.85,
1997,38, 0.277,303.57, 57.15, 47.94, 52.55,
1997,39, 0.276,302.51, 56.23, 46.71, 51.47,
1997,40, 0.275,301.40, 56.17, 46.03, 51.10,
1997,41, 0.272,299.98, 55.79, 48.84, 52.31,
1997,42, 0.268,298.25, 53.95, 54.56, 54.25,
1997,43, 0.263,296.56, 53.84, 59.12, 56.48,
1997,44, 0.254,295.18, 52.07, 58.81, 55.44,
1997,45, 0.245,293.72, 50.04, 57.54, 53.79,
1997,46, 0.234,292.03, 47.88, 60.34, 54.11,
1997,47, 0.225,290.53, 47.13, 60.62, 53.88,
1997,48, 0.220,289.73, 48.74, 53.94, 51.34,
1997,49, 0.214,289.09, 48.75, 49.92, 49.34,
1997,50, 0.209,288.48, 52.00, 48.25, 50.13,
1997,51, 0.205,288.10, 52.73, 48.44, 50.58,
1997,52, 0.202,287.77, 53.33, 50.98, 52.16,
1998, 1, 0.201,288.30, 53.97, 51.86, 52.91,
1998, 2, 0.203,289.03, 56.92, 49.29, 53.10,
1998, 3, 0.205,289.56, 59.49, 50.42, 54.96,
1998, 4, 0.208,290.19, 60.97, 52.14, 56.55,
1998, 5, 0.210,291.10, 61.95, 51.94, 56.94,
1998, 6, 0.216,291.76, 63.18, 54.99, 59.09,
1998, 7, 0.221,292.02, 62.57, 65.29, 63.93,
1998, 8, 0.230,292.73, 63.02, 72.26, 67.64,
1998, 9, 0.241,293.82, 64.06, 74.43, 69.24,
1998,10, 0.252,294.97, 64.46, 74.79, 69.63,
1998,11, 0.265,296.35, 65.02, 71.56, 68.29,
1998,12, 0.280,297.83, 66.49, 65.69, 66.09,
1998,13, 0.295,299.23, 67.71, 61.44, 64.57,
1998,14, 0.306,300.59, 67.96, 56.83, 62.40,
1998,15, 0.317,301.93, 65.20, 51.51, 58.36,
1998,16, 0.323,302.80, 65.10, 49.35, 57.22,
1998,17, 0.324,303.76, 64.34, 46.61, 55.47,
1998,18, 0.324,305.21, 63.33, 38.61, 50.97,
1998,19, 0.319,306.52, 61.09, 31.50, 46.30,
1998,20, 0.311,307.54, 56.93, 27.36, 42.14,
1998,21, 0.303,308.29, 52.78, 26.59, 39.69,
1998,22, 0.296,308.98, 50.20, 27.08, 38.64,
1998,23, 0.289,309.58, 48.18, 26.97, 37.58,
1998,24, 0.283,310.13, 46.43, 25.73, 36.08,
1998,25, 0.276,310.22, 44.23, 26.16, 35.19,
1998,26, 0.268,310.03, 41.50, 27.24, 34.37,
1998,27, 0.259,309.68, 39.03, 29.01, 34.02,
1998,28, 0.253,309.52, 38.56, 30.25, 34.41,
1998,29, 0.248,309.09, 38.28, 33.35, 35.82,
1998,30, 0.243,308.30, 36.98, 39.12, 38.05,
1998,31, 0.239,307.80, 36.02, 42.16, 39.09,
1998,32, 0.236,307.50, 35.38, 42.93, 39.15,
1998,33, 0.236,307.00, 35.69, 45.83, 40.76,
1998,34, 0.237,306.56, 36.61, 45.98, 41.30,
1998,35, 0.236,306.08, 36.22, 45.70, 40.96,
1998,36, 0.236,305.49, 36.30, 45.76, 41.03,
1998,37, 0.239,304.82, 37.39, 44.89, 41.14,
1998,38, 0.243,303.73, 38.75, 45.65, 42.20,
1998,39, 0.248,302.42, 40.60, 46.82, 43.71,
1998,40, 0.252,301.08, 42.88, 48.67, 45.78,
1998,41, 0.258,299.80, 46.69, 50.23, 48.46,
1998,42, 0.261,298.21, 49.02, 54.79, 51.91,
1998,43, 0.259,296.30, 50.53, 62.58, 56.55,
1998,44, 0.256,294.89, 52.00, 62.86, 57.43,
1998,45, 0.255,293.84, 54.84, 56.68, 55.76,
1998,46, 0.254,292.83, 58.98, 51.73, 55.35,
1998,47, 0.253,291.92, 62.18, 45.74, 53.96,
1998,48, 0.249,291.14, 63.76, 39.63, 51.69,
1998,49, 0.246,290.02, 65.06, 40.90, 52.98,
1998,50, 0.243,288.90, 70.28, 44.63, 57.46,
1998,51, 0.239,288.17, 70.94, 48.39, 59.67,
1998,52, 0.233,288.08, 70.39, 48.23, 59.31,
1999, 1, 0.227,288.34, 71.20, 51.81, 61.51,
1999, 2, 0.224,289.10, 71.01, 48.97, 59.99,
1999, 3, 0.223,289.95, 71.43, 46.57, 59.00,
1999, 4, 0.224,290.86, 72.37, 45.22, 58.80,
1999, 5, 0.227,291.95, 73.61, 42.68, 58.15,
1999, 6, 0.232,292.96, 75.07, 42.21, 58.64,
1999, 7, 0.241,294.05, 77.43, 43.36, 60.40,
1999, 8, 0.250,295.05, 77.33, 47.42, 62.38,
1999, 9, 0.256,295.95, 75.36, 52.35, 63.86,
1999,10, 0.263,296.65, 72.70, 57.51, 65.11,
1999,11, 0.271,296.93, 69.88, 65.38, 67.63,
1999,12, 0.283,297.51, 69.36, 68.67, 69.01,
1999,13, 0.298,298.22, 70.68, 71.48, 71.08,
1999,14, 0.314,298.93, 73.15, 73.20, 73.17,
1999,15, 0.326,299.84, 70.90, 71.62, 71.26,
1999,16, 0.336,300.63, 72.95, 69.50, 71.22,
1999,17, 0.341,301.25, 74.21, 69.02, 71.61,
1999,18, 0.343,301.79, 74.39, 68.01, 71.20,
1999,19, 0.341,302.23, 74.09, 67.04, 70.57,
1999,20, 0.340,302.60, 73.66, 66.89, 70.27,
1999,21, 0.336,302.65, 71.53, 70.28, 70.91,
1999,22, 0.330,302.61, 68.68, 74.44, 71.56,
1999,23, 0.326,302.61, 67.38, 77.33, 72.36,
1999,24, 0.324,302.59, 67.54, 78.81, 73.18,
1999,25, 0.323,302.68, 68.25, 79.86, 74.05,
1999,26, 0.323,302.99, 69.37, 79.48, 74.43,
1999,27, 0.321,303.36, 70.41, 77.14, 73.77,
1999,28, 0.318,303.98, 71.25, 73.33, 72.29,
1999,29, 0.314,304.56, 71.90, 70.00, 70.95,
1999,30, 0.309,305.04, 70.76, 66.40, 68.58,
1999,31, 0.302,305.56, 68.49, 61.36, 64.92,
1999,32, 0.295,306.13, 65.86, 54.73, 60.30,
1999,33, 0.286,306.40, 61.91, 50.66, 56.28,
1999,34, 0.277,306.26, 57.49, 48.17, 52.83,
1999,35, 0.270,305.65, 53.94, 49.14, 51.54,
1999,36, 0.265,304.85, 51.51, 51.68, 51.59,
1999,37, 0.262,303.88, 49.64, 54.42, 52.03,
1999,38, 0.260,302.98, 47.83, 54.29, 51.06,
1999,39, 0.259,302.40, 47.09, 48.38, 47.73,
1999,40, 0.257,301.47, 46.24, 45.43, 45.83,
1999,41, 0.252,300.54, 44.40, 41.98, 43.19,
1999,42, 0.246,299.46, 40.81, 40.03, 40.42,
1999,43, 0.238,298.13, 38.16, 40.14, 39.15,
1999,44, 0.227,296.88, 35.52, 37.90, 36.71,
1999,45, 0.217,295.73, 33.83, 34.47, 34.15,
1999,46, 0.208,294.48, 32.95, 33.27, 33.11,
1999,47, 0.201,293.10, 33.52, 32.62, 33.07,
1999,48, 0.195,291.28, 33.96, 37.37, 35.67,
1999,49, 0.188,289.43, 33.34, 46.49, 39.92,
1999,50, 0.182,288.24, 35.04, 51.28, 43.16,
1999,51, 0.176,287.83, 34.71, 51.57, 43.14,
1999,52, 0.171,288.05, 34.17, 48.21, 41.19,
2000, 1, 0.168,288.43, 31.25, 50.78, 41.01,
2000, 2, 0.168,288.97, 32.30, 50.08, 41.19,
2000, 3, 0.170,289.51, 34.29, 50.95, 42.62,
2000, 4, 0.173,290.03, 36.04, 53.61, 44.82,
2000, 5, 0.177,290.80, 37.76, 54.43, 46.10,
2000, 6, 0.183,291.92, 39.53, 52.82, 46.17,
2000, 7, 0.191,293.12, 41.47, 52.93, 47.20,
2000, 8, 0.202,294.27, 42.61, 55.55, 49.08,
2000, 9, 0.212,295.36, 42.78, 58.70, 50.74,
2000,10, 0.223,296.21, 43.49, 62.53, 53.01,
2000,11, 0.235,297.02, 44.06, 65.18, 54.62,
2000,12, 0.246,298.01, 43.96, 64.55, 54.26,
2000,13, 0.256,298.91, 43.15, 65.31, 54.23,
2000,14, 0.264,299.74, 42.53, 65.95, 54.24,
2000,15, 0.271,300.48, 40.73, 66.25, 53.49,
2000,16, 0.277,301.00, 40.58, 66.98, 53.78,
2000,17, 0.279,301.41, 40.45, 68.75, 54.60,
2000,18, 0.280,301.92, 40.11, 68.39, 54.25,
2000,19, 0.280,302.55, 40.24, 65.80, 53.02,
2000,20, 0.281,302.96, 41.12, 65.12, 53.12,
2000,21, 0.282,303.11, 42.18, 67.62, 54.90,
2000,22, 0.282,303.04, 43.40, 71.87, 57.63,
2000,23, 0.282,302.93, 44.95, 75.30, 60.12,
2000,24, 0.283,302.78, 46.42, 77.59, 62.00,
2000,25, 0.284,303.03, 48.49, 77.36, 62.92,
2000,26, 0.284,303.57, 50.23, 75.04, 62.64,
2000,27, 0.282,304.39, 51.37, 69.34, 60.35,
2000,28, 0.278,305.38, 51.40, 62.70, 57.05,
2000,29, 0.270,306.14, 49.21, 57.69, 53.45,
2000,30, 0.258,306.72, 44.36, 52.89, 48.62,
2000,31, 0.247,307.22, 39.47, 47.52, 43.49,
2000,32, 0.239,307.61, 36.39, 42.29, 39.34,
2000,33, 0.232,308.03, 33.42, 36.81, 35.11,
2000,34, 0.224,307.92, 29.69, 33.70, 31.70,
2000,35, 0.216,307.39, 26.48, 33.68, 30.08,
2000,36, 0.211,306.89, 24.13, 32.88, 28.50,
2000,37, 0.206,305.75, 21.73, 36.25, 28.99,
2000,38, 0.204,304.46, 20.04, 38.62, 29.33,
2000,39, 0.204,302.93, 20.21, 41.46, 30.84,
2000,40, 0.202,301.10, 19.95, 48.07, 34.01,
2000,41, 0.196,299.11, 18.39, 56.21, 37.30,
2000,42, 0.188,297.12, 16.34, 62.75, 39.54,
2000,43, 0.183,295.16, 15.53, 68.81, 42.17,
2000,44, 0.182,293.79, 16.74, 69.39, 43.07,
2000,45, 0.181,291.79, 18.58, 73.72, 46.15,
2000,46, 0.180,290.49, 20.11, 72.98, 46.54,
2000,47, 0.181,289.27, 22.88, 70.43, 46.66,
2000,48, 0.181,288.18, 26.15, 68.09, 47.12,
2000,49, 0.180,287.57, 28.20, 64.16, 46.18,
2000,50, 0.179,286.93, 31.49, 63.09, 47.29,
2000,51, 0.182,286.33, 36.07, 64.24, 50.16,
2000,52, 0.191,286.37, 43.38, 62.69, 53.03,
2001, 1, 0.195,286.32, 47.61, 69.07, 58.34,
2001, 2, 0.197,286.57, 50.67, 71.23, 60.95,
2001, 3, 0.203,286.71, 55.82, 76.02, 65.92,
2001, 4, 0.211,287.22, 60.86, 79.14, 70.00,
2001, 5, 0.219,288.13, 64.58, 79.25, 71.92,
2001, 6, 0.222,288.59, 64.38, 82.57, 73.47,
2001, 7, 0.228,289.55, 64.32, 84.41, 74.37,
2001, 8, 0.240,291.06, 65.28, 84.21, 74.74,
2001, 9, 0.250,291.97, 64.71, 87.54, 76.13,
2001,10, 0.261,293.19, 65.03, 87.67, 76.35,
2001,11, 0.271,294.39, 65.10, 86.81, 75.95,
2001,12, 0.281,295.40, 65.20, 86.18, 75.69,
2001,13, 0.294,296.69, 66.56, 83.90, 75.23,
2001,14, 0.307,298.04, 68.40, 79.92, 74.16,
2001,15, 0.317,299.31, 65.58, 75.80, 70.69,
2001,16, 0.322,300.37, 65.28, 72.24, 68.76,
2001,17, 0.327,301.38, 65.78, 68.72, 67.25,
2001,18, 0.328,302.50, 64.91, 62.73, 63.82,
2001,19, 0.323,303.43, 62.06, 57.79, 59.93,
2001,20, 0.319,304.49, 60.07, 52.54, 56.31,
2001,21, 0.316,305.78, 59.51, 46.69, 53.10,
2001,22, 0.311,306.70, 57.75, 44.79, 51.27,
2001,23, 0.303,307.29, 55.13, 44.33, 49.73,
2001,24, 0.293,307.73, 51.27, 43.54, 47.40,
2001,25, 0.282,308.02, 47.02, 42.89, 44.95,
2001,26, 0.275,308.60, 44.60, 39.04, 41.82,
2001,27, 0.267,309.18, 43.18, 34.03, 38.60,
2001,28, 0.258,309.38, 40.84, 32.85, 36.85,
2001,29, 0.251,309.51, 39.38, 31.53, 35.46,
2001,30, 0.247,309.58, 39.02, 29.57, 34.29,
2001,31, 0.243,309.14, 37.78, 31.34, 34.56,
2001,32, 0.240,308.37, 37.17, 36.12, 36.65,
2001,33, 0.240,307.37, 38.01, 43.22, 40.61,
2001,34, 0.242,306.27, 39.65, 48.91, 44.28,
2001,35, 0.248,305.08, 43.22, 55.01, 49.12,
2001,36, 0.256,303.89, 47.62, 60.75, 54.18,
2001,37, 0.264,303.09, 51.38, 61.45, 56.41,
2001,38, 0.272,302.36, 54.25, 59.83, 57.04,
2001,39, 0.276,301.43, 55.93, 58.06, 56.99,
2001,40, 0.279,300.62, 58.16, 54.93, 56.54,
2001,41, 0.279,299.84, 58.94, 50.66, 54.80,
2001,42, 0.272,298.93, 56.37, 47.11, 51.74,
2001,43, 0.264,298.06, 54.19, 42.02, 48.10,
2001,44, 0.254,296.85, 51.01, 39.56, 45.29,
2001,45, 0.246,295.35, 49.85, 40.05, 44.95,
2001,46, 0.240,293.48, 49.92, 45.25, 47.59,
2001,47, 0.235,291.83, 51.64, 47.27, 49.45,
2001,48, 0.234,290.55, 55.51, 46.30, 50.90,
2001,49, 0.234,289.72, 59.27, 44.44, 51.85,
2001,50, 0.231,289.00, 64.95, 43.37, 54.16,
2001,51, 0.229,288.53, 67.10, 44.24, 55.67,
2001,52, 0.227,288.52, 68.72, 43.66, 56.19,
2002, 1, 0.226,288.81, 72.72, 47.11, 59.92,
2002, 2, 0.226,289.11, 75.12, 48.93, 62.02,
2002, 3, 0.223,289.35, 74.74, 52.87, 63.81,
2002, 4, 0.223,290.20, 74.70, 52.42, 63.56,
2002, 5, 0.224,290.98, 75.37, 53.26, 64.31,
2002, 6, 0.226,291.73, 74.53, 55.91, 65.22,
2002, 7, 0.228,292.55, 71.52, 60.12, 65.82,
2002, 8, 0.229,293.98, 66.81, 59.84, 63.32,
2002, 9, 0.231,295.53, 61.19, 58.21, 59.70,
2002,10, 0.232,296.81, 55.23, 57.67, 56.45,
2002,11, 0.233,297.68, 47.72, 59.54, 53.63,
2002,12, 0.236,298.58, 42.17, 59.77, 50.97,
2002,13, 0.243,299.74, 38.79, 57.82, 48.31,
2002,14, 0.250,300.61, 36.27, 58.07, 47.17,
2002,15, 0.259,301.32, 33.90, 58.81, 46.36,
2002,16, 0.268,301.98, 34.71, 58.52, 46.61,
2002,17, 0.276,302.84, 36.74, 56.69, 46.72,
2002,18, 0.282,303.48, 39.02, 55.53, 47.28,
2002,19, 0.283,303.86, 39.67, 55.70, 47.68,
2002,20, 0.281,303.88, 38.76, 58.61, 48.68,
2002,21, 0.278,304.01, 38.05, 61.27, 49.66,
2002,22, 0.275,304.27, 37.72, 63.26, 50.49,
2002,23, 0.270,304.41, 36.81, 65.22, 51.02,
2002,24, 0.264,304.34, 35.82, 67.02, 51.42,
2002,25, 0.260,304.21, 35.64, 69.46, 52.55,
2002,26, 0.262,304.34, 38.29, 70.03, 54.16,
2002,27, 0.265,304.62, 42.39, 67.78, 55.08,
2002,28, 0.269,304.76, 47.30, 67.15, 57.23,
2002,29, 0.273,304.77, 51.57, 68.27, 59.92,
2002,30, 0.276,304.91, 54.54, 67.68, 61.11,
2002,31, 0.279,305.34, 57.20, 63.93, 60.57,
2002,32, 0.276,305.50, 56.89, 61.26, 59.08,
2002,33, 0.270,305.24, 54.39, 61.92, 58.16,
2002,34, 0.266,304.98, 52.61, 60.39, 56.50,
2002,35, 0.266,304.69, 52.82, 58.49, 55.66,
2002,36, 0.263,303.75, 50.94, 62.14, 56.54,
2002,37, 0.262,302.78, 49.49, 64.79, 57.14,
2002,38, 0.264,302.15, 49.97, 62.44, 56.21,
2002,39, 0.266,301.03, 50.21, 62.75, 56.48,
2002,40, 0.266,299.71, 50.40, 65.32, 57.86,
2002,41, 0.262,297.91, 49.31, 72.83, 61.07,
2002,42, 0.259,295.97, 47.96, 80.19, 64.08,
2002,43, 0.261,294.49, 51.18, 82.50, 66.84,
2002,44, 0.266,293.51, 57.63, 77.56, 67.59,
2002,45, 0.267,292.61, 62.29, 68.75, 65.52,
2002,46, 0.263,291.64, 64.81, 63.00, 63.90,
2002,47, 0.258,290.69, 66.53, 56.94, 61.74,
2002,48, 0.255,289.70, 68.74, 52.91, 60.82,
2002,49, 0.247,288.54, 67.63, 55.40, 61.51,
2002,50, 0.243,288.14, 73.08, 51.86, 62.47,
2002,51, 0.244,288.40, 77.32, 44.84, 61.08,
2002,52, 0.242,288.55, 79.22, 42.89, 61.06,
2003, 1, 0.240,288.86, 79.52, 46.34, 62.93,
2003, 2, 0.237,289.19, 79.01, 48.22, 63.62,
2003, 3, 0.234,289.62, 78.35, 50.78, 64.57,
2003, 4, 0.235,290.52, 78.68, 50.18, 64.43,
2003, 5, 0.236,291.44, 78.82, 49.93, 64.38,
2003, 6, 0.238,292.30, 78.29, 50.89, 64.59,
2003, 7, 0.241,293.32, 77.31, 52.88, 65.10,
2003, 8, 0.247,294.63, 76.13, 53.82, 64.97,
2003, 9,-1.000, -1.00, -1.00, -1.00, -1.00,
2003,10, 0.265,297.61, 75.03, 49.59, 62.31,
2003,11, 0.275,299.19, 73.95, 44.06, 59.01,
2003,12, 0.286,300.50, 73.42, 39.79, 56.60,
2003,13, 0.297,301.59, 71.80, 38.49, 55.15,
2003,14, 0.304,302.44, 68.64, 38.81, 53.72,
2003,15, 0.306,303.42, 61.04, 37.21, 49.12,
2003,16, 0.307,304.40, 57.53, 34.35, 45.94,
2003,17, 0.304,305.18, 53.64, 33.84, 43.74,
2003,18, 0.300,305.66, 49.42, 34.96, 42.19,
2003,19, 0.295,305.79, 46.02, 37.71, 41.87,
2003,20, 0.289,305.71, 42.98, 42.28, 42.63,
2003,21, 0.286,305.51, 41.58, 48.44, 45.01,
2003,22, 0.285,305.23, 42.32, 55.14, 48.73,
2003,23, 0.285,304.90, 43.98, 60.86, 52.42,
2003,24, 0.286,304.81, 46.44, 63.38, 54.91,
2003,25, 0.287,304.84, 48.62, 64.98, 56.80,
2003,26, 0.287,305.10, 50.54, 64.46, 57.50,
2003,27, 0.284,305.48, 51.41, 61.45, 56.43,
2003,28, 0.280,306.15, 51.70, 56.79, 54.25,
2003,29, 0.275,306.68, 51.49, 53.39, 52.44,
2003,30, 0.268,306.91, 49.59, 51.52, 50.55,
2003,31, 0.260,306.74, 47.19, 52.20, 49.69,
2003,32, 0.254,306.37, 44.63, 53.63, 49.13,
2003,33, 0.246,305.86, 41.55, 56.38, 48.97,
2003,34, 0.246,305.09, 41.48, 59.14, 50.31,
2003,35, 0.250,304.32, 44.38, 61.51, 52.94,
2003,36, 0.257,303.50, 47.80, 63.91, 55.85,
2003,37, 0.264,302.68, 51.15, 65.23, 58.19,
2003,38, 0.269,301.69, 52.73, 66.50, 59.61,
2003,39, 0.275,300.82, 55.23, 64.56, 59.90,
2003,40, 0.282,300.39, 59.42, 57.32, 58.37,
2003,41, 0.284,299.95, 61.47, 48.95, 55.21,
2003,42, 0.282,299.33, 61.06, 41.91, 51.49,
2003,43, 0.278,298.31, 61.22, 38.85, 50.03,
2003,44, 0.271,296.76, 60.54, 40.33, 50.44,
2003,45, 0.263,295.00, 59.98, 43.09, 51.53,
2003,46, 0.252,293.17, 58.37, 47.17, 52.77,
2003,47, 0.244,291.51, 58.02, 49.42, 53.72,
2003,48, 0.237,290.26, 58.39, 48.35, 53.37,
2003,49, 0.227,289.21, 56.45, 48.60, 52.53,
2003,50, 0.217,288.17, 57.26, 50.97, 54.11,
2003,51, 0.204,286.78, 52.59, 59.22, 55.91,
2003,52, 0.192,285.31, 48.03, 68.23, 58.13,
2004, 1, 0.179,284.01, 41.66, 78.05, 59.85,
2004, 2,-1.000, -1.00, -1.00, -1.00, -1.00,
2004, 3,-1.000, -1.00, -1.00, -1.00, -1.00,
2004, 4,-1.000, -1.00, -1.00, -1.00, -1.00,
2004, 5, 0.174,286.03, 38.28, 85.65, 61.96,
2004, 6, 0.178,287.51, 38.21, 85.99, 62.10,
2004, 7, 0.182,288.83, 36.98, 87.37, 62.17,
2004, 8, 0.186,290.02, 33.53, 89.12, 61.32,
2004, 9, 0.189,291.05, 29.70, 90.58, 60.14,
2004,10, 0.192,292.09, 25.44, 91.48, 58.46,
2004,11,-1.000, -1.00, -1.00, -1.00, -1.00,
2004,12,-1.000, -1.00, -1.00, -1.00, -1.00,
2004,13,-1.000, -1.00, -1.00, -1.00, -1.00,
2004,14,-1.000, -1.00, -1.00, -1.00, -1.00,
2004,15,-1.000, -1.00, -1.00, -1.00, -1.00,
2004,16,-1.000, -1.00, -1.00, -1.00, -1.00,
2004,17,-1.000, -1.00, -1.00, -1.00, -1.00,
2004,18,-1.000, -1.00, -1.00, -1.00, -1.00,
2004,19,-1.000, -1.00, -1.00, -1.00, -1.00,
2004,20,-1.000, -1.00, -1.00, -1.00, -1.00,
2004,21,-1.000, -1.00, -1.00, -1.00, -1.00,
2004,22,-1.000, -1.00, -1.00, -1.00, -1.00,
2004,23,-1.000, -1.00, -1.00, -1.00, -1.00,
2004,24,-1.000, -1.00, -1.00, -1.00, -1.00,
2004,25, 0.294,301.03, 53.57, 86.07, 69.82,
2004,26, 0.298,301.18, 57.00, 86.75, 71.88,
2004,27, 0.313,302.42, 66.58, 81.79, 74.18,
2004,28, 0.322,303.17, 73.14, 78.36, 75.75,
2004,29,-1.000, -1.00, -1.00, -1.00, -1.00,
2004,30, 0.326,303.55, 78.76, 78.25, 78.51,
2004,31, 0.326,303.33, 80.01, 80.05, 80.03,
2004,32, 0.326,303.20, 81.18, 80.01, 80.60,
2004,33, 0.328,303.04, 82.39, 79.87, 81.13,
2004,34, 0.328,303.04, 83.27, 76.73, 80.00,
2004,35, 0.327,303.12, 83.29, 72.02, 77.65,
2004,36, 0.318,302.66, 79.47, 71.19, 75.33,
2004,37, 0.309,302.06, 74.62, 70.36, 72.49,
2004,38, 0.301,300.97, 69.19, 72.47, 70.83,
2004,39, 0.291,299.32, 63.48, 78.57, 71.02,
2004,40, 0.281,297.78, 59.11, 83.48, 71.29,
2004,41, 0.278,296.68, 58.28, 83.35, 70.82,
2004,42, 0.275,295.34, 57.48, 84.46, 70.97,
2004,43, 0.272,294.05, 58.20, 84.69, 71.45,
2004,44, 0.265,292.55, 58.18, 85.09, 71.64,
2004,45, 0.256,290.74, 57.25, 85.16, 71.21,
2004,46, 0.248,288.94, 57.60, 86.47, 72.04,
2004,47, 0.245,287.88, 60.17, 82.73, 71.45,
2004,48, 0.244,287.41, 63.31, 75.30, 69.30,
2004,49, 0.239,287.14, 63.44, 69.20, 66.32,
2004,50, 0.232,286.64, 66.60, 68.11, 67.36,
2004,51, 0.227,286.36, 66.91, 66.56, 66.73,
2004,52, 0.221,286.35, 65.55, 65.06, 65.30,
2005, 1, 0.213,286.63, 62.84, 68.20, 65.52,
2005, 2, 0.209,287.01, 61.76, 69.13, 65.45,
2005, 3, 0.207,287.58, 61.28, 69.87, 65.58,
2005, 4, 0.206,288.23, 60.63, 71.27, 65.95,
2005, 5, 0.207,289.08, 60.84, 71.03, 65.94,
2005, 6, 0.211,289.89, 61.60, 71.56, 66.58,
2005, 7, 0.219,291.02, 63.57, 72.33, 67.95,
2005, 8, 0.234,292.52, 67.38, 72.03, 69.71,
2005, 9, 0.250,293.91, 71.56, 71.89, 71.72,
2005,10, 0.267,295.04, 74.95, 72.58, 73.76,
2005,11, 0.285,295.83, 77.56, 74.97, 76.26,
2005,12, 0.300,296.78, 79.03, 74.30, 76.66,
2005,13, 0.316,298.15, 80.41, 70.48, 75.44,
2005,14, 0.329,299.26, 81.02, 68.07, 74.54,
2005,15, 0.337,299.92, 77.26, 69.30, 73.28,
2005,16, 0.342,300.36, 76.35, 71.10, 73.72,
2005,17,-1.000, -1.00, -1.00, -1.00, -1.00,
2005,18, 0.341,301.62, 73.30, 68.47, 70.88,
2005,19, 0.339,302.50, 72.13, 63.76, 67.95,
2005,20, 0.310,304.23, 55.40, 53.96, 54.68,
2005,21, 0.334,303.73, 69.83, 61.32, 65.57,
2005,22, 0.331,304.46, 69.18, 60.15, 64.66,
2005,23, 0.329,305.28, 69.56, 57.45, 63.50,
2005,24, 0.326,305.76, 69.01, 55.87, 62.44,
2005,25, 0.320,306.07, 67.28, 55.15, 61.21,
2005,26, 0.316,306.16, 66.20, 55.42, 60.81,
2005,27, 0.312,306.25, 66.33, 54.65, 60.49,
2005,28, 0.307,305.95, 66.42, 57.42, 61.92,
2005,29, 0.303,305.06, 66.64, 64.65, 65.65,
2005,30, 0.301,305.18, 67.28, 64.52, 65.90,
2005,31, 0.303,304.86, 69.57, 66.72, 68.14,
2005,32, 0.306,304.74, 71.77, 66.27, 69.02,
2005,33, 0.307,304.45, 73.26, 67.18, 70.22,
2005,34, 0.309,304.17, 74.47, 66.19, 70.33,
2005,35, 0.310,304.36, 75.61, 60.23, 67.92,
2005,36, 0.309,304.60, 75.28, 53.22, 64.25,
2005,37, 0.305,304.62, 72.74, 46.48, 59.61,
2005,38, 0.299,304.30, 68.77, 40.26, 54.52,
2005,39, 0.295,303.44, 66.34, 36.89, 51.62,
2005,40, 0.290,302.51, 64.77, 34.11, 49.44,
2005,41, 0.285,301.53, 63.00, 31.49, 47.24,
2005,42, 0.278,300.35, 60.09, 30.31, 45.20,
2005,43, 0.271,299.40, 58.70, 26.26, 42.48,
2005,44, 0.264,298.50, 58.34, 20.58, 39.46,
2005,45, 0.256,297.54, 58.28, 16.89, 37.58,
2005,46, 0.247,296.02, 58.17, 18.58, 38.38,
2005,47, 0.239,294.18, 58.90, 22.42, 40.66,
2005,48, 0.232,292.80, 59.31, 22.32, 40.81,
2005,49, 0.224,292.06, 58.24, 19.53, 38.89,
2005,50, 0.217,291.87, 61.09, 13.59, 37.34,
2005,51, 0.211,292.03, 61.09, 10.80, 35.94,
2005,52, 0.207,292.30, 61.51,  9.47, 35.49,
2006, 1, 0.203,292.62, 60.56,  9.78, 35.17,
2006, 2, 0.199,293.05, 59.63, 10.60, 35.11,
2006, 3, 0.199,293.57, 60.62, 11.15, 35.89,
2006, 4, 0.198,293.94, 60.21, 15.09, 37.65,
2006, 5, 0.196,294.41, 58.00, 18.70, 38.35,
2006, 6, 0.193,295.06, 54.02, 22.49, 38.26,
2006, 7, 0.193,296.04, 49.80, 24.98, 37.39,
2006, 8, 0.194,297.21, 44.67, 27.14, 35.91,
2006, 9, 0.196,298.43, 39.37, 28.86, 34.11,
2006,10, 0.199,299.37, 35.02, 31.17, 33.10,
2006,11, 0.206,300.47, 31.81, 30.39, 31.10,
2006,12, 0.216,301.57, 31.00, 28.32, 29.66,
2006,13, 0.228,302.64, 30.99, 27.26, 29.13,
2006,14, 0.238,303.57, 30.56, 27.87, 29.21,
2006,15, 0.248,304.76, 29.38, 24.37, 26.87,
2006,16, 0.260,306.16, 31.51, 17.64, 24.57,
2006,17, 0.269,307.13, 34.18, 15.70, 24.94,
2006,18, 0.275,307.58, 35.89, 17.97, 26.93,
2006,19, 0.276,308.03, 36.58, 18.99, 27.79,
2006,20, 0.275,308.66, 36.81, 18.41, 27.61,
2006,21, 0.274,309.28, 36.14, 18.96, 27.55,
2006,22, 0.269,309.91, 34.46, 20.26, 27.36,
2006,23, 0.262,309.93, 32.34, 24.59, 28.46,
2006,24, 0.255,309.79, 30.58, 28.14, 29.36,
2006,25, 0.250,309.81, 29.97, 29.29, 29.63,
2006,26, 0.245,309.58, 29.73, 30.91, 30.32,
2006,27, 0.240,309.35, 29.59, 31.85, 30.72,
2006,28, 0.237,309.09, 30.16, 33.83, 31.99,
2006,29, 0.234,308.86, 30.93, 35.46, 33.20,
2006,30, 0.232,308.71, 31.33, 35.72, 33.52,
2006,31, 0.231,308.26, 31.99, 38.04, 35.01,
2006,32, 0.232,307.62, 33.33, 41.60, 37.47,
2006,33, 0.234,306.88, 34.57, 46.40, 40.49,
2006,34, 0.240,306.04, 37.69, 49.99, 43.84,
2006,35, 0.249,305.32, 43.22, 51.92, 47.57,
2006,36, 0.260,304.63, 48.75, 53.45, 51.10,
2006,37, 0.269,304.04, 53.58, 52.52, 53.05,
2006,38, 0.277,303.56, 56.89, 47.89, 52.39,
2006,39, 0.283,302.73, 59.88, 44.27, 52.08,
2006,40, 0.287,301.68, 62.92, 42.50, 52.71,
2006,41, 0.289,300.37, 65.61, 43.32, 54.46,
2006,42, 0.291,299.03, 67.30, 44.15, 55.72,
2006,43, 0.290,298.08, 69.85, 40.06, 54.96,
2006,44, 0.287,297.14, 72.32, 34.23, 53.28,
2006,45, 0.281,296.04, 73.13, 30.75, 51.94,
2006,46, 0.270,294.85, 71.90, 29.26, 50.58,
2006,47, 0.258,293.52, 69.28, 28.10, 48.69,
2006,48, 0.248,292.14, 67.19, 28.18, 47.69,
2006,49, 0.239,290.79, 65.06, 31.21, 48.13,
2006,50, 0.231,289.66, 67.36, 34.31, 50.83,
2006,51, 0.224,288.92, 65.86, 38.82, 52.34,
2006,52, 0.217,288.33, 64.06, 44.29, 54.17,
2007, 1, 0.213,288.05, 63.00, 53.54, 58.27,
2007, 2, 0.209,288.05, 61.48, 57.80, 59.64,
2007, 3, 0.206,288.32, 60.63, 60.91, 60.77,
2007, 4, 0.205,289.34, 59.48, 58.82, 59.15,
2007, 5, 0.205,290.30, 59.25, 58.16, 58.70,
2007, 6, 0.212,291.66, 62.38, 54.58, 58.48,
2007, 7, 0.222,293.45, 66.31, 49.11, 57.71,
2007, 8, 0.232,295.05, 67.33, 47.63, 57.48,
2007, 9, 0.242,296.21, 68.19, 50.06, 59.12,
2007,10, 0.253,297.05, 69.41, 53.83, 61.62,
2007,11, 0.267,297.50, 70.62, 60.04, 65.33,
2007,12, 0.283,297.95, 72.79, 64.57, 68.68,
2007,13, 0.305,298.34, 77.84, 69.97, 73.91,
2007,14, 0.322,298.65, 80.26, 75.36, 77.81,
2007,15, 0.334,298.88, 77.23, 80.48, 78.86,
2007,16, 0.341,299.09, 77.48, 83.82, 80.65,
2007,17, 0.343,299.21, 76.06, 87.49, 81.78,
2007,18, 0.339,299.06, 72.86, 91.77, 82.31,
2007,19, 0.338,299.12, 71.42, 93.13, 82.27,
2007,20, 0.337,299.41, 70.75, 92.60, 81.68,
2007,21, 0.337,299.87, 70.94, 91.81, 81.37,
2007,22, 0.336,300.41, 71.18, 90.85, 81.01,
2007,23, 0.332,300.76, 70.59, 90.87, 80.73,
2007,24, 0.327,300.83, 68.84, 91.48, 80.16,
2007,25, 0.325,301.19, 68.94, 90.58, 79.76,
2007,26, 0.324,301.73, 69.81, 88.88, 79.35,
2007,27, 0.320,301.99, 70.10, 87.26, 78.68,
2007,28, 0.319,302.18, 72.11, 86.45, 79.28,
2007,29, 0.319,302.54, 74.86, 85.39, 80.12,
2007,30, 0.320,302.82, 77.06, 84.30, 80.68,
2007,31, 0.320,303.09, 78.44, 82.44, 80.44,
2007,32, 0.318,303.06, 78.73, 81.59, 80.16,
2007,33, 0.317,303.01, 78.80, 80.32, 79.56,
2007,34, 0.316,303.01, 78.92, 76.82, 77.87,
2007,35, 0.314,302.77, 78.98, 74.77, 76.87,
2007,36, 0.313,302.36, 78.52, 73.69, 76.11,
2007,37, 0.311,302.10, 76.64, 70.00, 73.32,
2007,38, 0.310,302.18, 74.59, 60.98, 67.78,
2007,39, 0.306,302.13, 72.27, 50.25, 61.26,
2007,40, 0.300,301.76, 69.93, 41.81, 55.87,
2007,41, 0.294,301.15, 68.06, 34.93, 51.49,
2007,42, 0.285,300.41, 64.14, 28.99, 46.56,
2007,43, 0.274,299.50, 60.67, 24.47, 42.57,
2007,44, 0.261,298.51, 56.48, 19.18, 37.83,
2007,45, 0.247,297.36, 52.42, 17.17, 34.80,
2007,46, 0.235,295.83, 50.31, 19.65, 34.98,
2007,47, 0.226,294.17, 49.54, 22.28, 35.91,
2007,48, 0.219,292.41, 50.25, 25.96, 38.10,
2007,49, 0.214,290.83, 51.26, 31.38, 41.32,
2007,50, 0.210,289.81, 55.28, 33.48, 44.38,
2007,51, 0.206,289.14, 56.89, 37.31, 47.10,
2007,52, 0.203,288.68, 57.99, 41.57, 49.78,
2008, 1, 0.200,288.57, 57.33, 49.20, 53.27,
2008, 2, 0.199,288.62, 58.16, 53.52, 55.84,
2008, 3, 0.199,288.90, 59.13, 57.23, 58.18,
2008, 4, 0.198,289.77, 58.78, 56.73, 57.76,
2008, 5, 0.199,290.91, 58.49, 54.19, 56.34,
2008, 6, 0.200,292.21, 57.20, 51.04, 54.12,
2008, 7, 0.203,293.45, 55.48, 50.85, 53.16,
2008, 8, 0.208,294.79, 52.95, 51.29, 52.12,
2008, 9, 0.213,296.18, 50.06, 51.28, 50.67,
2008,10, 0.219,297.48, 47.08, 50.72, 48.90,
2008,11, 0.228,298.88, 44.95, 47.44, 46.20,
2008,12, 0.239,300.36, 44.83, 41.77, 43.30,
2008,13, 0.252,301.58, 45.13, 39.44, 42.28,
2008,14, 0.268,302.63, 47.43, 38.47, 42.95,
2008,15, 0.282,303.48, 47.45, 38.14, 42.80,
2008,16, 0.293,304.12, 49.56, 38.34, 43.95,
2008,17, 0.300,304.95, 51.27, 36.93, 44.10,
2008,18, 0.304,305.66, 52.39, 35.67, 44.03,
2008,19, 0.304,306.38, 53.07, 33.19, 43.13,
2008,20, 0.303,307.13, 53.43, 30.84, 42.13,
2008,21, 0.302,307.52, 53.52, 32.55, 43.03,
2008,22, 0.299,307.95, 53.15, 34.55, 43.85,
2008,23, 0.294,308.18, 52.24, 36.70, 44.47,
2008,24, 0.289,308.02, 50.60, 40.09, 45.35,
2008,25, 0.283,307.55, 48.62, 44.66, 46.64,
2008,26, 0.277,307.09, 47.07, 48.45, 47.76,
2008,27, 0.274,306.87, 47.46, 50.01, 48.73,
2008,28, 0.272,306.79, 48.71, 51.17, 49.94,
2008,29, 0.272,306.82, 50.64, 51.53, 51.08,
2008,30, 0.271,306.70, 51.45, 52.33, 51.89,
2008,31, 0.270,306.37, 52.03, 54.45, 53.24,
2008,32, 0.270,305.92, 52.77, 56.86, 54.81,
2008,33, 0.271,305.24, 54.19, 61.33, 57.76,
2008,34, 0.277,304.37, 57.91, 65.34, 61.63,
2008,35, 0.286,303.67, 63.22, 67.33, 65.28,
2008,36, 0.296,303.25, 68.83, 66.41, 67.62,
2008,37, 0.302,302.99, 71.40, 62.49, 66.94,
2008,38, 0.304,302.67, 71.17, 56.93, 64.05,
2008,39, 0.302,302.08, 70.15, 51.58, 60.87,
2008,40, 0.299,301.42, 69.49, 46.25, 57.87,
2008,41, 0.294,300.48, 68.45, 43.28, 55.86,
2008,42, 0.288,299.56, 66.02, 39.07, 52.54,
2008,43, 0.280,298.42, 64.16, 36.58, 50.37,
2008,44, 0.268,297.18, 61.45, 33.83, 47.64,
2008,45, 0.258,296.27, 59.54, 27.69, 43.62,
2008,46, 0.248,295.28, 58.75, 24.26, 41.51,
2008,47, 0.239,293.84, 58.07, 24.63, 41.35,
2008,48, 0.230,292.46, 57.60, 25.05, 41.32,
2008,49, 0.223,291.41, 56.85, 24.96, 40.91,
2008,50, 0.216,291.01, 59.55, 20.19, 39.87,
2008,51, 0.210,291.17, 59.46, 16.17, 37.81,
2008,52, 0.206,291.47, 59.77, 13.85, 36.81,
2009, 1, 0.204,292.07, 59.67, 14.96, 37.31,
2009, 2, 0.202,292.69, 60.12, 13.75, 36.93,
2009, 3, 0.199,293.37, 59.33, 12.95, 36.14,
2009, 4, 0.198,294.22, 58.96, 12.05, 35.50,
2009, 5, 0.197,294.98, 58.20, 12.68, 35.44,
2009, 6, 0.198,295.77, 56.59, 14.62, 35.61,
2009, 7, 0.200,296.61, 54.21, 18.16, 36.19,
2009, 8, 0.201,297.53, 49.50, 22.72, 36.11,
2009, 9, 0.204,298.67, 45.80, 25.29, 35.54,
2009,10, 0.208,299.51, 42.12, 28.87, 35.50,
2009,11, 0.214,300.15, 38.64, 33.03, 35.84,
2009,12, 0.224,301.06, 37.91, 33.32, 35.61,
2009,13, 0.235,301.63, 37.14, 37.51, 37.32,
2009,14, 0.244,302.03, 35.71, 43.09, 39.40,
2009,15, 0.251,302.55, 32.55, 46.26, 39.40,
2009,16, 0.257,303.34, 31.23, 45.23, 38.23,
2009,17, 0.264,304.29, 32.15, 42.67, 37.41,
2009,18, 0.273,304.98, 34.81, 41.62, 38.21,
2009,19, 0.281,305.23, 38.68, 43.06, 40.87,
2009,20, 0.288,305.61, 43.54, 43.38, 43.46,
2009,21, 0.293,306.01, 47.34, 44.39, 45.87,
2009,22, 0.295,306.40, 50.28, 45.94, 48.11,
2009,23, 0.294,306.42, 51.45, 49.08, 50.27,
2009,24, 0.293,306.72, 52.31, 48.91, 50.61,
2009,25, 0.292,307.25, 53.73, 46.42, 50.08,
2009,26, 0.291,307.55, 54.61, 44.75, 49.68,
2009,27, 0.289,307.72, 55.39, 43.46, 49.43,
2009,28, 0.287,307.87, 56.73, 42.90, 49.82,
2009,29, 0.286,307.73, 58.22, 44.44, 51.33,
2009,30, 0.284,307.23, 58.83, 48.24, 53.54,
2009,31, 0.284,306.78, 59.80, 51.17, 55.48,
2009,32, 0.284,306.66, 60.54, 50.56, 55.55,
2009,33, 0.281,306.15, 59.42, 53.62, 56.52,
2009,34, 0.273,305.10, 55.68, 59.35, 57.51,
2009,35, 0.265,303.93, 51.87, 65.34, 58.60,
2009,36, 0.262,302.82, 50.11, 70.52, 60.31,
2009,37, 0.261,301.72, 49.52, 74.34, 61.93,
2009,38, 0.264,300.94, 50.22, 73.96, 62.09,
2009,39, 0.268,300.02, 51.78, 72.92, 62.35,
2009,40, 0.275,299.22, 55.86, 70.70, 63.28,
2009,41, 0.279,298.22, 59.10, 69.56, 64.33,
2009,42, 0.280,296.87, 61.17, 70.89, 66.03,
2009,43, 0.279,295.66, 62.70, 70.43, 66.57,
2009,44, 0.277,294.95, 65.35, 62.41, 63.88,
2009,45, 0.275,294.18, 67.94, 53.07, 60.51,
2009,46, 0.268,293.16, 68.38, 48.45, 58.41,
2009,47, 0.257,291.97, 66.21, 45.86, 56.04,
2009,48, 0.246,291.00, 63.42, 41.59, 52.50,
2009,49, 0.236,289.93, 61.02, 42.10, 51.56,
2009,50, 0.227,288.30, 62.22, 51.28, 56.75,
2009,51, 0.218,287.47, 60.07, 55.63, 57.85,
2009,52, 0.213,287.43, 59.77, 54.67, 57.22,
2010, 1, 0.200,286.68, 52.38, 67.81, 60.10,
2010, 2, 0.194,286.61, 49.41, 72.96, 61.18,
2010, 3, 0.190,286.64, 47.28, 78.21, 62.74,
2010, 4, 0.187,287.04, 45.30, 80.99, 63.14,
2010, 5, 0.185,287.72, 43.91, 82.01, 62.96,
2010, 6, 0.187,288.31, 43.06, 84.41, 63.74,
2010, 7, 0.193,289.37, 43.13, 86.06, 64.60,
2010, 8, 0.200,290.95, 42.32, 85.48, 63.90,
2010, 9, 0.207,292.91, 39.96, 81.17, 60.56,
2010,10, 0.219,294.75, 41.01, 76.07, 58.54,
2010,11, 0.233,296.20, 43.02, 72.37, 57.69,
2010,12, 0.246,297.49, 44.21, 68.76, 56.48,
2010,13, 0.262,298.65, 46.58, 67.03, 56.80,
2010,14, 0.276,299.49, 48.95, 67.05, 58.00,
2010,15, 0.292,300.43, 50.27, 65.37, 57.82,
2010,16, 0.307,301.22, 55.69, 63.67, 59.68,
2010,17, 0.319,301.61, 60.90, 65.36, 63.13,
2010,18, 0.326,302.00, 64.03, 65.62, 64.82,
2010,19, 0.330,302.67, 65.99, 62.51, 64.25,
2010,20, 0.329,303.16, 65.79, 61.29, 63.54,
2010,21, 0.326,303.64, 64.74, 61.43, 63.09,
2010,22, 0.321,304.06, 62.96, 62.67, 62.82,
2010,23, 0.317,304.37, 62.37, 63.75, 63.06,
2010,24, 0.315,304.64, 63.06, 63.55, 63.31,
2010,25, 0.311,304.27, 62.26, 67.79, 65.03,
2010,26, 0.308,303.63, 62.12, 73.87, 67.99,
2010,27, 0.310,303.52, 65.32, 74.73, 70.03,
2010,28, 0.313,303.75, 69.43, 73.55, 71.49,
2010,29, 0.316,304.15, 73.11, 71.89, 72.50,
2010,30, 0.316,304.52, 74.68, 69.80, 72.24,
2010,31, 0.312,304.95, 74.11, 66.13, 70.12,
2010,32, 0.308,305.27, 73.05, 62.02, 67.54,
2010,33, 0.304,305.28, 71.66, 60.36, 66.01,
2010,34, 0.301,305.28, 70.96, 56.73, 63.85,
2010,35, 0.300,305.30, 70.89, 52.09, 61.49,
2010,36, 0.297,304.87, 69.58, 50.92, 60.25,
2010,37, 0.298,304.52, 69.51, 47.44, 58.47,
2010,38, 0.299,304.19, 68.85, 41.36, 55.10,
2010,39, 0.298,303.57, 68.22, 35.47, 51.84,
2010,40, 0.297,302.99, 68.11, 28.81, 48.46,
2010,41, 0.294,302.25, 67.90, 23.47, 45.69,
2010,42, 0.287,301.04, 65.68, 22.91, 44.29,
2010,43, 0.280,299.73, 64.44, 22.50, 43.47,
2010,44, 0.271,298.27, 62.49, 22.22, 42.35,
2010,45, 0.262,296.65, 61.26, 24.62, 42.94,
2010,46, 0.253,295.11, 60.78, 26.82, 43.80,
2010,47, 0.242,293.68, 58.58, 26.95, 42.77,
2010,48, 0.230,292.45, 55.53, 26.08, 40.80,
2010,49, 0.219,291.37, 52.55, 26.84, 39.69,
2010,50, 0.211,290.26, 54.10, 29.83, 41.97,
2010,51, 0.204,289.15, 53.43, 38.03, 45.73,
2010,52, 0.199,288.25, 53.25, 46.20, 49.73,
2011, 1, 0.194,288.06, 51.18, 54.42, 52.80,
2011, 2, 0.192,288.35, 52.05, 56.36, 54.21,
2011, 3, 0.191,288.97, 52.24, 56.46, 54.35,
2011, 4, 0.189,290.03, 51.20, 54.06, 52.63,
2011, 5, 0.188,291.72, 50.22, 45.48, 47.85,
2011, 6, 0.190,293.51, 49.33, 37.19, 43.26,
2011, 7, 0.194,295.25, 48.25, 32.19, 40.22,
2011, 8, 0.199,296.84, 45.72, 30.14, 37.93,
2011, 9, 0.203,298.64, 42.29, 25.95, 34.12,
2011,10, 0.209,300.48, 39.30, 19.43, 29.36,
2011,11, 0.216,301.89, 36.38, 15.87, 26.13,
2011,12, 0.224,302.77, 34.13, 16.57, 25.35,
2011,13, 0.232,304.01, 31.80, 14.27, 23.04,
2011,14, 0.239,305.31, 29.62, 11.60, 20.61,
2011,15, 0.245,306.29, 26.63, 10.77, 18.70,
2011,16, 0.249,306.81, 24.95, 12.85, 18.90,
2011,17, 0.251,307.34, 23.48, 15.30, 19.39,
2011,18, 0.252,308.04, 22.44, 15.59, 19.01,
2011,19, 0.251,308.78, 22.02, 14.21, 18.12,
2011,20, 0.249,309.60, 21.51, 12.36, 16.93,
2011,21, 0.244,310.73, 19.81,  9.16, 14.48,
2011,22, 0.237,311.95, 17.22,  6.60, 11.91,
2011,23, 0.230,312.91, 15.14,  4.57,  9.86,
2011,24, 0.224,313.51, 14.21,  3.61,  8.91,
2011,25, 0.217,313.65, 13.09,  3.69,  8.39,
2011,26, 0.210,313.42, 11.80,  4.20,  8.00,
2011,27, 0.204,313.14, 11.06,  4.76,  7.91,
2011,28, 0.198,313.05, 10.61,  4.99,  7.80,
2011,29, 0.193,312.81, 10.19,  5.40,  7.79,
2011,30, 0.190,312.57,  9.91,  5.14,  7.52,
2011,31, 0.187,312.33,  9.70,  4.33,  7.02,
2011,32, 0.187,312.18,  9.98,  3.27,  6.62,
2011,33, 0.186,312.10, 10.32,  2.24,  6.28,
2011,34, 0.187,311.63, 10.67,  2.00,  6.34,
2011,35, 0.188,311.07, 11.30,  1.78,  6.54,
2011,36, 0.190,310.46, 12.26,  1.58,  6.92,
2011,37, 0.194,309.61, 13.54,  1.65,  7.60,
2011,38, 0.197,308.31, 14.72,  2.23,  8.48,
2011,39, 0.200,306.71, 15.48,  3.63,  9.55,
2011,40, 0.203,305.07, 16.77,  5.93, 11.35,
2011,41, 0.207,303.11, 18.99, 12.91, 15.95,
2011,42, 0.213,300.83, 21.84, 24.41, 23.13,
2011,43, 0.215,298.63, 24.22, 34.39, 29.30,
2011,44, 0.216,296.78, 27.78, 39.31, 33.54,
2011,45, 0.217,295.24, 32.22, 40.15, 36.19,
2011,46, 0.217,293.77, 36.68, 41.20, 38.94,
2011,47, 0.216,292.17, 40.13, 42.87, 41.50,
2011,48, 0.214,290.60, 42.31, 45.30, 43.80,
2011,49, 0.211,289.53, 43.67, 46.00, 44.83,
2011,50, 0.210,288.94, 49.09, 43.89, 46.49,
2011,51, 0.211,288.79, 52.93, 41.60, 47.26,
2011,52, 0.213,288.99, 56.40, 38.86, 47.63,
2012, 1, 0.215,289.69, 59.11, 38.38, 48.74,
2012, 2, 0.221,290.42, 63.99, 36.14, 50.07,
2012, 3, 0.225,290.97, 67.33, 37.07, 52.20,
2012, 4, 0.228,291.39, 68.80, 41.10, 54.95,
2012, 5, 0.234,292.03, 71.38, 43.35, 57.36,
2012, 6, 0.243,293.01, 74.39, 42.94, 58.66,
2012, 7, 0.254,294.23, 76.41, 42.95, 59.68,
2012, 8, 0.265,295.32, 76.43, 46.03, 61.23,
2012, 9, 0.276,296.74, 75.82, 45.78, 60.80,
2012,10, 0.289,298.37, 75.77, 41.99, 58.88,
2012,11, 0.299,299.96, 74.88, 37.49, 56.18,
2012,12, 0.308,301.14, 73.91, 35.44, 54.67,
2012,13, 0.315,302.06, 72.10, 36.17, 54.13,
2012,14, 0.319,303.22, 69.87, 34.01, 51.94,
2012,15, 0.318,304.34, 63.76, 31.67, 47.72,
2012,16, 0.312,305.13, 58.20, 30.69, 44.44,
2012,17, 0.304,305.85, 52.34, 30.53, 41.44,
2012,18, 0.297,306.66, 46.84, 28.61, 37.73,
2012,19, 0.288,307.41, 42.02, 26.51, 34.27,
2012,20, 0.281,307.92, 38.47, 26.61, 32.54,
2012,21, 0.275,308.19, 35.77, 29.54, 32.66,
2012,22, 0.269,308.65, 33.71, 31.09, 32.40,
2012,23, 0.266,309.02, 33.95, 32.43, 33.19,
2012,24, 0.262,309.16, 34.20, 33.62, 33.91,
2012,25, 0.258,309.20, 34.31, 34.51, 34.41,
2012,26, 0.255,309.27, 34.44, 34.13, 34.28,
2012,27, 0.247,309.55, 33.33, 31.12, 32.22,
2012,28, 0.244,309.71, 34.44, 30.01, 32.22,
2012,29, 0.242,309.91, 35.35, 28.27, 31.81,
2012,30, 0.239,310.14, 35.49, 25.55, 30.52,
2012,31, 0.238,310.14, 36.05, 23.79, 29.92,
2012,32, 0.237,310.04, 36.09, 22.60, 29.34,
2012,33, 0.236,309.65, 36.55, 23.86, 30.21,
2012,34, 0.237,308.80, 37.40, 26.76, 32.08,
2012,35, 0.241,308.25, 40.02, 26.66, 33.34,
2012,36, 0.246,307.58, 42.39, 27.27, 34.83,
2012,37, 0.249,306.92, 43.34, 26.25, 34.80,
2012,38, 0.251,306.08, 43.28, 24.22, 33.75,
2012,39, 0.253,304.62, 43.71, 25.68, 34.70,
2012,40, 0.256,303.17, 45.44, 27.58, 36.51,
2012,41, 0.259,302.07, 47.60, 26.91, 37.26,
2012,42, 0.259,301.05, 48.73, 25.30, 37.01,
2012,43, 0.258,299.80, 49.99, 24.54, 37.26,
2012,44, 0.255,298.57, 51.45, 22.59, 37.02,
2012,45, 0.247,297.53, 50.92, 19.21, 35.06,
2012,46, 0.239,296.48, 50.75, 16.09, 33.42,
2012,47, 0.231,295.19, 50.87, 14.52, 32.70,
2012,48, 0.225,293.98, 51.60, 13.23, 32.41,
2012,49, 0.219,292.97, 51.85, 12.82, 32.33,
2012,50, 0.212,291.76, 55.14, 15.41, 35.28,
2012,51, 0.207,290.72, 55.35, 22.15, 38.75,
2012,52, 0.203,289.90, 55.86, 29.90, 42.88,
2013, 1, 0.194,289.08, 47.07, 44.07, 45.57,
2013, 2, 0.192,289.53, 47.08, 44.32, 45.71,
2013, 3, 0.192,290.43, 47.65, 41.52, 44.59,
2013, 4, 0.198,291.75, 51.09, 36.35, 43.72,
2013, 5, 0.202,292.67, 52.65, 35.70, 44.18,
2013, 6, 0.205,293.41, 52.60, 38.12, 45.36,
2013, 7, 0.210,294.28, 51.57, 41.67, 46.62,
2013, 8, 0.215,295.20, 48.96, 46.13, 47.54,
2013, 9, 0.220,296.18, 45.88, 49.52, 47.70,
2013,10, 0.225,297.41, 42.55, 48.41, 45.48,
2013,11, 0.223,298.33, 34.96, 50.28, 42.62,
2013,12, 0.239,299.90, 38.13, 46.25, 42.19,
2013,13, 0.245,300.91, 35.94, 46.19, 41.06,
2013,14, 0.252,301.73, 34.59, 47.57, 41.08,
2013,15, 0.258,302.71, 32.89, 46.30, 39.60,
2013,16, 0.264,303.75, 32.73, 43.23, 37.98,
2013,17, 0.268,304.68, 32.66, 40.98, 36.82,
2013,18, 0.269,305.49, 32.05, 38.97, 35.51,
2013,19, 0.267,306.32, 31.32, 35.64, 33.48,
2013,20, 0.265,307.13, 30.81, 32.72, 31.76,
2013,21, 0.262,307.63, 30.58, 33.07, 31.83,
2013,22, 0.262,307.87, 31.58, 36.06, 33.82,
2013,23, 0.262,307.96, 33.31, 39.06, 36.18,
2013,24, 0.263,308.24, 35.46, 39.11, 37.28,
2013,25, 0.262,308.33, 36.79, 39.46, 38.12,
2013,26, 0.261,308.37, 37.84, 39.45, 38.64,
2013,27, 0.261,308.15, 40.02, 40.79, 40.40,
2013,28, 0.263,308.06, 42.99, 41.97, 42.48,
2013,29, 0.266,308.01, 46.34, 42.80, 44.57,
2013,30, 0.268,307.56, 48.77, 46.08, 47.43,
2013,31, 0.270,307.11, 50.77, 48.79, 49.78,
2013,32, 0.271,307.07, 52.17, 47.40, 49.79,
2013,33, 0.269,306.84, 52.12, 47.29, 49.71,
2013,34, 0.266,306.44, 50.72, 46.76, 48.74,
2013,35, 0.263,305.76, 49.61, 48.17, 48.89,
2013,36, 0.263,305.18, 50.03, 48.49, 49.26,
2013,37, 0.266,304.89, 51.15, 44.85, 48.00,
2013,38, 0.269,304.10, 52.12, 43.41, 47.76,
2013,39, 0.273,303.12, 54.22, 41.42, 47.82,
2013,40, 0.277,302.08, 56.58, 39.77, 48.17,
2013,41, 0.278,300.76, 58.36, 41.32, 49.84,
2013,42, 0.278,299.24, 59.73, 44.57, 52.15,
2013,43, 0.274,297.36, 59.67, 51.11, 55.39,
2013,44, 0.269,295.71, 60.08, 54.46, 57.27,
2013,45, 0.262,294.44, 60.10, 52.38, 56.24,
2013,46, 0.252,292.78, 58.59, 54.83, 56.72,
2013,47, 0.240,291.30, 55.62, 54.61, 55.12,
2013,48, 0.230,290.07, 53.69, 53.23, 53.47,
2013,49, 0.222,289.11, 52.19, 53.13, 52.67,
2013,50, 0.216,288.49, 54.98, 51.53, 53.26,
2013,51, 0.210,288.00, 54.84, 51.22, 53.04,
2013,52, 0.207,288.19, 55.53, 47.72, 51.63,
2014, 1, 0.204,288.91, 52.76, 46.32, 49.54,
2014, 2, 0.202,289.69, 52.66, 43.42, 48.05,
2014, 3, 0.200,290.51, 52.03, 41.51, 46.77,
2014, 4, 0.203,291.62, 53.49, 38.53, 46.01,
2014, 5, 0.203,292.47, 52.91, 38.77, 45.84,
2014, 6, 0.204,293.46, 51.55, 38.66, 45.11,
2014, 7, 0.206,294.71, 49.19, 38.39, 43.79,
2014, 8, 0.209,296.14, 45.52, 37.81, 41.66,
2014, 9, 0.213,297.59, 41.87, 36.57, 39.22,
2014,10, 0.218,298.99, 38.54, 33.96, 36.25,
2014,11, 0.216,299.93, 31.23, 35.33, 33.28,
2014,12, 0.232,301.31, 33.84, 32.60, 33.22,
2014,13, 0.239,302.18, 31.92, 33.44, 32.68,
2014,14, 0.245,303.08, 30.61, 33.77, 32.19,
2014,15, 0.251,303.93, 28.61, 33.63, 31.12,
2014,16, 0.255,304.71, 27.45, 32.75, 30.10,
2014,17, 0.258,305.44, 26.70, 32.38, 29.54,
2014,18, 0.259,305.94, 25.99, 33.27, 29.63,
2014,19, 0.259,306.15, 25.96, 35.47, 30.71,
2014,20, 0.258,305.95, 26.64, 40.74, 33.69,
2014,21, 0.262,305.76, 29.50, 46.23, 37.87,
2014,22, 0.268,305.53, 33.90, 52.49, 43.19,
2014,23, 0.275,305.28, 39.62, 57.68, 48.65,
2014,24, 0.284,305.23, 45.94, 59.74, 52.84,
2014,25, 0.290,305.05, 50.57, 62.31, 56.44,
2014,26, 0.293,305.20, 53.69, 62.60, 58.14,
2014,27, 0.295,305.58, 56.18, 60.02, 58.10,
2014,28, 0.295,306.00, 58.42, 57.55, 57.99,
2014,29, 0.294,306.29, 59.76, 56.35, 58.06,
2014,30, 0.291,306.45, 59.59, 55.15, 57.37,
2014,31, 0.287,306.30, 58.90, 55.69, 57.30,
2014,32, 0.283,306.09, 58.22, 55.91, 57.07,
2014,33, 0.279,305.74, 57.26, 56.97, 57.11,
2014,34, 0.275,305.09, 55.46, 58.57, 57.02,
2014,35, 0.270,304.28, 53.50, 61.15, 57.32,
2014,36, 0.269,303.51, 52.61, 63.25, 57.93,
2014,37, 0.269,302.67, 52.45, 64.95, 58.70,
2014,38, 0.271,301.82, 52.99, 64.94, 58.97,
2014,39, 0.274,301.20, 54.58, 60.64, 57.61,
2014,40, 0.277,300.82, 56.75, 52.81, 54.78,
2014,41, 0.277,300.37, 57.84, 44.79, 51.32,
2014,42, 0.274,299.40, 56.43, 41.80, 49.11,
2014,43, 0.268,298.11, 55.50, 41.34, 48.42,
2014,44, 0.261,296.59, 54.86, 42.79, 48.83,
2014,45, 0.252,295.23, 54.28, 42.24, 48.26,
2014,46, 0.242,293.92, 53.26, 41.20, 47.23,
2014,47, 0.231,292.41, 50.80, 41.81, 46.31,
2014,48, 0.220,291.45, 48.64, 38.07, 43.36,
2014,49, 0.212,290.81, 46.91, 34.47, 40.70,
2014,50, 0.205,289.67, 48.69, 37.87, 43.29,
2014,51, 0.201,288.72, 49.26, 43.05, 46.16,
2014,52, 0.200,288.25, 50.89, 46.76, 48.82,
2015, 1, 0.199,288.22, 48.75, 52.96, 50.86,
2015, 2, 0.197,288.36, 48.27, 56.40, 52.34,
2015, 3, 0.197,289.01, 48.57, 56.62, 52.60,
2015, 4, 0.205,290.88, 53.71, 46.53, 50.12,
2015, 5, 0.208,291.77, 55.12, 46.79, 50.96,
2015, 6, 0.213,292.39, 55.90, 50.42, 53.16,
2015, 7, 0.217,292.93, 54.68, 57.49, 56.09,
2015, 8, 0.221,293.52, 51.41, 65.24, 58.33,
2015, 9, 0.228,294.51, 49.25, 67.79, 58.52,
2015,10, 0.237,295.78, 48.58, 65.99, 57.28,
2015,11, 0.239,296.47, 43.29, 70.11, 56.70,
2015,12, 0.265,298.35, 51.85, 63.24, 57.55,
2015,13, 0.279,299.36, 54.30, 62.45, 58.38,
2015,14, 0.294,300.01, 57.92, 64.19, 61.06,
2015,15, 0.305,299.92, 57.79, 71.96, 64.88,
2015,16, 0.317,300.28, 61.26, 73.96, 67.62,
2015,17, 0.327,300.87, 64.98, 73.64, 69.31,
2015,18, 0.331,300.98, 66.23, 75.86, 71.05,
2015,19, 0.332,300.97, 66.33, 77.85, 72.09,
2015,20, 0.329,300.90, 65.33, 80.18, 72.75,
2015,21, 0.328,301.02, 65.36, 81.85, 73.60,
2015,22, 0.331,301.62, 67.33, 80.74, 74.03,
2015,23, 0.332,302.18, 69.42, 79.51, 74.47,
2015,24, 0.333,302.60, 71.10, 77.99, 74.55,
2015,25, 0.332,302.90, 71.66, 77.55, 74.61,
2015,26, 0.332,303.42, 72.68, 75.54, 74.11,
2015,27, 0.332,304.01, 74.79, 71.50, 73.15,
2015,28, 0.332,304.73, 76.92, 66.86, 71.89,
2015,29, 0.330,305.43, 77.97, 62.69, 70.33,
2015,30, 0.326,305.85, 77.22, 59.68, 68.45,
2015,31, 0.319,305.94, 74.96, 58.50, 66.73,
2015,32, 0.310,305.84, 71.66, 57.86, 64.76,
2015,33, 0.301,305.57, 67.73, 58.39, 63.07,
2015,34, 0.293,305.39, 64.20, 56.16, 60.19,
2015,35, 0.285,305.15, 61.01, 53.71, 57.37,
2015,36, 0.279,304.64, 57.98, 53.52, 55.76,
2015,37, 0.275,304.18, 55.17, 51.52, 53.35,
2015,38, 0.270,303.58, 52.37, 48.34, 50.36,
2015,39, 0.266,302.87, 50.36, 43.75, 47.05,
2015,40, 0.264,301.92, 49.37, 41.12, 45.24,
2015,41, 0.259,300.71, 47.95, 41.29, 44.62,
2015,42, 0.256,299.26, 46.37, 43.36, 44.86,
2015,43, 0.254,297.61, 47.56, 46.90, 47.23,
2015,44, 0.253,295.95, 49.95, 49.88, 49.91,
2015,45, 0.250,294.45, 52.65, 50.48, 51.57,
2015,46, 0.246,292.82, 54.73, 52.70, 53.71,
2015,47, 0.241,291.45, 55.75, 51.57, 53.66,
2015,48, 0.234,290.47, 56.00, 47.66, 51.83,
2015,49, 0.228,289.52, 55.78, 47.38, 51.59,
2015,50, 0.225,288.95, 59.73, 45.04, 52.39,
2015,51, 0.222,288.47, 61.10, 45.04, 53.07,
2015,52, 0.221,288.31, 62.87, 45.56, 54.21,
2016, 1, 0.220,288.52, 63.10, 49.52, 56.31,
2016, 2, 0.220,289.07, 63.87, 48.88, 56.37,
2016, 3, 0.221,290.04, 64.94, 45.54, 55.24,
2016, 4, 0.226,291.45, 68.22, 39.53, 53.88,
2016, 5, 0.229,292.53, 69.13, 37.34, 53.24,
2016, 6, 0.232,293.53, 68.72, 37.30, 53.01,
2016, 7, 0.235,294.59, 66.65, 39.11, 52.88,
2016, 8, 0.238,295.43, 62.77, 44.44, 53.60,
2016, 9, 0.241,296.09, 58.40, 50.52, 54.46,
2016,10, 0.243,296.13, 52.64, 60.14, 56.39,
2016,11, 0.264,297.92, 58.95, 53.56, 56.25,
2016,12, 0.296,299.08, 69.48, 53.75, 61.62,
2016,13, 0.305,299.56, 68.81, 58.70, 63.76,
2016,14, 0.313,299.98, 68.69, 63.45, 66.07,
2016,15, 0.322,300.64, 67.23, 64.64, 65.94,
2016,16, 0.329,301.16, 68.29, 65.47, 66.88,
2016,17, 0.335,301.67, 69.63, 66.14, 67.89,
2016,18, 0.338,302.14, 70.57, 65.83, 68.20,
2016,19, 0.338,302.47, 70.67, 65.76, 68.21,
2016,20, 0.334,302.93, 69.31, 64.62, 66.97,
2016,21, 0.330,303.42, 67.61, 64.31, 65.96,
2016,22, 0.328,303.80, 66.82, 65.35, 66.08,
2016,23, 0.326,304.34, 67.26, 64.53, 65.89,
2016,24, 0.325,304.71, 67.58, 63.42, 65.50,
2016,25, 0.323,304.97, 67.66, 62.84, 65.25,
2016,26, 0.319,305.17, 66.52, 62.78, 64.65,
2016,27, 0.315,305.52, 66.88, 60.47, 63.67,
2016,28, 0.313,305.76, 67.77, 59.40, 63.58,
2016,29, 0.310,305.90, 68.57, 59.53, 64.05,
2016,30, 0.307,305.93, 68.35, 59.68, 64.02,
2016,31, 0.304,305.70, 68.47, 61.31, 64.89,
2016,32, 0.302,305.08, 68.63, 65.22, 66.93,
2016,33, 0.301,304.25, 69.24, 70.37, 69.81,
2016,34, 0.302,303.42, 70.45, 73.70, 72.08,
2016,35, 0.305,302.65, 72.43, 76.05, 74.24,
2016,36, 0.309,302.23, 74.42, 75.09, 74.76,
2016,37, 0.313,302.11, 75.60, 70.25, 72.92,
2016,38, 0.312,301.75, 74.56, 65.76, 70.16,
2016,39, 0.310,301.52, 73.61, 57.45, 65.53,
2016,40, 0.310,301.52, 74.09, 45.53, 59.81,
2016,41, 0.304,300.88, 72.80, 39.97, 56.38,
2016,42, 0.295,299.84, 69.06, 38.02, 53.54,
2016,43, 0.285,298.60, 66.30, 37.04, 51.67,
2016,44, 0.276,297.44, 65.25, 33.69, 49.47,
2016,45, 0.266,296.15, 63.58, 32.91, 48.25,
2016,46, 0.256,294.39, 61.82, 37.23, 49.52,
2016,47, 0.244,292.60, 59.19, 40.68, 49.94,
2016,48, 0.232,291.25, 56.45, 40.62, 48.54,
2016,49, 0.221,290.26, 53.00, 40.80, 46.91,
2016,50, 0.212,289.72, 53.74, 37.81, 45.78,
2016,51, 0.204,289.26, 51.77, 37.71, 44.74,
2016,52, 0.201,289.40, 52.58, 35.04, 43.81,
2017, 1, 0.200,289.85, 51.34, 36.49, 43.91,
2017, 2, 0.200,290.37, 51.68, 36.10, 43.89,
2017, 3, 0.198,290.88, 50.86, 37.31, 44.09,
2017, 4, 0.204,292.06, 54.21, 33.50, 43.85,
2017, 5, 0.209,293.17, 57.17, 30.88, 44.03,
2017, 6, 0.215,294.22, 58.37, 30.37, 44.37,
2017, 7, 0.222,295.33, 58.95, 31.75, 45.35,
2017, 8, 0.230,296.34, 57.66, 35.49, 46.57,
2017, 9, 0.238,297.30, 56.74, 39.10, 47.92,
2017,10, 0.250,298.25, 57.14, 40.94, 49.04,
2017,11, 0.251,298.76, 51.30, 46.67, 48.99,
2017,12, 0.281,300.06, 61.06, 45.18, 53.13,
2017,13, 0.293,300.74, 62.00, 47.89, 54.95,
2017,14, 0.303,301.31, 63.25, 50.95, 57.10,
2017,15, 0.312,301.80, 61.75, 53.84, 57.80,
2017,16, 0.318,302.38, 62.17, 54.42, 58.30,
2017,17, 0.322,303.34, 62.81, 51.38, 57.10,
2017,18, 0.323,304.35, 62.27, 46.68, 54.47,
2017,19, 0.320,304.97, 60.48, 44.62, 52.55,
2017,20, 0.315,305.48, 58.24, 43.91, 51.07,
2017,21, 0.309,305.98, 55.78, 44.44, 50.11,
2017,22, 0.305,306.44, 54.49, 46.09, 50.29,
2017,23, 0.304,306.52, 54.95, 49.23, 52.09,
2017,24, 0.302,306.13, 55.70, 53.90, 54.80,
2017,25, 0.301,305.83, 56.71, 57.28, 56.99,
2017,26, 0.301,305.74, 58.04, 58.96, 58.50,
2017,27, 0.301,305.48, 60.17, 60.94, 60.56,
2017,28, 0.300,305.20, 61.76, 63.91, 62.84,
2017,29, 0.299,305.09, 63.27, 66.10, 64.69,
2017,30, 0.298,305.01, 64.09, 67.32, 65.70,
2017,31, 0.297,304.68, 65.10, 69.84, 67.47,
2017,32, 0.297,303.98, 65.72, 74.46, 70.09,
2017,33, 0.298,303.54, 67.24, 76.26, 71.75,
2017,34, 0.300,303.56, 68.88, 72.51, 70.70,
2017,35, 0.299,303.54, 68.64, 68.34, 68.49,
2017,36, 0.297,303.40, 67.70, 64.86, 66.29,
2017,37, 0.295,302.97, 65.90, 62.54, 64.22,
2017,38, 0.292,302.26, 64.06, 60.90, 62.48,
2017,39, 0.292,301.29, 63.98, 59.85, 61.92,
2017,40, 0.294,300.46, 65.47, 56.88, 61.18,
2017,41, 0.292,299.69, 66.15, 52.44, 59.29,
2017,42, 0.288,299.06, 64.83, 45.56, 55.19,
2017,43, 0.280,298.17, 62.66, 40.41, 51.53,
2017,44, 0.268,297.18, 58.94, 35.33, 47.13,
2017,45, 0.255,295.87, 55.25, 34.57, 44.91,
2017,46, 0.244,294.71, 53.95, 32.52, 43.24,
2017,47, 0.237,293.77, 54.18, 27.56, 40.87,
2017,48, 0.228,292.78, 53.50, 24.64, 39.07,
2017,49, 0.220,291.81, 52.51, 24.76, 38.64,
2017,50, 0.213,290.88, 54.65, 25.75, 40.20,
2017,51, 0.207,290.04, 54.35, 30.06, 42.21,
2017,52, 0.200,289.59, 54.36, 33.37, 43.87,
2018, 1, 0.196,289.72, 49.92, 38.65, 44.29,
2018, 2, 0.193,290.45, 48.94, 38.47, 43.71,
2018, 3, 0.190,291.23, 48.12, 34.79, 41.45,
2018, 4, 0.192,292.17, 49.21, 32.54, 40.88,
2018, 5, 0.191,292.85, 47.92, 35.36, 41.64,
2018, 6, 0.192,293.43, 46.51, 37.04, 41.78,
2018, 7, 0.195,294.40, 44.46, 40.43, 42.45,
2018, 8, 0.200,295.73, 41.94, 43.39, 42.66,
2018, 9, 0.209,297.15, 41.02, 41.30, 41.16,
2018,10, 0.219,298.42, 40.47, 40.51, 40.48,
2018,11, 0.222,299.22, 35.04, 44.70, 39.87,
2018,12, 0.243,300.34, 40.47, 42.56, 41.52,
2018,13, 0.253,300.96, 40.41, 44.56, 42.49,
2018,14, 0.264,301.82, 40.76, 45.58, 43.17,
2018,15, 0.273,302.88, 39.99, 45.06, 42.53,
2018,16, 0.280,303.96, 40.58, 40.72, 40.65,
2018,17, 0.285,304.99, 41.63, 36.54, 39.09,
2018,18, 0.289,305.78, 42.13, 34.49, 38.31,
2018,19, 0.289,306.33, 42.73, 33.70, 38.22,
2018,20, 0.288,306.77, 42.98, 33.88, 38.43,
2018,21, 0.285,307.02, 42.64, 36.23, 39.44,
2018,22, 0.283,307.15, 42.38, 40.12, 41.25,
2018,23, 0.280,307.19, 42.59, 43.44, 43.01,
2018,24, 0.278,307.29, 42.60, 44.72, 43.66,
2018,25, 0.274,307.29, 42.52, 45.89, 44.20,
2018,26, 0.271,307.37, 42.37, 46.09, 44.23,
2018,27, 0.268,307.56, 42.95, 44.91, 43.93,
2018,28, 0.266,307.88, 44.19, 43.11, 43.65,
2018,29, 0.265,308.17, 45.30, 41.44, 43.37,
2018,30, 0.261,307.72, 44.76, 44.76, 44.76,
2018,31, 0.259,307.10, 44.98, 49.07, 47.03,
2018,32, 0.261,306.61, 47.13, 51.65, 49.39,
2018,33, 0.263,305.69, 48.89, 57.75, 53.32,
2018,34, 0.264,304.52, 50.02, 64.11, 57.07,
2018,35, 0.267,303.19, 52.11, 71.39, 61.76,
2018,36, 0.270,301.93, 53.73, 77.83, 65.79,
2018,37, 0.275,301.15, 56.00, 79.02, 67.51,
2018,38, 0.283,300.44, 59.31, 78.44, 68.88,
2018,39, 0.287,299.38, 61.53, 79.62, 70.57,
2018,40, 0.290,298.14, 63.65, 82.67, 73.16,
2018,41, 0.290,296.88, 64.85, 85.16, 75.01,
2018,42, 0.287,295.67, 64.11, 84.86, 74.49,
2018,43, 0.280,294.28, 62.82, 86.52, 74.67,
2018,44, 0.273,293.08, 62.10, 84.79, 73.44,
2018,45, 0.267,292.12, 62.50, 77.23, 69.88,
2018,46, 0.256,291.06, 60.92, 72.51, 66.72,
2018,47, 0.245,289.91, 58.73, 68.68, 63.71,
2018,48, 0.234,288.91, 56.38, 65.20, 60.80,
2018,49, 0.226,288.48, 55.11, 60.02, 57.58,
2018,50, 0.221,288.38, 58.72, 53.05, 55.89,
2018,51, 0.217,288.04, 59.67, 50.92, 55.30,
2018,52, 0.213,287.66, 59.87, 53.33, 56.61,
2019, 1, 0.212,287.74, 59.09, 58.35, 58.72,
2019, 2, 0.214,288.42, 61.40, 56.43, 58.92,
2019, 3, 0.212,288.77, 60.82, 59.89, 60.35,
2019, 4, 0.216,289.45, 62.74, 61.79, 62.26,
2019, 5, 0.220,290.28, 64.90, 62.47, 63.69,
2019, 6, 0.225,291.13, 65.09, 63.48, 64.28,
2019, 7, 0.228,292.16, 63.04, 65.37, 64.20,
2019, 8, 0.233,293.25, 60.88, 67.50, 64.19,
2019, 9, 0.242,294.27, 59.48, 69.39, 64.44,
2019,10, 0.252,295.20, 58.76, 70.53, 64.64,
2019,11, 0.253,295.81, 52.92, 74.91, 63.92,
2019,12, 0.282,297.30, 62.21, 71.75, 66.98,
2019,13, 0.294,297.88, 63.60, 75.50, 69.55,
2019,14, 0.310,298.75, 67.14, 75.28, 71.21,
2019,15, 0.324,299.47, 68.53, 75.27, 71.91,
2019,16, 0.332,299.82, 69.90, 77.63, 73.77,
2019,17, 0.338,300.30, 71.54, 78.03, 74.79,
2019,18, 0.343,300.81, 73.18, 76.44, 74.81,
2019,19, 0.343,301.12, 73.51, 75.70, 74.60,
2019,20, 0.341,301.50, 72.79, 74.50, 73.64,
2019,21, 0.339,301.80, 72.35, 75.18, 73.76,
2019,22, 0.337,302.16, 71.97, 76.25, 74.11,
2019,23, 0.335,302.70, 71.86, 75.54, 73.70,
2019,24, 0.333,303.20, 71.70, 73.67, 72.69,
2019,25, 0.330,303.47, 71.04, 73.48, 72.26,
2019,26, 0.326,304.01, 70.19, 71.50, 70.84,
2019,27, 0.322,304.94, 70.49, 64.89, 67.69,
2019,28, 0.318,305.64, 70.65, 60.38, 65.52,
2019,29, 0.313,306.09, 69.88, 58.12, 64.00,
2019,30, 0.306,306.57, 68.21, 54.47, 61.34,
2019,31, 0.299,306.66, 66.29, 53.12, 59.71,
2019,32, 0.292,306.33, 63.63, 54.48, 59.06,
2019,33, 0.286,305.99, 61.29, 55.37, 58.34,
2019,34, 0.281,305.52, 59.43, 55.26, 57.35,
2019,35, 0.277,304.81, 57.52, 56.90, 57.22,
2019,36, 0.274,304.24, 56.00, 57.11, 56.56,
2019,37, 0.273,303.71, 55.02, 55.76, 55.39,
2019,38, 0.272,302.68, 53.84, 57.10, 55.48,
2019,39, 0.271,301.65, 53.04, 56.58, 54.81,
2019,40, 0.270,301.00, 53.22, 51.64, 52.43,
2019,41, 0.267,300.00, 52.47, 49.93, 51.20,
2019,42, 0.260,298.64, 48.91, 51.19, 50.05,
2019,43, 0.251,297.27, 46.00, 51.95, 48.98,
2019,44, 0.243,295.94, 43.94, 51.08, 47.51,
2019,45, 0.234,294.59, 42.44, 49.59, 46.02,
2019,46, 0.225,293.22, 41.92, 48.68, 45.30,
2019,47, 0.218,292.27, 42.07, 42.72, 42.39,
2019,48, 0.212,291.48, 42.74, 36.87, 39.81,
2019,49, 0.206,290.64, 43.33, 35.28, 39.31,
2019,50, 0.204,290.19, 47.74, 31.34, 39.54,
2019,51, 0.203,289.88, 50.77, 30.28, 40.53,
2019,52, 0.204,289.35, 53.57, 35.22, 44.40,
2020, 1, 0.204,289.27, 53.15, 42.29, 47.72,
2020, 2, 0.205,289.73, 55.23, 42.61, 48.93,
2020, 3, 0.207,290.16, 56.72, 44.74, 50.73,
2020, 4, 0.213,290.86, 60.27, 46.01, 53.14,
2020, 5, 0.215,291.06, 60.76, 53.01, 56.88,
2020, 6, 0.219,291.60, 60.95, 57.37, 59.16,
2020, 7, 0.226,292.64, 61.35, 59.06, 60.21,
2020, 8, 0.230,293.34, 58.88, 65.82, 62.35,
2020, 9, 0.237,294.14, 56.81, 70.30, 63.56,
2020,10, 0.247,295.11, 56.73, 70.69, 63.71,
2020,11, 0.248,295.67, 50.97, 75.77, 63.38,
2020,12, 0.275,297.26, 59.69, 72.17, 65.93,
2020,13, 0.288,298.17, 61.03, 72.64, 66.84,
2020,14, 0.301,299.28, 62.94, 70.35, 66.65,
2020,15, 0.312,300.53, 62.31, 66.06, 64.19,
2020,16, 0.318,301.74, 62.72, 60.81, 61.77,
2020,17, 0.322,302.98, 63.13, 55.07, 59.11,
2020,18, 0.322,304.07, 61.71, 50.11, 55.91,
2020,19, 0.318,304.71, 59.58, 48.06, 53.82,
2020,20, 0.312,305.06, 57.34, 48.50, 52.92,
2020,21, 0.306,305.42, 54.43, 49.84, 52.14,
2020,22, 0.300,306.19, 52.50, 48.55, 50.53,
2020,23, 0.296,306.59, 51.36, 49.13, 50.24,
2020,24, 0.291,306.43, 50.19, 52.08, 51.13,
2020,25, 0.287,306.58, 49.79, 52.25, 51.02,
2020,26, 0.285,306.89, 49.98, 50.71, 50.34,
2020,27, 0.282,306.93, 50.80, 50.26, 50.53,
2020,28, 0.280,307.09, 51.86, 49.68, 50.77,
2020,29, 0.278,307.30, 53.00, 48.90, 50.95,
2020,30, 0.276,307.41, 53.31, 48.04, 50.68,
2020,31, 0.272,307.29, 52.59, 48.27, 50.43,
2020,32, 0.268,307.15, 51.36, 47.93, 49.65,
2020,33, 0.266,306.99, 50.76, 47.36, 49.07,
2020,34, 0.262,306.52, 49.48, 47.20, 48.35,
2020,35, 0.259,306.07, 47.96, 46.47, 47.22,
2020,36, 0.258,305.62, 47.27, 45.33, 46.30,
2020,37, 0.258,304.89, 46.93, 45.32, 46.13,
2020,38, 0.260,304.19, 47.27, 42.95, 45.11,
2020,39, 0.263,303.84, 48.36, 34.28, 41.32,
2020,40, 0.264,303.42, 49.14, 25.62, 37.38,
2020,41, 0.262,302.56, 49.13, 21.85, 35.49,
2020,42, 0.259,301.28, 48.39, 22.33, 35.36,
2020,43, 0.254,299.52, 48.00, 26.48, 37.24,
2020,44, 0.249,298.05, 47.50, 26.63, 37.07,
2020,45, 0.243,297.08, 48.01, 22.44, 35.23,
2020,46, 0.237,295.98, 48.85, 19.96, 34.40,
2020,47, 0.230,294.59, 49.05, 19.76, 34.40,
2020,48, 0.223,293.14, 49.13, 21.32, 35.23,
2020,49, 0.215,292.02, 48.60, 22.60, 35.61,
2020,50, 0.210,291.09, 51.54, 23.08, 37.31,
2020,51, 0.206,290.22, 52.55, 27.61, 40.08,
2020,52, 0.204,289.79, 53.93, 31.20, 42.56,
2021, 1, 0.198,288.88, 49.25, 46.46, 47.86,
2021, 2, 0.196,288.89, 48.69, 50.99, 49.84,
2021, 3, 0.199,290.13, 51.34, 45.00, 48.17,
2021, 4, 0.202,291.10, 53.36, 43.62, 48.49,
2021, 5, 0.204,291.78, 53.39, 45.59, 49.49,
2021, 6, 0.207,292.66, 53.17, 46.59, 49.88,
2021, 7, 0.211,294.02, 51.89, 45.08, 48.49,
2021, 8, 0.216,295.45, 49.68, 44.18, 46.93,
2021, 9, 0.222,296.66, 47.73, 44.86, 46.30,
2021,10, 0.231,297.63, 46.75, 46.00, 46.37,
2021,11, 0.233,298.27, 41.69, 50.41, 46.06,
2021,12, 0.257,299.91, 48.53, 45.55, 47.04,
2021,13, 0.266,300.90, 48.00, 45.56, 46.78,
2021,14, 0.273,301.37, 46.67, 50.34, 48.50,
2021,15, 0.281,302.04, 45.32, 51.86, 48.59,
2021,16, 0.288,302.68, 45.99, 51.94, 48.96,
2021,17, 0.294,302.96, 47.23, 55.22, 51.23,
2021,18, 0.301,303.16, 49.44, 57.62, 53.53,
2021,19, 0.303,302.99, 50.70, 61.82, 56.26,
2021,20, 0.303,302.72, 51.04, 66.35, 58.69,
2021,21, 0.304,302.76, 52.34, 69.22, 60.78,
2021,22, 0.307,303.19, 54.81, 69.88, 62.34,
2021,23, 0.309,303.61, 57.38, 69.81, 63.59,
2021,24, 0.312,303.83, 60.40, 69.57, 64.99,
2021,25, 0.314,303.80, 62.75, 71.19, 66.97,
2021,26, 0.314,303.70, 64.37, 73.52, 68.94,
2021,27, 0.316,303.55, 67.24, 75.09, 71.17,
2021,28, 0.318,303.55, 70.38, 76.04, 73.21,
2021,29, 0.318,303.83, 72.42, 75.66, 74.05,
2021,30, 0.316,304.18, 72.97, 73.84, 73.41,
2021,31, 0.314,304.43, 73.32, 71.82, 72.57,
2021,32, 0.310,304.45, 72.88, 70.35, 71.62,
2021,33, 0.306,304.32, 71.63, 69.54, 70.59,
2021,34, 0.302,304.11, 70.09, 67.47, 68.79,
2021,35, 0.297,303.97, 68.07, 64.30, 66.19,
2021,36, 0.293,304.09, 65.94, 58.36, 62.15,
2021,37, 0.290,304.09, 63.75, 52.05, 57.90,
2021,38, 0.286,303.88, 61.13, 45.33, 53.23,
2021,39, 0.284,303.51, 59.80, 37.04, 48.42,
2021,40, 0.283,302.73, 60.13, 32.09, 46.11,
2021,41, 0.281,301.61, 60.06, 31.26, 45.66,
2021,42, 0.277,300.46, 59.20, 30.71, 44.96,
2021,43, 0.272,299.21, 58.86, 30.01, 44.44,
2021,44, 0.266,298.01, 58.81, 27.85, 43.33,
2021,45, 0.260,297.05, 59.32, 24.02, 41.67,
2021,46, 0.252,296.08, 59.24, 20.01, 39.63,
2021,47, 0.242,294.95, 58.03, 17.17, 37.60,
2021,48, 0.233,293.87, 56.91, 14.81, 35.86,
2021,49, 0.224,292.99, 55.17, 13.38, 34.28,
2021,50, 0.218,292.14, 57.65, 12.25, 34.95,
2021,51, 0.212,291.70, 57.85, 12.45, 35.15,
2021,52, 0.209,291.41, 58.64, 15.10, 36.88,
2022, 1, 0.206,291.22, 56.61, 23.27, 39.94,
2022, 2, 0.203,291.33, 55.63, 27.08, 41.35,
2022, 3, 0.200,291.68, 54.62, 29.86, 42.24,
2022, 4, 0.202,292.46, 55.82, 30.20, 43.01,
2022, 5, 0.202,293.09, 54.82, 32.37, 43.60,
2022, 6, 0.202,293.99, 52.87, 32.92, 42.90,
2022, 7, 0.203,295.08, 49.83, 34.01, 41.92,
2022, 8, 0.205,296.24, 45.64, 36.06, 40.85,
2022, 9, 0.207,297.86, 41.42, 33.21, 37.32,
2022,10, 0.211,299.41, 37.47, 29.37, 33.42,
2022,11, 0.209,300.34, 29.91, 31.08, 30.50,
2022,12, 0.223,301.79, 31.47, 27.56, 29.52,
2022,13, 0.230,303.20, 29.53, 23.70, 26.62,
2022,14, 0.237,304.50, 27.84, 21.04, 24.44,
2022,15, 0.242,305.38, 25.57, 21.00, 23.29,
2022,16, 0.248,306.23, 25.10, 19.68, 22.39,
2022,17, 0.255,307.16, 26.20, 18.24, 22.21,
2022,18, 0.260,308.00, 27.36, 17.12, 22.24,
2022,19, 0.262,308.53, 28.54, 17.36, 22.95,
2022,20, 0.262,308.83, 29.69, 19.13, 24.41,
2022,21, 0.262,309.02, 30.59, 22.34, 26.47,
2022,22, 0.262,309.47, 31.67, 24.13, 27.90,
2022,23, 0.261,309.73, 33.04, 26.12, 29.58,
2022,24, 0.260,309.67, 34.26, 28.70, 31.48,
2022,25, 0.259,309.96, 35.09, 27.80, 31.44,
2022,26, 0.256,310.38, 35.33, 24.80, 30.06,
2022,27, 0.253,310.53, 35.96, 23.07, 29.51,
2022,28, 0.250,310.55, 36.68, 23.19, 29.93,
2022,29, 0.248,310.49, 37.32, 23.45, 30.38,
2022,30, 0.243,309.22, 35.81, 32.88, 34.35,
2022,31, 0.242,308.74, 36.85, 35.41, 36.13,
2022,32, 0.243,307.85, 37.71, 41.25, 39.48,
2022,33, 0.244,307.03, 38.90, 46.22, 42.56,
2022,34, 0.247,306.38, 40.82, 47.54, 44.18,
2022,35, 0.252,305.79, 43.80, 47.87, 45.84,
2022,36, 0.258,305.45, 47.19, 45.77, 46.48,
2022,37, 0.263,305.31, 49.30, 40.31, 44.81,
2022,38, 0.264,304.89, 49.59, 34.89, 42.24,
2022,39, 0.264,304.27, 49.03, 28.52, 38.78,
2022,40, 0.262,303.32, 48.70, 25.20, 36.95,
2022,41, 0.257,301.73, 46.52, 29.34, 37.93,
2022,42, 0.252,300.06, 44.12, 34.45, 39.29,
2022,43, 0.249,298.38, 44.23, 38.43, 41.33,
2022,44, 0.245,296.50, 45.06, 44.05, 44.56,
2022,45, 0.241,294.87, 46.85, 46.28, 46.57,
2022,46, 0.234,293.19, 47.49, 49.27, 48.38,
2022,47, 0.226,291.77, 47.54, 48.75, 48.15,
2022,48, 0.220,290.82, 47.83, 44.82, 46.34,
2022,49, 0.213,290.04, 47.34, 43.01, 45.19,
2022,50, 0.208,289.43, 50.35, 41.12, 45.74,
2022,51, 0.203,289.17, 50.69, 38.83, 44.77,
2022,52, 0.201,289.48, 51.53, 34.44, 42.99,
2023, 1, 0.196,289.87, 47.52, 36.75, 42.13,
2023, 2, 0.196,290.27, 48.01, 37.51, 42.76,
2023, 3, 0.196,290.92, 48.53, 37.18, 42.86,
2023, 4, 0.201,291.69, 51.68, 37.53, 44.61,
2023, 5, 0.204,291.92, 52.98, 44.03, 48.51,
2023, 6, 0.209,292.69, 53.93, 46.21, 50.07,
2023, 7, 0.214,294.04, 53.34, 44.73, 49.04,
2023, 8, 0.220,295.34, 51.38, 45.11, 48.24,
2023, 9, 0.228,296.79, 49.87, 43.59, 46.73,
2023,10, 0.238,298.10, 48.86, 41.43, 45.14,
2023,11, 0.238,298.51, 42.74, 48.10, 45.42,
2023,12, 0.261,299.66, 48.62, 48.11, 48.37,
2023,13, 0.269,300.74, 47.88, 47.30, 47.59,
2023,14, 0.277,301.65, 47.78, 47.47, 47.62,
2023,15, 0.285,302.23, 46.51, 49.53, 48.03,
2023,16, 0.291,302.93, 46.78, 49.34, 48.06,
2023,17, 0.296,303.52, 47.92, 50.11, 49.02,
2023,18, 0.300,303.73, 49.13, 52.87, 51.00,
2023,19, 0.302,303.77, 50.64, 55.43, 53.04,
2023,20, 0.304,303.83, 52.46, 57.38, 54.92,
2023,21, 0.307,303.79, 54.73, 61.15, 57.94,
2023,22, 0.311,304.38, 57.55, 60.84, 59.19,
2023,23, 0.313,305.43, 60.11, 56.49, 58.30,
2023,24, 0.313,306.17, 61.24, 53.23, 57.24,
2023,25, 0.312,306.77, 61.25, 50.32, 55.78,
2023,26, 0.308,307.44, 60.54, 46.19, 53.37,
2023,27, 0.304,307.97, 60.34, 42.21, 51.27,
2023,28, 0.298,308.34, 59.78, 39.85, 49.81,
2023,29, 0.292,308.79, 58.59, 36.62, 47.61,
2023,30, 0.286,309.40, 56.68, 31.16, 43.93,
2023,31, 0.277,309.57, 53.79, 28.16, 40.97,
2023,32, 0.269,309.51, 50.80, 26.57, 38.69,
2023,33, 0.263,309.47, 48.49, 24.83, 36.66,
2023,34, 0.256,308.87, 45.36, 25.68, 35.52,
2023,35, 0.251,308.06, 43.18, 27.97, 35.58,
2023,36, 0.250,307.24, 42.69, 30.14, 36.42,
2023,37, 0.250,306.08, 42.11, 33.99, 38.06,
2023,38, 0.250,304.60, 42.24, 38.55, 40.40,
2023,39, 0.253,303.41, 43.67, 38.23, 40.95,
2023,40, 0.256,302.44, 45.41, 35.56, 40.49,
2023,41, 0.257,300.87, 46.78, 39.80, 43.29,
2023,42, 0.257,299.14, 47.14, 45.60, 46.37,
2023,43, 0.254,297.73, 47.91, 46.83, 47.37,
2023,44, 0.251,296.19, 48.94, 48.31, 48.62,
2023,45, 0.247,294.87, 50.93, 46.78, 48.86,
2023,46, 0.244,293.63, 53.30, 44.61, 48.96,
2023,47, 0.239,292.38, 54.49, 42.11, 48.31,
2023,48, 0.234,291.32, 55.78, 39.09, 47.44,
2023,49, 0.229,290.40, 56.23, 38.51, 47.38,
2023,50, 0.224,289.60, 59.40, 38.39, 48.90,
2023,51, 0.221,288.90, 60.14, 40.90, 50.52,
2023,52, 0.218,288.42, 60.83, 44.77, 52.80,
2024, 1, 0.215,288.38, 59.09, 51.41, 55.25,
2024, 2, 0.214,288.94, 59.13, 50.65, 54.89,
2024, 3, 0.213,289.90, 58.86, 47.63, 53.25,
2024, 4, 0.216,291.18, 60.71, 43.32, 52.02,
2024, 5, 0.219,292.25, 61.57, 41.42, 51.50,
2024, 6, 0.224,293.38, 62.58, 40.07, 51.33,
2024, 7, 0.232,294.63, 63.01, 39.79, 51.41,
2024, 8, 0.240,295.99, 62.38, 39.85, 51.11,
2024, 9, 0.251,297.30, 63.19, 39.31, 51.26,
2024,10, 0.262,298.13, 62.95, 42.19, 52.59,
2024,11, 0.263,298.31, 57.38, 51.23, 54.34,
2024,12, 0.290,299.17, 65.46, 54.10, 59.82,
2024,13, 0.300,299.71, 65.75, 58.34, 62.11,
2024,14, 0.310,300.43, 66.52, 60.13, 63.38,
2024,15, 0.318,301.38, 65.12, 58.54, 61.89,
2024,16, 0.322,302.19, 64.22, 57.02, 60.68,
2024,17, 0.324,303.00, 63.71, 55.54, 59.67,
2024,18, 0.324,303.90, 62.90, 52.10, 57.52,
2024,19, 0.321,304.44, 61.43, 50.66, 56.06,
2024,20, 0.315,304.97, 59.22, 49.16, 54.20,
2024,21, 0.310,305.47, 57.11, 48.89, 53.01,
2024,22, 0.305,305.82, 55.39, 50.48, 52.94,
2024,23, 0.301,306.17, 54.46, 51.40, 52.94,
2024,24, 0.299,305.96, 54.28, 54.80, 54.55,
2024,25, 0.297,305.97, 54.53, 56.17, 55.36,
2024,26, 0.294,306.40, 54.44, 54.04, 54.25,
2024,27, 0.291,306.75, 54.86, 51.43, 53.16,
2024,28, 0.287,307.12, 55.04, 49.24, 52.15,
2024,29, 0.282,307.49, 54.56, 47.09, 50.84,
2024,30, 0.278,307.85, 53.94, 43.98, 48.98,
2024,31, 0.276,308.21, 54.17, 39.91, 47.06,
2024,32, 0.272,308.18, 53.43, 38.56, 46.02,
2024,33, 0.269,307.89, 52.64, 39.05, 45.87,
2024,34, 0.266,307.55, 51.64, 37.56, 44.62,
2024,35, 0.263,307.23, 50.29, 35.49, 42.91,
2024,36, 0.261,306.86, 49.33, 33.48, 41.42,
2024,37, 0.262,306.42, 49.16, 30.68, 39.94,
2024,38, 0.263,305.98, 48.72, 25.09, 36.92,
2024,39, 0.262,305.35, 48.35, 18.28, 33.32,
2024,40, 0.262,304.53, 48.33, 13.05, 30.69,
2024,41, 0.258,303.42, 47.38, 11.50, 29.44,
2024,42, 0.254,302.00, 45.62, 13.45, 29.54,
2024,43, 0.250,300.19, 45.17, 17.88, 31.53,
2024,44, 0.247,298.44, 46.57, 20.99, 33.78,
2024,45, 0.244,296.91, 49.24, 22.75, 35.98,
2024,46, 0.240,295.42, 51.42, 24.23, 37.81,
2024,47, 0.235,293.90, 52.89, 25.05, 38.96,
2024,48, 0.229,292.54, 53.48, 25.59, 39.53,
2024,49, 0.223,291.50, 53.29, 26.42, 39.86,
2024,50, 0.217,290.85, 56.15, 24.53, 40.35,
2024,51, 0.213,290.40, 56.69, 25.14, 40.92,
2024,52, 0.210,289.96, 57.44, 29.05, 43.26,
2025, 1, 0.207,289.42, 55.05, 40.87, 47.98,
2025, 2, 0.206,289.25, 54.86, 47.32, 51.11,
2025, 3, 0.204,289.87, 54.26, 47.29, 50.80,
2025, 4, 0.206,290.95, 55.26, 44.53, 49.91,
2025, 5, 0.207,292.00, 54.91, 42.46, 48.70,
2025, 6, 0.209,293.51, 54.05, 36.92, 45.49,
2025, 7, 0.212,295.10, 52.24, 33.08, 42.67,
2025, 8, 0.216,296.49, 49.35, 32.89, 41.12,
2025, 9, 0.222,297.95, 47.31, 31.72, 39.52,
2025,10, 0.230,299.30, 46.41, 29.65, 38.03,
2025,11, 0.229,299.87, 39.80, 34.64, 37.23,
2025,12, 0.249,300.77, 45.00, 36.64, 40.83,
2025,13, 0.263,301.39, 47.09, 39.89, 43.50,
2025,14, 0.275,301.84, 48.93, 44.64, 46.80,
2025,15, 0.287,302.15, 49.77, 49.32, 49.57,
2025,16, 0.298,302.39, 52.71, 53.11, 52.94,
2025,17, 0.309,302.73, 56.39, 55.84, 56.13,
2025,18, 0.316,303.33, 59.39, 55.02, 57.21,
2025,19, 0.320,303.67, 61.58, 55.10, 58.35,
2025,20, 0.321,303.83, 62.54, 56.58, 59.57,
2025,21, 0.320,303.94, 62.57, 59.39, 60.99,
2025,22, 0.320,304.12, 63.31, 62.15, 62.73,
2025,23, 0.321,304.16, 64.96, 65.21, 65.10,
2025,24, 0.321,304.00, 65.64, 68.06, 66.87,
2025,25, 0.321,303.90, 66.56, 70.34, 68.46,
2025,26, 0.321,304.01, 67.72, 71.20, 69.47,
2025,27, 0.320,304.37, 68.87, 69.00, 68.96,
2025,28, 0.318,304.82, 70.16, 66.37, 68.28,
2025,29, 0.315,305.21, 70.95, 64.64, 67.82,
2025,30, 0.311,305.77, 70.49, 60.64, 65.59,
2025,31, 0.306,306.27, 69.59, 55.85, 62.75,
2025,32, 0.300,306.16, 67.87, 55.25, 61.59,
2025,33, 0.294,305.87, 65.55, 55.89, 60.75,
2025,34, 0.288,305.67, 63.02, 53.61, 58.35,
2025,35, 0.283,305.23, 61.07, 52.81, 56.97,
2025,36, 0.281,304.92, 59.81, 50.73, 55.30,
2025,37, 0.279,304.80, 58.09, 45.54, 51.84,
2025,38, 0.276,304.34, 56.06, 41.05, 48.57,
2025,39, 0.274,303.57, 54.55, 36.75, 45.66,
2025,40, 0.270,302.98, 53.09, 30.00, 41.55,
2025,41, 0.265,301.97, 51.41, 27.66, 39.54,
2025,42, 0.259,300.33, 48.93, 31.78, 40.36,
2025,43, 0.253,298.85, 47.18, 32.86, 40.03,
2025,44, 0.246,297.71, 46.51, 29.21, 37.87,
2025,45, 0.239,296.52, 46.24, 27.05, 36.65,
2025,46, 0.231,295.34, 45.94, 25.31, 35.63,
2025,47, 0.223,294.16, 45.69, 22.79, 34.25,
2025,48, 0.216,293.14, 45.81, 20.02, 32.92,
2025,49, 0.209,292.47, 45.75, 16.86, 31.31,
2025,50, 0.202,291.83, 47.08, 14.22, 30.65,
2025,51, 0.197,291.59, 47.63, 13.02, 30.33,
2025,52, 0.197,291.85, 50.24, 10.48, 30.37,
</pre></tt>