case_id,M0_mech,M1_mech_llm,M2_llm
24c63918d7d1998ead3b1c3c,0.5587997276280328,0.6389572727113642,0.6614346311519317
4581a9fb94f77b2e61b5af5d,0.547933949872063,0.4712244434965752,0.4733410058225196
630e7d2a599484fc688a02aa,0.5357788650967475,0.4120466751746132,0.4282578315496619
00fd46c6c14a207e08ec65a6,0.5361173419790541,0.5078599556151941,0.5178390078893742
c41ca9988ddbece5dc13e99e,0.5461277860985352,0.5653074655870296,0.5749588961375167
a7891b3db1ccaf93060141a2,0.561288957375582,0.592022272443572,0.5730735457487993
cdbbd38a4153a6c76c32c0a4,0.5908480950625838,0.6466519162877472,0.623482299459658
8c863eb75fd6a7c6a87f586d,0.5534180274758577,0.5101798678896399,0.4891657543229459
c738aebebc8d87fca89d0271,0.5096255040674061,0.51398184858608,0.5297282187812322
21e0950006a5cd71fa0fe2e6,0.5170342092691322,0.459377968066872,0.4824653152843727
2a15d446d64fd5942b65329b,0.4986184861933358,0.5657164355345583,0.6019466629429466
dd0a2f221fc8027682234565,0.5351193807439748,0.635415191278224,0.6604021095679435
ce711407714ef33540935346,0.514752004614785,0.6147850219707172,0.645092994527942
fc9948f9950046d632dcd84c,0.5536763323797858,0.5106257198644824,0.4969075614699466
23c31516ed5a05bd30eaa15b,0.6209036503661755,0.661293353850257,0.6082556971186518
6c1487e21f7c6d68d48d4255,0.5330639882365735,0.4466327059014601,0.4434931950479501
846b9918d9d7870539ba9db4,0.6199530499401714,0.6113111240648338,0.562049457936798
323eaf41155023cc49dd1c27,0.581319305272979,0.6143433183170481,0.5895064265992541
aaf35b88acf7ea37bb76a2c6,0.5852736139511762,0.6723622308832189,0.6604906114179997
250e4d3b038a8cca30c62811,0.5584523651320512,0.4694830215463365,0.4626458994381145
627fee6be03456327670229b,0.5307289872538234,0.5082057295633104,0.5240785673119451
093e9c7dc848d0473b791ae4,0.4938147629896644,0.5306895571749146,0.5711197723729721
a892b5b111ee355b0f296249,0.4817521249460931,0.4646602348805922,0.5366016614970885
ea0501ed0090017c75880168,0.5447964181678776,0.4751893836151131,0.4750701951702281
047e79cf3e1b86bc53420fe6,0.5399189955632684,0.5861298392537146,0.5984281339908026
a36cac36fa2feeb187bf4606,0.6354241691795398,0.7300727535420425,0.6611396249850778
2278aebad2cf9677cd731569,0.5361437468667755,0.5761602932179104,0.585057774198201
89e8c08543017e4ad3eb5ec2,0.5776203128418993,0.6566433814032002,0.6440881149387718
3240e0bf937ba22cd69181e4,0.5616007278454673,0.6135007774292645,0.619475845627135
30fd5436d1244914596f0d7b,0.5120737658347708,0.4255939364820506,0.4502445059414784
fe0f58a68764fcebb43cb51b,0.5004802943409496,0.4668108014898442,0.5101295829089325
0e2cabc0710dc1d6d011455b,0.5162189623881264,0.6218561266310814,0.6605651392917312
b7433949217b4fa2566388cb,0.5783241491364775,0.4635126203189088,0.4260269225434639
aa6aae6b093a85a2464d74e9,0.6213075879558717,0.6318345340011782,0.5626831300686362
996b95fe48cb7a42336d461a,0.5030245179490298,0.4319724700896455,0.4640646459693909
e868008d6ff0994d4ccd6acd,0.5347034677372057,0.5898024347782937,0.5948703817714913
58355f2d462b5f9a2ab74505,0.5210135605943367,0.5043412761754156,0.5148147415164576
c828178799155cb097085153,0.5890845225409315,0.6312199700855111,0.5899781604491459
3ddc1e1d85f3793c8c858413,0.6112681400933925,0.5672832015250313,0.5186135901554998
1f1774f255f56716add3f0ab,0.5650556410215122,0.5194851975902043,0.4972327228971537
a391c7c858941e864b91a0ea,0.497905082930258,0.4967803698610484,0.5346505241720948
cd1fe639ff66ea0befb8ffaf,0.5321647338481306,0.6115668601002646,0.6374659594553433
0f02a514d40437b8310bb407,0.5874384107976838,0.5465565084711148,0.5234380429238522
cfc2cef34ef6670e0c896bab,0.4883217425447967,0.4100595256437243,0.4490972503788932
8082ced101e0137532d9b6cf,0.5836022417328942,0.5765466188982619,0.5377675028918514
c8bb44ae1a15cf5bd1d47b9b,0.5482604419875153,0.6586083565891828,0.6611396249850778
ed1f6966355361223dcd15a1,0.5234252604830028,0.4596585844246911,0.4750701951702281
cf5eb78c3c6dd2041b26e8ca,0.5810218343541416,0.5955475607064482,0.5864887378096589
66e2e33099a2e7865c2ddc5a,0.5491841710321193,0.5422377095711403,0.5485410576782322
64fb54d05991b585298f5d49,0.5388298006880761,0.4698834455791482,0.4775889665572022
98cae0390125c7d6256fb34d,0.5685585244558689,0.5921857230316686,0.5717568593041737
03a79eb37da772bda84fffad,0.5213124326322518,0.5767346970403615,0.6141403083594847
af51e4031ae3028865d6c5ef,0.5114084113924845,0.4168151596869422,0.4377973079738874
53bc89f099008d5a7fd05b49,0.5127054106422453,0.4779933846660333,0.5172626226737755
300147c856be7537f8ada618,0.630211702111116,0.7252438320947461,0.6611986262184486
a3b50d574c8c02147656bb31,0.4750171657325557,0.4683142795478454,0.5118710724996028
ff5150749d23eb0008df5c31,0.5812588388613185,0.6056149171647496,0.5862988444255428
b7b717ac6a243c9b31726749,0.5965819475068679,0.5497859795467701,0.4959582062785754
cf305c28d77f8945dd603e7c,0.5521914342914865,0.6076706700933938,0.6169767703350347
f08c1fc05f27a6aa3aa97583,0.4928466159877004,0.4360837558158449,0.4764946419343931
f9da332672003844177625d9,0.5243422648791992,0.6033010583567767,0.6323561319024753
1fb09c15da6bb56ebb888d57,0.6009428808124525,0.4881944680928597,0.4314203443679464
08d29f4dabeb29370cd74c5a,0.4878376394231169,0.5044399985836088,0.5483423116920277
968d508e27ecd68f90aefa38,0.6011354910522496,0.6683031257901817,0.629001871991864
fac7c30ffbf5db0f3a5eef9d,0.5395390229746198,0.506428684023452,0.4946623373437843
68d0df1711c1856ead58dc95,0.4931206660673982,0.5839137525849543,0.6250305529762707
ae3c82110b367586202413ef,0.5980969929604398,0.6771573758140357,0.6516540438307998
0cafb4237a1a94dc073e25f7,0.5368633558534339,0.523321167245368,0.5255848583478652
d83561bd3833b0ae2a42e33e,0.5886579232011773,0.6815793942631247,0.6605285407823095
672e8c6f7625f8b45be569ec,0.5687662679916,0.5629676254725836,0.5363025977588814
ab68a1af1ffac66032c861ca,0.5737311521288959,0.6058169012075492,0.5875203757195349
2bcf85fc6424261c9d2e53a0,0.5130719002875221,0.4873335876028353,0.50646044990754
ded5afdd1c0b18eceed00764,0.5695506045097743,0.5421018150236422,0.5348186045712925
1e875da770da7e8bb5e4e16c,0.5374547037595951,0.5298228612707396,0.5335731826796217
7d6ddbc01ce23431d317fc86,0.597296574100078,0.542540785904481,0.4822206212027234
c684d797f7cfbebb41af601f,0.5162057612012345,0.5560760994674012,0.5990920625743921
3bbd2f3176f03c3c173f093f,0.5085764592563806,0.4169359888446705,0.4330476888786391
695a0c611b813a06fbcb6e01,0.5872072621659057,0.5601950467189362,0.5408069764429699
4fa3a7f69023df6370987300,0.5309240124098173,0.5010619127461413,0.5044721468943963
e9db980d04ffe6aba1f5bbc3,0.5987314723728994,0.5535352897641685,0.511243666817822
7dcda0cbcce519a91c273841,0.5070673272350984,0.4806709338248746,0.5079755465841904
be02d3d05168e9f0d8a31133,0.5167646013266796,0.5657358609422555,0.5971784816451642
bbce4091010b3bc5e2df9006,0.4911921554981808,0.5078952579789576,0.5491989523883509
636a72813e1e1a2359ff4c9d,0.6263432728392124,0.5892301243991076,0.527966345039372
9b212f792399468cd9260d50,0.583194877313932,0.4668185324783199,0.4322761603614147
7805d25bcdf2262d64294765,0.5190715976291694,0.4321191009768234,0.4594098572500675
880932f7808e00342e4bbb8f,0.5380946944489845,0.6192312147385552,0.6310401396872118
2c84cab266cf968c42d92606,0.5242229105575986,0.581738541305137,0.6106805337858486
d9d7903e456b2203aff9465e,0.5002536103118626,0.5249023603329014,0.5533145102361392
e35f31467ad7caafa72df6d3,0.5784630811356553,0.4789678373347612,0.4543630356167054
c371f25cfe15506bed71b279,0.5798358170284852,0.556117109465558,0.5337913635546091
24e366ce46cd72bd27c29abb,0.5608558371982422,0.6553731274772306,0.6530851775016555
7dbb0ababfd0951e3d804336,0.5536551051107659,0.5370165277626064,0.5392083179424162
05d0948055f2416b221012ff,0.589689692359923,0.5604431936044747,0.5371916738307959
7ce5f0e752c29078fc5e901b,0.5168073620110252,0.6175457253002555,0.6608446188182242
1ce3fc46f84baf3f2ed54a13,0.5103052798886206,0.4581034320359315,0.4887044597632933
49d0af4ef82ba38a669b6b13,0.5363901552121099,0.4757744083499162,0.4815480596821507
e1d71d45d4fde992fb54fb75,0.546322822526634,0.6215326267653112,0.627372926003128
d4d65636ab993f08e14f70dd,0.5137013233738238,0.5008972707783526,0.5254836507628834
c785dc2fa6e3764a7961ebd6,0.5265103495980448,0.5618503045013042,0.5840950141275341
7ed305d2908acd736040047a,0.6024426256472051,0.5222605421677996,0.4934544891299064
8eee3586c1fe892e48f54708,0.5191222220108181,0.6086056194500733,0.6307784288165168
a6b161e1cc2349733c44ac42,0.542604974449413,0.5481622966775956,0.5443069224539849
8e1674a888fb6c96399d635d,0.5797345339965356,0.4845193103590038,0.4514124636660669
276ea71c7a2f94439043f035,0.5965307395762857,0.6755958137696965,0.6440741087503101
bee6c55ec7e5cb860dc94bfd,0.4874075124130745,0.4231700862847998,0.4408120136823953
8a875243f15d2c85b5dad5d7,0.4989756580315587,0.4505641357890252,0.4936213847642727
794231869c9975cdf949464d,0.6124646252047975,0.5383908102132934,0.4664737552179888
ebffe4976b04a86202fa5e45,0.5640977919933748,0.6578806366470995,0.6480531409574957
fc749750a5441ec85a7c6cf2,0.5827827702115265,0.6398753163383766,0.6127490594858187
d9b766eee9899df43f475e0e,0.4814902829030857,0.5277940618103545,0.5764878954644346
b6875b87f859e5789fc6d9eb,0.5591720443210961,0.5848164210850929,0.5616145124446829
79c612f2e590dbe2eab55ed4,0.5281054325476146,0.5413136393000826,0.5610382762348838
ac2c3b933181d8d20eea8bcd,0.4930328805162789,0.5223053887352023,0.5637507847689258
6564387a78a5f53aee24b353,0.5220450286288678,0.4799915069265679,0.5001114727032931
1aff967bdbae53beac5a8ac9,0.63949748818591,0.7133824827603663,0.6604231814370046
00e41849f875b4a42ec28eb6,0.6018121789611743,0.4870721856859684,0.4405851217458243
5fdffd82e8b6a7b45428b80c,0.5647555041540374,0.511108688325113,0.492289936253413
22c1e2c0998626aa6f746755,0.5402196464011051,0.5079262507555938,0.5092562835500694
a9545bfcaebb6aa698a0cc8a,0.5684183520594612,0.6209140169704559,0.6039974810986386
233c600c3ba2f5cd8bcdfc06,0.5759328870391449,0.5135699014723889,0.4903098425719457
f800ac12293cae84c6608394,0.5216601365888079,0.5818258722106127,0.6074359207330038
19f6fa16e2f5033db284b511,0.5310923032463414,0.4336086937668703,0.4494389053034555
bdb2d8a3ddea9af0aa1d74b9,0.5679712739833708,0.5541541142795905,0.5371916738307959
b3412ff95b3fab7f63e5c5cd,0.5385257803875774,0.6238348046251397,0.6608446188182242
4d9afa6dbcce8878aa014b92,0.5057627540323283,0.5401425770367004,0.5831095237375401
89c29b7d4aaf81c71170e132,0.5564519561172143,0.4799820695428192,0.4809781074929941
a750ee36009471998aa4f2df,0.5638779525986769,0.5078532286235121,0.4857693964695312
1cae0a1380f31f88f84ce794,0.5861326915830316,0.6630930207523559,0.6462263362161199
500119860932782f509a2481,0.5209927276796986,0.5256739607817562,0.5339055883285065
2b83802ff21521c420731644,0.5486713201813086,0.5447945430391354,0.5379382308286278
6720e5ce110dc8a7cb86dff9,0.5613847133786001,0.4428927560749732,0.4454616193000353
2eaa91370fd19709afdf4dd2,0.5396315687348617,0.6217685792325787,0.6225736769062798
dcce9a66a3e62d6196e1359f,0.5336976657361467,0.6116575462576441,0.6143168558807195
ec20af9a9e2ef638ad856d4a,0.5722115194823628,0.5200865817600722,0.5002086141846653
f00076bec77f91f29c8b2c81,0.5404590367687602,0.5676649536562841,0.5751874850460982
a9a03a7bca23d4ef0934ff90,0.5523702021214552,0.6528235083116913,0.6505324534279393
b8cb8b6541b15e0aa22e3199,0.5126068356560954,0.5914193954409324,0.6313965332477482
675faae660372ab099fba8e0,0.5810862103223137,0.6077200936993897,0.5816286580829839
b1ce11b3224104ffe9758860,0.5560115631803345,0.4530065624279262,0.4431547016969817
8a562f2ce42c03061eb30daa,0.5450291123411597,0.4469257563217007,0.4574390314873697
69e55be7b97f2a8bb65a5231,0.5485535288198203,0.5031947627855151,0.4991069492433503
3d7e6b8a6700055b7a661d91,0.5265451061295016,0.4765940703942532,0.5187569088412186
c4becf510258e6251f9c9d30,0.5515531504370013,0.6330665996994285,0.6153165672178807
338506b0d43c51bfd639363c,0.5310691499119367,0.5588917129239487,0.5472509265818444
1814c91f80e48ec4a66de18b,0.5773066544782504,0.6097993795554862,0.5840839169571843
64354c16bca1b9217dcd34eb,0.517306627291338,0.4958859351187781,0.5110186645716979
7b96fddccd4b72d2949aa3f6,0.5276382040682671,0.4991112598166885,0.5025477291309883
38b4abf3afd74bac66375cb4,0.5739017064086003,0.5664834387585719,0.5392755669516271
97f2bc5aabd35296116f728d,0.5634061918637909,0.5488864957704355,0.5626688318343875
b93bfabed37eb813c3608710,0.5851356826159758,0.6498129385458908,0.637799311134925
676d94a4e0b32209eb4276c8,0.5356062760085727,0.4831624457263733,0.4948501878735825
38a5f415382e54173f1b221d,0.5482377163701084,0.5774366877737949,0.5770205890303857
eb6beb997bc7755485a309c1,0.5806291490481966,0.5464375042078703,0.5214634875154927
829acd41f42c74f00ca71abd,0.5483246105184463,0.537640186973903,0.5403449726227082
ca14c277c991cf4e0de9d925,0.5833943547952034,0.5977321237013026,0.5835192454549302
bbd2e4851067ff51dadaa6fa,0.5329034132291606,0.4812949417695601,0.496440654146555
7819bc90eae2b64f3693bf7b,0.5390923743828919,0.5634590314178598,0.5816232781118282
0d8a51cc9aa9efe3b54aee81,0.5101821738254055,0.4271103395059923,0.4637782800950648
7b6ab8f3571edf71fe9551a9,0.5644658955069679,0.6467389379668145,0.6370524622085579
d66e60462b107a90344fecaa,0.5106950289262073,0.5898735925562465,0.5999792056194821
6dab347d1d2f6f649322e8d2,0.5141691270080948,0.519874121226033,0.5204519582092855
cf1ef4baf1126a364f49edc9,0.5696578512555561,0.4545519756091555,0.4502404525461382
426ca80b33f61d005b2057ed,0.5304286868070912,0.567016397607275,0.572159147244934
24646ba23f7acd03919c053c,0.5418262020542515,0.5507573394522086,0.5635934153164509
3b8dd1bf97c7092487fc91c8,0.5512511067677255,0.5694764927667996,0.5479420567709725
14dfd10d07ca1259cfb0d472,0.5603842858873213,0.4615532156656542,0.4558812850753643
c434ffd538f67bf2ba792051,0.5720167619296368,0.6696924886870428,0.6492082066294658
681784d4b294a65e0549d6be,0.5789061171700737,0.6316126358681159,0.6306687514508371
d6f36c6b562457bc46a43e22,0.5362190154731856,0.5036446485403832,0.5288048287678961
b17bfe4dc534ed840c796cde,0.5877238806091797,0.6673677054167042,0.641364590976969
49c4290ac9a8cc3215249a22,0.5756435569945939,0.5550258517034183,0.5262749728163145
0914d07f08c8fc7e9a839f5c,0.5672249872354964,0.6642857887964428,0.648495150661057
9e9312de0b8a69ba1111d91a,0.5525933622267996,0.5801416921625578,0.585164228894988
65f4e00fcc4118c4c3ed881f,0.5563573354314009,0.5695068128573978,0.5613578473512562
9cbbdd53bf922b144b01c229,0.5095044633029309,0.5252146071429418,0.545984346218093
8ea39ea63c0a99234946c525,0.5427663065403102,0.434436473650215,0.4608955469792688
5b9926f027a28dbf0203b15d,0.5789061171700737,0.6316126358681159,0.6306687514508371
4b3b7c69c2d7bbf5de034a79,0.5758923215402948,0.4967705957525226,0.4778728674264256
9a8563eb197d8e86ceebc63f,0.5552665695511216,0.6231129805515949,0.6268739675234647
57031a735f14d582aa7f6847,0.5372111100108227,0.5937113364352993,0.6102711728520689
4cc7bd43be68a64bff978158,0.5456464528047095,0.536216877395614,0.5341527485309621
cb6ec1d49a1c3374718c9203,0.5667601054043154,0.6305846690574736,0.6161566726608587
dd17b776a07fd1dc55a0321e,0.5701509337062792,0.5501095475229667,0.5348965842072326
13c1acaaddf6ffbae6bd67f7,0.5222844350899385,0.5026710301007592,0.5036881265671929
a73a5e4f50129bb8425f9af9,0.5570471035340716,0.5328031621795886,0.5222980049921082
8abe36a56f6288a67126fd34,0.5556994272093695,0.5594528125173812,0.5722472409340438
d961215eb8a79b1ffbb86a26,0.5691103382021544,0.5168691825382504,0.5014230241276584
cb2a05f6f9caf869cfb10875,0.556871697606212,0.4571622936896793,0.4383187469188638
04c1aba66859ffedf7f48324,0.5437504644649374,0.5676769443270542,0.5771604036448246
089cc44f0e896bdc8da543e7,0.5415850438419653,0.5476042810826401,0.5543781490902672
9c519699e7c76fd8ddb46655,0.568020619281623,0.5017550815471967,0.4972402359004226
a71f80ee197b8c9a87591a38,0.5401587015237419,0.5477706672075884,0.5484800247791618
7a4025b364a2b0081c2051d2,0.5678020668069644,0.6380067619687355,0.6189767222655578
9e84d0396d939ead168c7763,0.5316728486355379,0.4923749593751533,0.5038588412490348
0d6f03ad01f99afc9b492eb0,0.5290682777130787,0.4750642305750569,0.4798299636932681
3d26acd31d2ac31cf2fcb16b,0.547668847893412,0.4945537355541963,0.4990079309579491
bd57bff33b2c999defc2bd0f,0.5659146772569659,0.6448970666021904,0.6474100654917392
7cec3cf57b3d9f7ff8cff848,0.5114632016683953,0.4597077463175433,0.4791379983196856
9431d081a29a05df09e94a23,0.5106301524751853,0.4261864893863573,0.4430663354749556
aa1e8b840573bb5215a54409,0.5491706121845434,0.5937631547033979,0.5812543066044519
be7f0a094924425052cedc9e,0.5245755050129616,0.5924372371196837,0.6035270173576468
b45eba74fcd42f10e35047fb,0.5395560029832907,0.6336253055051375,0.6399474425879356
5a5537f74c8ae579387860fa,0.5391322923950631,0.6024336459533202,0.6198668219687189
893916d59c3c814575926aa7,0.5616218983504832,0.5308964289941397,0.5175127941258773
820236b8a9e1347f4b72fe9d,0.5789061171700737,0.6316126358681159,0.6306687514508371
ca440d51d68b3e2351b7d38f,0.6110285939547464,0.6870771687917718,0.6918439680810513
8506e621d20057f7fe8a36e2,0.5312822167169974,0.4706047077211744,0.4698126902531065
ed616c416005c641310d6e58,0.5672872544722649,0.5628128767705844,0.5579724249779158
339d460f060a81a44027d3ff,0.5379368497057082,0.4917073421998938,0.4833742340613873
59cf50eb41f2bc198708c41c,0.5885268053523384,0.5152431189383591,0.5021343726726326
b346b3b768fc5bf922cc1dfd,0.5437002815633183,0.6123874809232654,0.6204947865313939
c39f5422cab899309a1f79c4,0.5530895363054842,0.6297243805034785,0.6439054577526873
05f69f2a03c62a9513c69871,0.5706581739311329,0.6643687529748845,0.6711865919134379
5cd475b697df2bb8c055d72e,0.5568971620211498,0.4527052016784108,0.4595042574993631
1c8f066b2b556f79787cc02d,0.5370001531829396,0.589487751204836,0.5808237279673731
52647b5a07e3e821235dcc59,0.569400533688336,0.5598286483128743,0.5572883197019969
a7ed88a34fd4747e0466845b,0.601650781379512,0.622047800644258,0.5891481253104058
fc33e7fbf166e8b291ae62a5,0.4978097813598026,0.519797894704489,0.5339945456357427
68e03fc6743ead5facbeb133,0.5577700501915215,0.6758255423696401,0.6786905857165437
57dbb0fa17a5e1654c7e4b49,0.5354493301148747,0.4484577553934955,0.4580439424807351
67944c17437a2c84073345e4,0.5719000302153987,0.4643402449020312,0.4632036940767022
dc2df7a128400fac278dd6f7,0.5585604664777413,0.6232526155573201,0.6344981868201094
00da050cdb33920ea90d7007,0.616843819613574,0.6233533906771741,0.5916758820338646
469b45b28f646cf45b95f133,0.493067531742681,0.4572355433606448,0.4783808370546516
3d345c5af7f5b936e14b03a6,0.5987265757845995,0.6658815238390038,0.6598941136285759
47e4d071cb26632ef874348e,0.5500708397935496,0.4852937262038191,0.4835061525783082
c079cee922c4ca280717426c,0.5535079159512378,0.570885975239092,0.5747673736157417
5e9f1fa43ed8028a0eef2ea3,0.5090687034570411,0.5109403645657911,0.5360291785730176
a256b71258db1ded33b4c295,0.5357008703276654,0.4821483673548573,0.4702810636679265
e9ec992790fd7dfdf86f3d12,0.5824734466689115,0.6555571661591155,0.6575033705336808
2a01115a5dabe13d490f4c3f,0.5657498207667728,0.556676440743122,0.5260481429555401
75b328ed2468eb11d07d068a,0.5915305011582815,0.5430606266940708,0.5139007595646691
cd6a746771cc2a7c71dda125,0.5061657822628155,0.5752528176289065,0.6024925424583721
03a44b8176f65f129a89fcd4,0.4907348000091275,0.4626234364655395,0.4969812779445539
fd387a4448955c0c377d857f,0.5534891316313406,0.5538716955574592,0.5459506166412134
b34bca4d77fe70f32629b50a,0.5884613097006581,0.6547280350507617,0.6279610453023873
59c2b64a440b012709e107ff,0.5539106338052723,0.6316263653381851,0.6360705618686109
7153a00544bdc8b283354d93,0.6191882749768127,0.6143545908128718,0.5709087692838126
d0ba9ba7911b01ae55d76949,0.5405283507749676,0.5979728468994405,0.5920713288779134
0e8b9215a3813b51825d1ffb,0.5637707373203031,0.5070020677846215,0.506194852320673
2f52f6bdfd1cb437b1118952,0.4922888943150766,0.3893230493841789,0.4185929453052164
efeac9b6d9dfdaffc63b175b,0.5358246230817498,0.4780785452705489,0.4766834634420286
bedff8fb4aacb4ef9d9110a4,0.58823509357315,0.6389475333987342,0.6055051611190491
1d20e64178f88883e6d78615,0.5571033791834424,0.4918351376433145,0.4865446698683341
cb2eebf5deae27c85a97b9f0,0.4922450439704133,0.464607464693901,0.4973912448509879
9a8a307d4f3f78856dddba6f,0.5369126498302094,0.4984850000352836,0.4948340686130937
6173179f2c1092ac0f659d8e,0.5121522406182287,0.5397524902809567,0.5477058833921298
fb1489f281e89b6c83b7ebef,0.5036913639202119,0.4711922235743389,0.4900725690965322
2f9cf2d5135e1a0ae03ea866,0.5661999507514975,0.4401104590691556,0.431124323356856
a5f10b543ed73d4104ad67e0,0.5576661560354094,0.5574124742610653,0.5620946220503749
7a8aea258b7f3d065402d9b0,0.5195253967697425,0.5792128967321858,0.5701871224040066
1c211aaaffcd815a41b9c3f7,0.5116459353616534,0.4866309139133631,0.4925094940561357
a5f5ce0d9dfb25b15231c2e2,0.5257402975405777,0.6219707172480713,0.6420782145934487
54310d3653d796bf019228a5,0.5339105592643182,0.4973803708211128,0.505967198029216
27a2c9ebd9adc603b5b8019b,0.5657087826019427,0.6657256160272736,0.669394104839719
d7a00bb5a78d1256a096bea2,0.4998126367494157,0.4307868977853296,0.4516074398430127
d987ce11872e3947bbe363a6,0.5165185290322908,0.4384919839539696,0.4341341449181352
e63454ed89029b651a7a5bd5,0.5786825398743192,0.5271502757481181,0.5401787282783018
b847a86a556768f4144b5477,0.4793279324297645,0.5154845282311666,0.5319632279516178
53dbebcf1a4d493f54d0c5d8,0.5453514928280767,0.4954123994986347,0.4981489800786571
d102e56c36fa584107b9e588,0.5343470085832217,0.6594439993768663,0.6761718529233403
de493fad3a2cd1571d8cfc6e,0.5757594415751349,0.5935085561401281,0.5993415948827011
abe79a153982f4eb4c17fe06,0.5044084355017352,0.4412743284690619,0.4535028227850916
4a73eed2ba74207296696fdc,0.5469962136677381,0.4873727527784685,0.485804002454139
597902130f50809cda40fc52,0.5349499797535346,0.4429633693671095,0.4568645923940636
565322ef5e3d55d9bcb4cf60,0.5753151398353127,0.4911679416999114,0.4770740279522646
1b9ce9a6127d00b916d482f9,0.5905506157270337,0.7052654797157779,0.6650141412366597
0a1ec5517001b24a7ce913dd,0.5874048749355611,0.6769650244753264,0.6500403677862123
d8ff0f5eef1eff81d0e96424,0.5785498705084126,0.5807654269214444,0.5829312453149154
9529fef64f2cd0058b837f11,0.6067299180768927,0.6584823451295947,0.6434334029502062
85e34a19a138b06344ef5fb1,0.5164157231781598,0.5889597575850041,0.5944974241262686
d2f63cdb8756fd1844605fdf,0.495459680916593,0.3609484229975865,0.4099039354633397
32897d6bf44fa3bef2b44498,0.5888622677847104,0.6718590061934845,0.6580719950572975
cbb30651d3e3b3a1993c3e4e,0.5681705648004294,0.584389488092671,0.6047215553611636
a6bc392af441815abf4f37ac,0.6503600203140395,0.5611228681453861,0.5057765137070991
2b52e2ad9fb3674334c10a41,0.5861435680136228,0.444951963797217,0.4161970634310026
fb588a5b9a11338b0b77387b,0.5367940066001479,0.5487720910689643,0.557046236353103
19cfc7f2d7b67883553e3804,0.6080084403813422,0.5468992456342032,0.5463779395986861
db228ad9e8d948769a069045,0.5499388834854777,0.677923478672958,0.682636600425896
534aac96018e1ab07ce965a0,0.5977005738722883,0.5152496151202902,0.5054966498316235
df5fad8c86d2c8176ef84f5a,0.5340482048142685,0.6126778864720612,0.6417553106588334
b47460983c5f31e4a556cc9b,0.5779172105294827,0.6565919010051458,0.6461811921241984
360eece55c0aa8295c4aeb25,0.5421187944749272,0.5157944327404429,0.5099225312969884
aafab950da1a4e796b665800,0.5733131841545579,0.4297585495292032,0.425739274664392
4e58210e551a7875c6c3f220,0.5721061669261931,0.5131651251937508,0.529031097208195
7b77fcd7565428b50ada3b15,0.5516278590204792,0.6700357420162754,0.6773752474800929
3a5923da2cf5ee23b2b53efe,0.517674838619975,0.6203622454474393,0.6482023633545784
fbfe621b8c5a40a9c0e9642b,0.6010831335117691,0.6019727014775763,0.6002188178361125
78262108af7a80e958934213,0.5752345973193238,0.5602729628844428,0.5449659728543562
e992a9f02ceb5cee3051399c,0.4958663134598536,0.6073398991031833,0.6436547538003466
f2e80ece89c13593acbd8335,0.569813778560459,0.5186698741056482,0.5085517610169569
3c80a658acd97e80a5df0fee,0.5435464721404694,0.4994082046366799,0.487967845203375
ea443f0bc3c1b13298fd94de,0.5427809357825504,0.5509348238367309,0.5527187595759323
8d210f8ea69a20ae4e1c7454,0.5222992905164529,0.621398257453531,0.61245278804681
2b07274ec03b24a1509f37f4,0.5692351827602842,0.475914894334325,0.4512501791612657
fdac233c3b7f1671e88d561b,0.5369961311778344,0.5103652347595947,0.4976800084588837
dfbf7c403ac908c2c4a77736,0.5493941988614984,0.4981708757134532,0.4952525346856539
1e7bd9dec7c26593d72c79f5,0.5535517228657791,0.4957588576245216,0.4967391569387228
e8cbf3e7bbf4b1aad17c00f4,0.546498573193478,0.527244937431431,0.5115026300979298
d68f7228c2e2d1d3ce942331,0.5373815876551032,0.6225647790331608,0.6335588818855735
6ee56306a560c6d09459f48d,0.5610659691332494,0.4567475115962147,0.4313185387129267
f3252844d55b0f0f2e5c6a25,0.5761113198176819,0.5201710757040312,0.510119841065286
07175c986f639ee8c12a6d90,0.4874993602242884,0.4631172948204949,0.4821445565340645
333879002e23cf06853bf551,0.6367278090268496,0.6244355857817276,0.5771968515908542
08967be556304c04d914cbdf,0.5923076361824198,0.5712052294346888,0.5721913735280557
19862bff77e2190b0a8803ff,0.5662653216802774,0.6227780924271251,0.6395465168682193
d367abcfb0799d5c97bd1ab5,0.527536667067564,0.5502619821133079,0.5453751947992483
1855a98cdd80903ee0fc49ec,0.57756799309925,0.4966371451066284,0.473653973907397
b62eb978cdb32e30c9e05571,0.5445646121892505,0.673622467844178,0.6762314751005707
c11fd8423395c4ca89f7cea8,0.5360801035041254,0.4323867858688099,0.4456459543646991
b930e6eb86b804b066defe6c,0.5744124689111968,0.6307609474704147,0.6296620932205438
cf2ea09c5a474c5d2e09fed7,0.5390406172709392,0.6118200102441826,0.612283634581654
1d148e7c83444f29c59997c6,0.5273257266203069,0.4439672584038112,0.470898505724958
d184d32d387507e67f18a746,0.5933021360803166,0.691560781134552,0.6619809739012075
ba796f2e8012d37608452c5e,0.5370580108966981,0.4303299647373144,0.4135611309843526
21159b3d42151dffcebb0eb1,0.5175327279173577,0.4699779510485457,0.4711258312124423
7684845066e58c269cefc8d3,0.5275300744732633,0.5896503795301735,0.6045750215292428
6436d89f1e2af62538102d18,0.5302376068660395,0.5409968063123173,0.5616158547519458
d14bbfaf68c5b899bcede6f5,0.5684591720240474,0.5188759978960414,0.5248464668907944
5d99cd7eb5e74bb4f6df00c6,0.4851834353208784,0.5326075485666657,0.5638220926480396
1206847b62aa880b83dbc0a7,0.5488691444151048,0.6437640648171042,0.650979098931648
f13d5d5f42eb5336386d2b6f,0.5250641309113779,0.4930555048135362,0.5232529029403902
4dbbfbd8dd931de1a9a0ab42,0.558964142362271,0.5348905403316577,0.502195174276787
6ae552e5e141a7249666829b,0.581755958850542,0.6999208510045705,0.674375959126241
fa9775400a5741e01ff3570a,0.5412526426852944,0.5187726545974808,0.5329832605220294
889b8a2f1e1dc84a765c9743,0.504846523126298,0.4823552619336391,0.5201239743130011
4da4c7b6d6b0368bacb34995,0.5471497621438248,0.6034267929113928,0.6093888530404956
0467913c06ae81c0edacc3f5,0.5019995438683832,0.4694675451078055,0.5035498310412772
6fd99c7a1ec0a0d44c3c0316,0.5124608352017019,0.5636624116087748,0.5856371700918385
f41de3eef1e0a8c96c8d2fbf,0.5292700185749055,0.4234597695955737,0.4480545244007718
10bbc8e0791bb6242bf00916,0.5678495906752471,0.6699721694878363,0.6502109397144435
420a3c85e27566e5ff28a2c9,0.5638709858315643,0.6058617952158477,0.6084867551661645
e361128a31992a5dae20cc84,0.5441687826514796,0.423198201506096,0.4138100885132033
f3869b3e321f07207c0bf564,0.5849155928431823,0.6721800881572872,0.6676727769825435
336bc7043faa3d9c7173b7ef,0.5501252709263083,0.4444460563074078,0.4575974558508557
221777e3bdee85c8efd8da8a,0.5338848961404115,0.5670058854244997,0.5803446266440546
0a56d1e3ce98bb06fb492b34,0.5347724436342,0.5730631237892896,0.580265402575249
2fb5b7e30bd0fee1790fec8d,0.5664677698468842,0.4506364940278586,0.4413888760888684
ad659b9c91dc34c183c4480e,0.5493749128606085,0.6318496394362279,0.6335795460451696
63cb23458f9c96e5af5282d9,0.57291478940082,0.4688218543762662,0.47620796682211
e4cc6bbec29c2d71df2ed392,0.5139725445581462,0.4579529150890796,0.4821228077464183
a5d484ff87c05b5de21c66b0,0.5749451794956786,0.6347035781360097,0.6148068968025642
b2d5de61856bb1cb6f84b232,0.5581470960773791,0.4326179996225107,0.4319889219506306
2593e8f474295a2ddd527979,0.5446568483114981,0.5954432007487452,0.5903372499359039
01f8fc5ae23634014cdbbda6,0.5148830393075682,0.4050279500799639,0.4330566338077121
e5cb538b77c54f6c42cf6299,0.543284176978881,0.5005722866766145,0.5032245601028971
c145b14ff5dd0584dd70f4e5,0.553928756379632,0.5212625247281188,0.5239337945079316
e3968d567fe42d8b99fd4d0f,0.538272972406639,0.5466090349229082,0.5661879204054932
32be4674d6de9cde79fb8101,0.5179031916543468,0.511599473751261,0.5317638912627332
d193e8b103652adbb0c4fa12,0.5542043447975882,0.5465588674696106,0.5511711331354956
2cadf68fef9bdfd6dff4f972,0.5329592814249278,0.6500926880654765,0.6521865722757124
3e82d7fbaf4105cc03b6f51b,0.5386234371598877,0.5342887852169391,0.5371487551614449
e07f728a4691880d760f7ed6,0.5865050606142201,0.498353847090391,0.480154341187153
fe6d7a4538af40c176d1e54a,0.579991051381324,0.4943576770092422,0.4926574161626391
250c17e5b3c362b459dc61f0,0.5624870832337964,0.6627463780251699,0.6688355861691244
775c7d64c95fd1aaa0632c73,0.5424790985420308,0.5887189204950852,0.591558236437796
f9987df3cbb849db32f28ca9,0.5671711298111237,0.4892586500609814,0.4987648526797268
54ff81d97ba0b7f364f7f6bd,0.5482303533681494,0.4280649664313932,0.4426379274864011
4aac0a7f29fef06023228bd4,0.5548013750683816,0.5802714017470066,0.5621552409848625
b02a8ac497e4d95fa1e165f0,0.5459517748983299,0.4267160155567209,0.4416659981290536
ae523284fd66e693ed36e1ae,0.5393543116699351,0.4363265306404684,0.4390308610222146
a12439f09c8b087df917a207,0.5241731444665475,0.5245630824113208,0.5318407330580872
13fd2cbd3820e9ad363e1d29,0.5476807669421789,0.6157917319391879,0.6213960000814678
9d0235aad67f1ebb8f601906,0.5681463796763119,0.6697401449390623,0.6644218951048972
25cb416da1cc8be58b1de7ab,0.5416672528081786,0.6201221454468057,0.6376341141218342
59dfc40bf6031250ffe8c815,0.507418536536291,0.6227148503377666,0.6465513080603087
0a89530349c66064bfcbe8f5,0.5459667757704659,0.5644548527995017,0.5410960202466153
1b52e3c710576a96ecbfd60c,0.5459667757704659,0.4486340316160822,0.4297722584452342
40aa5df7212de65851763102,0.5459667757704659,0.5879756991366847,0.5700618387452216
5903a880f7e0121d5a88457f,0.5459667757704659,0.5416674138933456,0.5254636768965828
73349e7543a8c6a6a118ec04,0.5459667757704659,0.4533859852480482,0.4357829757569456
997f61dc73d2dc5a7a10cf83,0.522245289997421,0.5445893359324623,0.5408666354835195
9bd3f0c5bf29b24dc66c3446,0.5459667757704659,0.4375606585788129,0.4199383112190653
bfd5de51612241a7c2dff9f1,0.5459667757704659,0.5902432091867684,0.569356751475535
c35cd1a2d094cb73ca2c7f2e,0.5459667757704659,0.4348387229392043,0.4146231582686988
ca67eebe0462f9138d86c7f6,0.522245289997421,0.5286898740765832,0.5177929357017761
d6cef44c7e6699e9b87df13c,0.522245289997421,0.5407093759078425,0.531909335706388
d8e92a2001d5d55bdba12157,0.5459667757704659,0.4241803782922956,0.4069131912934811
f8bf1e1a10e4b84a8c865210,0.5459667757704659,0.5362403326068841,0.5079820687260839
e847af1240253b8fc1a7a716,0.6026651070988666,0.5478202720202123,0.5198008715901871
4a477bd2a8b85cb87e456019,0.569052209058062,0.5651421095296638,0.5657401095675716
5bf898e0dc6c645baf51937a,0.6062833985442447,0.6423889817014368,0.6164240338564695
ae22a1c96f9f22ab9ff832f9,0.5738508307886909,0.482878444275594,0.4589640085305778
703800ecd62b8b2264d361a5,0.5402380803497517,0.4856357023184713,0.4837268704319226
a3f6ef707d447bd9769cae48,0.6026421183298009,0.6907240245791749,0.6532317821804735
b028e4226897018e5c388507,0.5468861051142506,0.6034862522957102,0.620061843573918
d078e474bedba1574db7aab1,0.517827366651619,0.5927518247847017,0.6182542077901709
8f8322939cbc08014e5dc3f7,0.5228261841559444,0.5092221660120593,0.5394724138573196
b9ff39144d9a1ff97ccca4f0,0.5564754350269746,0.612500069562434,0.6245991538701537
2efbc1cbc596d9496ca163fb,0.6262422221485253,0.7030960907951005,0.6656391908266668
c41ce9a377cb43efc98e209d,0.5462409423595223,0.4754955089683463,0.4736449253575034
d81edf5751d4c04ac42ab41f,0.5713457377438869,0.5275009212610051,0.5319568065236803
4ab9618bc558f374f57dde0e,0.5370714861963238,0.5420424435275347,0.5641552938008313
5d12b6b4632391545d8e2a7d,0.5439210270159843,0.644504667990695,0.6449640809957156
bd0ae184aecd4c6ca89690bf,0.4994102618436823,0.4787309996577241,0.497887147872491
b01a9d8101f8f36f42402485,0.5269979949018697,0.6108878678245575,0.6337347173518604
586a94f7e32f43ab231b0663,0.6070872866650922,0.5443179666790621,0.4936523488244558
2d9cf10e24b62dd18b837fa0,0.5561568209879242,0.5113823946272668,0.4939552632056926
635817c122520701c81fd9e6,0.5526630994381267,0.5417921715720961,0.5553552690098706
28e1c964596aa32f588728ba,0.5835077038696236,0.4789999526549076,0.462985459574728
edde2618257804501d8890ca,0.5564900319797772,0.5587837759775245,0.5627227012489925
8173b8a8a99146d69ff6f1fc,0.5177457187023526,0.473370803880541,0.4983888267242673
f9f180feba8ec2078bb35649,0.6089748215344262,0.6321383760252128,0.5634626133349215
ebfc7a4ccdfe329889ca4fb0,0.559495825741266,0.6555855572619511,0.631544430897058
ddb260411cb48e47075368fd,0.4893543392945827,0.5327101862668218,0.5881671272788257
356235baf9a963d4eb4f1d5a,0.5911267328854135,0.6055559302683915,0.5283724230707265
378417de662d6455957ceca7,0.5090634114769332,0.5920545640538948,0.6082755616812561
cbad0b79521dfb5285ef1a91,0.5115881445792072,0.6119202282090245,0.6101776711638885
75ae9d9b7e126f65559d96c6,0.5110154968257976,0.4955761734278726,0.5506652903634142
272b10cd83771388f041332f,0.612281944896279,0.5865994671766221,0.5186236635084629
b52df2b395dbc4234132c141,0.5762416521084128,0.5334631801534626,0.530695087525568
f44e057e613dfd40a9cd0b05,0.5096141379516451,0.5029119921036495,0.5101877932785307
1ee9045d78c2cd2dba0a8ad6,0.5456304327443571,0.4782661260979155,0.466101280708991
31e413212627e252c4228c02,0.5441374185698682,0.507605166443188,0.5018188562185566
bed5f151d950dedc2887f5d1,0.54334460039915,0.4636763358793229,0.4864222475516456
18e5fc58fc0fdd22cedae4a2,0.5232557614283749,0.5011026553498664,0.5309980019068049
fcea6f2094d250047da113fd,0.5739891512287877,0.6364793446151981,0.5859104089091993
5f8a1c05950c0a4a3496b98a,0.5601511912248608,0.4901329654177951,0.4539242787471819
2516adc9522451988167c409,0.5563876704906108,0.6274519825890306,0.6136632234551441
6f0db956f92d1822a0f3e12b,0.5054068796061814,0.4407636875297558,0.454550294155647
1b1af09232886172944507e6,0.5092105114890534,0.5242666928184688,0.5442245756759174
0f3f59cde462e8452778ee7e,0.5184948521615057,0.5472027907867475,0.5815034857162034
aaee8b513277f9c2f2502667,0.4844529477581475,0.4476162497448021,0.4955912185619724
737ec7c7464448938de5c9bf,0.5431245563497328,0.6653911755618089,0.626223073237751
96173fb0f87b30ae1f3f174a,0.4901063199813016,0.5345684818014876,0.6070266481429984
3d82310ce03e28dc31f6bba4,0.5863203975397998,0.5096217248733738,0.4744930692998243
efb08e6e501946e24fcba5a9,0.4661150215888445,0.5276537510454594,0.5931732419652159
e9e2253f4a066b5ace46d46d,0.4890891521259336,0.3807982682926641,0.4572761367685836
d5243544c30f937284d1ad1e,0.5792275622932986,0.5447841012541768,0.4979125253496528
34366078dd9bdeefab82ebbe,0.5576546881995943,0.5573511287611032,0.5274712206048351
eb6716088b633815195a687c,0.5521745570199501,0.5085978407486932,0.4870020835169145
e5c7e1098114589ba6d5988a,0.5528949780609904,0.5346613582984995,0.5446058998909906
247a8630628870d0828362a4,0.5808723581092262,0.6075556912726898,0.5405537814811233
da358e65ef52b444f3bb3a71,0.5755255400498918,0.534640917324907,0.50389556700839
0bea5ca338e953d772536daf,0.6105501281891911,0.5471343706298009,0.5194044238287203
8d07d1fc8095cd730e8ac7da,0.5164105331291877,0.5476921959126754,0.5743235376957676
16ae3cf0ca21594e72b292b3,0.5587136988645752,0.5775897084722033,0.5554409148959779
f0b1ee656c0ad927d3b69744,0.5581854821944997,0.6674077696164208,0.637324706554866
48f4e88b51d1d3e7293c4dd7,0.5250839737373814,0.5308617932525758,0.5681111949134744
5752c15ed1ce7a6fc6c588d3,0.5093473121031249,0.436791464628332,0.4697904670828565
cce3dbe0ac063bf07d7c98ca,0.5389012928209312,0.5486513814806457,0.5397874854868391
60885ab1d01f8dadc4b26025,0.5323180127790109,0.5550389995759131,0.5495152968460773
83732e748d08290cc6bb350e,0.5901223260929285,0.5135822697612554,0.4498621470503809
16344cb48f93795ee13e4b26,0.5112401463514747,0.5293640526808042,0.5884990551120669
352c5cb9b918308120e3d9f0,0.5255845689412945,0.5100270296089506,0.5231228060422629
985d1bd710e4bb459d1d7bd7,0.597260979545737,0.6983877054437378,0.6443930654056198
7bcc041d32622b93468b682e,0.4842576990257873,0.3967546496858491,0.4565446621931564
1c1b2930a7776c4c326ef0d8,0.5183802385494368,0.5618770840726293,0.5709537024816842
70de3c8a5040561ea556773c,0.5918914162453014,0.6866607891864867,0.6209413604210096
5f06104486ebd93943378db4,0.5568610454114457,0.5281833147552453,0.4989712825358082
640b3649857c94a32fb37456,0.4777515694879435,0.4422487334237258,0.5012512973913522
c5f2b47ac2435456a26d3a4f,0.5950195619424371,0.5063516689818135,0.466812461269494
0df3ddf2cc7110a3f50f3f1d,0.5691547237116463,0.5438346368690253,0.542850909910561
bcb57f7296e57ce3af4e8c30,0.5744646928037966,0.573536602190463,0.5493507903559067
5479592e99b2f431b7a4512e,0.5312189064768286,0.5662207716745234,0.5982734853668731
4b67ed5ae75542b6fa01a4ca,0.491750830625716,0.4860836310537167,0.5407285751278532
bb45d67de954274c79ec4910,0.495926919555522,0.477216300574942,0.5224500138556402
6716fc0617e2f268fc3d1e82,0.570393925551807,0.521666559381745,0.4939848485547841
d80afa082074aeb9bc654cca,0.5094777390342888,0.5770484894621015,0.5943429728346323
02e47302754246a1fdd79d16,0.5914515924940301,0.5693910919683345,0.5238946721372489
b1d6d091a40869f808c70145,0.5874026506903418,0.4510668817982885,0.4643199070519945
f381432df02d950e51b8a4ac,0.5090279886600161,0.5481033668326136,0.5904185961881081
5fd664690f7977d63599f725,0.5028562016835022,0.5044904741470728,0.5434324981515285
4d27a05eef5e96a80c51d188,0.5497428958286448,0.5755608735001638,0.5737445515018295
deff17cba08f267e34e0fcd8,0.4958054219863106,0.4865257279652052,0.5274146550459039
8c2aab192913e003439bb4ee,0.4605032961746885,0.4811544969038842,0.5309918020813119
ff4288b3cf88d7e01d476f17,0.5930713850603451,0.5563413176642557,0.5023708554802236
e066568a6a5f0405e084b7c6,0.531454004939059,0.5551649483472876,0.5724573014131825
1b4cac6bfa52f254313544ff,0.5689801234090021,0.6637590429484872,0.6397969201129191
ed12eaeb38f035cf6efe6be9,0.5201476469232054,0.5934519718373552,0.6286567542447141
cedc962b5678e6addb0a88e6,0.586912306439356,0.5401028138271107,0.5182617012672784
e995561f28190a39f62450cb,0.4975830606715958,0.4455768978481324,0.490498912927554
01705c4448059c1c9c85bc21,0.4738811625904464,0.4135205674848629,0.4523342968314713
6d0a4e6867bb774dcd34f7fd,0.5656500517460435,0.4547374189209485,0.4494882057357183
b54ea0a61783e20c9a4f99a5,0.508071857664226,0.4839981188853278,0.5066418099250386
846e98a37acb6c6f4b4eb2c6,0.5546324811288383,0.5137084488474882,0.5045311641032306
e9ee59e4832404288ab17f6c,0.5432201801812755,0.6103640286232712,0.5954332489246125
a340e040738dacb3cf4980ab,0.6109015447382766,0.7373911349373733,0.6298553504842396
9b030d8bafef589632df9008,0.5854699219828062,0.635350135434394,0.5949046587948748
d06d3ba46bbf520a0f0011d0,0.5833456771180363,0.5399914460059774,0.4945579753153974
cede35f85fd5ee9185d4f076,0.5972296353686664,0.5516278642378772,0.5488139824060643
aaacc0a96e554c030617ddf3,0.496040622844653,0.5267837434825875,0.5374877890665132
e3ce8e23203caf80c9f884c5,0.5221200859782449,0.5168215397523619,0.55321932888254
1565df5f43dd050b4e5bf2c4,0.541277704963692,0.4730150014426106,0.4613003228345059
83bf7007d163518f679ef3d0,0.5790802658458712,0.5763518806005745,0.545012113059793
c0ba06d6745474a5af6a394d,0.5373772895040224,0.6425811898940096,0.6140713363185064
c2c3800a38e4789e71f62ebb,0.525586527119981,0.5085898543374376,0.5196975533626156
24b372da08f3ce9cf25c746b,0.5000160712328118,0.5075781035519082,0.5368369181082819
a8a026a15e47016762b3802f,0.5000160712328118,0.476631986047291,0.502242468708133
95c65572280885e39f723d01,0.5706537353782554,0.4686977101041081,0.4481826284581549
d5c6c71aacee5d757aba28b2,0.588927377647017,0.6712245210916878,0.6224330535997127
33b6bf2c0c68f1d090744f31,0.5999029819772166,0.5863969883545641,0.5113829125707938
a6cddb5dfec4cde13b01f06f,0.5147150340854556,0.4964966952245795,0.5238450698408508
3b1e0e3f381dbb32a7f9cc28,0.5520559928315624,0.4834689517021809,0.4654969548738492
a0d2e96c7eb9658913e9eb01,0.4816930227709721,0.4188552500474923,0.4827954109756565
cfa9cc2807a6471d4277c1cc,0.5687420894500704,0.6273636304497627,0.6065977442770858
49afc56c4b433e9c56ec346e,0.6155589969936109,0.658039597631833,0.6030727261497515
5956cd834749148367c7225a,0.5283033183502766,0.5443009989698945,0.5798597263101197
76fb04717bbda02f7479fbbe,0.5956152326001231,0.5226625364954331,0.4709145007527689
ef5ee28d213eed784da7b6c9,0.4753814619902106,0.4077732068197258,0.4790559863419105
e3481b805383bb969c18331a,0.5827929141910189,0.611179000165633,0.5644817859145072
4ed107dd65814426318c83ea,0.5284167595088388,0.5229767410315002,0.5144958881154613
20795d87e8e09b51fc57a41d,0.5566441710238281,0.4649158052030203,0.486648610643367
08f8207b7c5cf3bde107327c,0.6059007050705815,0.704638901096077,0.6189281209559929
3413a929308002745ea2f2d0,0.5018152754017811,0.5473584938644263,0.550985958605889
8d82fd2b7cac223844f37c5c,0.6131772648191127,0.6860800428868854,0.6329593497315232
6ced1fdcb9a3dcdfae209c4d,0.5332681423839337,0.5135238077931359,0.5213899947158975
bf037856795cbc0fce7871b6,0.5332681423839337,0.5017283159207775,0.5211674326240979
99489ecf11bbb172e7823da8,0.6144389451091575,0.5959149952252769,0.5102380909565827
f35624db05aa647ecd7f6495,0.5673280465366076,0.4581583239808005,0.4459716780816184
3c419b3f2f5dbdec16ad96dc,0.4677540257586364,0.4605820414479194,0.5447393337158057
9ad68700a03744932b493992,0.5023965945255188,0.4322717214524916,0.4472193288994845
2e0e548dc690e083d2e6bd1f,0.4836483384437151,0.5154624010998939,0.5817145837139055
431027437e5f7064e775193f,0.4826865188440572,0.5300407473177211,0.6059727221566878
7da5e989e6edcaf90df5334a,0.5017669217008854,0.5664723404935965,0.6059130044698358
3d8d171d5beb655a7c7b557c,0.5580248469954315,0.5451150787430871,0.5343869108669099
18dfe0f462abfe8f12862864,0.5584412671286495,0.5205798609757901,0.4992461558848095
58a4cbe3ed7dee7cbd0e26d9,0.6103345851030035,0.6699609516678631,0.5697216013250388
9ba4788d68fd38efada2de48,0.5345032703944035,0.5578587168536377,0.5974148179110887
8fa2f092514a43cbf3f33fba,0.5838527263331227,0.4907414575251556,0.4530944458550456
ffe17b7812176dc16406f7a9,0.5544522918436976,0.532435108650207,0.5392417340518785
710bd3066dd746f3e0aa7af2,0.477142123397452,0.4802539320865431,0.5027692801123368
700f44a6d85d7e7e6678d904,0.4907143538498592,0.5013754618814291,0.5398073291558835
03a70d0493de35537080cf09,0.5326787926628272,0.5200564652652969,0.535645663503894
2f7b8e59f49eae15dc35a643,0.5103904362163434,0.580508683035779,0.611673080412331
65d6f8bb4833ffc89d7dce8e,0.5895943134167435,0.5792901242614444,0.521791262324037
2af388d240a4bfd41b4df391,0.5993574880209368,0.5472904882709345,0.5277329286696245
11b460afadab2daa300e6e54,0.5335930564280337,0.4830085756740821,0.4803108453455505
c6ca7740487afcdb374fb2b6,0.6005369051661447,0.5686814282847186,0.5352210086968595
1a35bd1e220253df842a16ce,0.6089234504194213,0.5877629230111789,0.515884587606213
d4e46640beaa2826f6f2a044,0.4907408525983547,0.475718383556348,0.5254815574622073
7f878ead2e15fa9e6b071715,0.5017481997273471,0.4868607514424558,0.513578589931053
6761de1670065d9b81839bd2,0.5534613795147123,0.513025727072163,0.4962177142508043
2b1f32dfdcb16ed10fa7da6d,0.5066862346348373,0.5952187971351319,0.6092938659750042
01f48ead3dcfbe6bae63b156,0.5060260565082184,0.4005297332259957,0.4439629658646737
d1e22d1ebb9bea030b90f968,0.5170003308767648,0.615710150635361,0.6065679375909931
6a9c037ca2567f5bd934b2a6,0.6001779128494901,0.5280393536676813,0.4613466254872876
ee5e85d507b6f8220bfc81f5,0.5590720157519432,0.4743413549847257,0.4430534608978527
b53d3678ee8626abd77075f8,0.4809965391548564,0.4272597776849013,0.4885871322507556
ce7ae0c32d8952bf0f01e001,0.5720971326888304,0.5766210265582603,0.5789321945240178
f044998294745fa154adab4f,0.482075388885531,0.513957769006166,0.5593572190990606
c2da24d07cf294d452fb5776,0.6055096856660233,0.5999063052796714,0.5654391465592317
2192e0a98b6889e0883b8f14,0.5820405841832791,0.5192675014061892,0.4965985849425312
19cad6eb4437e0442f7d8031,0.5804817875645075,0.5477677004741586,0.5446058812252809
eedebb64d9f9b7310eb9b4d5,0.5223994427074878,0.4148464605648996,0.442419640650983
b91498d5b537b6140cfb588d,0.6088828233446348,0.6069285843733919,0.5324981620056134
6f5e45b5a104d9a1f4a6f6ea,0.4790970925935955,0.4343760985809142,0.4904475804714657
320c48aacb3605d0a8a6515e,0.5069958082791214,0.6305776473732583,0.6411959807056461
cd9c2a68a2acc033a8d69545,0.5607183738036148,0.5869882322811212,0.5723766277485771
d7f3522280dd47450747a90d,0.5583819786534505,0.5107324563408052,0.4822533448557681
6ace005b2b798a27087e2a1d,0.5199409252068111,0.5301153563696857,0.5349911342624379
a8eba9b0a3dcfcd3a6491316,0.4843644401983222,0.5062163156068498,0.5635624984671744
e29814c0345a58fbc3be43d9,0.5000867524994592,0.3657395964310318,0.4419410232858705
944bd46495fd958a1621cfd5,0.4644431552045192,0.4146095930392854,0.4928123917833789
2691893b82154298bc8ed19b,0.5127763005341573,0.4632696686704351,0.5071454478419813
6391521c61d4b35f1dcc8036,0.508637947013385,0.5973691565829515,0.617432206521732
09731822c9ec803b4778ca6c,0.5609388729841214,0.6359207155147295,0.5814378755943674
6fd5e3f1af7c6d7ca4b2bc1d,0.5292886823346374,0.5971368825347414,0.6119978932535501
42c308a57707f0f0c5df84ea,0.5887942857986277,0.4947429573608069,0.4629043208014911
279a9cb5aea956bd6f491a5a,0.5682772191067167,0.5921353551887151,0.5256022760363228
d5e74546f4d43d535e9f4566,0.5578083564361906,0.5949012644840054,0.5746475449123118
71977329fa845f3831d3ab07,0.5840002703930746,0.7053549696086576,0.649921094277569
1afa1966afef8a7b10e3b08f,0.5376757946176267,0.5301692269755276,0.5777061573853439
c8134eebb43640e998d9c170,0.6011128115859595,0.6003813842567269,0.5299560770932407
2467c8e7343b19ddfc74de35,0.5147979991719212,0.4824404836885867,0.5380756044660187
0c0b984408fe12b2d69d4b0b,0.5682772191067167,0.6065881788705392,0.5633844114954663
77c88e1c23de2bb21f85dcce,0.602526309973171,0.5196659231030194,0.4569928407194671
09ff50206ed3b880824728de,0.5730463147525928,0.6451001203495795,0.5957584426933205
98592e220b3c9e9dc7021692,0.5730463147525928,0.5615802251440158,0.50873432718727
4a75582edb923d5c66bd22e8,0.5301312594632157,0.5853425662384132,0.584665186117351
b911593ba07280bb98d8fd94,0.5730463147525928,0.5487969442855788,0.5015331723335548
2dc09af8d6ca377919f454f4,0.4814770221113363,0.4731283296652172,0.540464641007167
087e7c7430b055057f99ba2e,0.5604696802456525,0.5068579628416362,0.4807738897717889
493b05cb2ef3d2c811ac993f,0.550991432385272,0.5790628329302538,0.5709615077686223
c337a785caee9032a9b24b6e,0.5109547642740456,0.537026052941488,0.5626136668513199
d87a6ab234faab4cf819d810,0.5053977851839935,0.5739355037727604,0.5951431963485145
cfd20d3f5b0597e91e294e42,0.5480025966747348,0.6159699178999145,0.6214716388650093
88a2677aead1c50a389213e8,0.5021075979812288,0.5492005376054813,0.5763828589859841
e2b5b71be1158551edea62e1,0.5869026056106555,0.6398978808995295,0.6251623636734118
f985b9aa98d8073289b99e17,0.5144159211595782,0.479664103097664,0.5246975661752666
416d9a3e8d742de9f898fcba,0.5667788456613275,0.5439593182815915,0.5107196036267695
ea488992921eaa1962cb98d0,0.5411532382224082,0.5171426652516273,0.5384076124363295
dc3a6cabd9afc8a4c3dcc06a,0.5608141520812022,0.5062593870224172,0.469232243127002
b0d11e815f7f4ed8683f33ad,0.5468597075923785,0.6222426581830361,0.6228464872126125
05f680f5dd3b8d2fc5c09770,0.5197811490325795,0.5671224480191623,0.5965228260906092
8d091817a0e664f2a94e0360,0.5068565864628513,0.4862614016249672,0.5302648849718126
cccb8f55e5b1c4e56344feb0,0.5749383669425432,0.5278981297656855,0.4996191977436135
c62cc569f712c795c185e0fb,0.5354136006754411,0.4519813524975295,0.4662551340344087
d5064a7efcee5a57eb0b7b6a,0.612664704228735,0.634257747966738,0.562526061776884
ca68967d4aef2ef704bce74b,0.5678914337618768,0.503917776629272,0.4776378734787155
cf5c2b3a135df40796d151ad,0.5666988782825645,0.4511070500426083,0.4751191505549004
517d98905a16eb710b3a3a89,0.5544924402915961,0.4812780333966183,0.461538770411098
355c228213c2da74193cdaaa,0.5734880412051252,0.4703349711218718,0.4541894597249609
40fdc4abf9760a7d88632147,0.4914065295537522,0.4834044833590137,0.5281388782116363
9874b917f544f9b2297e9590,0.6101575727084486,0.5880983287874509,0.536743939751897
487083761e87682912caead4,0.6022036623628265,0.5146372048096568,0.4457699667773899
df67924e03936d992c2c4fb3,0.4996083987097312,0.5654730324441255,0.6156866633847575
75bffead7ec9ee7f54c2a85d,0.4895197762903591,0.5153449889979438,0.579133928447096
94901d3f2fff41496eafaf0d,0.6052184639997089,0.7110119579146144,0.6356270677902327
ce2b499ae4ac7b7c4b618084,0.5669532349385857,0.5835954315114622,0.5216766198098055
5fead30c1f67a4fe4fe9bd6e,0.5290812162218888,0.6548143440747822,0.6267987389918965
ffe22d31c463b21bacef58ab,0.5934595528700493,0.5426770598863757,0.4914422070479332
5e6fbfd8fb207e4fecbdc219,0.5473177220282673,0.5127832507039014,0.5084038605851638
6ae07d449f2210895821b704,0.5168786341558936,0.5013149951559767,0.5267430623247357
c859c9dc0f54b7d40e10ed24,0.4904260483347902,0.5675472231643962,0.5997904471050706
0d5bc133d1100ea1887322a0,0.4744619469617165,0.5220641085495699,0.582369521509986
e8bf5b4f0ddc3bfde8f8675d,0.5391915259212087,0.5371100548961066,0.5529925800401351
5eaa974cd292c62dff6392e1,0.5090776245738361,0.4552719946757573,0.4827644441549839
fd9da60a8be9f8b298c3d5f9,0.4932353124240559,0.4907936090854528,0.5346158672784634
c0c290041e31318f49c1e220,0.5420763590350293,0.599979059189103,0.5758447755267029
a6cc3d8a7bdaf49cbfa97be1,0.6157429104380779,0.7101097145778253,0.6449298100243731
59af77d1e70563fc86433751,0.4943881270939875,0.4702253219077816,0.5214743175708065
ce0caefe0efb5d8965fc1876,0.4967728931853793,0.4259224664250611,0.4688082720391343
4ec65fcf9202c327ed7f7955,0.5304525311133867,0.5962806627573657,0.6164597392321793
99f47519a9e80dfc5eb45815,0.6102743253015506,0.5388489402682383,0.4689506999128144
3d14b4cb3d3ba48c263146b8,0.5228458367596518,0.5212299426070631,0.5504290395641825
d854b163aba82d6aaf7a1570,0.546075956449983,0.464677626027514,0.4437276418312685
5339ba4ce9158aa77399c057,0.5249973299038625,0.5779969550345536,0.592154033509106
839c0fac83b4465d76c3ddfc,0.6355218084088157,0.7473865909802923,0.6280824386214405
8bea9753187b81e7a0cbbc31,0.5714023309951182,0.5744541412811244,0.5291187278238232
d29f251bf69c863e057fd9e4,0.5687970995729293,0.6225608978489234,0.6196752098763163
a44d247f3be187294196eba2,0.539797015047468,0.4753023817134378,0.4832015027343503
1dcad74389d2829a58d2c74b,0.5278422300454341,0.4434443208568865,0.4604023148919447
2ee95d7258b4f9f7a7e2b43d,0.5291401885079755,0.5211179094801225,0.524294164609542
38da22443a44e7dd6335501c,0.5278422300454341,0.4716295605648931,0.4842873997552805
597b0ceacb88df4f157b31cb,0.5291401885079755,0.4892776696914479,0.492794759528487
543afd2482a000566c5537bc,0.5756622439999934,0.5585834969531646,0.5005377694632684
2094c787ec2f13b228525858,0.5041976872567794,0.552050972374135,0.5845041877183913
27aa8e0053349fa3fada2262,0.5744266957892731,0.6114128866968063,0.5847520137457296
94604ec26e1403f84563fb68,0.5541031702115514,0.5840879985750473,0.5462841094419199
d9fe32d4fc330bc9b4058d34,0.6265804951478496,0.6451243840121172,0.5532454418417734
e5c31f002f876320c08c39a8,0.6145615542061194,0.5533356227718912,0.4718237583769379
b9b49a8b124eb7677b7278c8,0.5536535788145875,0.5390650227176349,0.5323216008480383
13ca8d950cc36fc68c923f7e,0.5772928524370564,0.4989012793072761,0.4520338432813041
fc9671022b5afec55c55caed,0.5435960133453632,0.4651841963231818,0.4890796241705196
a4696217d43a683d11699a27,0.5204365175875009,0.5111555864523625,0.51694471686477
4273b55715a1599bb7153c0d,0.5469702680213682,0.5079425729487536,0.4996649489966367
6bcb3f8d76480e73f9f2345f,0.565534430280783,0.53011710823892,0.5219698692210724
a28a2100dd4d8126d14e58ae,0.5020195652318471,0.4941670937525467,0.5193096769349044
b87240e38d90ab714a4fc174,0.4830447350255262,0.442911520547705,0.4945278141492215
2e93c042f8026be715514fcd,0.5789406532680552,0.5711642418218191,0.582597958193652
095631c315844245651c8e28,0.5486959455153553,0.5760268872763492,0.5931188501481051
1688c2ae62aff597d8bb1883,0.470948518027636,0.4795133833914998,0.5442187131132947
e4675e615ad5daa7db842786,0.571064447849644,0.5926067467436436,0.5851572970512944
69f7a5c8665054dedfeb7e7f,0.5273085899431428,0.5970205104734885,0.6295201564504302
0d708a61818fbc3e7edfe0c9,0.5722584053524317,0.4655449790670872,0.4415588031412381
7b0ed10f9261d057e3fa86e8,0.6075651942559362,0.6010488306094504,0.5454053703091262
9299d8139892a0596c557e27,0.5841493849766467,0.6357765798829544,0.6130666358815263
71e8293b12447a453181c8c9,0.4888089297245592,0.5258101427421125,0.5429225816379193
9f4b8eac5c1e520c049afb00,0.5155791582723043,0.5376976745357049,0.5815375832774038
cfd7fec0cfab839f36ebe653,0.5262757388611069,0.425575743809223,0.4541721481406664
2cde270baf4bea768aec35b0,0.5497205225939963,0.48431061593697,0.4618404669701037
ecec5d72eaae96654b449472,0.4734471619137907,0.499855888980438,0.5511509736730995
c04a6e41507425e1ea0bbdb2,0.5835105042698607,0.6580451228082027,0.6184820610750775
5889029c1514d44b027f581e,0.5255311721620538,0.4801753116511031,0.510112127232574
41589602b1889491980ad3c4,0.514260197488934,0.5777444856189604,0.5660393720113877
10a68f5b14972d028c06801e,0.4900774782769885,0.437968397987286,0.5048073503354045
273c4a68cfd782f81055643d,0.5115237031703954,0.4972587752483739,0.5420860333143793
95b9ff3d8c4a11af721281b5,0.5817587485311342,0.511541511848387,0.4856973267321852
3126e11b40ea35f36768b776,0.562034635655393,0.5368161088551907,0.4983560599879903
b057d23a2ba59f5f761285d9,0.562034635655393,0.6375436932248816,0.5982204025011877
b2a773313c3b9ad6f7ef4e64,0.5588293552223678,0.5589868954741957,0.5064826349106243
a7a18df7a1634a46424f6750,0.4705428331015805,0.3983541751400299,0.4848899476087727
39c1404af7efc83885e45e7c,0.5108279074187452,0.6071721450129702,0.6286777555150617
aa56086da0b4c389738fcc00,0.4980705055305759,0.4345425268845629,0.4633511963218427
92fd955b6a055a507d141f4f,0.5169224343968517,0.4375365061821165,0.4663662445397353
64b2c6eeb7ca155088a88146,0.5037256108014996,0.5497389349218769,0.5972323166925516
8d4febb1581e56c293658b76,0.4681822210056217,0.5454732199568852,0.5879463105289682
627c3f0bf144701dbc0d694d,0.6257084546496934,0.5694249774555311,0.4734392947206229
400ef62d57a67b564a0c6a07,0.5593771622269657,0.5988788886243335,0.5759590772853523
c92a5674c83437af0c191ae5,0.5691920359876111,0.483891223252485,0.4651645935938958
8dee5f160062dff929ba13d9,0.530650102251939,0.5075966319431805,0.5014754635526025
5db39f625cdaf388f6c13448,0.5644284399452327,0.5532313754729281,0.5678297939117052
031231f9b481daadd15b4bf3,0.5316941428351188,0.5057732698283816,0.5401523489353897
59290e59a51d67bdb443ce3c,0.5560863587090931,0.5374820303702751,0.494732528075405
b6e0bf293d333d657d3a8c59,0.5934605557449031,0.5259892948195678,0.482403119970377
79307aca48268f22e79c77c3,0.5297987660318311,0.5835464786416842,0.5818455039715688
b9362330c6649fa89ab91940,0.4942835651938422,0.4790869704395407,0.5247328368493661
aed50b05b16f548a434bf322,0.4972833611241391,0.6006739294972434,0.6173031131620573
155a7a774b287c118d18fa87,0.5625977620021089,0.6124958959543353,0.5906242058425673
4d4b16ab48f26f461d460ab6,0.5526390717952274,0.5930306411082437,0.5888241025185568
534c37f26bbe5a30e01ff21e,0.5562078794730249,0.490332777780969,0.4382658756062019
772174487db74c251afcac8b,0.4693978532186275,0.4824778821837087,0.5492851810576249
c0a79af8e1a07dbc87ee6a67,0.5529268770124056,0.5350934323290735,0.4869442922512306
4f8ae1d9b5573d4cf6349b0b,0.5075361041823702,0.4829116740112816,0.5127689845368664
aabe9d889be0479fc8e6a752,0.5103244904589382,0.4913670687853557,0.5236993539854379
9a66d224957125b1e1c4c96c,0.4948254911454124,0.461184469004226,0.505022063738759
4cdc5c0bf2f202cd59650055,0.5357250656714818,0.5853265710790667,0.5684062999586607
226c48be18586cecf81ee3e5,0.5493833154173262,0.5847785151039591,0.561888280068396
10ba78493ac09a5d4a1db6f4,0.5996274792450975,0.6012153612412101,0.5469802107837883
93ac9517f7b14da1c284254e,0.5516742892080748,0.553082401270231,0.5391785677117031
e2c5862e4992db42fe471a90,0.519948700193533,0.4816076398520622,0.5143153721100737
25644c14eddd340dd915bca7,0.5381578281594945,0.6058872903185422,0.6147846425431609
b889e497b7d2b09aaa0c8944,0.5390749618648204,0.5549023134667888,0.5636534059737424
88322999898649edf2efd387,0.5625645949389191,0.5404790696526162,0.509548563989642
3b5e678509fd531ba6d0d799,0.556759202626776,0.6712388908820938,0.6401959248252015
4cf7f4444c3739d2661966a2,0.6063284939313025,0.4451812113092779,0.4531287750186595
dae2ef519fc4678adce07d80,0.5136921228701302,0.5254673831885133,0.5621875067228582
51f6a29094aaacd344a19a86,0.5384281123322956,0.4703017774071102,0.4849624666925175
9b4db1cd66192a4e6ceb9cc2,0.5830171519787742,0.503371961231518,0.4589806091401308
2b65c1b66bba8e7160f74dde,0.5446702535311019,0.6891331407945835,0.6480896104398941
5dfb1ee3e55819420b196d88,0.5324834801633745,0.5224097441351038,0.5300264743995067
6f54614e5988e85ad28555de,0.5020924614079773,0.5515755355878229,0.6024809768911967
47e96fc869183b9e6d2b9fba,0.5595164049906673,0.4677519215485521,0.4617092282014735
ad5b66a81ce6b4b5aeb65476,0.5286557268392811,0.4476718985706333,0.437230242579483
ffbd8f32158070348d2dcfa3,0.5398796127787385,0.4857166986710045,0.4350632275562986
48e427721853d5ec23e42469,0.5491852885661732,0.6260739959380743,0.5824170924915879
5bf85daa2f21a2f01ea3e92f,0.5794389265525165,0.5980234595202928,0.5247652767937527
99f4cefd611becf880a693f0,0.5424696489900224,0.5183547204207881,0.5316786751097609
f24a8e73c4bc6c9fc484c151,0.5090371718783772,0.5902127852792055,0.5868273911448376
9290dfa825e69d616158242d,0.5397013647402129,0.6531006716624057,0.617048117839448
e8aa57689eb756c65fe5813c,0.5788296797845804,0.6120082532270305,0.564260736417161
1e89e6417da8e14a5edc696a,0.5455394034284481,0.4701501169731856,0.4931555629492088
596dec7a722366e2f93f902b,0.5615369880810024,0.4580370107895701,0.430028812390649
90250b647cac64fb0586077a,0.5485556692629424,0.4780828527392086,0.432934902031909
65251725b021d2159918a6f1,0.5370381907307278,0.5290057062422799,0.5274431579779199
498c68c1b7d2242dd837e529,0.5774391376789054,0.5145512097942311,0.4603008313136126
0cc8895df6485ebd70c4d8ea,0.5212120670385088,0.4219355802205002,0.4287762479359098
a9378b92d453c470fa5b08b9,0.5290439376442112,0.4874647078973173,0.4811818316551934
853c9dcd6eb4409c1e1b9874,0.4964471962030247,0.5016827582174085,0.5184257312957861
b7d4eb53d54c5859f5267459,0.5293722636040165,0.4907205200840904,0.4976090255209597
e33a1ecf89d58929827bf5e0,0.5067940594898441,0.4881683672131878,0.490816943980608
05766299ef7081b96517ac94,0.5472232634917821,0.5506267051604465,0.5637748752782467
58be034beda7629a6dc0eb65,0.5208507790519458,0.5384069194672257,0.5288898741200246
f087d42b20f8aee6e2ba9221,0.5122089741453847,0.4882123752219852,0.4671400754702743
9a9d43ecdbe1eb685c73ce69,0.5148543502160646,0.5510137217460647,0.5689505626962793
c94ea21127696e52f1965d66,0.5275460076256085,0.4539440167532071,0.465521379209928
c66ff671d96b59904fec4649,0.5637736639481057,0.6184118477986855,0.5954282841566252
07d7e44b379176f64e131caa,0.4904007635309182,0.5482918061074666,0.5839827058411298
ed4d0c810710be32e21986ec,0.5400702910265811,0.5675822379058484,0.5674677647100115
7e79591f15b7cd3e0c4ff66b,0.5593627209669753,0.6695881510352388,0.6094469609204628
f7e5494d7f2cc453dff44325,0.4945556416907547,0.5128157559491324,0.5430985002691018
9d28abcd68fd230d728fbbd5,0.5249402416329678,0.5668978710763968,0.5639746769754133
79f920632fb22ebcc3250486,0.5562972857274381,0.6677078494579266,0.6322311189497907
d9f1f61b70c02c09222c5ce8,0.5049554107110605,0.4173339143429886,0.4680390122111708
6913e3351fd792e8fefbd9d6,0.518663209005178,0.443333273496644,0.4514763482029973
7ffbb39f40340e65c57df290,0.5044938129053899,0.5569006510549901,0.592261690682224
938c231efa643223863cff24,0.5603292244101183,0.6796675918773856,0.6192724892484152
768f5cb4d2165b1aa124b7fa,0.4865651752777579,0.5246656381613458,0.5464613572943335
548345fc9836096e02ecc3e5,0.5466996760873706,0.616879223819258,0.605382603764166
b52139f9d8ffe61b77c9c0da,0.5855960905951796,0.5485810827901952,0.543025936136174
bbd8674b0449b5c81797fe37,0.511672772943809,0.5410280001411824,0.5667702861825491
7bc703e61671c62fdd4f6c50,0.5458593768146071,0.5466984200343096,0.5232314859258299
2a981211f3b323568de222d9,0.5065922701811465,0.592414020772852,0.5981283411215843
9096949b6b3632beb7ed87af,0.5657835123966449,0.4611447005096044,0.4200009371040866
b456330e49b38684c665c34e,0.5657835123966449,0.6935981131885312,0.63794490406423
30999807d5f55a84f26682a8,0.4986710199884629,0.4938084319574874,0.5208416564873177
5244234d07e7614c93782619,0.5329226899180577,0.5527552656104942,0.5637114932433094
1fa9f205dac38968c8a803da,0.490309818152378,0.5660141830399117,0.6001761768961287
484394667dab1e4d275ba868,0.5004035026487936,0.4328679581828961,0.4790647672991867
1cea6091e9ade32deefaaa44,0.5313096621489172,0.5323486922993095,0.5191176198673425
c45e492fded71017287c95ca,0.5480766010444922,0.455802945147003,0.455918915656088
fef82bbd21e1848450edcb1e,0.5352356240258244,0.4624879006592379,0.4687836676275774
cd6be97a5df63e1e3710de0b,0.541700246373937,0.4817873005112771,0.4865933712268495
1493d126bd897a8752b430ba,0.5134579884063,0.627528100435601,0.6168471992763391
5f3d25c1d478914fbbc0b424,0.5225825072917195,0.4932365707599014,0.4988669393392825
934d9f1e3066db607845a994,0.5323392082066198,0.4576395916249983,0.4785481649710133
d4d15d411d6c1813f4efa7e5,0.5081528840580336,0.5319923715676809,0.5589415731844802
fae4e52113632dc0bda1dc18,0.5039359913783782,0.4826520487197954,0.497119934611487
8a66301117a53109de9fb7c1,0.4903822346791672,0.3969135632215763,0.4421146409874618
8124200527e0e8c050fbb777,0.5064117969251,0.5571402990991647,0.6069345656039499
4907e125fff12f16913c4247,0.5753123831053116,0.536966793491448,0.4966631506065314
389cc9fe559c1e9689317477,0.4865880052543325,0.4159295167275384,0.4497013567608507
b9dcbdc7c7a796c90636b923,0.5563143772672804,0.6637755543905046,0.6309877287427695
0ba35654eabd6a53483777af,0.5632387783346048,0.4478005558705583,0.4267045510832136
055f4b6e1f6a34ad61ac962c,0.5226336132000985,0.4416398561173896,0.4618572527004295
434a29d80215ac4a8384e565,0.4926113787573012,0.4241356124644166,0.4677057333374713
12c356c160352897c01cb717,0.5214313201358886,0.4933079487576611,0.5165440281499749
c0ea24a23098b47f9d5798ad,0.5172532188731152,0.4736712354455316,0.4780343822855332
d4632f037d3c41b38d1419cc,0.5311097449467136,0.6065930608717545,0.6089107324356483
a920ec48c2279582d4868a66,0.5111802963190077,0.4798019577900298,0.5153121855151431
25e5a4ff16a8fdfd653ccb9c,0.5728455759804807,0.6388524417780297,0.5952385368947126
8fde8e35863ffd9ce33528a4,0.5350627044682179,0.4692586260956921,0.4424865201244091
a5795e4832ccdae0f9e15734,0.5551278746125553,0.5675748722112477,0.5201549930005437
19f35baf0a1e701f492da338,0.5297590316867796,0.5892248948699554,0.5981652308863041
69d06e319aa9c33859004af5,0.5379532789233501,0.4391717444993461,0.4240681109321437
4e88b5d7681f1eeb34c1da31,0.4981620985764581,0.4933625213311041,0.5311391852005307
4dcda65d3f160e9c2291b481,0.5086182547198443,0.5091904787207177,0.5504738323162236
625e799949a884f38c509130,0.554372436071708,0.4287352669643589,0.4525759920827402
5752549cd9805a663b56b9cc,0.5328941074772956,0.5851810031664731,0.578299643631231
fd581a57d333a864bfd8bde3,0.5183954394974352,0.4708471734962202,0.5051365207442965
7827ca36568af127ac361e35,0.5390716160644994,0.4616025685554783,0.4824007293368733
769de403baa3dfc155cace7c,0.5048836307998803,0.5688625149893032,0.57947992511319
b09d41a5dbb8b32b2a669981,0.5521701537199444,0.6147444088233927,0.573526577322188
dceafb48869b6bcbfb987c10,0.4989049194078735,0.5635078402179674,0.5968821365910486
db10b70415f5160ede137e4c,0.5132960440894504,0.425730998509761,0.4505225666409854
57815c7efaf7c1868e6ca1f8,0.5226776812924738,0.4536262978437707,0.4789337058919646
5438f83a6d0b7e814d01f297,0.5617128863927835,0.5157676352974864,0.4710464870001378
ec06a4756b8ab6296d2c4908,0.5217253423495976,0.4680782075685178,0.4891661260823678
10248a2db770081dd3e641b8,0.5193114100236147,0.5054567491318367,0.5196197896829753
183ff23605d41a6b0b0fe0f6,0.5682255587274678,0.6636720691149584,0.6360022527108473
f5db192e3854c5c38599d740,0.5007642163024465,0.5934307926707257,0.606491155489145
a036527121beb978ba7dd62e,0.5760524114556065,0.4821466000052075,0.4471768643570889
d7ac5680fccbb768573d6e8d,0.5214445821337549,0.4444515083043218,0.4601310369443572
8f9f667b999dd80a94468de6,0.5101906578686508,0.5117154201714237,0.5287445021533618
e3c1ccb4b4ec64e47ae5c7c7,0.5204649057638361,0.5361411842098974,0.560046860802806
0f7469495b6037394f40b9c0,0.5126793757962078,0.4501843523872827,0.4857723054001773
3f80db6c7c1f39b2c942528b,0.570328180947063,0.5854254726896089,0.5240075222249813
0c31eb69f607b5db5a7f6bcc,0.5011208077218648,0.4075440160085993,0.4509269225823118
086cd6b1ea27e73d27fe9498,0.5447463440075894,0.5353925968911177,0.540065110038775
0b00a0aa2fbe98c10646b99e,0.5651813930522774,0.6229193019342978,0.6142159489084292
99928feb0db704e57f8e3b5a,0.5330111173776961,0.5520850129978611,0.5401661934687858
4f771afdd3d05bec5d282df5,0.5347493009129795,0.5493838599222864,0.5436006663839941
4ee649f816f3560092a3f546,0.5615651366641251,0.5583184852764186,0.5327286341158166
9dfc8bfd2797b3ff420cb87a,0.5762713076171265,0.4975716804425705,0.4479757686757075
cf2edb2877e47c2d9b6a45c5,0.5463446925184865,0.484325012637555,0.5092522337008379
6457b9f727a74d7027b12705,0.4773679571220233,0.4440516734845362,0.5119200064538985
b3c1b3b475abad15e3f7a75b,0.4939311510446025,0.4018798254679253,0.4627530769271679
399751a798be461462353899,0.5708843046638467,0.6121583560287517,0.5515138471514561
2ff130e1ced3d4ab626e63d2,0.5335763169274078,0.5950440785276558,0.6161798117876599
98c1321b98de3c443f7a6293,0.5748468666296154,0.6246354740374758,0.5484048258951042
8fc4d275557ee6dc0e793418,0.5581388921766471,0.579286019509251,0.5481016003346961
57d372effab16651a39dddbd,0.5912777160104674,0.7364172472397028,0.642453411854761
e85cc0c3a6008451609e6497,0.4979160687956302,0.5558775324178752,0.5957498124764011
546ef0c17c2317f9839e3cfc,0.5208552900508212,0.5416045784401351,0.5775946183193695
ac69033b2adf8e24592c1e00,0.5600472943761693,0.6173235421607867,0.5797794759146645
3e5d46d0a59662fbbb88aee0,0.5823392126317497,0.6721251698302503,0.6118917292497845
278548dc0e87326511634ea8,0.5504707019940801,0.4192354592555116,0.4515570464364994
9dbf33800a6583f1908d5658,0.5500645046738644,0.5214673395849022,0.4886305977092533
f42ad3caeb0ed79ebd88419d,0.5355153515434384,0.4943798863495488,0.4880440690362673
cf8cbeba2a6cda50be115b92,0.5365555481601161,0.557587307050552,0.5512133758302362
6a0bada666606bb554ac9fdd,0.5378925703774269,0.6011753059109193,0.6114594916903988
6e732e8d226e1dfcde5ec1c4,0.5322634500032618,0.5806068901269191,0.6089385417562969
accdb8c1e353b41761fb0a76,0.5564329619180841,0.5466074382536145,0.5090972613692475
8f6c44fb2d999cf17125f862,0.5273504551209203,0.6258111575835392,0.6351952283815447
33b7b75ec744dec17034c4a1,0.4972109167588983,0.5474880219973517,0.5786834966707529
e4d068b9a50dc1699a67a815,0.5203616419334893,0.4864972557690211,0.4612840574116968
505729d9c86f589494c5b037,0.5672269109200123,0.5036499402450222,0.4375223216212949
fd899833056bbab6c316c0ef,0.5532988826681948,0.6402364646148593,0.595399128866797
5dec354e2024a1c0037bdc28,0.5366537354794988,0.4981199034364827,0.4950989445252307
b491903764bf2e11affa2891,0.5051825088406356,0.5640557253581817,0.6092787130387637
ec7a791153f2d635b2a20a01,0.5300648761434212,0.5260255800629462,0.5548589012295234
94cce296939e3af45627a657,0.5419729877492934,0.5805149213874379,0.5804495522693541
5844a827ccef936a8aeb6808,0.5644788891916763,0.5944875321811619,0.5899600301428536
5b3201ce26c27467848fbff1,0.5489130153113486,0.4782075943473809,0.4889209567610744
743968d334338500c5192ceb,0.4921551467604561,0.5343585962595688,0.5600768183826688
a95fdb8d7c1570f7484dc119,0.5867711252915412,0.7067322321814018,0.6289277373395681
d7d9dbd350f4a36049e94f2c,0.550422835358411,0.6897654949299981,0.6460852661297252
fb2bf2f4661d5138f52e13c5,0.4929733154558069,0.4213901188620617,0.4557813125457083
71845847dd033e0b3c8df236,0.5117519538159864,0.4206525679122843,0.4538554196521829
4d156e58795ea039ac995fff,0.4944676324791999,0.4033020384399316,0.4240517254519466
14d76a1f75869207babf9bdc,0.4974012056475662,0.372450978862652,0.423633064688926
f7cda7b1dfb3241707b4f596,0.5304560872085512,0.4704885028047456,0.4482424586948977
ab0f96f2e6a8cb37fea8467e,0.544300238924453,0.5105741747995038,0.4894627839724023
99bc0523939b987b9ff7cf2b,0.5717172679154428,0.5042362989241645,0.44469655285481
1e008b7ad184898fc4f311b6,0.5458877270239161,0.5719915407033315,0.5438445536135343
300a63af777bc1806f659d60,0.5458877270239161,0.5034549414490476,0.4729364951648882
9e39657527b7a1205470de67,0.5372615571958467,0.5557568575824496,0.5434340707708625
af5546e426623365ea9c1302,0.5675585999510085,0.651743008369593,0.6356530109245635
478b0f61a9f243568723f6d4,0.5178233770636826,0.4051098456801585,0.4388137480361123
183011b6c13016750e56ab96,0.5724094754146851,0.5048246235344284,0.4470247275516888
c3f4a5fd8d892d7c41718317,0.559907670118797,0.6169091864397094,0.5726962467581319
27a2233579f14bdb4fb944e8,0.4860191314209765,0.4574748787204223,0.5064872523855654
78a377913cc5d89aa4e9dbcf,0.5332526252550057,0.4513816585448204,0.4254180298263877
36e02c40366a40b588eb3594,0.5447504701326799,0.5252069690211301,0.4889485458112293
f4c0460e7501abe422ab4a9d,0.5571096269608563,0.4554151649972837,0.4323788814723483
8b0b535143005c57e18f4886,0.5479801163178623,0.6111113600535958,0.628195089326072
9b8fc3b92479ac01645a867c,0.5235608052769266,0.5361262214207628,0.5170719210502068
5f7cb02ac478977a1140579e,0.5238691910902136,0.540201940226539,0.5629122836664541
ed6ebbd2f07117091c2f93f5,0.5459275574591397,0.461335768742086,0.4720518703584717
0fa10f4fa37f362a095d43f1,0.5469273311369207,0.4961401343670297,0.4980504512047781
701a7de15fe34eda38f81c9b,0.5456816500606897,0.5685095862299795,0.5656603042608866
81156215aa35e8ba9682d25d,0.5073825363474739,0.5581547725440095,0.5916197868025965
ca2841fe8a7ce4cb03597d45,0.5824387654395412,0.5597003301132872,0.4915627630810373
133c57e2a1af45185e7cac4d,0.5116737468488538,0.6105643103618275,0.6072882933301667
8037d405ffdd61795c7ff8ac,0.5555934035906,0.4512827754033411,0.4488095247094202
2a931a8203ed4881283a3b4e,0.5391542712461945,0.5801523189810007,0.5850890938758053
25ea387360a89f1453b5ce9c,0.4927454403316538,0.4325269963982526,0.491737276756331
e493f6d90e69825587281991,0.5155794738693674,0.6052357842332077,0.5837333135423091
6c3195b473793a227516dd1a,0.5429815454555131,0.5553175412744198,0.520939215203017
e608c654e9b79cde7ed5914c,0.5823854203616798,0.675908363448112,0.6169157366954559
d3032b32cc94e7162021b7fe,0.5596972296237083,0.5528512325387163,0.5806324471188155
0efc080d5d82df2844b35f3c,0.5179682422502911,0.4649822160928225,0.471007066101577
5ff9547a1a089a71ee92e796,0.5016576260673209,0.4985521419892544,0.5318986405718981
85f68645c74d704d5c49f152,0.5344031545491524,0.549335394590843,0.5179665371832874
9f37b529bbdb8690a9fb06fa,0.5108737922568091,0.4853595307484232,0.500429529143707
d9350529418028bc9b423e17,0.5147910357256074,0.4425581133418086,0.4408601131941638
40a8c4ddc13c6a2d273fec4a,0.5587359935172392,0.4885360760108277,0.4851146341980937
de5432fbbab317d3c5a111fd,0.516246485598077,0.5537686710998344,0.5774445436293859
8ee94d19323a34e7593edcc7,0.5544136975888231,0.6477104184516067,0.6296495035338315
ddaea401f3ebd5ea117bf0fd,0.5451266184062791,0.5658349781740919,0.5344150211911836
a48923b24326a55c7e514b97,0.5185536855445723,0.572056298339165,0.5908818213573025
dd6ca419ec7594f53df3eafc,0.5065109004963915,0.5468837147537016,0.5480680881123962
39c326b4c216763822a7e7fd,0.5204594669991449,0.5835832326426488,0.6212755412437853
87b3300b5d9a4f06edadd338,0.5246784040337296,0.5260977829966419,0.5395768829793955
b2ec052af01836538d9fb786,0.5035457458568113,0.4192383950122306,0.4502340139500754
c127ed324eb564d43d77e5de,0.5834265583308085,0.439947960195675,0.4396359129557546
232f0da1ca7588542dddfb46,0.5803236599599391,0.5685875639110847,0.5380366656519943
273762f0b0bdfd027832a65c,0.5430814914047274,0.5705723881248764,0.5508544940263456
c4103c8b2783e7922b247ba4,0.541073700610426,0.5881348606096325,0.5752111635059827
2b34c46863ceb5e5421d4461,0.5333987420817375,0.4317359456509363,0.4829148358122201
4b55c626f0252fb2cd7a8e7a,0.5208766431534155,0.5321478220003772,0.5448523282069329
6d6c0abf3ae5e2c88868746f,0.5645184091655904,0.4617415730862728,0.4395477919128258
6bdd5071b32a6eb765bc24e6,0.4993908986629232,0.4621843091129334,0.5094910096182345
cc2ebd56c57e7554632b84bf,0.5288779520028184,0.6368456501322795,0.6286777080959923
e4a87d087871d8d94e3ebf60,0.5161192188954041,0.5180700714107079,0.5029680691565147
44b1c4e02bd0170d3c33c337,0.5451174581145154,0.6323482701057372,0.6122717589858025
927707a97cdb0b2c9c193873,0.5562371466551965,0.5089975287749362,0.4910034567834703
01d75b305a171e3513ea2681,0.5700362661724546,0.457603010943962,0.447124074543559
81bd2200e907f2d69ee8902c,0.5001277122105728,0.567862053968024,0.5917141198659287
2a7287b51e7e2bef994d7650,0.508195423077576,0.5866416003431467,0.5988489079842001
3a311fbcb3a7fa0614dee717,0.5615403988123123,0.6631757989050104,0.6327572888936295
754002ac8e8bb1e8e10dc5de,0.5416323262823837,0.4474247722746616,0.4533784801224461
98256200c8f17ffb063a7e2b,0.5205078947224248,0.4407165513894482,0.453559753697236
45d0a2b984355deb8672638d,0.540460396536264,0.4056973265883251,0.4240967405067855
338f5a98680e27b56f06ffb5,0.5286152034750518,0.5014288558015035,0.4828159047621397
b86f330bbebce8c893e1abaf,0.5262273427750825,0.4712084085407498,0.4698657798638115
a896e32a686c52b2e1c4e003,0.5080406815913193,0.5428469688188631,0.5459349670190863
ca2e5d49709966be53aa80f7,0.5818316258723489,0.5143121751042561,0.4532184017870316
5a0e5cb642424c5e5b201137,0.5098290755091173,0.5658418963545706,0.5669860282527268
1ad8d9dc3a47d246f86f863d,0.5152490776147622,0.5605955236443174,0.5461817497289677
c43b3e95ae5157ff515b6307,0.5093250098350094,0.4696456537594858,0.4790468708823673
9930f56af091f18f6d17e628,0.552497845453463,0.4870419373895677,0.4867435717837451
6029f65f65b6fc6ca0ba5ffd,0.5522924628739061,0.4733462607834391,0.4580113775788586
af8357129006153435689d19,0.5319265467873322,0.6234275685328119,0.633613686326914
79db71451e2ab06bf76146f9,0.5227900140149917,0.6038427626541093,0.5729613538940166
05978b8afcc775de061c6a4d,0.5159555719231068,0.5291819159239242,0.5612650746825303
189479d35c35f846e52990df,0.5001495635981799,0.5375319896832048,0.5649105114689579
090fd8f6fb1b5b508d75039c,0.5304457502568518,0.5818680410294892,0.5719412719184122
1d77920e50ee06f5c32a131c,0.5626768942250266,0.5665760268430623,0.5350959599208497
96c32410b075465e278b8b14,0.5204966518738099,0.508698902504007,0.5429385939002592
7899067f704423cb85033ff3,0.5633202754804402,0.4596138097120823,0.4590219332713928
dc44977752d4e1c385a22382,0.5430313625051046,0.4752496385426444,0.5027861286273216
8238d5adce521d4485371d1d,0.4982465222040791,0.4049391063413371,0.4341834699240136
855ee9ec7a75a31c924dcdd0,0.5160788275886902,0.4729637584328563,0.5059252321156091
bc47592a2fa7926bdfc3eb8f,0.5615097865949221,0.680391246737834,0.6202925865907809
d61e76472880c96e36d87b83,0.5718704654170447,0.6694756759613918,0.610549390008636
0b7b41138744f6cf9b2cdc1d,0.556437900295014,0.4976752475415995,0.4644403231112846
d43953746596c5fcc880269a,0.5522071785347393,0.6512553286261276,0.62329208775607
18cacc896d14ff8759896230,0.4996875338383051,0.4892170998007213,0.5262765924090753
39f4455383c0a81026e2600b,0.5329757917835986,0.583103834641905,0.5857411427756543
78199065991b7bda6ec322d1,0.5564564189054577,0.4706805820778394,0.4367956908277862
4987b220ee694ae001afe90b,0.5473254174882596,0.5541712945967865,0.5875940810229524
ae374cc772f6f5c21d8fdf73,0.5013737943837786,0.5530207736301649,0.575772395036737
1cbfbfd9d9af0ac860fde508,0.5247191864413763,0.5005356153191067,0.4875572511974641
28c59f73c8adaa4444ee6d5c,0.476875530002965,0.4323530048701922,0.4677417238844107
fb4d603ed78f428d4a78c1bc,0.5462676371250244,0.4419284451076377,0.4522887701365334
94a62a96fa9a8826a5accdbd,0.510172396575538,0.5292198254013085,0.556779616130488
4b81ffa4438a559d059caf25,0.5088450553136701,0.5095529622832035,0.528985707584072
183eac839767959354fb473f,0.5461110919826445,0.5400244170497286,0.4889935954070397
c152e5d975a4c20f20230579,0.5631126851830759,0.5476493394913284,0.5487203669972112
18acb9b27d6edb1abf60f44a,0.5264516743588995,0.5830501388027736,0.5701289993178812
1cc6b261d5eacf546295bdb3,0.5301073849768942,0.4675851220702953,0.4948652130173996
45f2f67cb55e241f5c43860b,0.5664007666449691,0.5784981910336697,0.529536097265277
c0e7925a309250f06a83dd0f,0.5287605373682418,0.4705496170239783,0.4825493851104045
31b66ff80e97846aac5a3072,0.5279770010333877,0.5214226205702707,0.5536671425735015
39ee7b4241859746064edb36,0.5279770010333877,0.4075779950300496,0.4525327515997785
c395e312c0af437299c0693b,0.5279770010333877,0.5964281580550328,0.6234949002057646
f399d65afc713b0db1255179,0.5279770010333877,0.4664310492544791,0.5031311423923684
119f13030fb6eaabae3ca40f,0.5569612092197072,0.5366919237954724,0.4927744580774623
cb0798693ba3059fb0d822c7,0.5272774276151039,0.5547545511938596,0.5367274470144701
3bfba660daf70a47f1ef2de1,0.5655258249578978,0.5588969481321797,0.5459742633101061
63151d83e3eddbc401d0b2dc,0.5630150844563125,0.502927699478044,0.4942640961610191
f488e4fd0812d5dc139343da,0.5757308852752313,0.5112635137326808,0.4763741931080797
fb25a2d99589f3dc8d23824a,0.5755056324023669,0.6257542609102555,0.6166317168302411
29f2c5fa6d9ea272f192c6af,0.557568729071311,0.4761993655942556,0.4305758833019537
c6c7d1bf938f57b632254b51,0.5162067376519951,0.5804095691275231,0.6036516097203817
0b210596538f4461688f7c4f,0.4937010476817098,0.5286395860707266,0.5653602002011398
efd08f9e485588ed2c309d09,0.5111409927534626,0.442470841676795,0.4774000402593454
86b6056991ad5c43ec41955b,0.5456539778792293,0.550142476383757,0.5248039443044393
4294b8ca99d5157f5bba034a,0.5252357047534479,0.50329226639871,0.4782683145926119
6d66c69267ca54126d4b37b2,0.5230722412528638,0.6124261382756631,0.5856730355865616
d8ff9b688c49af16b81d7749,0.5096881836246011,0.5339650447737669,0.5204268086796928
c7fd6974a2cde1171d993663,0.5820827131360602,0.551587722395616,0.4898813037168951
49fe8da66cab16aa68e94981,0.5450929586317671,0.5747284096320993,0.5697230194227216
7641b9faaab2f0f14f8bdc80,0.526387884894538,0.5443702122791045,0.5631828427677873
01cb4391e4276efa5cdd4ae6,0.4762258898172637,0.5350719040287131,0.5699861512082578
ee05fdfc1aad12ddc5b554a7,0.5702835851709422,0.4729508125722418,0.4338548703574685
bf8ef9a74f1506a0871bfe7c,0.5276452044630746,0.5496969692436038,0.5741169729033532
dcefc968bdd75afdd6b07bbf,0.5244750143591999,0.5082360467971012,0.5056130188263507
da76ca648bd318129797c2dd,0.5410869951651426,0.6172764454946695,0.603909737401303
9481880b8a0064120021cf60,0.5102640336799088,0.6292730256869793,0.6117028623207749
465b870572f690466ca31b22,0.5697614209579429,0.6840753723436572,0.6229627446380914
b5d63d86e22ed0dcce563848,0.5021857131711442,0.5271603001028491,0.5388395953857668
e9d61ed5541d2af81984540b,0.5603325902768255,0.4956670930418089,0.4730250685634813
5f1931a179f75586f4365cb3,0.5557882395037133,0.5883164732217564,0.6045100599640076
c2fb3e8c703d87ccb11d3a36,0.5762523180762529,0.6664036793956145,0.6316566423926199
2e11ce216bd180a8fa459445,0.5273401099809383,0.4580145960624392,0.4495408952436917
ba2f57b9ff3a2ab542bfa123,0.4974972630571297,0.5081095080695792,0.535454448456189
2baf2f4c18023dc1e1ebcec4,0.531574969655655,0.5331319709371879,0.5400978470741955
96e18b95ab43e0bef6b6939b,0.5323740108674291,0.4734794554253322,0.5026851888516122
b74b547ccd8afb16063536fa,0.5423477188364477,0.6564544063855058,0.6207622785337197
86c46b65239c946c0962be0b,0.5519952545956703,0.4714577171946851,0.4706991031163591
a458f02737d73e9fc7f254da,0.5469863034136023,0.6273407557237143,0.616751482075743
4eb5499a0a6feaeb9db94299,0.5507917250274187,0.6314335306287107,0.5901534466857655
88aa4e44458486b1fa98b7b0,0.5213385481319379,0.5811087052958727,0.5990578208429282
9dc04498437164cd1baa8a15,0.4791958985885999,0.4489944355946501,0.4939942374468449
f061c75a366fc64fee03e1e7,0.5182862593540567,0.6290399111100575,0.6338961523653867
a0acd2c84cfccf6d7d4d8ff9,0.5328852163777963,0.631427698361928,0.6192066309513633
dafc6c6cacc87c86cb81f086,0.5700494776074108,0.4437186516620592,0.4438066917155852
6d6d7d6351e35239f8aa5ce9,0.5789115302968901,0.5790864081587318,0.5100632940970298
524a625151662082a6c10d48,0.5326337705626011,0.483644830474088,0.4615856278862649
a0fc376e1049c69a44cbce09,0.5587802680625843,0.5339194607909964,0.4871331875037619
a66e7836741263c3ff91c233,0.4867259454217472,0.4616331843983949,0.4987739759436323
2c9928ac93142bcecc8b906a,0.5180063291863204,0.4436272950947923,0.4273582159980331
5b84c25d7de4446e5a5ff974,0.5360427076679348,0.4714434150702594,0.495554809457378
737f31ce8e8d18385007fa7c,0.5114730294925697,0.3994470890942042,0.4255279821630744
e28ca31e3f89f24506ab8c73,0.5041199964157308,0.4595319310661484,0.4585803169699805
f8731324e3919f1a1a8d9e0f,0.5007615860838954,0.485973648614755,0.4908389394425866
1f05000f704348c3a892bffe,0.4999713875098751,0.4810079524578034,0.5071481348679953
e4977dc35b198153c6b98478,0.5753150812255323,0.4341065933262357,0.4274705312037047
241d7dfcf01788a61caa75fe,0.5125928359721412,0.5087729316683106,0.5254453222052156
f17ed42c4cfdec4c52b5eeee,0.5636519120948517,0.5425174130266763,0.5403007866724503
7e2e102cd0417dc4d71a826e,0.4971306886246894,0.4949589510755199,0.5133315028187657
0c86b32e659dc64479855d62,0.5406104817297375,0.4693410001181366,0.4901279644729331
0ca922c5f82ca34d3f39a19d,0.5427230828746444,0.4568984763045369,0.4554969415558342
d26a317ea251daae37b24dad,0.5698459532087722,0.6678814969071574,0.6166486278498411
24eba970d08f4549f719c9c2,0.5030505136223408,0.4365951721086892,0.4913805700285239
3f375a54abaa9caf755cc849,0.5219681390887099,0.6375891429448317,0.6256418682632079
62ad651abc21b63ac61fd9fb,0.5473341497264081,0.5006542263942009,0.5184511899479692
0ae74063ebe27b44d8016ab4,0.5308250790479181,0.4421919603986394,0.436183231925183
720c97bfd3be019c6214094f,0.5333931530013051,0.4888227757195303,0.5196336206078126
fcb95376c14ded2636ca4b5b,0.4949243569946052,0.5556701330237057,0.5715736832729104
247e5c2715082317e1a6923b,0.5724870045088972,0.6093332437756653,0.5771697505136102
61572796813c2bd268d7a332,0.5413323760661047,0.5281916795899585,0.5218642763815136
007ca034e8147f923cd00f2a,0.5555195816333345,0.6712056107246965,0.626015974673992
de8b154ed837d225085f739b,0.5399168040613934,0.6425813454629951,0.6375493797963007
633818cc176fa3cb61e86403,0.516586662474864,0.4988539163860643,0.5189714779097339
66c0f857ffc091ee6a3c2465,0.5705529270589291,0.6281750772866083,0.6006465056870559
249d32c521f3761529ae5296,0.557898968667529,0.4893668689778345,0.4670393031737985
ebf2c6c780a7ae6a2b8f570a,0.495605223186108,0.4751288589824898,0.537265040858359
c6187d7e6b5a19d08cb64f53,0.4943778877711799,0.5337898887058357,0.5582400108288351
01f6b7e442da75f1fc1aaae3,0.5248228520711854,0.5824644141337634,0.5761859888602106
d05a552ac6d0bacc37dd7b80,0.5587657872699684,0.4589259373876643,0.4558279823240873
f9808c218be3d700bc4b2af5,0.5422370942195351,0.6491200362273842,0.634313710857042
1c97a560fb60a3cc6a66edbc,0.518797886557645,0.5953705460663209,0.6170244949298963
847880347803e1ad1f545fbc,0.5054834863891488,0.5184437455587845,0.5651258401803972
f9b598c373ffa600588fc763,0.5639572605217796,0.6630311808613671,0.5964794158306288
8e0a944b2bd7fc638ec2fdec,0.5114724692962767,0.5081603965070178,0.5150834349887341
0f372fdd7f1d0f6d5349a02c,0.5679737697385009,0.6586301733018343,0.6225578827595666
a8a449183a72244c41ca1ba1,0.5190149035909206,0.5321932196479932,0.5243229379343803
43c473046582a8482cb3a406,0.5405742144933985,0.5540139753975248,0.5226509501260652
9f2c0e36b2ab701acc536f6a,0.5229457497674439,0.4713145199399316,0.4523312885337646
5a22aa22e6c54247f5d8b043,0.5173921769244925,0.4297209249762034,0.4570999662363229
978ac8e968a6b4be35dc60f4,0.5174926248724545,0.4709442410869206,0.4917635993698449
69ef0c0267afee112b0d417c,0.5345222910268004,0.4417263739756776,0.473015130449801
900e79c18559390f20563893,0.5405022873243575,0.4559378541528915,0.43728948386815
329916ea6f27772e28a8fc3f,0.5613910127918268,0.5360959232415462,0.541585551574896
1ff548b7698d38105ffd3b5a,0.5439495744355264,0.513022989413336,0.5084371528895296
f6479978c511b08b11c918c2,0.5375853327897543,0.4564004529865282,0.4558231878488567
530369e2d3170d316b7f3342,0.5538376464489374,0.6222302081323181,0.6025542964494885
639e5dd9d5615bae0675d01f,0.5888287094196479,0.5536874609188325,0.4997371126091525
7948b5cc0bda92884908d83d,0.5095132283668873,0.5557957958754767,0.5964177463280962
f70b8b5b195340ef7b8d01bd,0.513936282388104,0.4798483630767114,0.512211405142911
0a08fa4536b56e7672600652,0.5042184039694562,0.4914105649702789,0.5175151181800779
1f3b30bdc16a3cf7457311b9,0.548236267046551,0.476121904162596,0.4860874337683535
f32414b8093c8de309bde0ee,0.5499348028169854,0.5103139487260697,0.4798091293455391
f298b0dc622918f09e7b5c47,0.5258684789275953,0.4961550399293644,0.5132005515669527
7805fd7a059db6fc34ad8f11,0.5616137500913053,0.6096251875878586,0.5699030102265426
a74b5fb042047d65a1d05258,0.5510227051799222,0.6041290579118802,0.6095545711335885
48c96633763361533a6cf57c,0.507312171086669,0.6026573143052631,0.6359137669259062
9f579d92965740ef1fb76f38,0.5603017365956757,0.5147621887003352,0.4962565965372504
56b387bb3d6e658c6569ed96,0.5560528427082427,0.5525936710291126,0.5270713214011301
206b7e0c6b81d9ddf9ce3039,0.5120404376443451,0.4372895287427761,0.4545286623049807
67aa3ce1a9abe44485a9ad09,0.5098863267398732,0.5990654393096349,0.597511469770933
ec70d9b3387d376389571cc1,0.4938493504085368,0.5687399029049119,0.600379145102237
adff06cfa7e0fa6e3037f075,0.5930916708278011,0.5142066260213075,0.4409500681720398
7b9c5bd37f081e6e100f6f5a,0.5663433580190345,0.5140735717633782,0.4710784888234815
669a0f71a2da9ab2e7b7fdf3,0.544207311000447,0.5123809998652445,0.4896951558333631
f373533fb3750a6f07d1181e,0.5247783037355649,0.6149244519503239,0.6114079725825465
e13c2c1df383297bbb0df8d0,0.5037613579655104,0.5346426138409811,0.5533002196423358
2ad2cddc86c3327438b1d742,0.5453731963208671,0.6150654652961741,0.6243884249414162
7cf8b3c65211693a14b3f49d,0.5176139860930902,0.4672344417671211,0.4792212131214733
901f99c37d3934a398f7246e,0.5652969259701296,0.6747589651747903,0.6074693796383143
23e365dfa04d6fecbb4157a9,0.4806634533742734,0.4117186397157932,0.4782024099482074
f52f73dbc5a6240e21ddd05f,0.5095448957727957,0.5954777622201886,0.6137444023373105
2b4571507c022dde4f200bee,0.5541152629769935,0.6621835245072053,0.6351968703311888
4f0a4b090f32303587c2ba1d,0.5299146405132915,0.5803265268860186,0.5863231227150708
bff20719b47d5c25dc9b3f99,0.4928701788351901,0.3814274445093756,0.4406218381518758
8f7837b98cc96219d9673464,0.573727467038019,0.5090369156702325,0.463954607271295
3138ea8c7a78049d523f476c,0.5239532874827668,0.4085479609216599,0.4332172148172708
60d9ab07202d5d1d5a78c544,0.5321032751931929,0.5219207275594642,0.5318130713131524
1e47c86347ba184c6dacda04,0.4902177197503234,0.5258116064259626,0.5452341307163633
8ef8472c6037502897fec31a,0.5536072508525116,0.5241616174387447,0.4910638607045684
6ca791b6f9c188573f98af93,0.5320057860060247,0.6228319706806827,0.5919585261677476
96f90bc103e53674419156a0,0.5569569336936019,0.5174035643362842,0.5278039335380461
e366cdd1c978a72b65afc2c4,0.5811745500715884,0.7055206467433113,0.6411658993701297
466661c7a971b6de09153889,0.5620811382482287,0.4948037434293377,0.4728857399645532
cd4b4ca9202be22d559057a3,0.5407521990069893,0.527375916743453,0.5477175585115776
ace06645bf6ed1efbafa4767,0.5657324233070643,0.690361002724491,0.6226780945482238
118231666230af83e425e7dd,0.5294383738237941,0.5604647028613307,0.5793517366788226
58bbd721c3257712e0a1074d,0.5294383738237941,0.5751484076832883,0.5965374892827879
64a0637a601c7cdc19278bc9,0.5294383738237941,0.5091288227883208,0.5332258929957792
dc0a9d2a607cc8a2816ec935,0.5294383738237941,0.525987953052177,0.5515156491946234
84641cca2952eee27c8924a3,0.5582097394446806,0.5967705189318637,0.5827768267590308
4573263f4edd9e3ae70b1ac9,0.4883564072640036,0.5683198568850362,0.6066559800425744
c159ac20ed1c9493c0263b19,0.5239182266791744,0.6015164451690004,0.6094054940753382
224c4c7d19fd7ad841767db2,0.502828572845893,0.5582739881934358,0.5524237061447084
79e6d055fb3e2a93624ad889,0.5071008465301392,0.4730919387181584,0.4892613586088244
87d0b12774329f8b212b8067,0.5283182784874778,0.6090241726189405,0.6181158018843227
5343d34890903841a1b7f41e,0.5368204129082599,0.4794891891321024,0.4471934439696769
8505bc99e610ff4dea42e8d0,0.5550952782149925,0.611319272912559,0.57828043015881
2e494379431e3ae7faf57a7b,0.5501066905530291,0.5956106099763382,0.5542551769063276
626a78e19a925aab8510c622,0.4916005244805584,0.4984345297641894,0.5312522849391028
bc85647edeaa35d209501a71,0.5052784222368379,0.5239895253575934,0.5344014229627363
48279e8cfa7ecf64c9389256,0.4790627632237255,0.4648618075467494,0.4847392198836418
dffc7fc80448160a874def47,0.5487935212208109,0.5001753638268658,0.4659557163308989
b290628a3edd4c90be949d5e,0.5612846831254371,0.512322247078578,0.500873098078041
7a8b630c3330c7256d5ace02,0.5688996718242314,0.5355835442688469,0.5154933403236325
beccfd3c1fc43686d7e03120,0.5027838101204812,0.4846657571281321,0.531861057770801
2e026ce86ae379412837607d,0.5151861828948348,0.495856192024264,0.5007086944082976
5bcd713856aa92b8ca9d4d4a,0.5175215410326913,0.4241261923472643,0.454321416425666
45a084ebac9d8785480d7793,0.5014646300144819,0.4747995422128432,0.5273769557371415
b2daf172a06e6c269b4c1582,0.5329402515795725,0.5422096256910827,0.5374964580527102
72b983bd3c5eb035adaf3c8e,0.5454378010474866,0.4397149316187128,0.4549062593737432
017ce87d45c70ea3f72bc0ba,0.5614125201375341,0.5407177970213616,0.5035411274153235
3443fd6c07429d15ca219d69,0.4901564876347312,0.4199758595609397,0.4548107181088373
67de19e7c59ac7f4be4e215c,0.4989936348475338,0.4275980370888562,0.4805526752136421
33135b18c908a12dfe9ad7a2,0.5327493923014491,0.4961451720604939,0.5069483153846708
e4be5b5181bddfc665d384e1,0.5331901723725457,0.6352597882949097,0.6295914445599712
5efa7b6f180804f5a5d488cb,0.5564613532167401,0.5086423137041879,0.4602975682628415
9026151a2adefc72b0b8e235,0.5819495374186802,0.5007270932304716,0.4282448913343947
5cd78b7a94f9dd2eb0e88807,0.494729494471352,0.5339939939533321,0.5702604542661431
21bf4bafaf9ff6e5cbb44f0e,0.5386025052560269,0.5560788512960331,0.5273327925342384
f0dad47fc655ac50bf54f190,0.5705058265467968,0.5854975094031576,0.5386330040802616
f3d8b133b565dc5a9bbd6038,0.5383224199152367,0.5487964871224132,0.5843878146745716
c676374e457b52b33a658e01,0.5561650542740688,0.57926227957234,0.5776425228756974
f3227fe9386789ab699c37da,0.5214272483230833,0.6132549391904476,0.6211279211708017
4c7596174139f1e78619af52,0.5756207442959869,0.5675421358204008,0.5126293579543619
2406ad0ebe90315c2b263397,0.550364734726444,0.4884262517277184,0.4787915591478757
11830cd8f0b981fb0cf14470,0.5565650138566397,0.5086975639072675,0.4530641104867869
e4f1dd65f44610c39e7f4d11,0.5505997076405446,0.584799855258707,0.5935819041718327
0758cca69aa99d68ea2ea70e,0.5158298512486326,0.4209456176869241,0.4698212276907004
a75656a32a29a5e1d45beac3,0.505865654774279,0.5180830993769249,0.5162270806713687
c9f157d19fa3a840afe8a724,0.550179010975619,0.602711264631324,0.5730794365440008
f07d90b6fc152d78bbdfbf68,0.5241405815051542,0.4022033389215513,0.4217474025288812
7d4104ee2a3bea8e6f61ae92,0.5913444248700704,0.4640202430123279,0.4260203108008644
0c7e4f1dbcf3760d51e09a7b,0.5212780975713566,0.4551843130849769,0.4285935329434184
2589bfc50163064b57e066ca,0.5291713504974939,0.4121982036626579,0.449418975983964
ef38f335e407cb6999a661a3,0.5270585153723274,0.487168652241105,0.5088405770570255
ed93b53466ddf0db0036eebe,0.5338899024313194,0.5748073897894492,0.5842206439280403
7911b3d0874a588a816f5129,0.5317335265651733,0.4751806112336775,0.4819043236719872
147f644ed5da35e0be171425,0.522883568576724,0.4814721944419615,0.5075458443440316
f4f665796566f4503c697fd3,0.5121193263057333,0.6202012980441611,0.6333566165445284
3c7e904e69b429da0c33b08c,0.5375274441292944,0.5228035270047985,0.5329738494699597
93d29ab3c7371164ce915637,0.518373859373745,0.4329023768032926,0.4731629467881749
5658cddb3568dca2459c0959,0.5916789517364949,0.6830456202759706,0.5988193564002381
8db1bd300112c7b1451a292b,0.5013294820673136,0.597222036230385,0.6695916245348548
16c873e697b261c2a133acd9,0.5549784839293637,0.4967416161673442,0.4496157904952043
2a1241ed0cba9d846c51180c,0.5152247360441329,0.5139162511696218,0.5139328568286807
3b98de9fe1bf4010c630b687,0.4922665673056745,0.573749351900175,0.5843078803059547
de22b422d1cdb928836a2989,0.5125218297347158,0.4979643486303418,0.5189576462446255
b905a9e5ec362138fe0e6cce,0.5475400398329544,0.4598174353119391,0.4710548126063631
137940c25361e1a9cc93be4e,0.5171028864179898,0.5461317719071715,0.5489933051710226
a9ef29c3fa547a7d10af101a,0.5524335815977118,0.6145536490488931,0.6178628167047086
13f2a0e2d44d7c966356bf4c,0.5225110894592495,0.4918894327500294,0.4924938347175219
43235d2c7ea50b184f51d6d7,0.5112599381567734,0.5837954444186373,0.621127967384475
3da6bd70b4a6a86a05cd276a,0.5195800713473937,0.5951284691720511,0.6197986148976775
1ed0740b32c2756c6edcf806,0.5150055189466181,0.4366855527499217,0.480416130761987
9ef5bd8978c4dcc1ba921bcd,0.5547303753696311,0.4813107353730747,0.4765184140538196
e5f970709e20d212f104a3e2,0.538950440888884,0.4969120022898492,0.487070133928471
9cfffc444937bc2063297302,0.5328481257726101,0.5328550945852882,0.5190232168185658
fc7117a1ec985616ad63cc8d,0.5291300593019576,0.5779809005206161,0.5736892758027361
0fa5b356ca7d5dde5bcf2337,0.5256604135947108,0.5682091253072995,0.5569030888815741
e923e8cbe4e78b961a67b66b,0.5522255780763199,0.5865597886975705,0.5782936116225454
75ed823e197fa032c0adbbb7,0.4894833022888651,0.430910737098283,0.4658832289844381
8e4b124d993b825a391447b7,0.5441282942565486,0.6912327247084671,0.6423748068807588
1382f91f779ec1fafe180801,0.5675847507810614,0.6601488105856922,0.6229477185017378
d19bd7eed6f60af4a7a119a3,0.5220213668428094,0.4714195351084245,0.4932900511378622
123621442bde4b137b5b27a3,0.4884947604312935,0.4015367575685954,0.4612707221522207
268218e75eb5be47baf7c0c8,0.5161314076139004,0.4384097713587423,0.4389715380521555
f08122907b320a276abb991c,0.4852644353083927,0.5616282475408336,0.5972861107347118
014e295190e747d4800e25f1,0.5236849515458499,0.5240354180657877,0.4986789499313495
c7edb21225ecd9d7db67c409,0.5091865487680665,0.5291835902246432,0.5457041857801986
82ded6ccbb06702cd80346c4,0.5245480022510686,0.5205654041852957,0.4982243214338226
9820cf8709940d7fb7f6dbe4,0.5511919054892895,0.5460042905392053,0.5259192145380039
78473c5b1106b8287f1aa448,0.5446896404187667,0.4771810851009436,0.4406220937090107
4614927eea5c2692fec6dca3,0.5035936813564671,0.5042670461991003,0.5158068178717626
3b6a66c1be3dbe4cc3a01cf7,0.5540189301198932,0.6525827617277349,0.6251324779254983
2cc79e484f3c2e4dd36fbc58,0.5139608273432648,0.4729019904907564,0.4670738777547286
13980999e782f2c57061c033,0.5086322700673375,0.5151191319958959,0.5385563630071759
67cbba022a03f622f8445db7,0.5201117442053023,0.5789827399830687,0.6062182001115238
a141bb84c64ad922d4d4d7e9,0.5022246956675426,0.4435782211887958,0.4622453083892087
693ddf250099c9c561db4e29,0.542079706985933,0.5274155417456909,0.5064165521810046
3330afcaa442f4a3f80c8ba6,0.5408286653021424,0.5652913750652702,0.5513316282473101
81e364680bfe798f53ca1ab1,0.5531253516184308,0.5759387946279614,0.586238917273561
23e749fa9c6d2655046ed68f,0.5496161399963209,0.4915140174208519,0.4505192750019995
4b8f84311fb729bf162a1df6,0.4937745574187446,0.4963019971274689,0.5459963141757092
5c1f52e7130b6a036c2bf478,0.5165599490768021,0.489108841988362,0.4981228501086097
64c1ac4c4acd0d66767051ba,0.528912980156927,0.5627292089590978,0.5660563614028731
bca94cd9158af0924a1350b4,0.5460632165978333,0.4385529794148821,0.4744046850972606
2f93a4d7973810b4d7061732,0.5027670484872803,0.5769163055423335,0.5928985791955381
8d791db31a3543fea790ac0e,0.5608056191304339,0.655747566603481,0.5961119985357604
d430e3dd2ae8790b05ecbba9,0.4916755954740075,0.4700299446584274,0.5067011555048633
b224b95650e3148b00ebf33d,0.5162506558879342,0.4647017848731775,0.4744795623884001
a45c14aec2b0235e22c60c3c,0.5450073144344163,0.5879063856416368,0.5596488802126653
92836dd372982011aa86a8b9,0.4827012714925144,0.4750959300883748,0.5090689978510384
4d692f8adebb37138d0a529e,0.5461238240635384,0.6074570205032334,0.5812662924098072
d75a2aaf4ec7972641a06365,0.5060672716461686,0.4750011365769044,0.5225914575850389
5c8d81ddf48cfa6fac06f03e,0.4973268916312698,0.5357248843829205,0.5738530617281719
c28a2879de542c79c01ceb78,0.5430075831481017,0.5218680470247393,0.5237120982883703
cff559f4dafe088b2e6469c3,0.5727977059188083,0.6740251545893393,0.6050301994123339
d89022b14593bdf8c368d8b0,0.512193757946118,0.4120464241625476,0.4649781823982263
669236f838d6092651e4e04f,0.5228918195755508,0.5066672792133234,0.4972445021767668
fe8877bc1e7781e8b843fc21,0.5238982438646886,0.5676323092382861,0.5658262964149969
88a85d621cf9c2997524e687,0.5489892430086152,0.5967770113556592,0.5498329916767453
e32e46d2b658922f3e10da60,0.5243225801868715,0.4600962608758767,0.4644849211398728
717a9662c0051f0607ae25d4,0.5062889535743454,0.5291841034634294,0.572447992087083
bdda566a46bca624b33ec141,0.4927947185996404,0.4984802333755507,0.5382125766787738
333201ceff03822c1559cabf,0.5228509551963411,0.6317878576681204,0.6090751455459553
6ee09779fc2ed77c7f643cfc,0.5330618455144681,0.5476964146471269,0.5195038742008541
b39ded942096f8d7334d586d,0.471709722620272,0.363571592545461,0.4354947791112445
d21e9c2ca3b7d46c66c76997,0.57749564629709,0.51041423905886,0.4630461995980237
149c0e4d0fec530eb66bf56a,0.5591570886322799,0.5388918598048511,0.4959423641726802
4fd74572c0fce571b2a3139c,0.5072080190406458,0.614152748884996,0.6371733673869656
521faaab2a155ac1825ee267,0.5474839272254267,0.5037854567077067,0.4834954787265882
187b9b7f75dd642766421c47,0.5038881355869151,0.4371058579625066,0.4295872330780561
f110f6eac3abd6ecbf6a63e1,0.4961967835220462,0.4430538848472616,0.4582788043305169
0cb2f083663402f80a54a924,0.54788690564938,0.5202111442651134,0.4958048689937719
8d9aa2752c3f7c4142285083,0.5504688393378211,0.5597079820500812,0.5556785359837938
57ed77f71a364d4a51e0cc17,0.5113752199945044,0.4625364182933242,0.4497393171043586
1234c67b5eb37e789dea9854,0.5368100428387322,0.4468136447378353,0.4408080352755759
8bb7c15d7f157417d03d2349,0.5474530583170176,0.606548309347063,0.5952924529306157
b54b421b1e88d3bbe5c829b2,0.5824231731197852,0.5523628331949855,0.4586649902696286
014d03f6f3b2a29b760f7c42,0.5287073921233574,0.5688506725154667,0.5744313221896882
803734884c0896b9e7e82abc,0.5027017494926893,0.5553959786090591,0.6014485840094944
1519f08fc39402cf7751b929,0.5285085423060878,0.549339754736473,0.5721919660183599
14963ef57c5cbaa4f2710c11,0.5054667188863221,0.4180334252733602,0.4569868615349952
6ce65c528ed8c7fac5e40822,0.5336329359036855,0.5419284086079725,0.5315412671817106
e9bc6f24b8fa70283c30ab45,0.5787338185832113,0.70159115122023,0.6254262857920941
a7d98ef59d552191f2508464,0.5434047389847764,0.4974581084340483,0.4585560945675915
e5f94b30a76d04ddfa29cec0,0.5179578192002029,0.4773478078258792,0.4805831700080809
8b980dcef032a39fb873b9f0,0.5284462785825177,0.507890103575697,0.5166279088638392
883f654de7d89e2eb00f7b79,0.4869865505390728,0.529574563021434,0.5749847724823909
408a142681b86336977c32ae,0.5013294820673136,0.597222036230385,0.6695916245348548
5675478b04ef7a9417ee403c,0.4982723210953617,0.5146677771730943,0.5393016414147662
424904265e1eb8eded35fb4c,0.4972123160094297,0.5832461104460617,0.6005694620197106
9082bb8a1a7cccf03707b3e3,0.5086121643547723,0.5266877021016642,0.5504605827475331
e35fc18bdcd4356146ddaf5a,0.5096824261224351,0.5672807768227739,0.5542169673130676
4ad596c22800f69cb1d527ad,0.5195205447302315,0.5009504240839984,0.5010377598854335
d16df95748bb89e60788aeb0,0.5337178188396665,0.4936464359531176,0.5241929211423989
63022f78fc9bbc6b709589ee,0.5498149192335713,0.5567706059616474,0.5058213538320608
64ebb992dba659cc0f4d3ccb,0.5757644399724523,0.6338724864992357,0.5866888696712763
8e2bdbcf72c27069efb6ed29,0.5180362402638277,0.4896079399239245,0.4822394507253444
7911fca1d6e6969b6ae61036,0.513533274291655,0.6115034891865062,0.6278485135908753
708302b5f74d41c154e76dab,0.491135485956355,0.3991499618660563,0.4399508585400671
41c089cc42c1708f2104dba0,0.5648918654115647,0.502488361399418,0.4810064039929352
19f947775a61531f342f78cd,0.5420873477165994,0.5387775912335901,0.5409238608916955
62cb97792e4fab3834bb52ac,0.5653372250544518,0.573291790616593,0.5560797786976106
f21dc16f5db11bbb4a33ca9c,0.501363840049433,0.4403336001799181,0.4756719356148084
5da5fa5b1b433a5ecea7d129,0.5135314338324091,0.4909476959823255,0.4715713888844457
548995c1678fade38789e14f,0.5651300677386938,0.5995257058714174,0.5955758808724831
6a478369713ad2ca8a4e3ff8,0.538270896671502,0.5103249378340182,0.5135009309566672
f15e5f98ee8aa31f23367fc6,0.5413492263012516,0.4690417810845368,0.4341782611777748
01b86452535d10ed652fcf60,0.4974143399678788,0.5054988607243273,0.5477307135752177
548e718829dd7114518fff95,0.4571459774679895,0.3784628815784577,0.4412578522703916
303b1f313d2d7d15a64da404,0.5005902660061716,0.4202303416804197,0.4608047071558491
09fe78265985bd890d3fe4e4,0.550339735090777,0.6754532710435149,0.6153605886641361
29110686d976da574bf5df86,0.5036552256020793,0.5066557640580479,0.5169211379111429
d3a27e750ba1a6847cf81927,0.5459072157426098,0.5920637284173826,0.5769680107496085
7c4bb20b9dbe8713021024b1,0.561961948912788,0.4740036044344411,0.4298523366557044
58026b471dc842c78eaeaa82,0.5664226629443166,0.5542607987841348,0.4840295096244045
8503fea4da358de080543db3,0.5394940848345207,0.4353415092799297,0.4570409549347787
1f1fd0ec70026cdd360937f8,0.5221056851138124,0.5390356341331823,0.5544474269970907
95ea1d93c12513c8e655c1c0,0.5612099117035768,0.6514819917551147,0.6004489022492441
bb34d19ff820325bcdc85f37,0.512138726568879,0.5677240819212646,0.5927749923541462
2f46c8ec2deeb7669cfae882,0.5056548213098528,0.4975762963611231,0.4875444023765309
7e2757451892e7d576ac00dc,0.5504061924761745,0.5410403518742323,0.532224814314007
521ce9705201d928a76b6c33,0.5509281980259878,0.5922657289774255,0.5804626140641145
6120267449b55548dd26d0eb,0.4667931189598417,0.4416923238304251,0.4839870145638997
9261102e0d9ef4a1e7e340d5,0.5173930990095292,0.5902251059509652,0.6287004138142218
723e1375b2c43d5c5b2e641c,0.5282683708197584,0.5486947116320465,0.546421062809059
1b31a141cdee5241ea1ace9d,0.4790096235087376,0.3920488524542362,0.4483090323049233
0bbce007247d28f7d4bf78b6,0.5416463393187926,0.6355178792328611,0.6055368073473216
ebc7fc54296e52c8c151a89b,0.4743405053907142,0.4289999801404691,0.4884125794038968
210a6481fe26ca5ef631e7f9,0.5149918422902839,0.4304421340471984,0.4483617884462837
67f7df83117c2f11053593e7,0.5956611727443727,0.7577037557166815,0.660972113380316
28d729e694a53046417799e8,0.5068943711154126,0.5820054351634756,0.5873840932994271
7bfe4612297beecd16d4577d,0.5534102542056928,0.5068533934964427,0.50247268561035
a2efe8cf8b9bf90163af5f05,0.5072546242392579,0.4980390867851313,0.5311542282315938
811796b4dd96fd514c35449e,0.5524257576469497,0.5209212307698321,0.5179169303658481
09f93b800e2e79f59ff63e4b,0.5117703288783784,0.576880370324349,0.5846986438485144
17902dabe97189cd81c92294,0.5637552730115633,0.6379807224340261,0.6099076608691223
6752df62b9e14538f008caaf,0.5051606115648989,0.5865581121144415,0.6036341127838283
54ea4291b8fda60074a33a60,0.5348991908251521,0.4737404585340184,0.4790615158825825
4af69ccee4ee3ad3c463e2a0,0.5753853528110181,0.589232246287253,0.5535734385236409
93c34f7140d36a89450f0201,0.5062638536387816,0.5277215961957211,0.5319054646629917
afddab9e55b12f691353af1a,0.5443673189086996,0.5093277052390965,0.4834567842175801
f6165d5c8c62290ce79402dd,0.5058541942910744,0.4794282755902359,0.4804457405481836
17f92b9731478e5f2a207fae,0.5338577251496279,0.5566632284627743,0.5691188037308663
44ee7eac9f4226a3f2f98520,0.4932712509546372,0.5919763077783375,0.5878136421330813
b562e3fba0bdbdad30742d7d,0.4860420060532122,0.5883927434553556,0.6252657338213041
5f0051ad2bbc0e960979a6d2,0.4911109385764391,0.516970870564603,0.5645315298975087
1d7540a33400c1171c0d7b62,0.5120797792559479,0.5894934365382123,0.5841071351772317
8b267915a45433341059ade5,0.5521823417328054,0.4281611451362679,0.4392571379484173
b57650507963bb02a16428e1,0.4748907988105509,0.5524979457484502,0.560708291414078
bb9c9a2ac98326810001e934,0.5599628336445513,0.5926450718306331,0.5543752604005456
6e4717b92acd56d69924c835,0.5370433603212539,0.5461623078031237,0.5609958923134637
ff5683aac4a06827dccbd5fb,0.5729865072167377,0.4507557414343984,0.4425266645373892
434fbf4ff47bb36abf32bc8e,0.5181419375290207,0.5656071751883438,0.5678437623949864
ea854ed7c50c676d372bcebe,0.5469486250336099,0.5983402858055735,0.5966296014115394
dd446236363974a7f0dd8dcd,0.541419347724495,0.4806651469469716,0.4729816542611114
2643f170e0231cfa1aae470b,0.5037441413323313,0.5652755828275511,0.551611174449051
4ef7f44ab1fa16caf37f681b,0.506913940958426,0.4257121653829774,0.4590536743356122
712590478fede77bb08bed05,0.5276768816773167,0.4604134271970906,0.4436597045985149
6f6c99d67997e3680ac79f62,0.5223665344789259,0.584069608958258,0.5909626767373501
a01245158326a7ad23b0ca04,0.5338369765143717,0.5376586198223727,0.5150452548727998
32f425bfc3443ecaf22f1556,0.4913138023911947,0.5124021075198527,0.5546106885161046
f43d79a5c5cd5eab9b4dec5d,0.5438109895991516,0.4774182159555329,0.4794968534103201
5b3cd547cb4e0b8b80778ae2,0.5336846430115495,0.6304189368507808,0.6192170423326551
f16c6fc74d3230a7987f3581,0.5273854392630964,0.4514380245273125,0.4604209747384169
3b030a628fe7033a7b1221b6,0.5270819204991546,0.4279788254371424,0.4594052359742059
f5bfba212271322c3ba64aeb,0.4954480578712394,0.4212117666156516,0.4289235200751933
290b301f6bd118a8d6eb6058,0.5584331304472042,0.5787456047737715,0.5636239474174121
518b2db8e2d3d5f1af5f4305,0.5797652070721203,0.4888875185041441,0.4338348583823481
58aaf2ae3367c849e0c168cd,0.5462904178248625,0.5426188349104218,0.5112079435043033
fb8a02d60cbe411438a3ec49,0.5734436523216748,0.5521826833140002,0.4930782728945929
281e03305db12b3a5fb9d3c9,0.5285582881522386,0.4484657644258775,0.4680646289214964
be3e4518d0322878fc44fc26,0.5084526336296841,0.5067779260502172,0.511588765447732
a175f4f07584cdcfb16b5379,0.543076911661689,0.4788877750038487,0.4853778885805291
2b8a366d28439ee9c5df2370,0.547266091959282,0.5625017390022696,0.5438818805903265
ad3a5ed62754667beecbf751,0.5203215599323991,0.5056126613011882,0.4917148907659844
deb7d7079e632cce5817eed6,0.5561007541619885,0.5583515327219062,0.5522799602228011
3e7d0bbff7690c4f917ee702,0.529410111026142,0.6029554467077411,0.6043111371671201
50ced437e58293e7754d797b,0.5552353078027287,0.552070489603458,0.5070452975898839
a0203f3ef3456f8339c8ee79,0.533838971556173,0.4798195578112647,0.4590281307433511
c7e4c95b0e7abe0a6ac022e2,0.4974706069709167,0.5296428393585587,0.5519866871001048
c952784043e276465bd8b572,0.5365897329478531,0.4708003266612458,0.4332318432122304
50765dae5bcee4e13934ce9a,0.5210711577135247,0.4436171005247889,0.4540358972016317
5c6548174530f59b3cc954d5,0.4773557796513509,0.4593797406531629,0.5148980492423043
5cd3393de0914059fdbc4238,0.535017661205478,0.4769400538547699,0.4349659577418862
8b11a83f31d2afdb4a4be4b6,0.5106853071484792,0.5966628562306968,0.6002198370959189
3021799a6caaf6f90a3c64b3,0.5058692124927343,0.4726173792003781,0.4869491372743115
23970638c6342af97c9e5316,0.5303313032169541,0.5430281305183586,0.5163860812800117
a0bef39c77890704119ab29d,0.513465346117168,0.5148172817053224,0.5221390305849082
76d09a6648f7691dfec2cd6c,0.531072749709046,0.5995649521560215,0.5952943552826415
f9682e05a634b8dfd5defa20,0.5223125181654321,0.5794229257652732,0.6228588122827028
4bf12bab4996867554b4106c,0.5227822628485863,0.5041375577628733,0.5148005348104114
a495bcf6efe315492c62f42d,0.4994285141671735,0.4530163872647616,0.4862954824585785
c78f6a97b58b90b143dd755a,0.5286264729974767,0.545016077644195,0.5205279943735586
2b65c11cb07f6a485ad44593,0.5482761782565941,0.6031058556276707,0.5839088394874037
98b150e1fc54434dff130a58,0.5172130387314441,0.448961228814916,0.4574720702823346
e7a480d8661ed11f5960f196,0.4885840933588868,0.4827885677779002,0.4846655488228802
7f8e966ab791e794c7e1b840,0.5291903340480193,0.6129743099645693,0.6218797902858888
7e0907917aba47810017c9ef,0.4892142966830349,0.5172767280493556,0.558056144761967
9e256c8ce5323a2df7d31558,0.536872051480552,0.4942652902535741,0.4931600288228248
c3e821fe895afb29b3e85075,0.545752932772998,0.5869448474701956,0.5887076007023644
11b9b4484115177fbf6bf5bc,0.5023145330366799,0.4975260763479076,0.5203331349478213
f38c9e860a48bbc838408620,0.5276690836227622,0.538366090978187,0.5595444101639776
482148f20a02e2c14c4ef13e,0.5218667644166681,0.4792388415093386,0.4699060546100251
6138b436f5e4061e6dc6722c,0.5105161234298562,0.4598690539434382,0.4321279632503433
06f0d8833cc9287619ad4f31,0.5725084187157328,0.6293493847904018,0.6046402013846822
436a21fbdd433a2e115e2983,0.5526548982398718,0.44350429117421,0.4492426463905381
5eed64455a2143d0e3217fb3,0.5711390930947153,0.6344318411556598,0.5832921948186257
ffc26770c89e0b5074e038e0,0.4708692316166006,0.4413115767424913,0.5152495960175589
1f513003c52dd472305e0dd4,0.543069775795871,0.525981985618005,0.5076940271410996
1a13bf7a14e23c76dde78567,0.5440905652767388,0.5777952346840605,0.5723154567476489
f8e2437b834b0a8e3d28cad1,0.5440905652767388,0.6268982993729079,0.6182309158934363
efae148da17190f0d6ef19a9,0.5220161795197921,0.546241955494772,0.5641854363004616
e9d689b1fdc8161932a4e934,0.4998532076287558,0.4853210141238436,0.5005789637786084
b489b961153fce26e334b49b,0.5284228476778078,0.4715384140400481,0.451881379276167
a586c43bce093883ba79ff12,0.5259197980025397,0.5396006161034493,0.5255287636264019
a169b337604c2d3de773eb86,0.5560805784877433,0.5732289684284066,0.5352728368774289
22d67349bb4f01e37a676699,0.5326465786437509,0.4356524042097252,0.4403988423360814
6c47a63009056b84a7ec454f,0.5347889146163973,0.5960251055036777,0.5655244262586335
4d7fc83b99c44b5d47411709,0.5096014150897074,0.4293125471046177,0.4416800526328513
88e734aca5a13436545ea884,0.5287646327698403,0.4788094209560573,0.429953613090057
0afb68fecf4138b3ff6d903a,0.533972743459235,0.4800112163239283,0.4967050224907798
7e7bc7a8f26ed37e36b842ae,0.5825395375876926,0.6566881155018226,0.6000230330720134
0af54c3a890835a6e6b90b2a,0.5294949940816305,0.558536648672713,0.5637174876717062
2b9908c2ac45f87841bd9798,0.5694095086382327,0.6126203737815215,0.602620365738509
12d0359421cfa3a53d6b8cf7,0.5193549531324272,0.4866227174583732,0.496308757927238
342dd9279c549614bcbcb68c,0.5545469918685086,0.5743940524666737,0.5483543972530512
23a4c9c35bf479eeefc293a8,0.4953828229954853,0.5078243551562078,0.519832181867032
fe9760d2b29ecfa25b658466,0.5599156207367457,0.6708500721386512,0.6171678141619055
09cc5b1a3b2f21e14534e2e2,0.5101146633109326,0.4299960010770172,0.4549218027139331
6b639a7c71898eea131d07c3,0.5199710937359372,0.5343852932892443,0.542132154135984
0f04910f98b9fcbfa93de5b5,0.5240807853030175,0.4677542865330628,0.5026550779743781
74ab448f36367d88490b7e8d,0.4848165568379176,0.4871555103507795,0.5074007108204412
95bbe5e739e315b4f6f21803,0.5194678155975078,0.467788594587793,0.4637292131343533
851ea73a51f3dc8492a1e31b,0.4961593782567134,0.4041354352956365,0.4349133510076683
6acc2fb2718ef7fd825bc67b,0.5190025296947564,0.6032569633625872,0.6174468390928749
4eed1556ac3eab0d78a38c26,0.5018246007276045,0.5229582725185132,0.5590325732109216
b32d11ab41fcb9603f5cc117,0.5274199227348879,0.4489981255333891,0.4710039739452566
e8caa0f17bc9634ecc0815e5,0.5284755124312153,0.4928835631297385,0.4538730131867122
10409109613eaa3b679496c6,0.5313270983940543,0.5740921621423218,0.6018469666648509
4fddf2f2c1645ec9d5b5a260,0.6055042071260095,0.5209317899179835,0.4719337776325755
de1a94ea65234cf2e5b7b91c,0.552518030544003,0.5083181283709743,0.4838278540234776
0f9ca42595e09c73b5f8f039,0.5174875845150503,0.5430611538738422,0.5475296029412151
5c4453708ff680251416119b,0.5223480546144889,0.4455981330437742,0.4457663176898271
0be5020ceb491ddf963e7ed9,0.5204301565444163,0.6128310512982189,0.6125708712277111
a2cd18767424e1a3ac88f254,0.5369538547931318,0.4998860911516001,0.5090817944233492
1fda77eceb69da0e5cdf1fe8,0.5212423877510792,0.5893929644597947,0.5820058579234116
92e89ddde6f74647ad2491c3,0.5060810417259192,0.4812666868990897,0.4841629568773598
c09ec5acbd321d624ae6da86,0.5048412267182191,0.5167939275674873,0.5460531187926501
cce3261d33e6d25bd2f3e97b,0.517543395492518,0.5475134744294738,0.5332589752471125
70fd32c8a172d14f781269e4,0.5147870696373666,0.4585368785887267,0.4278285929712181
8b3fe3d7466a8a9d21c9d1e8,0.5126926269231157,0.4209000170817266,0.473316891206908
4dd23494978030f2d028a182,0.5275384796219585,0.5774681698874978,0.5627636587929757
af69bf35ecb5229dae5a4975,0.511670135117086,0.5302163962689603,0.5384216949649184
ea033fc66e5e490ecd27149a,0.5608695853875815,0.5753797763845894,0.566460180056536
bea4b52de3cf51905af2060a,0.5042216111594979,0.4529948287374772,0.4930545580030306
a4e0105bd1a37ab9fcbd5ac1,0.5745941287451172,0.6696081687351723,0.5936679574466635
45594742845267f5c3ed428d,0.5180523239682949,0.4952464826646791,0.4918995608836106
ce9904ac934f6872d689b6b1,0.5464282994346176,0.625206923196727,0.6070024462231053
335691d6593fd7a7eddb6fd2,0.5023670796555779,0.4514511389671746,0.4460333493035476
ef6c6af38dd21311cfb5bb04,0.5629263638767181,0.6019960815182746,0.5786998473244008
4a1b52a1e9a500792586de33,0.5082188386694736,0.6384793028362108,0.6548090748658993
39b65834e292ad275e18e30a,0.4959123411419935,0.51068585653532,0.5474484644430566
fb7ec5c6e84960fe968ae1f6,0.5147652124634736,0.4633010840605573,0.4374802871537249
568e4815fdc64e64819163cd,0.5229057161250023,0.4773007243036973,0.4732709253307979
65793b3b6177dc87e6d3e806,0.493022342401085,0.4787866098886397,0.4865672759362178
1b370dfc30fef8a4f96ab656,0.5804164765073129,0.5170783114640184,0.4583447853639433
361ce50c77e020c842cddc53,0.5343884916929038,0.4417202952204228,0.4530106767366275
f83d6b737e571cc3bd087c6f,0.5181675362195958,0.5112352478600714,0.5199759165962354
6a10bd8aa319f5b28919c9e8,0.5443821777082736,0.6162535742099694,0.5916583535842671
089536429cd06576fe566778,0.5504789583613166,0.6330610040175553,0.6250331046465285
0b3490e5b7eeeac4794df1d0,0.4951354993519857,0.421975006072206,0.4883579107794532
0f2db25bbcb95e8271498a6f,0.5199597613925184,0.5502587667044425,0.5883101919201369
e34235202e21dd604937de03,0.5742556992438199,0.5871189163505353,0.5291959675673774
d30355928d485d1a4b226713,0.4950164031830005,0.4567208095967452,0.4828495768779347
13f2cefbf9aa9648b9731a46,0.5225400815751622,0.5410118957219477,0.540993081750438
51444005ff838cd1d833a112,0.5300443095287275,0.5582398237756792,0.5825748879457213
7650b49f886e07c7dec421bd,0.567037601760851,0.5983226586467987,0.5336204487756905
a0b4e0419d724629bd8052de,0.5596877828125965,0.4710320981792814,0.4636261795550964
207a6196a0c1ba5d2206c8e8,0.5301820093343137,0.5016865040227163,0.5145790209612533
4aef6c1aa77fbae25b903bab,0.5202696923664862,0.4600720336018458,0.4750312607862413
32a1e09d966b6b4ac82163fb,0.5328842811686673,0.5360099336190062,0.5306911327884961
f0da1e98c5f88cfb4abe34a3,0.5160680834386433,0.537382532206809,0.5334593461669803
248c9960b5cba4f021297547,0.5141563772774131,0.5159073774261096,0.5466401812927706
1d1a1ba11196ac9d4941bd22,0.53898486182581,0.5509876204794415,0.5427773267794844
b319e66e709580a9bfe37bca,0.4922267106307896,0.5838114506883167,0.6103819923235876
db3683d79f24c3e852103148,0.4905716023416974,0.5242679739679525,0.5596597103542775
a4d48936692d89976d8eacb6,0.5420643793706972,0.5286855511315632,0.5183705973651277
0e9d89b012e5cba045595340,0.5815392140940555,0.6497744756319168,0.5873208184440347
fb0b29c4226aa74a7d910e5f,0.5104157354960054,0.544221382758387,0.5625711591272273
c2f437a1841d97c0abdea33d,0.489211206367093,0.5782752971623782,0.6423030196404117
3d65f29d3fa5880ce604be7e,0.5503022745590334,0.5546632094731934,0.5387815829505996
cb35e5e6cf8b626ce079e287,0.5337805354403368,0.4979962527164259,0.5056293972135115
f633ef723497a0e446093119,0.5247167524025393,0.4849013246077974,0.4906840882177417
56b9e93f2c3317616b4f9f60,0.5040026415798761,0.4706801872958421,0.5026277603533321
e127293757d36da900150edf,0.5594208267876638,0.4940018986247507,0.4410287564142487
6a4ba153fc665f95a3237352,0.5621796036703909,0.5698849261124935,0.5111412965631337
518819298db36354131902d9,0.5026107830545508,0.5851343735839583,0.6169046092873256
49567b85f99a110c7f6ea83b,0.5103546287976898,0.432313705365169,0.4401504990543839
ac94a9dff842412fd7328afa,0.5153930421514363,0.5890484242580707,0.5861653832608449
da0c264b1b16862ddb25de61,0.549001951940865,0.4672313240090996,0.4525871096923672
3e18e906ff451da29df51cfe,0.547964603565548,0.5358549318594918,0.5220617257756968
bdc96f54608416bc2547f03b,0.5248366622765559,0.4153047034143642,0.4339939108987372
4b4dd5c0df00b12b8d0f612e,0.5397552512525898,0.6290676375132244,0.6054645057433408
7c9a5b5fd268d6275f2f7412,0.5349919576290991,0.4907291771369792,0.4669229297458426
98b1fe44106dae14977a6d90,0.4946875185074924,0.4488118859603366,0.4954046722873728
231c3ba4d7b9474ea0d734dc,0.5133523928677278,0.5039388935831176,0.5171106952815936
d565b8b907c3593d9b7d72c1,0.5194997945818837,0.606312829329872,0.6130720714740917
f65017114c566b659feb8668,0.558213452980795,0.5894997544875354,0.5240186570074864
8405ea3c3dded3a3f4987cd4,0.5075932914142826,0.4325063286694829,0.4695866168845103
23ab871003acb11f2377329a,0.5186623151562939,0.5413961507871019,0.5341790018151706
ca0139f8e3acffaf2b5f16fa,0.5854581537641715,0.5316143763973935,0.4476745175603867
66b3bf41baf988eddb8eec6c,0.5623709173503969,0.6309659665995524,0.6194184959921499
86c8f5a278fbb2bcebf780a0,0.5203936114539263,0.4956588223878669,0.5120607630671903
61fb5fbcf5a76a000fed1bfc,0.5152395585166215,0.5648803766853665,0.5581356861264885
a72b3ece9c654da6a541dd6c,0.5055810122868689,0.5672535186097789,0.587011907659584
80d4d48bb80495ffe1940563,0.5481727902318183,0.5907967874112524,0.5938375066609406
512f25acb64cc9a99d4868bb,0.4888981830446876,0.413094134949992,0.4768752657935111
b5dca0877f502c6a20f7e284,0.5560302645915592,0.457895589727439,0.4491513092593532
910b9c095713067be16fa86a,0.5094332215910543,0.5740715966192411,0.5952449008712426
718e32d9255d7c5c5ba21790,0.5137685115029543,0.4654086328977443,0.4581192429467376
0e84ec2fdf50056da3358f76,0.5300653788691888,0.4989941174811634,0.4419037715212394
9ea327848f6d0e380931fb12,0.5439697951703168,0.4798838652508317,0.4844576810421895
168a0e317ea5034b673d092a,0.5424645872064079,0.5198949774170154,0.4891118037366266
1ba968bd29b3136a3ede5600,0.5422233824216556,0.5493069843654099,0.5008592935021396
5005d58c4b3adbea53bf97ce,0.5119937387866046,0.4356774358367774,0.4303334985904034
5ccbfe3c766ac3118d4f11e2,0.497485881245608,0.4425336361180754,0.4263639221236247
8e91382cb72c441eab439665,0.4948604962329315,0.5541678486797861,0.5807329095662446
526860bea87606d33133d23a,0.5587614092906451,0.6567949352336337,0.6391427273956551
7ec54e2c4b5f0bc81ef5f893,0.5062867277028552,0.4434793780370127,0.485651202284159
c75434700d77ac4eddeb2932,0.5526536656591082,0.5478609571117009,0.5106694425580776
636d6ba3460489d66dfd8730,0.4739295263331491,0.5311582782580725,0.5984056061822326
bdff6140c184f32d7f71dde3,0.5128712829712759,0.5497173542905945,0.5508740573473527
fead19fdf3cdbc5431aa8871,0.498750680519407,0.57809612019857,0.6041485543255147
94390eb6ff18c94b855dc803,0.5207250492185631,0.4446471755799273,0.4642419066706327
5da2e05d900ff9e3385975a5,0.556108841552289,0.6210604568474856,0.6260553340503485
b98269549e80e166152b1011,0.526549446360521,0.5234859537199648,0.5394231833736285
f70c8be21f1e3cbd19187cff,0.5334361235183478,0.5069014776239099,0.4861486863954665
f7410c69833748eb2f1aaeef,0.5166884183168419,0.6276701778494485,0.6371087201300927
8883927cba07a121b4721067,0.5072118953245625,0.5702597804447105,0.5971933396224265
73489c1eab7459e6664964cf,0.5133991351788145,0.5276281959051761,0.5204126744984536
4cae8d13aeeff33a335b15e8,0.5146720889306758,0.5130537522344505,0.5016696390365284
50bcb0802787d452cf17e95d,0.5231460869481036,0.5777368664315532,0.5894275603950397
2c0b0878428401ab62ad5d6f,0.5266789028414349,0.5673349717084275,0.5635511673797041
63220ced1345177aded6d349,0.4963984310703666,0.4420460638496233,0.4512433342848846
a8bc37086707f2289b157456,0.517035774061842,0.5832860179518857,0.6062980926826967
b55d9daee8b15561baf91b29,0.5281265513821655,0.5485624741574469,0.5430172184907415
f68469ade96f5b0b45f4cb24,0.5139344129994403,0.5817437672715928,0.5921162218738965
5f09e0b27aa009de18c84cef,0.4829152313749979,0.547626052870771,0.5722756159758781
d843aa4ee85617babc15d24d,0.5785983083631882,0.498233511247024,0.4549558926967951
8ea1fcddce2c2cde1fa06193,0.5649212524643114,0.5238671053602628,0.4771573848514053
aeca669dab52c06e30720671,0.4858604418777771,0.4051361374157065,0.4521042336873931
1bd79d408d985cd215ded311,0.5301984600491734,0.5104968087799093,0.5177051373585035
357049cede439de785149239,0.5213238982468715,0.6122995685431541,0.5963507483938574
7063fe074c64a6c8601f43df,0.5674865318152967,0.5259442059972945,0.5041854050721195
8a0aab46255b2baf50a0090c,0.5273685100123174,0.5812710849425382,0.5913584657986468
864cb09143da46f8e9bed1da,0.4947266501301161,0.4882910061060154,0.5266091611725323
8eed71c525bfc9e4dd4533e2,0.5067560711743192,0.5727597376900059,0.6100575431855642
eacbe37059016f38381b3e72,0.5811061295495935,0.5950838987751466,0.5240045147575338
5b0ff02466a327203612cae1,0.5670598587844426,0.4660105943525653,0.4729033633938599
30b2c430a7b0572ada19c35d,0.558462431734291,0.5015770622720732,0.4844291109367239
5d6743c04e45b961702b4401,0.5643847060569905,0.6141643030429796,0.5640460994304789
fafe4ded5ef344556a1060ec,0.486151095473155,0.4079173986620694,0.4802878395984802
6d7d307e4390092ac9a7eb6a,0.5191900383772527,0.5112147010623421,0.5171179157758117
77e18e823d59af807e20e502,0.5276957912372265,0.5725068935891946,0.5121182214780524
fa231a20f20fa7c2c664b44d,0.5218879355239604,0.4255106792223533,0.4383071877053376
16b410781697015938973baf,0.4804063385953483,0.4586690588340711,0.4697576044642142
a34b49ad68b3345d24e7cc3f,0.5315523878038014,0.5202141151827858,0.548264485871563
359e65383d60c2fe18f89d23,0.5240868752546239,0.4436023831745797,0.4287616440931983
fbd610517c2046dc1e2ac17b,0.5730611965009083,0.4998943199511201,0.4429688625262156
4a14a04178513b9ab70b8da3,0.5408758185070883,0.4700694283957103,0.437541577668436
930b43ec8c8fefeb9454b80b,0.5369535062903,0.5613965135109742,0.5577079546905331
fd839eef60a51e7c2586d79a,0.5418666416311768,0.5177472509659585,0.5247075674562237
0e6a23d275b4883247329195,0.4753366851985374,0.5070026491952637,0.5441781334456373
0bf11278ecf2e43db030850e,0.5394348181518284,0.6008512714306256,0.5910207485986172
a2e1e5cc1f91d8459a631795,0.56141407204631,0.6538699960261312,0.6281465152005703
996ec1c72d6ce7bd6862c0f3,0.5317026003747707,0.5183554291739356,0.516229328130666
f5d53efc3c0a4c6a00ddbc18,0.5121482007916344,0.4215216976244799,0.4728056249160433
0cea46a0461183dfcbf67082,0.5715996843771898,0.5028742638566222,0.4737914340158606
4c333cb5732fbe0542bacf52,0.527954101773346,0.396526723729393,0.4342393478022139
683319148d999ae6e1dd1b67,0.5053393644612341,0.561658620169206,0.5856246750449171
251e493dbaf2e9f9c97a7324,0.4677790029153021,0.5282297906507822,0.5838701404334652
aa905a8567f93b102636c26d,0.5219977106880773,0.5082688363368184,0.5434386106334972
90e5cf0a0bdf85bd9b5c6a84,0.5418788321713561,0.6064455899189991,0.6018662339619423
54afba4d3d47794e7eb4f5cc,0.4817836884206833,0.5512535066277442,0.5686263859546001
7206857b1cf41d4859a684af,0.5517327717655727,0.6247287195250018,0.5850665556572486
3291d9b7d654476abb4b1b47,0.5295691928102627,0.6150075082835034,0.6167788357955286
aa32089d4d930bb7d08892c8,0.5136100672605021,0.4523844269953614,0.437705445268453
880c2df30216a28c72b72a21,0.4775323701744053,0.4397797130275728,0.4845073994381138
caa34b1be2976a3251b97a63,0.4554084935322821,0.495421717255329,0.5610959265974657
48a2d75d18b1432c9fe3af8e,0.586038793324131,0.5047933974391967,0.4601419135884384
b888283999b8908ac19b11ec,0.5137133691334098,0.6090267294617028,0.623441357612571
d191584f9a6b3aaf8b517c6f,0.5147091930741322,0.5443923566007248,0.5199390179944268
de8fb58f439edf021707a668,0.5112788370216533,0.4928009590396758,0.5218953886957589
4269c611bd39d78c900f32df,0.5286405328214049,0.4542892644096526,0.4533759045322649
7f504ac737baf56e56ece488,0.5489274148136647,0.5729758715308759,0.5607859669280464
931c755be30f35348d0af127,0.5700598701080891,0.4872398865816509,0.4285597473147556
f723c28bdac7b569a6ba9355,0.4893365831493888,0.5010834193533826,0.5290971139068047
08ccd54c248c9145b4804f46,0.5069361115182672,0.4798764810774151,0.5202786289355968
53281ec07e43773a8848e0e7,0.5528663636155026,0.6177450976360873,0.5965686303673731
94f3fb4d355e0e95c1f33950,0.5021424127199448,0.5238344195821428,0.5254019836150476
dc35c59b589edd0cc2feff02,0.5830776617337458,0.6016434441173095,0.5220856507077519
585eeb25c06115688ae888c8,0.5278565831395137,0.5692354859114713,0.5941592112896199
613039fd663e1abf3891e7cc,0.5426288826447954,0.5164017031622457,0.5110011612408001
15e70aca90eea080bea167f0,0.5327729970386487,0.5369968090674113,0.5119278727048251
5cabe9232103b4971e605f72,0.5066599315507306,0.4604162345072278,0.4819475762786355
246d5a77afc8768d4adf7c02,0.5688871534058405,0.5162387561320277,0.4600357568108603
12028c432f39454fa8df678f,0.5717399859192557,0.6349729790372102,0.6193859683233138
f99ebe6afd294ae5b6251d05,0.5557375045203835,0.4753514593404577,0.4506331469627501
6b57f32fdfcaf3eb84681319,0.530175326264224,0.4813862809884264,0.4868087827354876
8e678a33150e5815f628f806,0.5129266053490737,0.5209344359909978,0.5591740121715298
02e789be3463fa6244f33459,0.4983039528913819,0.5185670818509172,0.504940470691912
080b6b43a10ffc4bef9b50aa,0.5390183346094457,0.4737110045272508,0.4326225628514096
2d605ea722cb28ee8ca79d5c,0.5599731707432575,0.5166404088391425,0.4754140614419452
b93b3992c495853264592380,0.5336177891554411,0.5805775608711367,0.5871096909988814
ab9c35d568f5cda53a0126db,0.4940478727330977,0.5225374515514043,0.5532509557433067
e3ded68af79191471534d0ea,0.5302909509046573,0.5624395580533388,0.5823041089766106
501df441595bc9f45c3faf29,0.5424224226248865,0.6116169368740383,0.5936629245077104
2c0107adbc4cf4058680ba19,0.5038644824355132,0.5648874101384664,0.5752926803436289
072c0e15f15a31ec80c27309,0.5735149023287024,0.5191881510215712,0.4402218681847222
e4471e138beec06123eb0b3c,0.516834424822847,0.5539691811286266,0.564485323000025
cbae83da265525f4ccb0097c,0.5420443924653671,0.461030718804004,0.4829066600552449
a79dd9e6b45bde4806ce14d1,0.504816908948332,0.5295653717791721,0.5755346546053056
adec66a9469bada9951563d6,0.5481373991022354,0.6149232808406967,0.5700479945820565
c5fa917d88d17fbb011b5565,0.5130774759547289,0.5386329899506139,0.5415829165940091
c3b9dbf0d1cc498f35244176,0.4670254972961294,0.4659659325866717,0.4865736300088707
62979f94f5bbcea9da1ced81,0.5231919077672332,0.5276152826156576,0.551253598820554
48b7884b0b2aabb7aee8ba97,0.6112244047815069,0.6600086115482302,0.576568105048362
f5ab53c9596cff41770112f5,0.5245708825032853,0.629618382758615,0.609550025545073
58428f34ed68f75eeb80a0f0,0.539588712780467,0.6112410769115344,0.5818865704228068
b343bdbdea002315ab350185,0.5642222470415149,0.5065071864069973,0.467983926521739
7ace9cc58d6f333bfbfd0aec,0.4858083065426102,0.5587707615540756,0.6223341135212934
78feb39ee517f67f37e6766f,0.5099767723385485,0.530561521507647,0.5436959264565624
04ea954641fddaff04cae227,0.5250787384389859,0.4332865131310902,0.4602191420284127
75098b2a5a254e9f18012fe1,0.5310718285716817,0.4551065702538104,0.4528111229858811
ed69a6d2b560937389eb70b6,0.5099773321671526,0.4870029788933211,0.4947981434589332
6238180395c7eae9c798ad6a,0.4891012679216138,0.5096439815210388,0.5582198194454471
1ee57031d15c7edb0ed504b7,0.5470619868463579,0.6595615599481717,0.6241505009791044
7a1fb7443043d58b8e77b1ba,0.5448907593873353,0.4771449141974365,0.4493536384062997
cfa44b25e4fa3dbb016d23e5,0.536031569778333,0.5737246275464828,0.5417701145903343
ce043bb41504e94cd555a10a,0.5551472375178083,0.5098193996370384,0.4518440942151556
b61a80774892a78e177799c2,0.5231537984882284,0.515487212335934,0.4995314528244753
a6124017b65c3ed74d0efba6,0.5604663912183079,0.5755822137262074,0.5523434683633102
3db28914902e1f49e9c46660,0.5044393186112545,0.5154397515742744,0.532148155181019
132193d9318d4d01f8a3f499,0.5396362639349978,0.5695108358966089,0.5412355171490153
fb1074dd56908cd554442537,0.5219512042468522,0.5039783469783147,0.4624590488492823
03f79fc624f73d97cbd8ed38,0.524255181709356,0.5743298162203287,0.5469487839954428
6cedbf10c117627a74b83b22,0.5368685909000898,0.5131799636759451,0.4906400458524276
a43839197b46b99764189514,0.5240054989582626,0.4980831064145682,0.5272191474245507
3ffb9cfb39c81f017633b366,0.5423958816019043,0.6005620392099753,0.601626214546976
e90f989deb4b92188987d465,0.5659255348887251,0.4853271192063128,0.4499564228339966
48e5038fd4e9da77288cdbe6,0.5422503187887743,0.4442890552413526,0.4426989245159242
c2773b2f49080b73b15705e5,0.5125289101068239,0.5127341333179808,0.50826861944845
f687dc3b78e597fe05088d35,0.5289607841879126,0.5938462961539624,0.588382672867612
df81480b29bbe3c9c7c6a913,0.5628720360268147,0.5228354967120757,0.4903242635665155
9ea9fc356af286269fdda585,0.5337511978581617,0.4817638118110768,0.442456036285608
883305b7ec932dc4d91c94d6,0.4979678177424877,0.4413762354022421,0.4547441441109952
2c4a73de5d10f95aac35e959,0.5213841084091138,0.5872071316462897,0.5897064590735244
32e3b98180ca5dad8736ab11,0.5557777073823714,0.507112307224231,0.4915597198489004
7765f7c676da119cf9c25c8b,0.5196013555796645,0.541006383737717,0.5832217768798137
9f78d68de4200edbcdb95a3f,0.4968369246327797,0.503484019321279,0.5610809501330303
b19f2729a2f89dce07c5163f,0.5644004611456448,0.5261519403824951,0.4822375075055645
d7e8cf480d9647885a061907,0.5242130071805761,0.5817143643421093,0.5649718465447163
1fc4557833e12ba9ac7a4b15,0.5400189440740277,0.494388833885213,0.4772284826996043
660a873a5dc6cbaa9db2660b,0.5148622054245855,0.4996292541186538,0.5118109328228845
ea1873ad4041833afc22087a,0.5303285916713445,0.4645147521461146,0.4863545850802672
831bb472007c37a21dd36042,0.5565171334817663,0.5427118621088847,0.4978230660140816
a8b2e92a59ec1722d47389d1,0.5217480138936175,0.4930315523096947,0.5016525558103493
71cb150cd4e5a3bc6771b852,0.5185176866077071,0.5442675831477694,0.546474051083934
6f0e0af7395bf3208d1c5b6f,0.5004926162088561,0.5048809376655362,0.5316479861740009
a77ad8d554d7c513049fecc5,0.5078572605442195,0.4809413309406606,0.5110463307860782
71284402b17edcb93bf2e95a,0.4996534003328027,0.5377030320822409,0.5585134030014505
bd6b03f2ce6d73c7682617a2,0.5450975038969837,0.5260136755859224,0.4930619533713976
a3030a547b38cd61148ebce9,0.5288352457957195,0.4374637477179459,0.4714356903428106
fbcc039f6d105487456825a6,0.5066319089639677,0.5153964236271648,0.5259730446810392
e5b4dd3f4f525cac99e7f03c,0.5388880249425567,0.547774962630065,0.5438251361983367
d47066f8e965f9a0574a22d0,0.5006687760597572,0.555390878643154,0.591680758800607
75f6ef859adb1253cad392b0,0.5354475168085874,0.4540994036421834,0.4563695430697979
12c11d661772b7405e78d87a,0.5370614871869157,0.6160230260276355,0.5949009135490726
11f3acf29fb8cc14f2b58580,0.4859664200493536,0.518407867876346,0.5304289539047897
253057dff820f66499dab7fd,0.5155202140118601,0.5994158530610576,0.6168268482266861
1bd293b3cc688668752cbfbe,0.5072344220881129,0.5430314799720092,0.5696213084979322
7a54d7f216ef14030f10cea4,0.5123578346432706,0.6059106746320617,0.6231770897732435
d4bf427676051c99b2ae600b,0.4957881058045101,0.6110950288259841,0.6086202772364602
f7c7d924b63a81ddd5a27cd2,0.5191438203046549,0.6235987386631058,0.6120293677832931
a0f640ef3773fa2b90f9844c,0.5087187669149874,0.6173776847256567,0.5910001116749699
668fd4305c6a17d433ff6234,0.5045706258768629,0.4559635128033484,0.478430952684957
a00095afe165e5de14d2ecf1,0.5060619675872883,0.5706527307343503,0.5968342170858304
5f5f9cb3db16d76fdda717ce,0.510901357237251,0.5679914697447144,0.6021628581985217
909c2b5a98c6780d359628a3,0.595756155696832,0.5248619920419527,0.442397751103662
c657a794d73ad705a19ba961,0.5436244682088162,0.5258104326390048,0.5085501655164288
66d684f983e7b286a9e7b9be,0.5923906664623956,0.5086689253873912,0.4283229821856518
acd3ba155086bc44b49b24fd,0.4916688056379508,0.4462432545064003,0.4909158644564078
2a5deecdcd1fad8668f01fed,0.4956907166013387,0.4174332348647201,0.4377090019205802
e8499102d8a5404848def2e2,0.4954084628742577,0.3937626468074006,0.4291314370104798
e07e33a17a508728b07f7e8e,0.5649756382102753,0.5128148865949483,0.4649092395109274
b368d0607d5e9be326d598d4,0.5643792088547062,0.5230337286400653,0.475769812825654
074c9235653c85c4e8d6dfdf,0.4972848862289892,0.5058085022890515,0.5205698209285892
b3db5b4fb83625ddff3a38a3,0.5757728729629024,0.513953788796516,0.4928839501581289
96871c8f421163cc64ff8af7,0.4920635596803418,0.4985998132390968,0.5395866411823835
73418487781c235f9a16a9de,0.567342227717354,0.5171338888935346,0.4875973132504656
4c014033ad6f83aa7e9d953a,0.5962447394664169,0.5624014387826526,0.5153212538711894
31eaf9f9d5164f93c40e8e07,0.5170452947716776,0.4974554811681749,0.4891519259298544
496d5bbf4873984b83b30909,0.5415130508362909,0.5762672633588051,0.5888367333186798
454dab71cc171f782c1f0695,0.4777135269295643,0.4047439137378874,0.4561186315002565
d130e43ce92044616baeb39b,0.5561082946011761,0.4922565080144839,0.4821798601587662
45d88938392da3de33a019c2,0.4974481249281889,0.4798177536522673,0.5047833556677388
cae7559ee9849de3b5eb3b14,0.4636709039419954,0.3984156551075468,0.4467811598946316
72b6709ff5eb521be7f3d9de,0.5975683763779981,0.5325805164667913,0.4639254694136071
5868c4825615988f71dc3de8,0.4812523411960714,0.4097725346895994,0.4256147129579403
ae509cd5d78521b2064bd9b1,0.5428810746148759,0.6306256792309932,0.6117231099670892
18fd6753ef2633960e9a7515,0.5259686230756276,0.4237132662536417,0.4266553128565379
84ec01458da1f5d540868976,0.5484616923974297,0.4165150952314916,0.4291686221192927
272e53764e8391899f293cc9,0.5054751750888035,0.4485029699967147,0.4779951424371567
03c7c78b76ba775356563160,0.5325550186638879,0.4622922100206625,0.438778031688095
7ffc68ff0eef26e0abd09b90,0.5295073628973208,0.4192352674263072,0.4349465487822689
44e34c506676cd6b729541c1,0.5662653131076963,0.5786146306404898,0.511151587774696
99c619b2a819e79bedcabd0a,0.5727306573102369,0.4432075490552631,0.4328130485175136
ecdee55222e4f5e7121cec2f,0.5233334280466805,0.4793616708831066,0.4716937114951997
dfaa5f8e781008a2c9816a19,0.5176616528579948,0.4926426397541811,0.529323916997592
018488e7b764a57201c737fb,0.5376549604623418,0.6448893156974316,0.6061058953580849
534fd5b8281f0c49becc7d45,0.5986266958682791,0.5144494268109567,0.4236950093682286
8c8cd169259af2071391fa8e,0.4940596411243764,0.4655867832071708,0.5056522526336897
5d0c861b074cb816f881aaf4,0.5315189031601533,0.6553847016226192,0.6213540812562077
755872c105cf39ef3ecb6354,0.4956421679729625,0.4743593352782745,0.5195702150526407
481f99bb03b983aec36c5de0,0.4974736801940788,0.5271208867567824,0.5506595512215998
39b5bdd8947e5e98ee6aa75c,0.5438725287186541,0.614847105508161,0.5971615457159769
1f9e51f4e02c2c81e84c0b36,0.5077904595727852,0.5433052075147407,0.5489505163082848
9e851cc41d92a4ae9e79b710,0.5325617806156737,0.4716244343509276,0.4614364892322317
dc0c3eae42cdd76df1e6155e,0.5760512405112033,0.4763037310000179,0.4537509786066834
39b7b7d63646b93b133df3dd,0.5094595811921001,0.5427739739517649,0.5841934314340791
2563a0e2f62f686aa850a349,0.5416391410921819,0.4981337822685275,0.4428326110571065
98bfe868261a184e0a8988cd,0.5417681047056837,0.6190988464261759,0.5801719786913309
d27ae9d2e1a4ffca3a1f2e63,0.5354743796962917,0.5951693230149909,0.6089173027015937
02d79f1b23059d0ee96e6bc6,0.5057083836079804,0.5922727924703675,0.6208273811747937
81698ff251f006a569fb7c9f,0.547602419367387,0.5038574212021387,0.5075813302175527
f04f2e118be8dca079b51c02,0.5080791947142838,0.5024069022185732,0.5360852595110801
cb5ffb3f2b0c099ddfc0eb36,0.5412475890381294,0.5488319126786904,0.4998841454877245
0fa5ef5a8ce87685c0e12c2d,0.4714894354906426,0.4639751800236341,0.5373285289689401
282fc75acd3b20ec611fc077,0.5860033348335162,0.5340649815885328,0.4903514714623059
09472884026f55750e2c0c46,0.5092905803649428,0.6142450868633599,0.6287019904176473
0858a3b56964a7d1e9861273,0.5008179754962638,0.5363597644547343,0.5755225665062743
b2a5d459d8b8047240d17387,0.5357500004523033,0.5386899618194231,0.549024609598553
83f1d79368a84e3a44cba9e0,0.4532009576169492,0.425213272874167,0.4478971079604416
49a08889717e00afb6a3adcf,0.5202462747561024,0.4282926514963426,0.4619436644223796
62724475b2ff4df8e5823167,0.5438167194763027,0.6406643480781944,0.6146554339557092
be45df838a85327b748ee8d9,0.4593361710043697,0.4578531785043076,0.5162201344425766
1decb382263cfd140b591270,0.5292953043542062,0.6159537144892643,0.6123759526769281
6615af7f2fb28ef14311cb09,0.5269731665486981,0.4422906276588362,0.4545759326717873
9c7ff269dfa740f0a0a78321,0.4824438974501639,0.5838340461700866,0.6161623706817385
53ef4b78275937795badc942,0.5268796607523415,0.5032196207980426,0.4801123942511111
f3026b57aeaef289a19a4eba,0.5684776908970094,0.609922818521626,0.5815766833247538
b086de07dc5eb19851ed29a5,0.5614490074524406,0.4957745397976303,0.455361304106241
b4e0c6ebef4060353af7eb54,0.5399989048168157,0.4785073052959719,0.4625230818333697
53d2732855f153e9b238ab06,0.5160176072530234,0.513602164190364,0.5105805929024613
7b6cf4b8e730f0f16d55139b,0.5305229304050519,0.6570494543677665,0.56934793138806
d32959f8ee5e27bede12d85b,0.5871556361506098,0.4760826568956475,0.4226304317831325
6da920ce959bd4a71187aa1d,0.5342560679396277,0.5410802350171388,0.5494351441025398
f9f73492adf97459765dcef1,0.5413925632735738,0.617870673033595,0.6278355687817396
de77aee6ddeee966e2935840,0.5088615205579308,0.5109886326444861,0.5194528198408496
206520a59d322a85e54c7908,0.5313553491206376,0.4722148923068279,0.4969369916925591
87f9dae83da3a32b680f8911,0.5068010413057564,0.5603189291367945,0.5878711746527252
cf8894f9c23be14f72efafed,0.5563801754698781,0.5726429669270784,0.5432879083164626
d7e709ea90d4f8240ad9122d,0.5481783870939361,0.5607364115969579,0.5616013192128896
19d0927a57951701c8984ec7,0.4889623127254258,0.3969059794662728,0.4066538051276031
10cc9a815d199f1a57147967,0.4998856860310195,0.4748327201662886,0.4812355471119371
503fdcdb6c608ccc4c9a572b,0.5658056003946385,0.5187026510568501,0.5025461492630593
b9f0129ec74a3891a134d392,0.4934233977952412,0.3891603615208949,0.4327595786565538
63f99265c17b91d9b3204e9a,0.5047790775676098,0.5301719794083528,0.5939604029912581
f6aeea4cb1dd7c4e0235493c,0.5307528084820361,0.430323543266193,0.4356440619220124
0da3a2102244303bcdc1afe8,0.5435065019186025,0.4421354933353533,0.4128270870670357
df95d2a42e26fdc257719bf7,0.5890693343442663,0.6382746579182976,0.5996369298591115
52abfa5480e8e2017ecc6131,0.5516329660901377,0.5863514121417968,0.5879514603196949
fd199fc689a480c4cfc9a067,0.4847252855021882,0.4733610566030827,0.5155474141526846
c8756b7fcf587790fd084b2b,0.5715025077011692,0.6696965641616489,0.5967290687243351
24bd81ce7d7ce3cc49f20926,0.5097103874279416,0.5668870943456222,0.540367579542704
7f11568d3bfe4eb93d6c44f8,0.5670753635059492,0.5755530813905124,0.5794458070034956
5f7ac108aa41e9585747210d,0.5051625527409206,0.4743611018421735,0.4980699471127111
f80d70781cc39db5730f86d4,0.512668274027669,0.4739342031118264,0.4995969114089341
57825764428dca89972fddd6,0.568868580956605,0.5451731420476232,0.5173735393804718
aab25d14ad52c3c6c225a255,0.4814757543653923,0.3767194553676982,0.4341252778650791
a99b6ed29e2cc3924e5ec527,0.5337108236515905,0.4224028823545955,0.4091072277212699
e6a6c164e3027396a9f6209f,0.4972771112515576,0.4236756344508826,0.40102489554709
7be295c93777ec80462244c0,0.5225020113568112,0.4588425253978971,0.4624080454364782
e04792f82cb635c0edf15d2a,0.5608739463982836,0.511038064385636,0.5344532676931512
c671ec87bf6f204cfc5a2930,0.495762849928957,0.5659603921719474,0.5888442036691388
dfe99bcdd55857891d31bb35,0.5044675050120205,0.5164206950995301,0.5446083395682325
a196924aa20b4d658f9ad8fe,0.4529416135037605,0.5838171268162311,0.6254255843347842
2282d7e801e0fb11d6623216,0.5032587516350697,0.4625708583292526,0.4514365581735333
ee5c8fc5ef50db69456b6344,0.516124645623088,0.5693265615639491,0.5799175410175698
e2161d6344ab333ad201bc52,0.5005716703956007,0.5263305374491366,0.5482122393069914
e05c625464ebe9fa378e36bb,0.550579270610497,0.5737243330357855,0.5278749524733144
def2f186fc3783f33a68f150,0.5596293234438939,0.690187142181053,0.6081727269477184
e1be6b9cb493854f520ac174,0.5274039990755817,0.482828601183637,0.4791602800932617
aa563432656f0983f331c251,0.5055725456404448,0.4914447109880319,0.4835975089797875
76b0c5e896ee463621acaea3,0.5260794551557224,0.5111178924923099,0.514481238826817
13e7b6d20ae8ebc6d0d4d06c,0.5705341850632836,0.5060864789612328,0.4599376254551482
96c87e1793695ef19dd2cb5a,0.5538108127753286,0.4515759715939181,0.42565776254309
dee105ad148736b2714af68a,0.5568398225409051,0.5373017590403146,0.5100468900270796
dae9cf6e3cf5c1dd8bfec240,0.4945481430123004,0.5557941813766906,0.5486443298913691
4832b8241a35ae3ed524eab1,0.5004705415581743,0.6139543649634428,0.6287670018045268
e56e958e53352cef16172f04,0.5162271676845879,0.5972009646178741,0.609587647505645
3a6c5dcb2abc5433df44c334,0.536842798044583,0.5772540692975812,0.5869278992182935
cfa36073fbc3cd7414ea26fd,0.5416910315134542,0.3985949782187686,0.4167492490543117
e63b8a60f88aa87669ac25c3,0.5234041247788098,0.5081861031191637,0.5405622004820503
2ab807cd934e792b1ba9dbec,0.509601012618851,0.5251926272243718,0.5782487476844924
92c9f0cb63293c0028a895ec,0.5345695883364424,0.6164253415421125,0.5940056089442245
dfe79d723b9516454a70ca4c,0.4808637809289157,0.5861010160527864,0.6269144803493958
b4385eee44a07d3cf694bc31,0.5623888875454673,0.6565285988393109,0.6228880987578934
60e1e09db19edea2e26dd5e2,0.5209675213886589,0.4819172794703839,0.4735362515430593
aaa00d5e62ba60fdcb7fbb6d,0.5048361940164754,0.5557777787015847,0.5938072330807879
abd05b186a2a2f66a06ad4ab,0.500961777245169,0.5974861586352784,0.6134110589885826
cc840e4d071b083b3498f7f8,0.5860612626890358,0.622864827330706,0.5941968917170123
284a4bc863a1caeebb006eed,0.5321641990927212,0.5182779295678446,0.513946759635598
f76274ddda32a26ed11092a2,0.5321641990927212,0.5933621470460314,0.5838079252701831
2aa4a5c72393a36bb763c09f,0.512174165340094,0.4098022617113613,0.4090216276103298
03ce4d7ada090e1168fdc069,0.5626452102395817,0.5563805854200816,0.5216967483486716
153958e0a443e390cd4b918c,0.533998380172707,0.5864710730129892,0.6040973847436122
cb444c1dc780d6831b341b42,0.4309105138207177,0.4020222250132328,0.4422439064309195
0eabe0c27ce2da3ad5606415,0.5283579878219387,0.5365432662022388,0.5422258350016225
4b9957caaa450bcbd565be93,0.5443311873314669,0.6058147809062499,0.5528712030156769
81b912f691c64eecdf110614,0.5675347756872479,0.5344996538462693,0.4587098745916265
7110db1ced0aae08c8a70ac7,0.5199182355156837,0.4821481050257786,0.4854769952870906
f12dcf43fc1cc66cb51d5812,0.4942608241045051,0.4373058897368468,0.415163027559421
0b1c44c1c0fa0910ff655154,0.5340726002155416,0.5039732239256317,0.5145285030776638
09c4df14876db3625e5c0cd1,0.5609837430043445,0.6485939381112655,0.5965574832973456
fcba882eab1be2dd7ad2f0c6,0.457804586522107,0.482816572516037,0.4949790862818141
b369b5275e9a534bde41e242,0.5290916911058672,0.4101962604883816,0.4315831255946359
9230ff4e83a0e23844ce2b33,0.5165376364759884,0.470728854439155,0.4870160713672818
942fb243aae2533c7b9d8d8c,0.5340023186649794,0.5283855354552183,0.5366625752268723
7870ac61e8384cffa0c34ff1,0.504011753282678,0.5177696829089494,0.5195044818267545
3b40a83252c369f1b81b95fa,0.5325513145831343,0.4831925098744219,0.4918242578447546
6aed71d7dd77e74d66b06b8c,0.527697066041259,0.5363081612994628,0.5299791500764547
dab5435afbac497b3a9bf3a5,0.5497608810416772,0.6197109260227769,0.6052438971042227
e9f23c230181875f50d4dffa,0.5276961916163033,0.546121155679916,0.5597717065388669
64742b9cbdfb33659574de4f,0.5156496264598094,0.5043323542384646,0.5270490335161824
c7bdbc9f598e1f74e4a2891a,0.4888203150950786,0.5296991824996388,0.5635451711688805
a0a1296ec607370aafbe4a97,0.5118057313086657,0.5676096999392845,0.5897572852281595
f815fd9263ff6bd414b3b665,0.5280484943031545,0.4684545863279422,0.5023330771900092
9578d3df0265bedd38e56fe3,0.5322381951970095,0.4643432513927794,0.5023643841975525
c6132e9905280ef7d0224122,0.487499212414299,0.4132055671477348,0.4587192808961823
aa8864baa9ad1154511fd2f5,0.539090876551813,0.6086978340758131,0.6215776957127119
27208811f82e879b9889dc88,0.4983676991592121,0.4853664882692712,0.4668997916533218
ecf01e1b646b1bb19a636deb,0.5040005022661106,0.5374145613338708,0.5628898409772174
5745a908cab7cc0a79a6966a,0.5912486678609542,0.5217425632674986,0.4418094951955689
72b3961db95280e8cf84ef9a,0.464135500889593,0.3834882694330101,0.4206751026324444
7e392e05dc0225dcd26c6367,0.528883662616511,0.4910563604403143,0.4827885422474239
96e0ea982fdaf0a65a210d36,0.5886507325324368,0.6846144827183624,0.6185188994231461
779f69a1043980fe8428e087,0.5153519110918391,0.4915978342113189,0.4742290539592985
709ee1871b50b76c08d6a6ce,0.5468264099667519,0.5425307753543616,0.4940959013175062
0184f9595ffa38ae8ff65583,0.5174505891060224,0.3957673134882633,0.4335360856475315
b6a314914f777851f40bc9b5,0.5695599326505434,0.6838896317069159,0.6248684489781504
9b3ab89b69a4e1498a413aa5,0.5320789877368743,0.4331712279724752,0.4238886025163668
907348597e09c0738617c79d,0.5846663777678398,0.551033022886495,0.525265776243587
33fcb0a897987650cd89e549,0.5204377637495218,0.4558762320116564,0.4540489626623872
6d52c2556971e70efc49d88d,0.4700664750737307,0.5359934612495847,0.5700680858464
fba8b6d32ca65b2676954a0c,0.5321704776714297,0.5881954736628039,0.5707306692604021
ac9bb9a913dc6aa834f9d20a,0.4966137936522795,0.4049431393469911,0.4455724083457636
57bfcbf98623a951b7458eac,0.4886708859031662,0.4559176597981117,0.4416487383561183
a34962867349110ebb41d597,0.5688759416403174,0.482231708435284,0.4138144379246763
55022fdf930ad64fd7c6dcf1,0.502984899908735,0.4504201738107907,0.4363990213360794
1847b33b38d6ab8c9145a63c,0.5805517106064215,0.599564187764307,0.5355731974042297
63c7af124053b7b06c568dc0,0.513464971521117,0.5754062924881554,0.5865557755412856
a7b2b633d71fe3d5a89a70dc,0.541302241739095,0.4957621986277917,0.4720466598195164
5cf72975f318d662ce3ddd48,0.5688607603843062,0.5973755603835647,0.5693850185603089
84993221c295a71544aa36d5,0.5342307050765205,0.4926624672084657,0.4567637574166289
ed8cf75e11af8135e4b5dabb,0.4702470658338092,0.4244134965038681,0.473819384919861
966eb590d8a15a4137526535,0.5379464462136272,0.4095015552778293,0.4324506934708912
b6011dbfdbada534be305a26,0.4779503542343301,0.4683657072512567,0.479484274045624
e8581fbcc98dc68f821b9882,0.5440772564998666,0.5679302869458597,0.5426799601844203
3a5d71ba1ae8688357102fbe,0.5934978227703624,0.4656368436042261,0.427564986859731
bc9de150a25698684d3a75ed,0.4984893556527445,0.4826894237219817,0.5135497437357538
5dc9b59932ee3f4e006c7687,0.5216526905125546,0.5175358933590808,0.5287477034943759
a9167c0aa3722ad0c540ff51,0.5723632795245293,0.4468362777213923,0.4186308725542224
257ad666a77081bf8145b3d6,0.5255750818885994,0.43231548364851,0.4585145155517433
814e7f6924e06aeed4d894e8,0.5507310647003936,0.6155650463288999,0.6100243454343899
b09b9d12279dca2fbd663848,0.527871369886223,0.5601608678494266,0.556199356247488
4341d02483708877b0cd6153,0.4766508402844002,0.4948288838768014,0.5373041959317546
4b8c9f55dbbbaedc021e61fe,0.4891162805783787,0.3681247307942051,0.4332021955716584
ca06fd025db4593dcc99ce96,0.5819602110598814,0.6824826679736253,0.5920284302223668
719cda9958ee9026717a9eed,0.5129892698186244,0.5772767089563507,0.6163986751614401
4be6d486e9a779675f29b98f,0.4982491256860279,0.4997041954080263,0.5480595589652427
b99d46fdaa4a6eae56ff4dd9,0.4986309400019418,0.5941694363060013,0.588798996979564
a4e017f7021e78d90e9def19,0.5517923750846948,0.6506121436503272,0.625685567177473
a3365b0401ee641340c300d5,0.5217818644866149,0.5607698853574182,0.5798792131076173
daffca581b47fd7555e58cb8,0.5545502932322114,0.5124630155681994,0.454128760156524
80dc9d83bb70e225231090f0,0.5209201052513294,0.4455229462208556,0.4319546780872714
fab35bfe94c7297c5961c52d,0.4990747736090028,0.5077015946688166,0.5477067155878312
2d1c8c84889cbbb4dc5ca8c4,0.5595994127873982,0.5802964235222113,0.5152263887653132
d8c0c4a0bc86ac81dd87fb7a,0.50330466550932,0.4872239425037704,0.4891487851259532
c4e93cb769ed062e37850bff,0.5497426209718717,0.6350107960082986,0.5941579726647563
dba0d78d2154fc53eb9d9b45,0.508907505659232,0.4856143245067728,0.465322120671754
92b940f5af277cd4e247723e,0.5400942854095457,0.620956113361101,0.5995993891025364
ac4563a010e51bdff59bcecb,0.5397161758100342,0.517855028834005,0.5199566072991955
ddb56408ffd313c9038cbd19,0.5388058700700792,0.516574011664425,0.4865578665316544
77c47b338d40a8be6ecc738f,0.5500578322169957,0.5848233914678596,0.5730014635478164
d584278ed71f1a15855f3005,0.4744886096874613,0.5560692198505517,0.6182983059051991
144689e9ae3fbdb2af170ecf,0.5782123821770931,0.671586826012831,0.6248268582002138
e4c2269326d719f93f5f0643,0.4876114629669215,0.5851687529112884,0.5872122026974399
c65673cee5107a8b4c71c5a5,0.5450394147793615,0.5551666849117051,0.5495205392032253
ad701341fff34b192ba3e0b8,0.5166633356036902,0.4660138360845756,0.4798994735233762
1a845d178e3eabdc7fdd9122,0.5075974169647453,0.5896933676752143,0.6168768526607701
34e0b814133008e879194923,0.5171466051728637,0.5649143843147268,0.5340854494010259
ceb8a3b8cf70436a10dc64e4,0.5268119282252003,0.6152815719673894,0.6102377336812972
b315ffd8f5a525c5fc06b9e5,0.5348772229162293,0.4669015408610101,0.5152372318628762
229b804b5ccf0b0220a4fbed,0.5164196880021212,0.5940054762077938,0.6205329009070257
92bacdc581b3aabea476168a,0.518305162614934,0.4898343567812238,0.5163872183385299
5dbc70203a718a0f27a80a7b,0.521627167346704,0.4893565026423966,0.5190112806558191
75ef74fad73aeb58bfc8a339,0.5264166051254456,0.4700372207659442,0.4926438178332551
827028e833549647a0bf008b,0.5574693072574725,0.663748650274595,0.5874323865186897
ddab66d37a67dfd1292046c4,0.5084638651585499,0.5175846219208957,0.5463686475668197
8d007941065ae61c5c7d8ef4,0.5141993089196738,0.5066612074293012,0.5546372062012194
6e0a1aff579ec58f6d689dbe,0.4924772292344201,0.5770303661302011,0.6002264689460706
5ffa8d52e05b01eb82d34123,0.5495110445781943,0.5489814316494154,0.4937315857102662
7143d0f7d3da97a6ab170eaf,0.5288865524584557,0.5556043657414674,0.5494599535370284
db9e4bc48ee9d6e93414d665,0.5258249026973011,0.5790875368072409,0.6163682134249833
a3de8172cfc6b5e617a47fc0,0.5465893220709762,0.4928544788564233,0.4584864908152081
6deaa438e00d1ea2f7598765,0.5118531382303696,0.434829634499238,0.4515088561686644
0e19965647b6f6400a1b3c7e,0.4997333353654639,0.5817492293957737,0.6103705441134945
21870603f131f8d956edb7e9,0.5159136149393664,0.5517377954384998,0.5616590787457953
7c12101d71fe05d525340a33,0.535372476421153,0.5687166850077197,0.5523791770402765
99ecf4d0929a41a880572e2f,0.5410238201479689,0.6005096271118391,0.5796503778331749
d8a84f82127abf81606c29f8,0.5111530551269577,0.5323759801427457,0.5558667225914371
523e1dce44f1992758cc5d5a,0.5463490799795934,0.5284585928086324,0.526262720128474
aeb606bcb8ef6ad535301512,0.5419222493518343,0.6069545139605825,0.6054837400460114
70dbe8d1e00d2f4c0371f17e,0.5616766978753969,0.5278844274646568,0.4658723913045285
7a5f824040ec0caf5a0a7427,0.5283788044730156,0.4276693579130168,0.4354779946180809
4ee63d0000bae51f13682ba3,0.5574696695048738,0.4861831823177783,0.4488178287904725
86b7e2ff21e0c645090a1303,0.5752805105065908,0.4760112349075235,0.4559203410576484
daf570a7211fc4c6f499b5eb,0.5391313454835022,0.5185326022862544,0.5305931576829104
9437e8d5911682d63ab57734,0.5143545509864005,0.5471278382420288,0.5795870943148665
6f4fda14629e1c39b26c638b,0.5160707819026945,0.4909704382124684,0.4700465410108138
e5d6a6726264fa9c0622dbe0,0.5346691288051786,0.5890392486244419,0.5686361030486706
51349497c2f21fc50a1b318a,0.5318330366480866,0.4804285846668204,0.4389649326669097
79377988b3566ffc210b5d64,0.558040620491525,0.4305471027030549,0.4455063174440453
d3af45e446ce2777efd8ac3a,0.5196961334956569,0.5452217090057639,0.5868656923779378
1fd953e45ac92554565072fc,0.546267284403702,0.6163090083027726,0.5741050013615039
44ff7f7d6957b532a1ad0ab0,0.5216703159359174,0.6254238483286851,0.6215181125307915
5d8a95faae846cbe66f2eaed,0.5350105372527545,0.5457084998809898,0.5646723005063286
d6713cdba9de2137ce7aa6d9,0.5176050625098169,0.644126113445665,0.6246643206164205
cbed6dc3c5ee5eb77cf4520c,0.5660760921237049,0.4990307098631311,0.4575420591333959
51dbe970298169695c1fa3c5,0.4790984353392072,0.5809874118580224,0.5750843065414553
d3243dec0eaeb2eeb5c3fe2e,0.5302413081182334,0.5082425844115269,0.470787455638578
338c38a4f0acfa5f0a9b62c5,0.4938689862211594,0.5857521178973198,0.6173752508246737
3788415fc9215d477aad0037,0.4837834195582033,0.4045860567686794,0.4409603394150728
950a9439ca44077c45e8e906,0.5153041964997364,0.4247703776198956,0.4408415423821147
a98e14c24dbb68953143e2df,0.5263917803701135,0.4759274593331407,0.5276090608621908
fd8799ed87f93472fe3280d7,0.5409265990840426,0.5875455384434263,0.6054439028391578
ba68860c9668cc56b9a9f64e,0.544141688084614,0.4938958250978701,0.4520818816544705
904a0fda8b9f9402535c5510,0.4699433124299996,0.4067972718541283,0.4355076444313431
fee78296f50a83df5d3d8808,0.5198152964812324,0.6540531274607126,0.6243082000681116
e6a973e2e6830cdf9e6f686d,0.5721441949281335,0.5402842621921522,0.5021429761591283
9aff2200f6283fbc65b69a62,0.606000879314852,0.5541303734655916,0.4956986248112871
8bb28f49fdb3241f46571586,0.5540764919446557,0.5372686576482951,0.555836402741499
40a25fa3be8ce12bedd204c6,0.5365915426971641,0.4299372877044085,0.4206894838424704
32aa17cac884ee436658b4e3,0.4797155665938542,0.4236859338238284,0.4532804134486238
3b3047e7dfae3e89065b0f63,0.5160778710441941,0.4448474089445389,0.4468640228301024
8d7dbc4fdb7f905434f096a5,0.5089990183697332,0.5083866173849205,0.526868078777665
df1891883d3c8d08bc089539,0.5059432748787017,0.5731517303046635,0.5780729372171907
7f3403285c9fe19655d81e87,0.5315009942850436,0.5583589484690636,0.5467284443671736
e8bf37453f8a5a935da8c85b,0.5708563343179468,0.428963458910393,0.3924384900719539
98e883da8663d713ff025c5c,0.5634518463633305,0.4816590328365422,0.4799476122854892
aab814a85a2130f7d2776356,0.557439082479979,0.4333690170940124,0.452142028272826
b2bde0c838a5bb1bcafa2200,0.5151718481441044,0.4913077176235763,0.4602771389304545
796d107b3c5469143257ca32,0.5502602433166727,0.4743561598442963,0.4623702343345494
2be23597d214ef2c596fd2fe,0.5414320759685328,0.4535913384223915,0.4672567480522329
910ecbb96eb7c8044f389648,0.4547372117976792,0.3633572449353889,0.4283293095700575
7c8e7c00d9d5655128e3626d,0.5125905378622848,0.458969704779313,0.4134089127218084
91602b7046ebbbcd53a1f0a4,0.4992218606765705,0.4277198631636973,0.4239325547489961
acd4f65adaa3802af3c0cff3,0.5142172552806757,0.4643569069183997,0.4156942096395194
05e15679fb00ccea726f53af,0.5840781980710941,0.5666323740271615,0.4921225490622515
9edd45dd4fcf857308ba38b0,0.4818450818755736,0.3737405341932831,0.4034332607572383
c523a5fde519edb6755c0e6a,0.5798712136800543,0.5195217650849335,0.4258695957797237
1674fb9fa61336be16c4b2a5,0.4669146949878369,0.405457289370752,0.4206965625925752
ef8cfe87d4f873c6a4144774,0.5194489662799353,0.4768744263602208,0.4397546550679427
e37dad28cc7d43d223487863,0.4477094901694668,0.5000114307669612,0.5000674182095509
a399b0122da57f689ca26c7a,0.5248084640088503,0.5941536311266459,0.5900664610301496
4851f7818910d37cf26c6031,0.5425755875716834,0.5673347437678402,0.5411198903401262
7b383720a79fb434fbb3c2e1,0.5491804221723574,0.6447099711507427,0.62472947790754
6367529aa44cae93eac2a3f4,0.4797455833839875,0.5536549867771122,0.6197521522758276
53c0a3b33427133379b1f1ce,0.5162539579716147,0.5916616031590559,0.5968538675527099
0454323502b2993872dbff22,0.524981650019542,0.5962464890706045,0.610354574252479
463350d4285e25eb7b0d0971,0.5430872781496404,0.5389619373865948,0.5418390463713133
b9d05ae2f0305d6faf908e9d,0.5496415324643423,0.4831224157533196,0.4842708772762346
42c05b8c2e0b76adce845a5e,0.5680688433617526,0.4919798105609718,0.4317193295285747
65b71087490d9671c4c45c69,0.5347274663658248,0.5535837228295925,0.5735084673993839
d92b53fade8b3c01e71e8264,0.4857298613373364,0.4798937401611393,0.5387904573365192
547eb99e281d37c3081cf6cb,0.5071253293133712,0.4766830686820087,0.5032742205299824
6c64d1c68772a74ba85c963e,0.5216534226757719,0.4947409086101811,0.4958633158746726
16b2231d0b1dc9e5e0822aa2,0.5454863677823527,0.447120419178118,0.44546931104167
05fd5952fc2c5c9b56843638,0.5577719469565027,0.5990586925506379,0.5966929676325876
4057fcf8756c47f80d4222ea,0.5492464655226731,0.4688252340986436,0.4161089475912325
52935924ad19a8592f98fc69,0.5520148426622217,0.5872069605542538,0.5184472162406936
8b69b7f6dd3f2a63999731e2,0.5551430408330307,0.5613645679269842,0.5179152481632144
0cdc0eb37b459d42dddf5c22,0.5049304598124799,0.426118144665173,0.4597278881638586
2463daba2750014e9fdd58dc,0.535197668467978,0.5076225264923422,0.4970105762670523
5d3c8312cf5f313f7d5fbb81,0.5110617734409244,0.6171059114490034,0.6223078367695276
fa9b38b4620d30641648fb08,0.5508734574444072,0.6371028675875873,0.5879863203057751
213b6901fdb0414a4f40b215,0.5871999647999085,0.5101180740249517,0.4170176528889555
c4256c401a17df56bb1a89a9,0.5681691658452913,0.6055125263948433,0.562468917440134
aae91453619d8df988163dd1,0.5439577682622301,0.5365983580755891,0.5067455033436897
89173035a3ac3105bf09fae4,0.5202855206729685,0.6202119052172617,0.6194356115175569
8764f8f5d1ca4b064a537e94,0.4949127689079906,0.414333676764773,0.4560770924423421
a23615bf89d59e94cf140f3c,0.5054969186191276,0.5880492563098281,0.6311905754831868
302332ba78376db326704bc8,0.4994863630489061,0.4296264897306897,0.4696314697758706
66f94847dc4d3957285f7808,0.4581436203978801,0.4674901122692296,0.482265909798632
3ca317e77e9ccb6712a45f85,0.4348547286291692,0.5038483470671339,0.56635249493341
93963283673ccfec9c56f4c5,0.5103302988123272,0.5722181735643113,0.6264446440098537
35c08d59234cc09fff42c245,0.4952807340197517,0.5343624134661238,0.5569338551211799
d6e63f609becfac2d0587bdb,0.4831883919173568,0.596421266125338,0.6411498146767418
c2a9d288d990e3e1ad40bbef,0.4918180149540055,0.5926477583694617,0.59932809111586
967c2c4926180cf3c6317f17,0.4827173847714235,0.5267853042264063,0.5355557638760667
8920e831ec2952f2459e67f5,0.5247412874042463,0.6123086905462619,0.5977901989977358
0ac4d3753359a2a31ef308eb,0.4461078052782375,0.3560104464888439,0.4273318027022807
da84b9a17927f2555887234b,0.5333888281705067,0.4629904495604637,0.4767519766636694
edb68bc5d1d3875783a409ec,0.5636409651548578,0.5366157579981855,0.5026722640343023
6ce1f842cee4e877ac2b7d73,0.5420506996023011,0.6026773943582181,0.5704768812242058
7d5af1238cf9eaba0b6a77a1,0.530055637871875,0.4926197575202169,0.5095446384362627
bd44f59d8868f4db61effc04,0.5983826039145658,0.5206671207239232,0.4603724437216412
b18f9747400a3be53f19bf03,0.5643883182614469,0.4059741681065349,0.4091349701666971
0f77d59758ba020bc6b174e3,0.544775545852121,0.5809845599208229,0.5622002017509963
3f4e6e0c2b6a9d15fc1c6670,0.549878935834839,0.5505197831535301,0.5415744238362985
a75c26444f2b65e85971d733,0.4969629204947192,0.5977040898325559,0.629595745451773
22ec27e201e3314d57d4627b,0.5133292097577902,0.456735597922604,0.4475771912382964
fbc8494ab03e21ec1583ead2,0.5223134789362076,0.4643916584148917,0.4818311281755721
a25bb136047686dade03bea8,0.541324544739529,0.5016057630891295,0.507692872749785
18240b5daf6effc5f4ae2e00,0.569940014321161,0.4374764635316692,0.4214801563296814
55a6787984d1ec4dea4dfb37,0.5442269881110251,0.5527937447093207,0.496329326849354
97f102cd888214962b881aa0,0.5028063410935031,0.3846085245386101,0.4438451416640104
a50e79298635c33fd8d347f2,0.5445128003212294,0.5420744210209083,0.5288020121807719
daabfe604472da857dc9cbbb,0.5445128003212294,0.4718753282806052,0.4687752457385372
33faa1079bca91f96c1c56d7,0.5323496031368068,0.5831165208026468,0.6119410525290974
144e03c88516333a8695b4de,0.4755665999455137,0.5259706775456009,0.5273674509879496
9d5f7343cc0deafe4ea0de5c,0.5868349722556684,0.6716581242747225,0.5960112572619869
debb96aa97a691f61ffa6023,0.5069199513868071,0.5507727589827891,0.5720100417154328
cbea16f8b0047b56832032ed,0.5185551157751236,0.4337316838846151,0.4417446843347434
155f01b06a2a87a1790ddcc3,0.505126773102041,0.5854465145270158,0.5996122719310082
243e06c246d51710af54355c,0.4978534301527602,0.495213928302571,0.5287226428349062
3b121d65ea893931a02baec8,0.5315018961720235,0.5167669073736376,0.5302265805489377
5313b2f63309b082137d1dfa,0.5432470947018968,0.551273683761652,0.5837885523213764
55f8f31885293eb49c331d1f,0.5297858251062962,0.4374357918375234,0.4720570590897088
554ac0da2028e5e68a827eb5,0.4590481263877921,0.3827209796551528,0.4513046069737925
fdc5dfce9e4b1410f0463852,0.496764235244903,0.4815736171645584,0.5302029338246663
2644e0378c204ab033780b74,0.523841429515495,0.5366021249355012,0.5699487268946171
4752886d3e75eda6095e422b,0.479558230614433,0.4128888699739313,0.4220078401777423
a937c3ede9722bed0a566b0e,0.4883182116986118,0.5365128690715875,0.6092200483356662
2f23e22c497e07753ebfad48,0.5230723169570877,0.4886292933757211,0.4839828664562242
259c95404fba1175a15402e9,0.5294059134932025,0.4340380461774039,0.4634538679456317
50ff8e29caaacc1ff995da67,0.5548554141178637,0.4578892477578897,0.437739430584075
8d329726c042b31b891f29cc,0.5201131140805425,0.5251048019055097,0.5474553719613953
1e7fa007234e26b079f6544b,0.5550918525207781,0.5863224243694736,0.5572640280740795
aa6fab3a106a54ea1f83593c,0.5565739157708391,0.5610214566371994,0.5394905684216457
4aacd28f2166db113682e80a,0.5088097149810206,0.5413964236297463,0.5009745506912846
95ba61c461957ccbbaaf1bc9,0.5227809129709714,0.5723842460065682,0.5873915670171265
41dacf99121d984316755fbc,0.527185226360238,0.6309944518216812,0.600676089388126
94c73ff61543393eb92bee13,0.5041467226101969,0.6018587932611663,0.619601412542607
07672a0dd0241c11933861a5,0.5132155449638667,0.5584115091323549,0.5594046399814759
27b436526a3a06e22d4b098d,0.5501688276123002,0.5269756872860801,0.4873061693584046
b1c3ebc374733f5db6db715a,0.5376999303535498,0.5046210316941622,0.4870320575876634
8e3d844706727efbd3badec3,0.5561487384294487,0.6207521793443975,0.6184431513111527
98bf14ccd8edecab2be216d7,0.5486481205659034,0.6176726743722454,0.5984856303185829
4095f5c51afa524461daa195,0.5729046036720119,0.6089042079132063,0.5442162969290302
58c3d8344e558a5abd34b2d9,0.4857870139330703,0.5842781497924434,0.6211812219224542
dc7db4c02af59536573b6c98,0.5338371103676454,0.629205349934159,0.6020526231490082
8bd2bc84eba880662f310b31,0.5117137036707743,0.420572512420365,0.4455700456376746
9135ef01f27c2770cd51d35f,0.5680031781025869,0.4578527402256279,0.4115884031171746
8bf9570d77cead2d914cd351,0.5078204264845394,0.4543381435926646,0.4829427582100139
54b89f1361f440f10510c48b,0.5021895715163711,0.5526579105453746,0.5638098744363217
bb26dab9221dbfab0818f758,0.5537366516067413,0.5542785458140003,0.5336823588841783
22249028db70393c0491c318,0.478073163463409,0.4075782760214635,0.4886409845436364
15cd0a2ffe7d703c8a161e54,0.5305323648635573,0.5600199409181124,0.5168331725574602
145b55905b7848e87764c057,0.5796115841092456,0.5036384140911263,0.4398419930287483
6a89e06f81e2741b76b0bf38,0.5590967875891627,0.4791262945867012,0.4464659718579725
63b153daccf8293b0319bfea,0.5504499877906293,0.487595198553628,0.4477599555520029
cc6100a1cf6c7397b50d89a1,0.5116334129854062,0.5485117985820064,0.5867607026600938
46250fdaa0e9bfb7aeacc620,0.5508932238850679,0.4835512160223988,0.4864585594603062
5f24d9e3f68ef985ddc60b6c,0.4891834697190983,0.519383197287725,0.5112699055379288
1bca934e229665104185685f,0.5340221391547065,0.4565729530105563,0.4722199137692024
9513c2917abb3556a2322922,0.5295336089532074,0.6197289216558943,0.6136082230028328
ad8442c191e15bfe38735084,0.5693282342401665,0.4750424921934355,0.4241380228734015
bc79e0b4ac4e6b216b0d4465,0.5596893426160368,0.5855035877477305,0.5623702819152044
7d559d496ef78277988c49e6,0.5295863849221695,0.5781821829399783,0.5740494075114926
fd7bfb795a0aa5724ad95718,0.5605986058105894,0.5083977575429991,0.4478101703422755
f8d0589ee60f0317a39846c1,0.5529608099495694,0.646787026002255,0.6026765155011744
3be8fd0d09bb84e521d91d1a,0.5455606620422748,0.4831686813346292,0.4776653231426392
069693173942a81960cea2c6,0.4892773344764526,0.5231418830770092,0.5529893747996569
d5492390897ad905e1518d57,0.5619606748705573,0.702110665909955,0.6296525129522172
a9a1760bcd0bf47482f4007b,0.5136915234256004,0.6171268348630756,0.5951826520375969
0d009c65c0cba37ae577b10a,0.512264270047308,0.4671814411128974,0.4780861779810985
323f753616a8f82b8056127f,0.5673127236710028,0.5635813484996921,0.4938485913431687
5d193dfa3f24a707adc2f057,0.5438038875428597,0.5550902545563537,0.5386263735392457
6fcbc585622220a547bef336,0.545316816968308,0.5988987879806675,0.5905928837401735
0f5f91bab212fa7ab46fb32e,0.5038777492168033,0.4288553043584353,0.4304889617095928
f2d780d6502a033d9d0fe6b7,0.4774840626463417,0.4107266702785794,0.4148613802319376
a6c19d5cd606c6b88d433b8a,0.4882127189507247,0.4745403379474047,0.4576523137761697
ca7984c98b10afccd7bebfc9,0.5289308044064288,0.5507316559274141,0.5469876943039833
07b809146743cbb60ed04e75,0.5255259058104358,0.4997133033464223,0.5105578578730292
5c6ec0405dfbfa5ee7502aad,0.5088110079010325,0.5927331872041106,0.6089437200885228
e345e9ff5844f00266c6ef3a,0.4723784673927826,0.4078103128530235,0.4230014652392218
5164098f447a11edcf52e60e,0.5187201346837516,0.3781961345859172,0.428321911616936
5e276cdca808cf3cf86b69ad,0.5012203978994441,0.4663381721991869,0.4168755572959491
09c45f241e0256bf136124c1,0.5162727043132936,0.6408855842447657,0.6160619013596832
5e6ba57b78d943e17f5416d2,0.5496473170376824,0.5001828128677466,0.4171403308141072
bbafb098e941b347333d9349,0.5381299127952477,0.6039862376355175,0.6066171548892891
1e957b0d62163cbf1b30d879,0.50261475782664,0.4520801483402927,0.4367859394884276
16058f5e8550806311588528,0.5594138672675584,0.5343880029534348,0.5084717648718957
1b45805ccb42a1596ac2f2ea,0.4791715408281044,0.5167571968692888,0.572558119307494
e629fc31f01df8ed7ef22649,0.5028964678059926,0.4791901969450339,0.5066538970088867
cf894a1bbc6ae4e93418ef93,0.5565185497011833,0.5882066560907308,0.5798603477586319
b4681faf9e818f3446599a41,0.5020709493935736,0.4951724824253811,0.5317679299143312
7f0fa364241cf3e43acd768a,0.5458447228806989,0.6103747982945759,0.6258419743084449
a7463af7acb40120ad7f5ce1,0.5316862826707066,0.5453064826260472,0.5279934032833771
fcda19b15591d66b9954ecb1,0.5161682640314534,0.4790964722969236,0.459613590458527
dde3627098604d1d515b3c9b,0.5295249650525228,0.6006861226526444,0.6117793723395512
255104bdfea3fe10f31f0dec,0.5456683278333293,0.4692327540710116,0.4273114770210254
13dae3b046c56c647c882512,0.5261394249121558,0.5946519310142635,0.6002192844662094
c755fa8008bd7fcb3a9c5a1e,0.5145917502435164,0.5621251447882016,0.5794731657479265
86ebed81b624ee91a07f4d1f,0.4732593842590857,0.3716432242924992,0.4446822184357326
6ff2c37db5dcdfa146acf7dd,0.5591527342973518,0.5908703152952409,0.5568230405341359
2e125b840f122e4e113f5f32,0.5669572631416151,0.5615660278221852,0.5339466808354169
21290e0706ee6965d069df47,0.5289137629720615,0.6086618653546899,0.5903132663157744
681c267912f1e8b91d4ac372,0.4723668756072883,0.3773973067223919,0.4314618000254881
d2fca3d8d2314df1319ef18c,0.5353374782096103,0.5620607259469661,0.5270009478510578
d9ae55be298c4f6a4a7e948b,0.5250833287941078,0.4878864225667837,0.4935983176400206
666e1302234e82aad79229f5,0.4947319843347885,0.4701025511089421,0.5009978686301402
7e376e5d6ed353b92a34f072,0.5079582665910424,0.4439439110751156,0.4467131356818969
032c5bd336a095667a70f794,0.6118973571665484,0.6444700928532627,0.5536485649635166
348f80e403de3eb774b421c9,0.4831154632102937,0.5418908902370314,0.5690999533655123
e70d10b8b59691f0e625e455,0.5122544513140751,0.4698944462041898,0.4697045707432372
7ff13299759ff75387352c39,0.5389154518350314,0.4740509519197302,0.500775759159374
5766e98c01d67f8c1e859691,0.5049201206222612,0.4460934861695467,0.4879612288205169
c50f3c05d4f1f6ded5be71b9,0.492077366196021,0.3892120289102048,0.4221476126723191
d96cad85e831090ffcd2f90d,0.5404299867606682,0.5414399240911474,0.5414591193462
b5dbca7b8c7495f9c3c0b3ba,0.4890581546923933,0.5309540612146821,0.5769803738416455
0c11e82e1defc500f9f4f62a,0.6085554433358218,0.623554020078057,0.5398337309524848
24f1bb6d01cc21b809ff55a6,0.5104607163554251,0.4833931209010046,0.4334311839678179
66a8010a6289887d60fc61a8,0.5071757380872559,0.609009130259347,0.6292971769109392
3ebdfd81427e7ae06e0c72f5,0.4766204478100671,0.506400408704521,0.5656330803463006
c1038a106c0cb67320bbac56,0.5698832764112807,0.4934241628267553,0.4458492559230873
586b68ca9aa7b4c6fed29f82,0.5662290218265847,0.5353231048598206,0.5139532955490311
8dd42780114eeecfd250a137,0.5186008457353849,0.6264315973335723,0.6136774682594239
b60b2ff56bf2e84acb1b6105,0.5136768264118747,0.5872583257391923,0.6228486390504246
169bcd685e343c90df5c2a5e,0.5031406019465761,0.5180796706943414,0.5208288410095423
ed851fb6a7fab9518331757d,0.5330454403377994,0.4846703971699167,0.4646839237214042
1f38fa45119804aba727b09f,0.4541560926406304,0.5528686868846431,0.6031247441296326
0bbabde83cf9e30d7ebbbdff,0.501532998748404,0.5676482013981952,0.6057085577862896
44e66a95ad81c36db01facd6,0.5928446529433982,0.5619262426369626,0.4794597153997803
ddb30235e67a831cdbf0f82e,0.545178534505367,0.4338573603707404,0.4471960398619679
0e07903d425a369121e53969,0.5295675996296106,0.5132987335468195,0.5304880889408923
25c5b5607958b8e49e0e350a,0.5608825672927975,0.6231617391683496,0.6036646629188858
5467cc2db587a7b0922b6320,0.5072848231427887,0.4949423246300135,0.502349668521688
8d03dba4f47b8b5579fef6a2,0.5870744855768022,0.5015217431725217,0.44830557231391
7453f085abc558b24e684079,0.5346934489881049,0.511792391977619,0.5332130400380055
94fff5ccd3f9f95dcf550273,0.5128959356850571,0.5061864020256659,0.5309423693123035
098c035d77790bc8a1d923d7,0.5088128456434615,0.465347835509536,0.47926888683007
bacd375f4e709f3c9e3099e7,0.535788883707812,0.5291791420655364,0.5206181484453946
0b552ba4cc2bf1c7fc521442,0.539303174224644,0.5488595370176862,0.5767301805851549
b1e27fc0a346683ddc95ec7b,0.4945661266764741,0.4487771555876282,0.4958291170675497
a71f06798ae9990f51bb9663,0.5455149693131124,0.6350614075042347,0.5947695684753893
049c5ea8325c976d3534cace,0.4930058334948375,0.5145991885998399,0.5372156258267242
3d0e47e3d58de12549e5ca2e,0.5293010171777413,0.5547401006166147,0.5052216518745538
8d23d887e2a504f16beb4a33,0.5270609543478841,0.5327630779717518,0.5769635372648285
f76929a1b175e287ba829fcb,0.5835069725579848,0.502865869379423,0.4569390350811083
a329f370cc316f58b4546280,0.543956322727717,0.6421667515737763,0.624325404610985
d7a7b7f18bfb1119d41aa3e0,0.5319188359100263,0.5924531920684064,0.6035219420533376
c21e1be5c45dd46f0bad6c61,0.5175761641443365,0.527468144940134,0.5238761094800064
71e55e6dd6e20f31b32a3f9b,0.5220820354193974,0.5728343212912268,0.5821644011225423
68f71d343eea9d2dba9a96a7,0.5261448482994295,0.5506132422859878,0.5236577480010268
7466f22d5b1edc447b2bf9bb,0.4945771999589163,0.5670858970873877,0.5920038630111373
0de6edffbf42ecc4a128bca0,0.5519549727088388,0.5578254461844476,0.5326896385223907
9a2f97dfaa9ad01bfb49f128,0.5326762315302,0.5783819893242419,0.5961189517159153
2d41ee65c49413cf30d3be14,0.5250016169672507,0.5545605019263489,0.5730232931983678
542b2b83d1e3f6b7bd4436cb,0.5453633251525395,0.4621245325435373,0.4191892322095576
112ffef9c776114220302c0c,0.5902873948648562,0.6231147920177835,0.5510688414417383
872b1a7fc831b2d5943601d0,0.498946995402603,0.4723301332424489,0.4458492858224881
3fefc87f67dd2b9744fc1207,0.518103079629168,0.5250623686811554,0.5401115693717002
3ca91b2c992e6f5fd3609cb7,0.5502694263966896,0.475259669260742,0.4340781856183995
469c9e69eb8a47fe3b950450,0.5247692395791004,0.4520710001277402,0.4694588650325094
fc6d3130e9b4687a2042f747,0.5503215575124275,0.5294276492826692,0.4802845971337099
d2a5e6f1aada99f6878ed197,0.5183579592689264,0.5136341116508902,0.5236978268602708
1facafb95ecce55ddd1b134d,0.5804003494868548,0.519747646636519,0.4426394014101581
e107167e4527143723077f3f,0.4897027039217032,0.4118229829398384,0.4089445935032244
b6fd1d2af86b333f6922dcf0,0.5425954632774979,0.4833958049852846,0.4789167158805372
57ef3017b6873d62dfc91434,0.5033716409608403,0.4136620465405329,0.4486114693795442
2e398574b9829e40009537e7,0.4714215048575197,0.3697491520014441,0.4363090255033592
5cbc6e4fe94cdf138e27e9b4,0.5387813482982402,0.6228675682439709,0.5856958113604027
100fbcf1230dd3a8561a1e57,0.5185760155302606,0.583161396746884,0.608823389276166
9d9c96faa9fae6b8f81c495c,0.5603042663292204,0.4596353685984656,0.4340707473832257
fbc77b3f9e80335c89becdc8,0.5059766485964929,0.5626715384165559,0.6132724228093571
115ae9d5e369c76fd261f61e,0.5177769035882213,0.582729739471484,0.6127817045653586
3cc6748ea0a7906b21890d17,0.46777198832946,0.4337255964313394,0.4426240974742164
4fa2025f80135c70bb84a89f,0.5502040745689938,0.5147598292553676,0.4882468649715962
f61492aa105a2828f84c0fa7,0.4935589557052091,0.5606809864018658,0.5868673305957228
3c1b0147186cda97164cb775,0.5141759747838579,0.444049995856038,0.4575063696920409
c0467e71f1a5c0547895d99b,0.560704074503022,0.5374832258912867,0.4781833382056588
ea186af933d0c6414fe11571,0.5629530037291791,0.6129694928154892,0.5523672545669392
7d1b9d834ff19ea0c00610c0,0.6107229065041495,0.7347407024905259,0.6320823474729116
bd6df7f08b7c672996d54c45,0.5127593183349741,0.5656697600244225,0.6105920612260558
70dfebf55663cecbe77cdce2,0.5509938765458459,0.5833467434519796,0.5735880775359765
879ea805e948faf300748b0a,0.5554352809853208,0.6572818194791517,0.6166307611386498
9dd7da31992c3ba4bce0b5f6,0.5041565853509853,0.5624869092610516,0.5798792633460613
f1afa2f7bdbb89716e5a12a4,0.5185711201271206,0.5012562492937602,0.5317457609786868
221588c8b8ed632f691b8167,0.5257956817506028,0.5900444451322641,0.5731687942865415
2c3b3a2f3765751c6c0cb46b,0.5055999663278467,0.559785406950593,0.5924748993735581
ac25623a3d6c40a612328814,0.5234022072346669,0.4631332232339639,0.4455844952469674
7dcfe0d5b8e717a48a93a193,0.5805284168790739,0.6385683359071546,0.601084057709351
81aa7b7a9f230d188baa1a90,0.5508647639866615,0.4205498440968277,0.4600657591079464
f0a740b244e19050e201c851,0.5185878239079611,0.4030787294317204,0.4396378302711396
492cc6840e3590cb9320268e,0.514935281334477,0.4918746728303649,0.5408137134056543
192ab6c567bb5fbb848d75af,0.5473530306051051,0.6166770925744192,0.5894533126837858
a36f5f0ebc4262b07b7ac40d,0.5456385972263696,0.4588981048863321,0.47417038248153
f2015bace3ac1d22c063b7a7,0.5136197785468374,0.5133423365692761,0.5244624511350835
821dade1725f0b2284d5c47b,0.5125874192355058,0.5222865016460657,0.5570543055426675
e30d3f911cdbdec36e8549bb,0.526895382414285,0.4201897352170527,0.4251629268910117
5be3b8ff3a468ecbcdecfa40,0.5393899554909446,0.648199456599747,0.6219534146104071
5821f4524eab8ccf54ef3b89,0.5534973642431126,0.5233314692359903,0.49824907349103
4210668545dc48bef28e94d0,0.5115856092422973,0.4637625915504467,0.4765880823977891
aaa7dd46e9b9947860660482,0.5129663338503856,0.4841108632835847,0.4522335406797136
323cf62ff5803e63b798211c,0.5723502823522327,0.5357238918081768,0.4760300092598316
67eafe1493be15aa20e957ca,0.5177503550870413,0.6340639513534547,0.6216773742111851
0921c0bdf2af7934dcdc612a,0.4886646987433889,0.4944549281907551,0.4638117755539791
9d67723985aa27fd9092a23e,0.5216251229146049,0.5438896961585683,0.573295487565918
6bba7ad4dbdf59a29b4271f6,0.4733967601678671,0.4706311920842334,0.4963549296680513
0847b3d5dafc71c45d4ed871,0.4848116802367307,0.4553127903151366,0.4776253619583314
cc53465d3c10d7646a488c35,0.4794853416789288,0.4512352012693504,0.492947992020648
e17f8209a53b5d3dd88dcdea,0.5368615644658938,0.4302707471271762,0.4250694310190966
3026f0b5509413d3d985b1f1,0.4930150333454615,0.432662602637738,0.4291679742378093
7c9993722210dc99d837c810,0.4853953010222735,0.400107038939538,0.4114814065307757
48a7b41c64f7b7da6f76e385,0.531739736945297,0.5243053728695561,0.5418871995201668
6d756968569cc0607b2def5d,0.5036513863977908,0.5486169357596324,0.560292415818728
a974924a0a471b9a64cfc851,0.493847222106474,0.4591162862603135,0.428565185006873
2f3efb09256c8d2cd9fef194,0.5361530257482948,0.4445107073287502,0.415914095188406
b712be7437a94dfe1fcf2caa,0.55020538273442,0.6034505962207715,0.5622437244261045
51856814bb386eb2cd5f5ec6,0.511612437614067,0.5523901777658545,0.5565526547643568
175ea0fac60efbdf79b7df9e,0.5096468615185576,0.4616999579583019,0.4183805124419583
9209a8f7288f6364a62ba97c,0.503229841114029,0.5229375229821773,0.5640901399798846
db6abdbb382bfea31ae7f621,0.4660074506080974,0.538065998171535,0.6031901923100786
7f2b71e35f8cabec0fc6d922,0.4920583982672818,0.6333292486121438,0.6327238880712129
b41a8044229c0617194c6277,0.5208330744505034,0.573255435472834,0.58315544775732
2fcb9cf797dd87587a06c3b7,0.5305889855275184,0.4620760036708102,0.4372572618394219
fb99d1b111f9b574a0e2fdb7,0.5291531411134254,0.5264604093531231,0.5348528962795455
9554dc868c81477a71649341,0.5150492685525293,0.5082005056363096,0.5225621593753497
f8575a9988e3ac2554584b0b,0.55832213740228,0.5031655667144396,0.5086003036054745
08d48406755e286945058eb8,0.5641509753552334,0.4947434092533856,0.4636246405310977
074c0f4f5487d50605352f6b,0.4737062868324836,0.561679822462102,0.6422407259123531
5600b0f7002eed4c17934cea,0.4919822418853894,0.580240380876464,0.576752064902721
3c3792597d77274dd2760d67,0.5101019721386261,0.5032191844056367,0.4935377218858399
295bc57509c3b29bd07ae2ea,0.5314102965483225,0.5373604987683641,0.534511531866892
3576b2e71f129dffc49238ea,0.4498545811565961,0.4543028399870447,0.5101514688775817
78f9303cc4f902bcbf6ed110,0.4482448289915068,0.5110252079920777,0.5158491069230402
aa0d6df308874fa1bab8c20b,0.5000672287965893,0.5809293225391925,0.6093502585125088
d3186d46237a83f1646df8d9,0.5010356047513159,0.5695077317429906,0.5884090437248032
78d01263f179f7b0aaec8593,0.4558484519944882,0.4079594384977068,0.4031637050699241
8d2463c1779a06a555ef1b64,0.5035955595371104,0.5577455035793136,0.5806128011314481
1e2c0aace53625b6da2a589a,0.4628408333377327,0.4453832078233465,0.4535949697972336
5f2310f5d4ab6712b9238eff,0.4884742232275748,0.4471174612393894,0.4186420357032082
cb112c49aa9273d99f01f55a,0.5454843143408409,0.5746030425775861,0.5698715287262885
62b69b09e8d0fd2338a41160,0.5677556073955607,0.4427531805915412,0.4212728752829526
ae7d7b071141ee8d0fb56194,0.4293468437807972,0.4766482854017932,0.4978193329427915
e7fd0bb648ef39d4ba63b2a6,0.5208026815882705,0.4924198334628801,0.4629777690645465
5b24d9d23821811f1f4ed6e4,0.5345394894074369,0.394197418930384,0.4366651339448655
3bef1242713e003306c2a3ba,0.5771847956753973,0.5587337782635448,0.488134157865427
a7c44fae28d516a82d8a7fcf,0.5342298209170049,0.515590962470879,0.5190025148990584
cfee715985bced27ab05f103,0.5036143061492053,0.5141239260660435,0.5220557039460866
8a5116dce6dc36ce3c708966,0.5621407163277966,0.5876832020445478,0.521518322099132
23737d90f6f0de29e3ce9501,0.5462856089952369,0.451433371084203,0.4408790991433187
7e807076b6a318b5fa0393b7,0.4912289724319669,0.5178188188711375,0.5671379317745525
54a9ae93e2e60f5f986857d7,0.5558573529710739,0.5974533616410709,0.5586414988843627
118e8d19a83e4bd86121a793,0.5944772555946303,0.4874330060587076,0.4541123553920571
11909652c2412387f21b8cfa,0.5224822552734678,0.5795668721368192,0.5973757436423044
82a6dfe41b2b99f424044b9b,0.5447627556105427,0.4360791475570673,0.458861981903762
db23972fd58f57675b34158a,0.5134434070297573,0.5348989495380799,0.5325238460937056
f4e7ec8c425824083355e616,0.5138014120162552,0.4213501440120893,0.4573649484349736
9fe00de25a43fb4a915bbd5c,0.5283486538618829,0.6201735346210524,0.6176198047798034
7f47284d989ba225d61ae683,0.5232091814172679,0.6284578156954321,0.6252936055718737
b13cca69d3b18ec4e4f46726,0.5651572947416639,0.4686320868084396,0.4466297262422617
7bbbc03c0741bc734eea27b5,0.5345921695794282,0.5364015620802683,0.4999269804805858
38c22fd23270cc1369117eb6,0.4959062180101409,0.4554620688571318,0.4681002475809475
0afb9a34a55bb915d5d3da65,0.5036640568812982,0.5481217361434285,0.5897833805930368
47a9a1b624ac41db3354bb40,0.5507046158903569,0.4952829594258072,0.500443485758877
97cb70467c5adfb922217582,0.5307437471817844,0.5706984758701812,0.5514643895840704
cb4374e8abe4d4fcf8165e00,0.4675871558700909,0.5299600680187416,0.5301132375768143
b48678330b827f8b5e139ebb,0.5260079848703297,0.5331528352809201,0.5484644500311987
85d1171746f50c7afa8f8cd9,0.4637073645124843,0.5762630938635457,0.5954534871196098
ee962a6abaa7c0efdc9027c0,0.5261123478104739,0.5380022726335011,0.5669706165728564
f3addc4fde07b03a28c05297,0.5849909976007872,0.5411569829676629,0.4731084844242682
1b6f36a796e0496ec23d0088,0.497870144234953,0.5823956239452894,0.6249431224631621
c046da47685d1ddc9d57fbeb,0.5396130062935128,0.4054160159410459,0.4283935956781282
7153d1f0053e5af1a917dc1c,0.575326443097004,0.4951292873935047,0.4401245952995296
d0fbc9a3f8ff3bead51142b9,0.4880950039805142,0.4402170468264612,0.4754393353749614
480f1c3786c939094ece649b,0.5251178026006252,0.5415205428845992,0.5511632857689107
4ee61a3b7d89084ccb51f0ed,0.5871719176913273,0.4413847125323576,0.4451615062994078
3a610353662d5e0c895704b4,0.5782691937588053,0.4272846846212191,0.4354330507839623
852d857fb2af513961330cc2,0.5322165202776051,0.5706185656691345,0.5845385189305313
12b0ed6aeb9d1e7044a10720,0.5736566240623413,0.6587328236934163,0.5960163662484415
04f28978735e1ce6ea7db1e0,0.5790509730012813,0.5616218766085773,0.5002440451668251
7221a4130d221bd33f269f39,0.50112282844137,0.4100337461384892,0.4099502774575395
1e0f5ebb0815096884cea270,0.4821870014993938,0.5462972541564383,0.5476365783569161
d26bf8cda2b0765dfdec370a,0.534136753676083,0.6265398024573308,0.6069140124856882
cebd315e592fb99310318d4d,0.4892304265763419,0.5599455757298326,0.607144319138765
667d19158789403228d363c3,0.5505438388539887,0.513586089333496,0.4919258284908418
acf742c081e41c68c43e99bd,0.5330789111055988,0.4982530727504298,0.4920121738084202
f9c0195bdf3ec368f3c77c99,0.5383182026955464,0.4138410702689157,0.421681359673605
965dcb6e6f0481c4b5fcb3c7,0.5911678844706937,0.6917051256502119,0.6117138878312649
4b88f9c3933cd9cf1ea2f322,0.5003089977914534,0.5141438090414772,0.5431627848675251
36f624cebad79b6a01cc9348,0.5354979496699886,0.659536870465721,0.6168781646248181
6979fc5726e09ef3537fa7bd,0.5005593939362738,0.4094628828406137,0.4427897734063902
35c00923fb5a4d4636bfc775,0.5167328477322989,0.4055484783286947,0.446725372579765
28c9686b50e581a8b13f1e76,0.5216723409428399,0.4586024470313322,0.4647001296248298
feb8e644312714c6a9957dca,0.5463868803569207,0.4188075167801866,0.4359981979805731
a76c6581bd58e5cf77c0bf3c,0.5109363305154274,0.4626943554987127,0.4879303823781998
00f92c96abdd10525552e601,0.4957223746536903,0.43292444225827,0.4872915944051807
75fd44fb959594189e727596,0.5069380446190919,0.4033560368263205,0.4436540470219395
215697409406c6eda67ddfd9,0.512185653541671,0.4977775958751141,0.546277410328445
361804b2a3658b9bf12a09d0,0.5150125579272334,0.4935893890901643,0.5272567594569096
ed13246e5bbf4203543e61f9,0.507113292395638,0.4418707513025333,0.5022888917056967
95867f11894667bdcb811728,0.5228347063402754,0.404391782134796,0.448874561870327
867d8b6546ef1d52693f0d09,0.5302884213968359,0.4241733052708052,0.439518258194588
a64e53029facd13139706977,0.5291810637483277,0.4417706719622449,0.4101363986700773
60a82e486f41d13b5f988d39,0.5143905036065008,0.4395117041566257,0.4596422591983294
c3cc0f5e0edd39a6bd1205cc,0.4994437388895411,0.3682525242896634,0.4135602500042792
c4706a9537c2d4af975a7b8b,0.5363599997733781,0.598410203396127,0.5789330888309219
5165a28bdd1391e8703f7f27,0.5094885396495599,0.4492950331839898,0.4978105124597778
5de75008b27ab07c4a067abb,0.5285937615421551,0.5147512916244459,0.4831604510011801
b74c5745cb2e1084f6d4c124,0.4829775316589568,0.4808312977436644,0.4891971568156618
d30eded90773712e3b57433e,0.4523443327052271,0.3809304726265664,0.4287622428030479
c3ebe7d297b41378844b64ff,0.5522733939637091,0.4678613411226096,0.4121887425633547
84f3170dcbe1a1ca5a0bc67e,0.5452628577251704,0.4013402076394555,0.43128932234247
c2075d438c369ea49438c9a0,0.5007946448937348,0.4234810705352889,0.4314727389711557
e658e1d57264a5f20b4b1c2b,0.467089381497127,0.4188078787515649,0.4547414679085145
21b844c04a404b3a877e5722,0.4788069948800966,0.4334279144415959,0.4944742941973387
2c482204ed0cf8a1f3422f76,0.5436230735259869,0.4599356435668397,0.4093481977899472
8b0ee2a7602df33c4b04ab6b,0.4744865505513831,0.4339355032056824,0.4789379077718328
41c5fc32223edac6e9f7673d,0.5668997336191142,0.4961413222000411,0.4377604220732594
ef8b65b0b5511eaa92bd59a8,0.4879285279854423,0.3605481350777115,0.4392100236171603
e4ea1a5e280afe1e03f30a17,0.5421943165771491,0.4855776489399146,0.499787227676169
8227fcd2e5239a0bf1ea9c38,0.5727718344617251,0.5244208072201361,0.5172736070180506
308175e50d91af5725a21191,0.5355225543690992,0.383358462287376,0.4069541301858526
274a3fc224dc7b44c0563f8e,0.5359138336961522,0.4117533796113508,0.4110799470674239
f893ea9580f2227010dc1e1d,0.4471577958995336,0.3842519004536362,0.4578668742492551
a4d40e004fae675836003551,0.5237401881509938,0.4782348247253827,0.4234035471308471
eba7108561e811596236efe7,0.4790629365334944,0.4887845283385278,0.5553125459224338
c3ddf2f3b378a5807040e3f7,0.5313583844490344,0.3817903917591077,0.4152367173678232
219c31a64e380e328768a0f2,0.4902943237049353,0.445540852839085,0.4981414976255539
8d3a6427f7d8d6cd21200534,0.4308254763893975,0.3925396550667311,0.4360934381629648
90fee34545fe4a352ad1f509,0.5108665689504474,0.5804271607145843,0.5859283527199897
3fb84a20a30c3b4fa521562c,0.5249625921659989,0.4555434958688878,0.47538718757555
3dd03ed79f30e5e3f9795131,0.5315676907790168,0.579295752219357,0.5499105100911366
2ff44a9f7d4802173944ebaf,0.5581955608528422,0.6589747099234089,0.5729652930753529
4b4548f17dd1a2f611e2e14d,0.5182125678981929,0.4720859043976305,0.5074017216313009
49c3db79380309aef7144c40,0.5443847835318849,0.5102455067153416,0.5081151506069611
a967d8a2bcb22dc7fced1953,0.5113019111429877,0.4230259824174817,0.4496028572669388
02bfe2e5dce41df806f0c86a,0.52502578205642,0.5227897505278307,0.4841590045299281
cd4996a572d3b16c06325b2f,0.5035448044804485,0.4876099722509007,0.5153001125287493
2f8fe11938ae2a1d722b5d31,0.5677531722004141,0.5851352937695387,0.543163098170569
527c14b739e0ef4f05838259,0.4906662177181382,0.434986048959124,0.4104805737169323
1da963d80476cb926dd2f1d7,0.5428253321737935,0.5388732573942769,0.5384673242425257
cd9f54ec41e1b25a7e5641e0,0.546357667545875,0.5536717670125408,0.5417855703451199
e34f00b3be73e07f7f42b6b0,0.5259360060831254,0.5958895989405473,0.5831958039170728
2b3b84c2c6b5c418fa56f4a8,0.4987388701319407,0.5055439373433961,0.5189645769459429
b27dfdd88fb7570dd794d2b2,0.5564367499007282,0.5174796036971023,0.4683272109966239
d000f08906af95266105c989,0.5113019111429877,0.4805491663200937,0.5022331888619371
ee90e6db2b74652300481e9d,0.5630386774404081,0.4699209909980623,0.4127316611312273
ac9fd6a7f856d635b88c081b,0.572100042712897,0.6432852574458354,0.547884574057808
0719a56b8699f543732828c5,0.5706362793510026,0.6548864683809004,0.5999841470434856
d13d8e1eac6d40fbdfab5e4f,0.5554240097432102,0.6639544575474297,0.6096229982777676
441af2a211fcc2afc742e925,0.5654053087801794,0.624186501151001,0.5340233746473128
e5587583ca8512d0c064ac4a,0.5090862573331976,0.4986343689226813,0.5398849652776655
58e1fad5b1d7cccf66ed9dda,0.5342149946732093,0.467968010182666,0.5073906723127891
5ce881f35785fc1727e8dd96,0.5438466391730831,0.4591537454805063,0.4775942708983677
082adee3c825317bfba52610,0.5330079797184275,0.6113826088571088,0.5567153513327979
f581ad869eed9d68002fc0d0,0.5295808647271918,0.5269923029404666,0.5315647484443327
ca49ec8343badddbf82b5fd1,0.5046138105997281,0.6011875480860909,0.6057391895719
f5799dea6bd2834131bdb809,0.5021109435469198,0.4299188432417617,0.4641032064092398
a98d1c86815ba5b4bb95e861,0.5410632107265285,0.5196546286701922,0.5290769963107016
d7017cdc51cd2db44b12d841,0.5912698861665743,0.5240626157466274,0.4477744940385235
cdd15042ec9242721fa3fc1f,0.5277012556207032,0.5190480048314684,0.514701393825131
5df5a757639fd26158bf5dd8,0.5672636870902223,0.4893256249147934,0.4174388593518165
6e93b6bdfb18c7b3bdda72b2,0.5416002139072842,0.4625757920334682,0.4395152028925371
dd830ddda975360e7e8870c8,0.4896258152837539,0.4109686163827972,0.4588160285183749
299c8081da8f16f5eae29cf0,0.4670006252794982,0.5429779183414716,0.593698305141185
62e3b8989ab235a2a481695a,0.5160693837368033,0.5904027277674776,0.6014003994275349
27f628f52ec43760491f7e55,0.4609454174291961,0.3914963171108201,0.4340838040843703
753ed49373db2eab935247cc,0.4907825771930517,0.4940022833179089,0.5273709287293102
1960cf385364d33c1dc85da4,0.536171247002561,0.5432337985221705,0.5428744915114944
28d871a6a4ae86af19f858d4,0.4830756534279584,0.5749866958744871,0.6108904684282874
79b441e5d7370b89ceb44fd8,0.5727203095100656,0.5554679805057686,0.5127535330824953
448cb92d48f93a6a2b4e805c,0.5326038901865706,0.5326391574123841,0.5074318648150341
0be1ea4a73eec8516761a643,0.4973337965715765,0.4976411336157613,0.4800999828211819
9389a254f1c264f81e1a73e7,0.4946281339057446,0.4313867553928288,0.4406652641791882
b0d4033e667a6578a0f35e4f,0.4861747797534947,0.4887125012232501,0.5349902061122499
439d2b090cc23e0859ee5965,0.5508756065643641,0.6791381943168725,0.6200957370537571
7fce27a5b3cfe95bfd29a700,0.5596530048489909,0.4728381894519179,0.4276329722584058
aa22d78070fb40b167ead38b,0.5463033383454083,0.5434016343002268,0.4984739136000449
5023818f0078a2adfa409423,0.5201160571363035,0.5783197454579572,0.5771512718832226
3e706088448c0d69ed96af3f,0.5497463745992273,0.4963488321104962,0.4310229385147328
629a79f592f977d7f54cdbd8,0.5042067145584758,0.4964990674972811,0.5289969187115889
9816a13ec01f6ce6c2d078cd,0.5349326632890792,0.4899760388713531,0.4647506263887279
4a5b3b5f6d7e2d2eff1d93db,0.5169098210226238,0.4302433208751617,0.4596320031043332
a7b817a74f621b7ce1dbe8db,0.5345663850317263,0.4553924964733012,0.4737323074556078
9d256f3bfe58a0854b9b5188,0.5250047125293944,0.4778763323709604,0.4876269793095717
37af3ff305facb88519cddcc,0.5036500766914467,0.4200968839376913,0.4144020021057726
9f65b181e5205757a18c1d35,0.5611490743562324,0.6288894218583815,0.5822300884451942
fd957a80ddf77a11a797be0b,0.4933093752392874,0.4636181210633197,0.5114732409770681
fcdfe6272d8e3bafa57e06dd,0.505864068677234,0.5609110912237631,0.5753948666500862
799900ffe0fa383237182bea,0.524458427734382,0.5681165556900077,0.5673869745604616
b582289e3ec8136f2fdf2a8d,0.536724924251231,0.5484011476481686,0.551099559031839
c68b97cead3105c73ad17d75,0.5392316651738086,0.5563721393264681,0.5391576762909415
37626b5188c7f0e94695fe03,0.541224042593181,0.5673961540559531,0.5612598160800034
7a586e4fea803cd2e7d12b1d,0.4827298727621252,0.5357770372895185,0.518789326203215
32b905cd5ce8a8f0ac8feddb,0.5134004671095413,0.4451452929508881,0.4255947818950659
45c5ba6ce3435a824bd00aa8,0.5881376900217726,0.639258485636571,0.5674543025388602
6d4bd0bc58771a890b494813,0.5708034506897235,0.6352589476873727,0.5910591023228744
5e0c256aa26843ff3ff3b9c1,0.571356933500705,0.6875729495892015,0.6180487697139427
cab5840f9fefd66198219240,0.5151331588561673,0.4826310890558605,0.4914883874186202
ca2c0cdc2228c889c745473d,0.5480668533749546,0.6109554181815275,0.6063978758013453
08979a9f19835cf1be998e77,0.5391564414001391,0.6598618415298421,0.6214241128782035
11f19b6a8a7fec48cdd8241b,0.5560594638735221,0.6421111799593162,0.5883072272871634
e2954ce4b16fc735f073b877,0.435831732767546,0.4523505688980241,0.4717866540070235
796ddede9102c03fe6c0c7aa,0.5543191427464431,0.6637449367000691,0.5947693296163203
e6996c35c0798f7a70399614,0.5428829986350665,0.5144287324915778,0.5396421832600788
79bcf9c72f06926d94777a6f,0.5472831646494177,0.5678500081730975,0.5739170033523636
91dcd1bb48ba580168fee4da,0.5734526768059607,0.570335025516182,0.5569868791186106
12d34b9db34f6792695481ac,0.5554498551914779,0.4653509429415928,0.4105372993284961
48dc67d1610b43d338700121,0.5471416575133126,0.653179291692556,0.6193888158334933
f6557cda27330b4c54b258dd,0.5307444490113568,0.579015672960614,0.6022650801570952
49cedaa9264e903479c148ca,0.5824087962115642,0.6070301848088075,0.5517075484477844
5e6e3aa2615387a9de15bc79,0.5329701513111995,0.5846441978264856,0.6052217880704014
f921356f920a5319e956d433,0.549978330422687,0.5059195278098008,0.4513403281695809
ebd7edfafb5254d08e989bad,0.5491045272011866,0.6072920079714762,0.5704323046487267
7ca129532294970b5d83af55,0.536620137291031,0.5202842789782633,0.5062980094441959
1ac4683bcc2293aece3ba1dd,0.550296972352227,0.5058298555488079,0.4926837809301615
c71eb7eea9e4c8ebecde8f4f,0.5288544610160635,0.5920088074508711,0.6109807836326078
4310d58c6f3028cf8e37c446,0.5273419441221241,0.6098812883973813,0.5972641369192282
1ec2fde67f4c85e6bf062f94,0.5615343035393587,0.5053730041472173,0.478972278495516
3c72663a0c687bb80d3f9c3c,0.5146364319752118,0.5666487510935477,0.5920548676407864
ebc641111eb7bb67db7dd890,0.5396396659765512,0.6216600727262218,0.619852693690329
b51f6d9d286e6a60c5be3191,0.6138014948236367,0.6705228481261833,0.5734263982537225
39f4457a64fbe4a94bb576d0,0.496142970866904,0.556764169891267,0.5726474490267818
7d1d87f428dee1d4f162ca8e,0.5924902153369316,0.5881487414060727,0.5378413830725104
80a3b14bbfdbf6bd48c5f90c,0.5165092902745122,0.5889497795433106,0.6243106389537213
8696d49067244da2d5f5a643,0.537503800234612,0.6186457604590426,0.5960165214385589
212ce689528779dddb80fde5,0.5537794272487242,0.5619097333188577,0.5335689883611534
da817a16dda41da152be2b49,0.4993182051381143,0.5058025095503402,0.4976980437828553
eb743b055b3419a06bd8d7a3,0.4378576150602459,0.464879439542275,0.5161730576100071
569055325dfa6c33ed3d6985,0.4775386112154586,0.4330356436886943,0.4267844906464862
4d2e1357972f2f2bc0c63687,0.5409888917432126,0.5796943706036171,0.5297722993097805
93805f4ce2de19f1923e214d,0.5639323467156696,0.6182621404480473,0.5654477759185497
101aeef66a629a01d6add25b,0.5353606544180627,0.5399126350424442,0.5498788451469709
1d99e1248070f44f9fd7aeb6,0.5459471453126891,0.533566785377706,0.527440766644438
82ddf3219ca693be63b32ddc,0.5211349580218232,0.4857894894500991,0.5148402673591617
5053b9d866f66fb133b00797,0.5042491127070857,0.6064516826532762,0.6141191015472647
057d9607009a7cfc29f6bb08,0.5136640982150358,0.631120382627987,0.6076659979524484
7c286d5ac9612ed116b421a0,0.5431474833813417,0.5813317051727864,0.5905811739953363
2cec5820c22e970bd9284f79,0.5041728568721289,0.5555340820700891,0.5786952085613477
ed65d69d0e1490d73d9f5af6,0.4778356701610781,0.487724623131079,0.5090256747108157
667acdd47632859dbaa85680,0.5173476170607211,0.4853773825926093,0.4641910533985151
d7b9cf7831920408bdd55ede,0.5336439831950586,0.5253668641740101,0.5292571370806063
4d56abcb86c54d4b57e0339b,0.5332672390551695,0.6482016214011479,0.5990770183169164
79745b1575b753c5f96ae181,0.5302921365647717,0.4529492797212496,0.4870559947209698
3e5e0d7e47200cf4c9f9c860,0.4415644976407088,0.4446296905640171,0.4577550209518891
65b3cbe08aac052b3704b1da,0.5261466962977941,0.5544123624120663,0.5073640913793707
9c0ad4061b0cba6b1a674ddc,0.5609103330824374,0.5817523408697253,0.5696272502481001
acbb013ebf7ffca0774fbd59,0.5970746177632849,0.6572165398394385,0.5750170302740133
25a6d1f21f405e633283373e,0.5478102646785417,0.4483950951837048,0.4000280131937029
1418eca0f1f2fc58f6db8aba,0.5439224769031098,0.6056178838238784,0.5977701535270696
02a6a93271a6ed5ddf7a8e14,0.5347738712611896,0.5482941039280544,0.5606295399394492
034786048fcc5425bc5dc564,0.5423186519451177,0.4679279453639415,0.4659369846300519
1346ae1e8eb5095cf2a48408,0.5093080394760071,0.5724870537845622,0.5847435995591499
c944e34ca4b75270e91a77c9,0.5355669038041576,0.5955174213116204,0.6031838208579867
142424e4943a51030659e375,0.5413599347653748,0.5427979657176127,0.5610418062897229
7028b4128f75558bbb70de99,0.448292811854461,0.4146016950082148,0.4660783853582449
32058dc1bd59303baa61cabd,0.4647898194776191,0.3850079856307343,0.4546874119793688
236a2143e79f3ebce35b11cb,0.4425102040993039,0.3298084833748507,0.4239561319933962
390b9d5da6b2880b53d08b30,0.5517377340248453,0.5696856130344317,0.5594296019906877
bd158ed7e76008873857c04b,0.5739791463307244,0.71209024262566,0.6184607856108274
22645a61dc924914c77eb5b4,0.4441452992020862,0.3895316773181621,0.4589513810356523
f4c845638ebdd501b4c9cb5e,0.5127966195087057,0.3876899146941378,0.4122600022457073
61cccfc044ab22ccdd68957b,0.5864879519334572,0.7094994159205674,0.6147703670835342
388f47c40b7fdf14ddde9398,0.5232088122572457,0.6215985497543123,0.5944076050095795
70354a20f05908d37e9ffe20,0.4911566973871895,0.4831409087128709,0.5282796338380045
ee64c0fa0c23888202760a0b,0.434277922774803,0.3959541570339838,0.4553119172921068
511bfa145ead83447965e565,0.4329269592233304,0.5713706798948637,0.6281859247370756
5e188f2ea553b890fbdd4367,0.534939449782105,0.5743992738997573,0.5514186635610246
aca7af2c8537bf4c70c24ade,0.5721383734625892,0.7225403516110823,0.6275289478182668
45b1d39ed2f82dfcf73ad0bf,0.5298693163305854,0.5269534275291525,0.5575766029381509
5229bb3d7c993e7d4f781d00,0.4718121802013233,0.4721360687608955,0.4539222028554684
a686be43c1d55dbb5fdb96ba,0.5295491147643937,0.6020504347742615,0.5846969574920398
1690cfe4ebb2c13ea2529f9a,0.5410780213754893,0.6380003669081861,0.6083282090460733
c76bec55450b7ef58e6d8370,0.4484830878220409,0.4312520704505489,0.4396927450638224
771e79b22d3b11257a4473b6,0.5528184404043741,0.6032811713709482,0.543526283683116
0562f776db0f1b0750587e85,0.537595305789351,0.5734924204967327,0.5744013007394501
f0b2a3265d7b9cdc4523aa64,0.5076569919703349,0.527075883160324,0.5120835338356824
287ab512fd6c1ab5a6b9ea5c,0.5046774644977204,0.4346629371988062,0.4179900584373802
0fd2b2254ba3426e2da8e2e0,0.4999724138180982,0.5324185095978053,0.5671401187373474
6b94d9ce9bdc521838f6bac4,0.5440099121397115,0.6389119074033386,0.613621801924984
15eb4a6845e90787046a09b6,0.5595236503449981,0.639683215152438,0.5620385701250743
417cd01cbff8cebeaac4546f,0.5316262276682304,0.5806905563127078,0.5816208192961121
121b829568080368ba97a4ac,0.5679928861884515,0.6695465868581691,0.6114286523487434
9601093813201c38df7f02bd,0.5461476656916024,0.5791318829718939,0.5125087498139025
0331d77cc86d4d0aefc3806e,0.4597377811556031,0.4212544946915854,0.4116707667524876
a746eb7dea26ebba083c5ae8,0.5579222173674737,0.4761347104132885,0.4107234497703109
eba916ae5992cad34bba5815,0.5224846174463869,0.4015847449456973,0.4357445407002437
a0868f939fcd54e079bbccac,0.5372824020631557,0.5910301673397056,0.5723881802144486
4c0aa8f952cec2e2fe2557d6,0.517033155453196,0.4131111140474114,0.4618564056854137
21f57a873e67e2fd0c88c56e,0.5390053804973344,0.5625108588969501,0.5163969743793538
7cb99d625dedbc131ea4e727,0.5457478181489925,0.5874268885097683,0.5498259556766605
37d16564b4ec0db731df267f,0.5616375926601734,0.5525479835537179,0.4889834944361421
5917df1c956c6578c05406f7,0.5744022134948074,0.5152298396901447,0.4338195988161465
44e0ea7810423db24657c412,0.5232260342376253,0.5164368254762999,0.5303925941752501
f7067e58aad7962f3cb3e26c,0.5427429219329123,0.4385520955924369,0.4428106844018636
ec5d1898893182f793a40c3b,0.5563764375373995,0.4627329208833762,0.44944438760263
80731330376e2044afe5243e,0.5116803533197914,0.5741037707335882,0.6096327404223206
cbd86d9dce27d2db0261837b,0.5281854140538135,0.6532284553074571,0.6362802518829669
91dba8c0c2733bfca5f14dca,0.589385431748172,0.6691652728862163,0.5845926098953399
bb70a9dc2dfd0323cbd885be,0.5643381603598647,0.4623618896324347,0.4096131587720577
8482ead2aabeae1499f7083b,0.5923467181685127,0.5652801771781865,0.5420068493588458
ccb3008695d7a9a0141220f1,0.5233480826218176,0.5891683930463751,0.6073696424460433
9ff7d1517145cb2130e34801,0.5033679134969281,0.4761967931706037,0.5083663784022315
ca5a4523813ad2421cb2dae1,0.5134392672175092,0.4381160591477637,0.4328822389196009
925c1dede3cef290114de9ca,0.5200172795652255,0.4890603614243317,0.4798263506963384
1ebd20d3a7d0c654bafb042d,0.5582800641845003,0.5005041914561249,0.4276352341532758
3b75f548dc8fb14165ab6ce3,0.5231489385212118,0.592532073086084,0.5584921448780285
568ba16f9cc70079a844b01b,0.5466360582943541,0.5166453092328975,0.5335032339009862
bfdc158342f892c3c0e20310,0.5069337226408057,0.4728000386322172,0.4759427842447363
b7f3b618250fc8209dcfb655,0.533393358697759,0.533466796912331,0.550142147024857
142f6906710094786acb312c,0.5465730389290421,0.4436397487859238,0.4259091807778868
59b79a2bc19faeaa657d8ad7,0.5264741994849157,0.528171372843893,0.5162219003608078
d02e9d44d9f2d37fb2a6a02e,0.5666913631020587,0.586700014135542,0.5322738843450363
c538489499c7c8c775c836cf,0.4700545364424029,0.4274073931698239,0.4202131712397824
4c15db4bd3a89e18bb723cc7,0.5029581634870398,0.4240478038828094,0.4186015428416332
020f07557a892da3572d7458,0.4304328179609197,0.3133569302092556,0.4157049501102985
44632626b153625b95012e3a,0.4755369576818246,0.5979064280334067,0.6175187476907792
6119aaceb55d743baf72c7e7,0.4947372761014886,0.4756743453613762,0.5054927838746528
4532374528505758fc44095e,0.5143671832800847,0.5015381745893074,0.4916822926735431
0dbe5be61a0d8bb64a21b015,0.5171629829180894,0.4464724319588891,0.4685985574396625
2912c3a128cccad1108c0574,0.525676171295664,0.5344372269207909,0.5098003799639952
8991d6d7e5c6029adb142e75,0.4799901111918908,0.4218983090428786,0.4548892348892779
ab97a320cadb56f9861e637d,0.5206128972660492,0.4091672297303227,0.4405632945815904
025174404bab7d8ae094dda9,0.5152574226384417,0.5298593454198774,0.5692268937432714
66f1446e286e1717d50313eb,0.5400620073875778,0.4918063323258501,0.4676379432478406
24f055fbb369485cc7041f98,0.5112367847881707,0.4653723137762845,0.475285263999216
4ea24be1a3a9d127f6aa4418,0.4853118998596488,0.478093518013113,0.5165520176798964
b52db9c95e104ab3cb043d91,0.5543688905795024,0.6061313555115952,0.558070959397766
ea62c8a0759db01f386d306f,0.5506605219284441,0.6165300893029222,0.6250079717344658
640310607029a4ab7f20ab63,0.5453004158349778,0.6628220260226078,0.6287550599700061
ac4813e4953748d603d8c5de,0.4901040002785343,0.5636626989256942,0.5590015044694752
10950bd777a6c19e1c4d9f3f,0.4803392520508526,0.5386334322810316,0.5967352612898875
ff7a0bd6dd41b6a1b60c522a,0.5031181484920684,0.5407758909174044,0.5265722805903615
614e38c3bac35590a8011332,0.5129837131000398,0.494261596244503,0.4728189903058657
f87a4a7cade837c430f8a0f8,0.5804411527251957,0.5430913294240901,0.4776286250321075
0663ec32dee4402c8dd752df,0.4937563607958095,0.444328998728421,0.4427535561370119
5c4987a79aa25dff8fa0a93c,0.518464279512782,0.6028176201135161,0.6199928242719897
633a375c96fe137755441762,0.4705958637736386,0.5363798116353524,0.5640566687480123
476b49b70ee23eb3c2947d43,0.5023063938975272,0.4521875725929584,0.4817485369845751
ec18e9a024e4da5a5f81cdbc,0.5056491145746241,0.4585287382229064,0.4532984529753405
3157222a21fc9682f1242fe9,0.5159940983318271,0.4965309800028929,0.4705412257114947
5e473a41827ce10e42651e4f,0.5529763061647281,0.4425213094042712,0.4465006384211029
5b287300b21307e5fda62ed7,0.5195286692032424,0.5926173150241182,0.5547595673244125
6d707df2a9661bfbe5bfe249,0.5539551193555212,0.5844950168148788,0.5408116179402109
2d0f8882d7ab5e7d354d1367,0.512377764468343,0.5636565650684229,0.5920822554969044
a6c31d05b4f8ead34fa7f1b6,0.5163237459631694,0.549254835884517,0.5592037692184156
d28810b9c869aa1b4a7d4e6c,0.4806481856632209,0.5277754197124147,0.5905399189759839
bd8c8c3fca8fd557fcad5b95,0.5006858286206006,0.4637291175727837,0.4774453580721791
386fee3022ae10dc0bbda3d3,0.521270404511814,0.538936294077462,0.5070806439565163
6f72de82450628cf2a313a02,0.5766302610629067,0.4946231658798662,0.4190391865742914
4113aaeba950995cdb317611,0.5513429704670632,0.5034342973023708,0.466893217356339
f416a3a3eaa9dec71769e6a7,0.5528229775626974,0.5835095197162207,0.5222405269047028
7d67ecd4bac7dbb7d2015bd4,0.5290635713724656,0.5171788049350026,0.4937432814114596
4a58619f5e552acb9d07668d,0.5185144680487284,0.6038087457651838,0.6138588368204291
e4062422354a01ddefe7e311,0.5466777355543553,0.501583546984423,0.516024399512444
c7534412e785e32a45b194b0,0.6065791932893609,0.5371676779066634,0.4742146939710391
b7f8fc347b4768f28b28e225,0.4835932390517538,0.4746889572423617,0.5192043045466249
bd8930a4609c50529e4b3692,0.5100629121076546,0.5572106417481022,0.5660600433753423
a56a1465130bf39c797f2d68,0.5349765311279807,0.503707975181975,0.4900422266030635
76e5bdf8570dd5916ce59883,0.5603311016491974,0.5966611712455357,0.5561384870670671
310d3dcca2a589bc5ddebc33,0.5476568883208446,0.6308797230550789,0.6121965225794419
790bdfe31c631892a3a697eb,0.4997728261850032,0.5389722589378879,0.5837536196923016
fa59c9dc27154580a8b79d7e,0.5286343268121462,0.4657568443118967,0.4929783997689448
8de58633aa456504e8a4b39b,0.5234126460985634,0.5094157006481387,0.5003913658457668
05422dd80abe174e23a7b21b,0.5215546409528367,0.446234531579749,0.4807280363096724
7d2f0722dbd50dc14f32cc19,0.5379374550168511,0.6076305237609857,0.6189557721675754
bb6016514ea01030f1e492e5,0.5517877750262504,0.5700220951879456,0.5585285974121361
1576cd462e7bc865056364e1,0.5475936482193843,0.4597555769716792,0.4392760327449581
46daacff283c65c43ee26fe7,0.5655411723163535,0.463552271241024,0.405406186539194
6d6fcaec4ebb017469f9c6f9,0.5161219657747829,0.5637170395611972,0.6090138894603356
4adb86dd2e3b947fdd113dde,0.481376335391842,0.5294138077982982,0.5881596156471919
58f3c6bcd51304ee683b50ec,0.5502836702457048,0.654852437331231,0.587815402897433
c04a31ac70b5711376292a63,0.5193067823537079,0.406770524204575,0.429067418109514
577a5ea03533b5427879dff5,0.5512327518639843,0.6383838661750512,0.5976424528746117
830797a4ad217531ad722f72,0.5146765078801508,0.4230159933305035,0.4239294397386207
45c55bad236309441686f010,0.5420169604301934,0.6244037097939561,0.6022258056188309
be6cecfdce01166d36285bcd,0.576527947980972,0.5318741672605105,0.5022624642364998
aab18b61f477d138e72d21ff,0.5270364606667572,0.4091822272088103,0.4264273388881313
ce6dba6eaeacc24f953682c8,0.4982148684628283,0.5893036165807303,0.577480235940004
4f08b8d8aad1f4ab732ef47f,0.5074355235673068,0.5886931298050592,0.6075454966311413
95852dcc6ae4f54962e6373c,0.5963633087947807,0.6458878765605677,0.6100328251198566
a2e7cd772268fc481e5eb648,0.5061198996948442,0.5825458621491643,0.5941469424860483
ce2ded2442fd9d97bd36bc87,0.5119169802743238,0.47130888212935,0.5058350732357948
0bd5bee3f84888ac023ecee2,0.5389389066441931,0.6382362218150242,0.5890742093551641
ee08e93681cf434233578fcf,0.4141801897345646,0.4177948103502385,0.4932000652054701
c65ff123af715c9f3fb5c1ca,0.5253886146178071,0.4939616607079586,0.4862604016807351
fae3ed4494816518d4164ab2,0.4854091934641313,0.4018672830901849,0.4082556997918557
ce0befd3c864c7b0b99a0007,0.46379831196735,0.6197940630908031,0.6253973626330822
125fbd3d5930e8b91e1bda68,0.5374580781763818,0.4715534150232964,0.4664973537158905
a710a6d63387c0be6dd630d7,0.4901563705427041,0.3615913116490735,0.4254623575037811
6ae8da04e7cdeaa16d0c8376,0.5176302640323378,0.490681138316394,0.5284242054994068
ed98e3806986d5cf783cfe13,0.5166307897858818,0.4505150484936971,0.4588212884572984
d0daa8d6d1537579e9b808df,0.5167798142098431,0.5217340715017361,0.5197703200944074
2c9b07406f84383fb1858f66,0.5020132273346483,0.5600566384505348,0.5966053128729196
a80570412fb391b527bd84cb,0.534238185562154,0.5286938851864738,0.5308295458846561
fc4cd38c67542ba174505c2f,0.559031895411259,0.4633847225307951,0.4087107657384681
908d05173dc4b19498b7230e,0.5055002409232023,0.5613682286036207,0.6140578154936094
0cca742cd14210dc2a68f01c,0.5385442627536792,0.5243230428147498,0.5295291866461289
3c60f7fcce601283df52e9c7,0.5036043128683562,0.5028293254640543,0.5574708590063937
876520afb1c8237477e4b41c,0.5150101887572535,0.4349688726123632,0.4676014257506287
a7acd63aee16f18af48f0541,0.50428892600618,0.4395882567390503,0.4581588111021058
5b7e6a40c19adb1e5b12fa20,0.5110848672484166,0.4218296937216883,0.451330414232473
570ac492afef9ee2774d1290,0.5603319534874039,0.4476695632602762,0.4106094764806167
83aa1ff9d6b268a84430b13b,0.5143376366828536,0.4258643929146731,0.4127948465115483
d9a1a158001d8a15f87f2ca4,0.5942083365906337,0.5953932804587527,0.5253364638257118
bae9386c83d9b5c72754877f,0.5466250615955836,0.5616930072963398,0.5628093719645613
100a009ce9548c06f4f92320,0.5302225350259856,0.4843512111552671,0.4734651522365136
48d18899981d5177dcb2fcbc,0.5331867045318679,0.653290948107095,0.6174226486541231
bc56eb54337bf931d2718ee5,0.4931746799414314,0.5667121656978191,0.5929668775013222
763db29eeb869b19ad48e2aa,0.5100927218632787,0.5127125407091677,0.4962988411655064
743e8b66303792bb24c96236,0.5349381314284505,0.5785588100529385,0.56845515144631
66cb44ff2898c3b3ae44be37,0.4665719381201536,0.4070469924989389,0.454494303857446
1066ddaf92dbcd45fa83987a,0.5582826090602534,0.5716250747128369,0.5144520143058664
170374b7f3a5bb7db734c091,0.5551213243179604,0.5810659018433822,0.5494374485867797
e7c95b19dbe786f0feaa7d22,0.5195019534047159,0.5659539913163794,0.5788605636755783
d95fb399788838cfacacc81b,0.5206859100682909,0.5378541901075736,0.538509511989618
1b339bc20faecb768490ad02,0.536321863890857,0.5437507345782288,0.5511266232934215
ef7c1c4e45dc6fee2edba516,0.5048909167446589,0.4551591014775977,0.5006495460588912
555723d1c26008759b67123b,0.4572876112684948,0.5344781598708654,0.5726851610434699
ed941cba6a5a5be0c06fb22c,0.5011522006552285,0.532866847603827,0.5513426406833154
c1fe517c123d06c1777afe53,0.4911916760822944,0.6100110354251054,0.6085829122130221
accf2374fdf7e192f6bfc40d,0.5237231315334043,0.4893801507923231,0.4740408440621357
9d4fb7c3dec2705df710d326,0.5039577653790922,0.5374354652138643,0.5293149996327597
c7af66c6f13828e86532ddce,0.501867211034141,0.568400971164838,0.5691930416387109
8d3b01add2bef281a957bd95,0.5511770873837003,0.6287257950197578,0.587780671497755
6d804b082abf843b6139391c,0.5115518053214593,0.4968764334498589,0.4818525352287734
ed27b58b5e5f128b8c743fd3,0.5340130899614848,0.449551469484389,0.4613199775704533
a5016032ba444a9d84bcd350,0.5659219736339619,0.4959463545608335,0.457528055585899
6cea982292bb309ac3fa2534,0.482592929135914,0.4778409099914676,0.5322328411526298
1b3c13ba45ffde41b96509c4,0.4962074731248806,0.5249167290415878,0.5523975843326571
0d303084ec299953736d19dc,0.5209334272115751,0.4743760196649433,0.4887360892970023
6fcb156a6ee167ea15381818,0.5203480627899454,0.5250569593392819,0.5144727602880015
83a6a941aa12930aa11a8f47,0.497022226002556,0.413875106866391,0.4650740433935675
cf3f7a8f6d7f90f7c0a78dec,0.518373515975284,0.5750372703603408,0.5955111990859088
460b1ebc2b42c15cfce5c046,0.5258961419340602,0.4577659739505099,0.425705907559056
f9d1a05a379d93adb9028bde,0.5264533980961257,0.6235457087893889,0.6182956528054079
a090628311d0397ba2857bb0,0.4746172755685138,0.5676589076000134,0.6079697314899517
106e7a93c6f1008750ba7819,0.5447175534918101,0.6784147914974408,0.6271629513769286
df2034a08f107d7ddfd24a46,0.5688690978012387,0.6713934749091756,0.6191916319526042
5e47e1f8d644e574ba48d42d,0.5393486308705124,0.5098689843948895,0.457954309061196
bff5697e295fccf46cf16c87,0.5428324731330236,0.5338460991393812,0.5132120457330797
d15514ccfe211062321d9a46,0.5408231579491954,0.5528272234177003,0.5345123437390141
d1ef4c09be69d34cd20e780d,0.5122819205559755,0.6335114307796008,0.623194038568457
2f13427cc8b3769558173c07,0.505889278624593,0.5041309952058284,0.5472684117098162
b910a6c977793d2890f26494,0.5161922286857739,0.479893749614119,0.492631241786397
e338c9990c8b08e0c467c632,0.5068797950184265,0.4712471834766512,0.4961534792228034
5b65e591992a4a7e961fbbc8,0.513223295492267,0.4071987626782603,0.4581384250576581
83d16948850de4843c85e2d2,0.513223295492267,0.539562092876898,0.5753930870052582
a108367d7e84185f1c993ee4,0.5395373173969775,0.6012454008127721,0.5592832788813586
8be94dd1fe4e46f03fa5121e,0.555124763183693,0.5744677444060134,0.5758956125317682
eebe73e5cb3d4f67618b7b56,0.5302949823893189,0.5708029398844641,0.5787984715547232
1a9fff494105110b1dce1a35,0.5143036948848648,0.5607343011364246,0.5911784151539117
6460bf202b324b597484692b,0.4697484972377565,0.4688648037051068,0.5380957375382454
3242f1a17c8e0558ea976810,0.5497019526361148,0.6041146563851109,0.5928341225931081
417ffb6605ab1439e23d07e3,0.4762638021221423,0.5688584999515827,0.6192450602978943
85746e8a5376f5209f909750,0.5439056396078511,0.5783966436521816,0.532771241363623
326ef259adae1f0dbf2a9967,0.5356959098681404,0.454831431333091,0.4312339082823102
a593270297861b9e01f7b0d3,0.5379625990916533,0.5476530735566298,0.5321856783234293
3734b5648501142cdacb4ceb,0.5463318639525271,0.4992131560762186,0.4555680044443279
946cd0fa03cdef6350e20feb,0.5771610583167713,0.6589059750075782,0.5744476319169143
9582267826ba4f758f5edba6,0.4754570936614884,0.5488808097022966,0.5902594842364798
f676eb9f2093bd40883a1495,0.5173879494649632,0.5668295458666708,0.555806274334554
213b129ca39c2fc2050770b6,0.5020662348954137,0.4740067731598342,0.5229848232620004
2cf9d9cfe9b130d24be1b8c2,0.5258539577466281,0.514093975700927,0.5004246392539244
48afd4f4a8826e6efbd172e9,0.513113476054534,0.4719385911488534,0.5207756154212863
686d6e032a49e5a77dcf5bea,0.5245830204492556,0.5285943084660205,0.5070441017468845
b3f02701380b023c8ba4a248,0.5136019057490111,0.5276324454014621,0.5384223085413915
015705799f2171400ceb4a72,0.5510167063858439,0.6467941317781443,0.6113047334277668
04c20a949def642d687415f0,0.4794637732159932,0.4785726247224237,0.5373319719645291
988c148efd410b6a40c663ed,0.4990537479345751,0.4249065219802244,0.462258288790583
9f0de397da821a7a1bdf7c43,0.5177097516354402,0.4591186286849603,0.4984133951724422
07ebc2ef2ecccbb80a4dccec,0.5574654065209749,0.6219100615628389,0.5818555995047459
c0f259a4a734b44ac96594f9,0.4877663534333129,0.4208096983612653,0.4124068554107263
344297a910b08440a9cd3cad,0.4920575471848719,0.5957732245627809,0.5884346493147222
9ce67ad2cd5874872000c7b8,0.4922124964052347,0.409953398076746,0.4564984411401528
2eac1bf793e31daa7c4f8fa6,0.5286378186911265,0.5597794045511287,0.5579318535350306
b770a54cbe576a63e74ad93a,0.4722879827871288,0.5694839880753091,0.6257540264764405
c1defea3e6a5542c4504d625,0.4848055096082322,0.3670355838363084,0.4233070799303474
c96463991ef12cd4cb973f67,0.5401915351510623,0.6109068143057195,0.5850813415340128
6361a334398f4b78b612b1f8,0.5297507415417556,0.5345048453163883,0.5165180485173432
59b6461916c18cfc0f7ea6b7,0.5294051927583612,0.6157445059216031,0.5958423969258083
ff7ad26ced92628af328c1ba,0.5509319811432247,0.450852251042162,0.4541930259878967
1a84128c350f625a48c8fc7d,0.4993892203115661,0.4721352150830158,0.5210726315506575
756227867927c6a0acb756d8,0.4981687923930577,0.5830510950253036,0.5961058737281446
8522258e20e048b55f144809,0.5273512919762047,0.6692708211116004,0.6205606045758462
7110f626635abe258ac8f67b,0.5028375657798853,0.5391066002764402,0.5375733276938314
3ae74c799549821dcd794b09,0.5176396112172664,0.4520537250917997,0.4493867739196821
67081d267aa626168494f044,0.5187348060679519,0.4862076746994193,0.4733032239235326
0fbf9093129667164558c58b,0.5542389426970574,0.4905899616266403,0.4429382305653776
0c1117c61921494e760ae387,0.5294011755312099,0.502808639634109,0.5368590160022703
8ac86bb049354fb4a833bcf4,0.5189349214209155,0.4341223838150744,0.4190195028188397
60efa1a4685ad441391e39b3,0.5366343847281512,0.6770477214993553,0.6216911727081894
4c0cdc57395de5ea99579740,0.4695190435655201,0.5430724955692532,0.5852831085978285
f913c2f342f09786c64bd258,0.5408419492388947,0.462779944735706,0.4389124852130908
2728aa44a89517e725a4558b,0.5471876420003426,0.6465106365144259,0.6096881352488865
c45a631efebf010cac0f8d7e,0.5123500245243433,0.4318858795433553,0.4318809296371888
82613a6fdf0f505b12081c3f,0.5820109535973927,0.6381690983971147,0.5778529016022298
5d9810cf256b45530da65da3,0.5252896477900147,0.5027513462104378,0.5091365025161348
29fbe74efd1caf966f6902e6,0.5071136561730837,0.4590544673347235,0.4634551183597487
2636d87b76770116f9a702f1,0.5380322327347812,0.5034550344823365,0.5096606714836489
9a31ed6336e1fe8d88110ce3,0.5445541688946105,0.5745776421203692,0.576174334723496
3a1dd47366b0eb68d1991c05,0.5268407143347414,0.6198047973218278,0.5834797355153807
2fe82a10839f7a69ebd7a8de,0.5118088141313198,0.5325702694226802,0.5363008716795677
8305d94837d12f28baa2cf1d,0.5004871938310156,0.5037824938884746,0.5514993457127597
ee6fdfe0310ce34d7372fbd6,0.4917682642302573,0.4991711798232809,0.5515761682448642
7070b3f76f5e35e5e382c95e,0.5416120237621399,0.5508473071014319,0.5200105507677619
ad2e1b1175b0efd03511406a,0.5268385242812961,0.6001575952604988,0.5557661981777617
14a9ec72a19cc2d76c7a565d,0.5029543664161213,0.5465345693216823,0.593023530204278
770fcda47e5a1c0582aac842,0.5521549122449583,0.4590477895085582,0.4940000651589439
9543ed9e713417b298d62e64,0.48542030466557,0.501218278385594,0.5589398922249293
4817c6db296916a0b1212142,0.5217239888729989,0.4660647562523817,0.4442917150239727
02ccecfe03711b5f97cd1407,0.5024948102012108,0.474061939264346,0.53564360678548
bc4b4c01795bbcb0ae7e141f,0.5103977781567283,0.6147809490078293,0.6109942006156683
66b06f813ea9e1f75f479998,0.5381352305147881,0.6002902480250418,0.5913711757144922
ebffcfcd4f681d2c8c4b8316,0.5611920614713628,0.5492388967634804,0.5626829318918899
9bb163dde931c269fd878a90,0.5100301208194206,0.4464006442572902,0.5050778861979469
a18a8e0744bda23c3e418fd9,0.5482392786007791,0.5412981665879295,0.5281409553250707
aab8b7718144d54c8d2df44d,0.5058239047407962,0.4636225912965049,0.4946598510221325
6fcb788e2e354febb6d0f031,0.5107739450579467,0.5216079213740061,0.567319914711005
e91bff00fea5d9969829c65d,0.4758247004545438,0.489768085256536,0.5408821508265101
2a16c9b227693f637eb755b5,0.5510960397364513,0.5889332741933639,0.5604197999388741
0b14a5f9da975f380a911138,0.4730023630172732,0.4192989435025005,0.4195742411759832
d45a812ed8b0811c772e9145,0.504511427915939,0.4754803339130101,0.478926979901199
b497034f953d9b2a69923443,0.482052707636069,0.456641605571934,0.4737377298852779
ff958006e53ebc1faf7e7dfd,0.4659053209978441,0.5506161908114241,0.5908021957940367
73a66f85f95063f5f16001e6,0.4945781966033085,0.4961795950320038,0.5426475721094207
c449f343f9314c1018ccab46,0.5106391275602898,0.5784584081755026,0.603188617304796
2fe925d5469f709f3008f964,0.538809393613026,0.5394292958267008,0.5670228794603294
d3c964e1eea0d4a74798ae48,0.5407123450757918,0.5494404371454411,0.5629606247275525
9eb0e73edda68d44b9428de3,0.5606008432227121,0.5492429853807382,0.4936425564788094
654b2aa2cf277e53551133b3,0.5087013831949992,0.4363958095668763,0.4203847079533833
7665b541f6443e2ff4e59b04,0.539073778956981,0.6429402944724634,0.6126161137900895
58caf3889e2efb848f1896fa,0.5620306148919123,0.5589269951484509,0.5117276866236198
d05269aa60cbc53f37425d1e,0.4629410525892129,0.4452472162573093,0.5227798919969313
c65b34f94864e3be02e665cf,0.52165486015857,0.4299730799027745,0.4707137623113769
95f21e82dffe313981446020,0.515381500514884,0.4869317833026546,0.5102553831526081
e1c6ea7475114fa3d7fcda1e,0.5902200710180745,0.5081828339815678,0.4717367108813899
d75e118ffafb8b8c10ad3287,0.542522516626985,0.4646488695024275,0.4895888745028833
ed6667ded7be71a161fce4bd,0.5396441814409367,0.4243467688468246,0.438398272139832
3fffb7d42b077448ad0a6452,0.4947588799115521,0.410015535397447,0.472515289245734
2dc6cbdf50bedf6991279cf4,0.5529947877314184,0.5868884009305022,0.5741198133543648
edfca703dcb75494247fb933,0.535048350971087,0.5201016625901794,0.5205650156638334
2b09d462c3e719f15a91639d,0.5136444932033064,0.6376039527609092,0.6148572755614152
fc62fd45b9b52081aa46f90f,0.5257414514051784,0.4791586433941434,0.5205475281043372
e6c37a14fa9f4d0d61985361,0.5397447561813655,0.5473371962220819,0.5477573952733388
96a61f0a4ec60e036f26e89a,0.5334318980411027,0.5475237412537566,0.5135255510170733
846844f50cc36be260ab462d,0.5656576939255454,0.5944455292629776,0.5685402421622141
6e62cf89a91d7a3a5acbacb3,0.4980683021200187,0.5141150405662711,0.5504331240224606
448ab10a91c36407a2d46a40,0.5300959881869102,0.5278541786121486,0.505689660371652
c380cfda3700baa86da7924d,0.5300959881869102,0.5783941642827565,0.5500690432252076
b4715036f638d3847d8a440c,0.5102452973455356,0.4090398093116902,0.4429722973146364
3c8bffd4590100763a0d68c4,0.5083367572622246,0.4906550852455922,0.5179947066874208
baaf2f9da31496d5622b6c4c,0.5362473710609066,0.4921268138662428,0.4917902942250258
19f5bf3ee85a061f9b63f342,0.574494684944801,0.5598090907422649,0.5326128115976045
489208dad0f8dbd762a165c1,0.5240203032732071,0.4161322976795673,0.4281823883847122
4fefe7b52f37183aede26e6f,0.5351893638330606,0.6339858386822967,0.615348472112478
82538a766b21a36898265d8a,0.508801164343382,0.5687770821097706,0.5990907986082419
e8ce989da3c8fa39e7393c7e,0.510289307755012,0.5292377749488548,0.5668030776375699
6a5da793c831499e9a3b4ac6,0.5386016068269505,0.6128182945338283,0.5982176982957813
235326f148625b0234e5722a,0.5478482375257693,0.6108412235600723,0.5598475743504613
4e5af0074db8d83e4ce42762,0.5237108557815175,0.4259379265912889,0.41418500865357
b97ce5cb700e4c7d5306f51b,0.478788765294016,0.534322479240474,0.595109765460241
64158273e60ee85f940b1717,0.5274425555105408,0.5006072801608393,0.5298924370566528
aaf29b7b2f4b438d9244f30e,0.5308846253032844,0.4957677444632486,0.4739075490667517
8c62f2b7ccfad46b1abb70af,0.5381738652920188,0.5280898552463574,0.5121667369847411
d8089af6e90e57f060466a78,0.484252398709116,0.5476738884205659,0.5976719437760727
cc6f44a5cb0ae9b6f4853b1f,0.5486642229714642,0.6246120069069595,0.5881925451530188
cfc68774be0ca04807320bbc,0.5373784473261124,0.6367650396839069,0.6064253396622945
351c6344bd49fa662431e5bd,0.5156884254217686,0.506397777832538,0.5304696412716583
28db205201ce161d9476c641,0.5431073959002277,0.484940903905082,0.4577373786893254
80c56ca7327a2c017ed58026,0.4592842399409681,0.4433437845056667,0.4937048081865758
280194ef6008d1a28e42cd6f,0.5212010496833885,0.6207184075367297,0.5998250602277446
2bf99b5e4777c1e2780474f1,0.5289012798118032,0.6292484259204418,0.6182911775715774
4052ba62ff69a7673e1c685e,0.541432879551444,0.4944808908021409,0.5083010242000456
ab5cf7f1c5231dd3365e8f7a,0.5305458608376656,0.5581177364149114,0.5752013987738359
f2ec904c569c9e1e80beda44,0.5696157292264338,0.659748485034658,0.6200378665673218
ce879e7974c83be7b7fccebd,0.5341205022502538,0.495918631215086,0.4512468633216815
c8a641f98b1aa424cad34f56,0.5448336775227208,0.6583988821081679,0.6174257935300951
ced574814129b076c9e3dd88,0.5235503004834098,0.5944670798608848,0.5662269065774399
6061d26779ca6d5d80380e25,0.537613318126342,0.5355930363032732,0.5051176444150964
45aa23f673bf26b0d49cddc8,0.4935781375255904,0.4644190495848643,0.4724762900567342
95e533ef780a77ce49d0be1f,0.5550129072895069,0.6294982677428391,0.5722717733300507
dca82385eb33a074ca4334f5,0.5100064531995084,0.5558172773615502,0.5906695835521335
a4aaf2b579fb84941844522a,0.5572145327221883,0.4803406386498511,0.4267927687997853
656100c0d2a1f139c6dd5a2a,0.5243784691750776,0.5210763189923211,0.523848925912136
5f2c337fdb1a23512fca1475,0.5400489128348922,0.6746952889049264,0.6136951458583352
dcdcf27560b2ffcba465af2b,0.5182509009900653,0.5746714871677611,0.5947542365052801
081477430d9c1544758931e4,0.5308644932207045,0.5588540266686086,0.5841351174455053
a7c0b4281fa31f819c3e9c10,0.5491323290740038,0.4670744583078106,0.4704011586480129
6b018a8722a8c86521ec82a5,0.4979240517643086,0.5724405669279287,0.6033494223742599
a71d525d77e1932fb4a1cf0f,0.5442882808830571,0.6732215584713934,0.6227023548665109
69918b60a33b836734ebf1a9,0.5123774194170843,0.5053557007513332,0.4776030276672385
a1e94f95cdc8a025253b9405,0.5374191968226966,0.4897311782141792,0.4907551708743661
9e0147129849626830353129,0.5446099441233809,0.5450708145929206,0.5586100923242289
f3b2357d32c09411cb98261a,0.4693627988270453,0.4182076363087305,0.4592427856289247
5b81b6f00450fd71fae90bed,0.5242525190932059,0.4525420093720678,0.4584170200485322
7b78b5ce0c5687e018017b59,0.5637526362907089,0.4833931855493669,0.4585901638952064
f4d988abf542816e26b98a18,0.5474752065403986,0.4357915523103652,0.4197506352921594
7aa6cca625c5c93efe623f53,0.5261246242364975,0.5266733938713423,0.5497480094729297
9fcd5c6508405cd66398d168,0.5293265897179245,0.4690292940262193,0.4507717759140923
35d933abcddc40af0c883e8b,0.5261145244338106,0.5317367867576509,0.5071070905439614
cee959cf51b2345ff587456a,0.5351250830734045,0.4770997998695824,0.4639197090388527
c5c6affaffe4c322d0f11207,0.5429893868103617,0.4810592335660638,0.4632273768601424
a44c848ed64cfb97dee23bba,0.5247763633858515,0.5088540184407048,0.4945310226447004
9dce01f326ed73b92967d38a,0.4630559251919297,0.4042792575415383,0.4462821231147622
6ae8e916c7b0393e04f801bf,0.5178789884381698,0.4832262512132814,0.4906655110436729
1f8dfd3c01a2480a9134791d,0.5522268397518809,0.5146603659727382,0.4779623768864721
8a021f4ed07deba9ce5e545a,0.521785048948698,0.3712243696331258,0.4170888455630643
ad1a7a8e92932312ca51278f,0.5218299836566275,0.4766983342622286,0.5029450282073348
9037ae5c4b4263d3ba454549,0.5701339249112174,0.5247251634458486,0.4438547874087226
955f5649ff3fb2d1cc34a081,0.5182959092542103,0.4403949955378796,0.4516989077961204
95246471838137b21008af0c,0.5415210900544511,0.5322363337582156,0.5256836059729254
e4b7e1db22144a3f478c4eb7,0.5507133611346184,0.5027801411249972,0.4743835469236852
5f038103de3574718bdef9e4,0.54029714532988,0.4341542895949122,0.4347048119737613
05c9a68d3427bbc46418d1d6,0.5114700708845088,0.4462720458639354,0.4740957434123151
6af2b81abf4e96dfb60d8e8e,0.4953265563217554,0.5153679186421646,0.5610463075191585
abfc2dcaab60020cff11a970,0.502343965920401,0.4540049732773976,0.4899086414637183
1b64e9f25b7f2871aaff6e0f,0.5302616229077011,0.6337681573525613,0.6115791787284476
b292d9e975a3e6b5545adb05,0.5117518971820489,0.448901908681414,0.4723069777883009
783a4be7cb1d05b5d259f7b9,0.5662318643757158,0.6202850815263345,0.5916888852483566
734623bd8d78b5441291f4d1,0.5134568968426622,0.4691915472212784,0.4248656997630787
867f76e5e911e814813af2ef,0.550803790356098,0.5789732621691096,0.5467917661902181
0ed80e8f68eb51a0da68e39a,0.542751202178196,0.4919125395260812,0.4955035565983988
3a9b5869795fdb6ffe304a7d,0.56968308423942,0.6334910754810577,0.6107571097101389
4c70d1470d9fc66ec2d978e7,0.5533881862095814,0.4568538412112815,0.4784026693735018
faf3b6e9c0563bb1ddd5b19e,0.5312763168652516,0.458996973496207,0.4760731949403967
bf54d5337d7c90da0c5d8cb9,0.4873470794386041,0.5825385247911132,0.5976719437760727
4649c85f58edce322c9b653e,0.5853942149309848,0.5374161574935342,0.5329564989101317
bbc03052301e4ada6880939b,0.5759184583597431,0.6565834739308669,0.6057116578371208
b93d688970d4981a7abb1b90,0.5141421739745431,0.5299619924102691,0.5482699562384405
ad07a9547480d0c6b50d10e8,0.5591708922102988,0.5904397598340305,0.5769831609622053
9d3769202c67f728aba511f7,0.533641447700411,0.4745552692251741,0.4616305855932865
e57a26e7e94a6c526639f602,0.500652537272876,0.4191711410202686,0.4563384006264089
33577a763e07710064664e6c,0.5238227283651619,0.4706645778584742,0.4811326588859081
61c01f3b1fcc1cb4af5cbef4,0.4886797862525913,0.5703695334178183,0.569881574940554
047506c75d0a30ef55a01ef1,0.5406499792888876,0.5175624583782202,0.4945459515750772
abb78a8cb7ae9025cbac8f82,0.5453600685428717,0.6230909196464096,0.5467258254750769
d2ad4f35f29018a62cfe9be3,0.4793068904716587,0.3497382628254876,0.4137492586187479
b72947fc0fef9f6187958e2d,0.4892126299373652,0.546686160199435,0.601568752455747
f634f301821c50ece6fc5088,0.4728665575270747,0.434876969764865,0.4891558317376141
c47e3ed30553c9fc7495d267,0.475148993765754,0.5698397427374727,0.6257993779907282
4a2fad221be47f911e14d484,0.5456179648946633,0.4889650270955307,0.4920936964314843
a94aaa496b6fa9e56fac23ea,0.5622619750465905,0.6417889516741206,0.5872092912791468
33f4f85cd45bd04506046f6e,0.5237142457157459,0.5745612440058422,0.582225219821764
b985210e1fbf420b64a4a3dc,0.5304067290345689,0.5053903854324875,0.5287842318865832
c99c0c6e5811efd07eedfc76,0.5342128006109294,0.5663679158138094,0.5761833412559964
88563689b02b120bc3ace6dc,0.5114189044985197,0.4905075432207652,0.4744135799004948
db9f4d72e441a3ce0c494367,0.4984424532036516,0.6323509818665916,0.6373482074823285
f19b15431038f45f64fa9167,0.5752280041814384,0.4971164355727357,0.4387029722674659
bacb3390e320ad4f68a301cd,0.4319116370206107,0.3817076725981573,0.4131257194524539
360aa7e6b957da33c3f24585,0.5142059973702017,0.5655312061596149,0.5504586364998332
3e0ea808076f4326b74e7ba9,0.5221112838768525,0.5182424882674914,0.4944167954618013
4eefcb79a04429cad7d44cb1,0.5666070713151126,0.6833599591520517,0.5987235447040637
870328b8e10aa1ff1d55e44c,0.4947943509688393,0.5188022492987119,0.5472493690932332
1d0ea4bdfd31c4145acc5979,0.5338430481142715,0.5689703916003293,0.5470911036856408
5dd2d2dc03eacf3530164243,0.5259019124951819,0.5690136961717108,0.6078208337713562
261f02bede29b83b1f5aee6a,0.4888955340451092,0.398661751394703,0.4463942080732611
df13ed0ca3a7f23496142fae,0.5477428383673677,0.5024445272574898,0.4945734648339006
52d14213e1084adae7312091,0.52226688568255,0.5605714205587068,0.5708074130391882
5f09181ce5463323f466fe95,0.4929929434846102,0.5085394509509298,0.5643562315394155
fa8d1880dd2a1f1c7df18152,0.5293671399074787,0.4943572895951273,0.5131509053766069
56043c7b3db3c79a8fd0d479,0.5388043033657585,0.5288941685388204,0.5074936412661325
e006d5b2b4f0aeba3abfe367,0.4794220202013907,0.5067557726584855,0.5548278477139144
cdb2268bf2e85f5fa6f4c21e,0.486698186832508,0.5505354688267878,0.5676186014750518
35189b95b36895c20b556c6d,0.5248165994170257,0.5015436348779818,0.5044536258791529
4d63e514d4ca028e95d4c6fc,0.5038899607235787,0.4745287382450816,0.5186185804449335
7024861fd4d0f17aa1374785,0.5132201407291129,0.6013398919186752,0.594518710627525
627399ebf58c5e1541d7488b,0.5224601467106517,0.4842447795784983,0.5012240907590251
86a35864afccce51b5151b4f,0.528149349334211,0.5118814075382614,0.533683264974919
48abbae7f63cc2b6afb94008,0.4982267976923691,0.5726967349104836,0.5866365241342297
94aff72c095fca72f279bfe6,0.5058435964833418,0.6178119202137287,0.599497733813531
f72d9e4eeaa1581adb345c5d,0.5319134515177733,0.4625496675932016,0.4929473665152634
61375a7b95b840b28b16b69e,0.5036170266300819,0.5111567475656469,0.5434564962803111
00a0ffa07d28c4a60c6b1c87,0.4447701938218758,0.4160718046394803,0.4982291944836373
c27c83913a59c547cc380775,0.5578493147474392,0.5122820905250343,0.4404418923304376
33b433899afc8c54d9cad801,0.5487215721332631,0.4773165680535753,0.4249674260531602
2cf344eb4d91232f8f771be8,0.5540115183565454,0.6526717203607255,0.6304614432610911
2e2f6603017e5d8b3f55dbfa,0.5611239561432404,0.4766802450056882,0.403877241994156
06fbb051b1ad5a8f7e4c4d37,0.5942818727512671,0.6994490893635711,0.6150626097390534
e0c8db91fdc909841df004ab,0.5397614171148153,0.5020611750384643,0.4370402676100176
2498ba6a9ca62c7a41464f36,0.5448201549601003,0.5669812993352602,0.514488368439042
6173657bfecdfc876145672c,0.5310508368126403,0.5368929162143633,0.5053123893719368
ed775bb48bb02f28950895d4,0.5834574092255953,0.6411214676572435,0.5676619447808422
ab4e39088bdeff58b4bffcc3,0.5173881306601491,0.4259355089350555,0.4423924688051308
400d78cf61dcbb277a107034,0.5284554171117616,0.5691984553654369,0.5364205225336203
be8a2f80c4d240f541ca1760,0.5325272651110923,0.4886815384300686,0.4796391507347988
751681343c5fccda996957ee,0.5692435251724517,0.6302378409445523,0.6268729482407385
922e38aca335e2975b6c87ff,0.548332657944281,0.4560205899212634,0.4203190769698602
d03650480b4ccab66a1eb6f6,0.5758312975032885,0.5124967415016531,0.4685167019946158
3816e9bc0d1fde7a26971992,0.5820649294202813,0.5563792118788222,0.462432088814466
f1fa4c4d5afab5cffd559aa6,0.5549131728446612,0.4850350467948034,0.4076320918454483
9409abb9403f7f8bbf35d45f,0.5152521783935188,0.4380242246343181,0.4219941778681065
8e50383240a063b9dc3ee46f,0.5577353750270151,0.5699646520461082,0.5010539813322868
a70456941d46cc1c14346a04,0.5530587296904649,0.5652706181453292,0.5158940015494822
fbd96a4647976b69337048ae,0.5105476570995775,0.517203447835934,0.5238937773367156
e8cebc314844cfd83ad12ac1,0.513085144435721,0.4845556374172376,0.5221165817422019
1d650e43c2cd2b1d5d42e9b8,0.4488018917605315,0.3932962215579871,0.4178122202571488
479a37398b76b1962706edf7,0.508796546896505,0.3902568923176299,0.4270433685434736
9de042123daa93e775991af6,0.5482960896412563,0.5628813220809045,0.5248724978798252
cba0360bdb5fe459e042e055,0.5533927483887245,0.5568198984016185,0.5168235152913196
19cfcab4cf2aec9344cf42f3,0.5242916877367273,0.5086134859997069,0.4798809308101924
3ea31ef16a5c41c05c4b44f5,0.5522568409454122,0.5769765799324491,0.5370959013473693
382ad6767cfa57cf46d5707e,0.5137809877129069,0.5120552011972466,0.5154353217773389
d993f8f75d663538b3a396b5,0.5859237766735665,0.6297622267684275,0.5520929838062265
d6cfcd2c6fb5d03515bab7fb,0.5673397150080234,0.6189009396367254,0.5347016939094877
0c916d2bba0d121f599bb048,0.5042430903155427,0.5684984456307718,0.5540314194783988
2cf99a3acce7b4914b133afa,0.5297640157706232,0.4176290536191205,0.4386826720871563
d3db37423e853d658540b33e,0.5723572985769017,0.4708520172514397,0.4288955499590679
f7cba6e98b0d7d7b1c6b2ff3,0.5723572985769017,0.4641206483852891,0.4221475215411644
957f4817cd50812d9a5ba2b0,0.5167020740136603,0.5566131277636233,0.5597200722262493
b54e5874452d2b946d93b090,0.4839441336128878,0.5095813303015703,0.5358104746481395
a5b108b77ba25fa9730bfb22,0.5859750829218727,0.6392059758350742,0.5608266764372859
3f16f793bc0b5c77f2263539,0.5370319798358002,0.6314500073476137,0.6079225206019334
1baa9d9512f999def530e300,0.546702059888978,0.6851674479668463,0.627690010191001
020e4a526f1866e2a241bb62,0.5702809154513357,0.5002494524632402,0.4199403908078408
51107b0da1d1f6d202a89374,0.5354298988236795,0.5141792383963496,0.455305720424493
08e5f29cf34cba34ff031ed4,0.5016194457263081,0.4202087939910241,0.4085359460315779
4d65bdc9b9edd8b9c4478375,0.5563093619192148,0.4783550386815498,0.4276983715748411
c858f3e0c52feb4a4e98dd6e,0.5407350951186234,0.4742026471947467,0.4769379532071744
a72f9854ea3f167bae189d61,0.435916253668918,0.3585188872547801,0.4080519789379881
778a3736ed3ad83da8a24233,0.4997305677763745,0.4385957088820567,0.4834345461235675
f04c4041d2670045632a5d02,0.5237176080449039,0.6109738816987818,0.5968035008308481
750dedfaae544e6d927c4dd3,0.5764453845932632,0.6305849525936297,0.5453761180441474
4bb9db5ced7d90fe8d5f2e76,0.4696299334007173,0.3929133192735243,0.4901871934890083
329428106418710a44501392,0.5487093027385296,0.531051029438628,0.4664362858664732
6fc247125d6b94ac2569408a,0.5515098027170308,0.514258288981586,0.5026477815699639
dcdea74e3c853719d3c3a79c,0.5599757409306283,0.5289454303787979,0.4772373123965404
faf7099a051b0a4c8c7b80b1,0.5336018341870185,0.4313577984047714,0.4309305335806773
e6be6e3fc82d12998d27be9a,0.484199152658574,0.4098142247427232,0.4171140091961107
0fc73ab21f774840f31a2798,0.495524738387784,0.6057327564577645,0.6243605445765774
0a558a5e5f63a986d4fb1b2f,0.4828815097896938,0.3657453966405402,0.4093537153635164
5057ece42cda4dc9678cdcd0,0.528367293128401,0.4953712567912732,0.4664536841593442
f27d01243936697f9ed37b57,0.4902329300284946,0.4701173865527946,0.4836929309494256
7208a3c07c446b8d5740baab,0.5505722938052047,0.6650638835219489,0.6132097590762602
ebf759321687ae611ba45c03,0.5075133543053574,0.4417301608996268,0.4439145923458825
726db1d913b13637d8dd1433,0.5305840309358856,0.4217347757124749,0.4485760301178775
a3ed2162deb2fc9f446b5ab0,0.5305840309358856,0.3951955285319021,0.4213966115015922
024ac32ccb8d23df0d822a10,0.4940923307210014,0.5082853016297967,0.5151481769743557
5c3758955e988953fdd51978,0.5499425079615854,0.4914239011931242,0.4271603635251799
34a2d87eceb7946d7f8853f7,0.4856827264186829,0.4526348021637545,0.4095221632232744
16e3d9393f3e77f55f1fd396,0.5652590163429783,0.5518925425815647,0.5138862145503243
b55bf71b50e96d12c318671e,0.486398447679314,0.4108740485915189,0.4176532114856006
a50dbedd435de15e7eec49b1,0.4304670082947953,0.3704819392442114,0.4226344469583128
0e1df0a1281b9ca9d293aa0a,0.4700165827850169,0.4050304594305839,0.405235250635674
011186f78c67401680fb073c,0.4888092004702471,0.3991136461912637,0.4135024577582826
496786b09d0add7f851d2ef6,0.464554073594484,0.3665860318446077,0.4222546936664297
a9357a420afd8e5deddae9fa,0.5764905205823778,0.6441493244965213,0.5677183283947689
9ec7cc93f81aaacbf9551272,0.5390782511691802,0.5752564605473325,0.5178205972677042
8f2f10ced928aeda3cf83b0b,0.5484112434410632,0.4649370481906833,0.4241496055167545
e6b31087bfaaaf0feac82076,0.5484112434410632,0.6212090339250389,0.5708811513763716
4356aa8ff4439aa825f8523d,0.4668161925275633,0.4182910374270276,0.4090781870067639
d05fc889e17ebc8428a41add,0.5688046229233882,0.5127830477680764,0.4423875466715948
c974b3a2e09a01458961e39c,0.5682597003780536,0.4592306098903907,0.4415036093857912
2a36032b5124cc62484eefb2,0.5334616653807196,0.4737685476299025,0.4229628543363823
9c1830dba8c1ec27b26d5a33,0.5474014856940376,0.4808259368268855,0.4141553559341315
ad50a8c5371bf722fa70f1a0,0.5328052371701278,0.4681108478568557,0.411347856730629
28ef343006016f131799f1e4,0.5252056367598186,0.3616987025447356,0.4052783625895857
0ba609a9903d99132218f2f6,0.5260905993757965,0.6194459408531447,0.5832395867028602
e6756a624d4e96285bc78740,0.5373418563451748,0.6134409870668012,0.5727529533572973
280380e4ed3ac04b222880cb,0.5424129314133264,0.6519174027403416,0.6237145846362998
f7a69048cd6a05541b85428a,0.5526538126953422,0.5161854142897785,0.4960384773905658
616b29cc4dda1d41acac1a64,0.4842138263800599,0.3679793435277192,0.4516264566224826
59878c2045896ba6486881de,0.4800390688701916,0.4211598385442019,0.4670885255172566
03f086b89470627ef1f88e76,0.5211446795181468,0.4684971261373707,0.4533584560428182
233625340ef476414e1c84fa,0.4663175526240589,0.5173522746393482,0.5579164190814019
79bd0d815dee708cd19cd82a,0.4764154976323222,0.4563779094149669,0.5090655497741781
8e4da02fbf6f0225f323d7b5,0.4821711479209257,0.5501563065692922,0.5773053807403229
992fe11ff98e1047ef68e7ad,0.4846637361346237,0.6056727883289187,0.6286709789275908
b51ac49058865b08c16424a7,0.513165284713541,0.4941961303599087,0.4892792604220664
c44b715464c8f29425cdb234,0.4694663849469428,0.3928495096474737,0.4163410202435768
ad9c02d288c940dd9bae5cfe,0.5781328241817982,0.4098557870185615,0.4312141609890762
28255377bae0f2e2880ee9a3,0.5413113803549524,0.6090054489844858,0.5963401372744092
aacd686b52f997bef68fd351,0.5479210941305002,0.5815288269458159,0.6018680213587453
a51c5ab30090e768c646e9f6,0.4918706979420304,0.5648127824889209,0.6056743569505445
5b8eb7069c982aea897ca142,0.5341770124639061,0.4970305520011847,0.4946884792479519
2f6e65569b52b4521ebff3e0,0.5250397215420601,0.5080572606773356,0.5262221768467759
11385fcaf2c95e8f9c6aeb57,0.4864078241667789,0.6048389692524007,0.6253645687654129
1f29d0b2b1fc16c99852dde6,0.4779560425038228,0.5567173799904923,0.5443735976737568
1c452fed911e10660e76ddca,0.5409182303507636,0.6356605187091662,0.6219733651078632
591b213ffd86c0afcac34caf,0.5004729308101656,0.4453151507741008,0.429458139516853
8b554431b3a04288c2713bb2,0.4991664945807303,0.4717628980928031,0.4990238939187696
f57f12839797e37c64afbe98,0.493571801059234,0.3950772202191815,0.4440439047532027
8d7afb15bade1a0b5214b801,0.5245083691719891,0.5529178772915626,0.5757746624202296
dd4a4e7d5cfe64827af02eac,0.5566790361778663,0.5466249827192593,0.5426859819590628
fd10495f0a347292763e0c3b,0.5155374801705789,0.6320069550281378,0.6095360738637544
01b28b29e4256bfd6c6af518,0.5014954890993959,0.4890647476357503,0.4472977073372853
3fa293c4dbc4e20f773aa059,0.5268237730178849,0.5353030314263992,0.5097722483054247
8b4dbe1ea5304dc71d48143e,0.5032793187986697,0.4652369289751011,0.4797389267619988
9a4fe0386dd201e48af3df58,0.4732423179532732,0.4297487845546238,0.4380202848092823
b6d20ed16d447177cc1e898d,0.4919684943564152,0.5007281852991707,0.5182947048645856
4be9b5e89250b44ad79085e6,0.5333420936977236,0.5658954540950337,0.5542186562392103
749fb4c33981a6f83aa43109,0.514975451269071,0.4184613585246977,0.4164391980502814
26c32928c7d696b42e00063c,0.5609246713682922,0.5056393468525954,0.4802114454027892
3512d01385fa71aa6bdcbe89,0.5498331524262458,0.5057884332199267,0.4762947473586538
5ee5934bd13520dbda9b4548,0.6039858792003541,0.6209463005371239,0.5709924939289733
b18ad0514308df5cf2042de2,0.5084560989731594,0.5202660345115457,0.5162177220359939
d98dd0815874d78976d16af1,0.5326612742588529,0.531874486443845,0.5155024582920408
0b728e7028ec4257e6ad42e9,0.5850423668434,0.7027277899732222,0.629704152031769
f16d7367eba5211e588ca0c8,0.5756995336155791,0.5408712016456755,0.486342080328628
9b61467d06bcc5e91abd0dfe,0.5114866405328266,0.6188482630555057,0.6152253354728701
699be3898eb0c5ee6399ad0a,0.5180679348064318,0.5443831287499923,0.5485741488947689
c69c216f4788813152902536,0.5339938098723058,0.5389033143979006,0.5417895820673642
4f33a29cc38eefca9215f33e,0.526050956757124,0.5971782654833914,0.603253833690088
059a19203990c7a2f973615f,0.5593388016669887,0.5096058766352807,0.4969775388968335
938deaacd518ebafc4ec72ee,0.5242983317566311,0.4537827525198453,0.4176867703147809
fec9712412f559d8813acf80,0.5001795552420141,0.5484242451169083,0.5813502735157353
f7034300dacac96de4d6f7e7,0.5299884796346667,0.4750289007894204,0.467346481596134
f6da4ec82fb7d4b3f44ed4b0,0.4351246760131307,0.3731055130283953,0.4505938064922347
3a7eb26ec2065e55a8cdf6aa,0.535013967383345,0.5194138348247314,0.5132300596059571
4fa9677a4eed09fa76faadb7,0.5695518476787171,0.5569638998855222,0.5376740647235172
bbeb4880af591f988c12f0bb,0.5330351521955412,0.4929835365776958,0.4962416212548043
569078f7c628a621b6b666ef,0.5293003048352798,0.5497212377559872,0.5596290117317916
f4dd0c8db0039bc9d5b6ff2e,0.5262730413099493,0.609587100945445,0.6010615724282664
8c3980720814373287409e0f,0.5310578686887791,0.5736028875365835,0.5880380233387256
a9e6590d6a5ab0c4a6b2598e,0.4948909440098382,0.4580500829644516,0.4316654324789042
2ad9c00e31676a1cd5f88575,0.452025599267625,0.4055967382293326,0.459388453418814
686d16c6cec012816e6aa7c3,0.4572583148116,0.3663158805935901,0.431765169201152
a9da873ee9937b88111c40da,0.4581408403871921,0.4181286635865382,0.4265748982110175
5dfa185663babf30034fff20,0.5229708341195445,0.4582936587843318,0.430772437318726
a9558724ea2bf814d69653cd,0.5280478036430012,0.4931660056901489,0.5192866171206393
fee1c53c713d9f2df716d6f5,0.560680832800449,0.57203254067001,0.5456825264904177
f37df61eabf73e4597b18a4e,0.5268291864004425,0.6113460807629115,0.6206286859348613
0d3047b35bbe3909bcaca475,0.5611129951111724,0.6208227167667224,0.6075021942483707
0d307a6ff7ca5f29ad286416,0.4848139610865498,0.4360510950456761,0.462382904582893
717d6232794aa2b23d4d1073,0.5698334076138083,0.5634571713944452,0.5131602922741155
9d2cc68643be402d7b66545c,0.5169962193830735,0.4996620112768187,0.5394282742396126
caddd87dcc3c8468ca2abc71,0.5442374916479226,0.5829050863099887,0.5825377094246397
549748a9cff4f9e5b9588493,0.5481985461800396,0.6412254359805603,0.6122156159161245
ae343e12c706966d5443ab09,0.5147348571761426,0.4516451333653182,0.4374969871340617
e16a9d1ac0b32d9c5883f7c3,0.5658918110549904,0.5845597785644507,0.5730711321812991
8521beaddcef942b1c282246,0.5416207691632898,0.5562414877691845,0.5514856703801954
c82ae308df3d7e113fe6501b,0.5702867908619026,0.5039064180020224,0.5019988559569349
1b4deed960680a4bd1c394b9,0.5820621429272553,0.6825031732591675,0.6253771155861791
a1a07079fc57436190f86630,0.5734827048626862,0.5587563400962057,0.507295436841733
f732ab30e2d87f2fc34ae59c,0.5455954864638746,0.5429745758484856,0.5302689200767947
6d545af5b623c8f4c5f84073,0.5409407595586342,0.6347435349896166,0.5978743375517086
df80da85657bce4f59b1dcb7,0.5412283716193158,0.4886023134839369,0.4358023457752331
2c567124d114563eb935c93e,0.5932942704528652,0.5640564841225176,0.5285760157494267
d42fa82d833d59d689c92553,0.5501324790894827,0.6793902565854211,0.6227445125655942
3923e7646a0abc0e112be81c,0.5017467884771252,0.4451311310110738,0.4197037374940308
c94dfeeb4f152cea2d7e43b2,0.5278588194186931,0.4661168085862876,0.4685714520885681
757a545de7ff8f1959ad633c,0.5746187198746505,0.6527015997854623,0.6197942725344725
213a160e6f54045b7245e3f4,0.4927306700510082,0.4275536652526141,0.4297970893777104
ba3b98858f5bd88f63e2cc1a,0.5318121332523169,0.6243836909598497,0.6115475088642721
66f820782e1ab0a329fbb17a,0.5332300643539745,0.5939370656374013,0.5890865876649867
61dd500bad7ce64343e232a7,0.4736045181321202,0.4367602247487899,0.4999873879697109
cd23284816f1818ad10eb071,0.5307564708579582,0.594079352428972,0.6022339672549935
bfe1651035b146dc03e56d58,0.5328983224146433,0.6084869299565527,0.5736864789748415
c6af6e83747042558aecef3b,0.5245519299467523,0.5348984585886545,0.4870309748744619
1ca56f3d665e5c5dfd8c9e5d,0.5586032751551677,0.492353488196655,0.4724225661993992
30ee05fba261f2dfe6ac3eaa,0.5228740295568138,0.6009340960660255,0.6283283885498772
a16d53e80e0f25169e674632,0.5451229787942959,0.58578331188423,0.5559197595726852
911910ecacb58787f1ede294,0.5327377655650549,0.6078207792521104,0.5733355907947155
62117a76b88b11f00bcc5e1e,0.5447296914518198,0.5353205240884464,0.4920215075184586
1f19862f72b7fdb9ab8932b3,0.5494110845137453,0.5950109316438204,0.6080361252824658
ed056cc6f0a502e9b47ff855,0.46961614462068,0.4220029048424192,0.4673036518266473
1241b9a1bbfd325bb7703b08,0.5338988921141737,0.4780750556754893,0.4626415345741747
6fd52f96f4ce3e424bfd698c,0.5699118677236283,0.6252950311892953,0.5905338971918955
21365760b1e4bada2c12176a,0.521954663293556,0.4480073789523988,0.4750589550680703
69c3c97140c16449a473af2c,0.5194319710905393,0.5187860506977632,0.4875089696391604
77bbf47bb9050b9722484a9a,0.5601177952175362,0.6062982956904195,0.5993900140352547
4ebddcc7efa415934e1a96cf,0.4922299162863998,0.4605889424742926,0.5013564617597875
798808d6d03d61737f4df84d,0.487633216689423,0.5008833991030772,0.492512633703131
5fdd6e7eaaecb9cc5fd99ec8,0.5677897977429354,0.6092666730451908,0.5442278922307646
963477ff616d6f8df28328b8,0.5250947344585966,0.5936660445251087,0.547031745877937
6036f594d18020e893ab3774,0.5741997479503479,0.5531697905435026,0.5346289672801191
f52dc09c2feba3027eab647e,0.5378882082434335,0.5502094249092617,0.5378106065170387
f6b2ec460f01086e887a0e9d,0.4410996629677897,0.4966396683842057,0.5294333986894697
38555c0b525f66db1d51de5e,0.5286992574989487,0.5345961745678417,0.5084270278485252
55be0afb7844c7a8ebd5803a,0.5616562298534443,0.540175657063927,0.5318753646943665
7eef3813e42e8b494c0f39b5,0.5131703912699328,0.5516037568136263,0.5642593668491298
5c534efa9daa280b056ab4d0,0.4653759280401072,0.4454288562578207,0.4670677962402912
7db59006fb1fbe069b9107e4,0.5534836140952859,0.6143779242384727,0.5755645642779225
0eefa0bebe4de451e7d0aaf7,0.4667962187237499,0.3241606374426516,0.4028741275836819
f5ce6aec8a5309aab9daa14d,0.5063671786084771,0.3907168843310066,0.4353466246528793
422fa4eef2cc4b7bc2878f26,0.5055229012631961,0.4684008728982205,0.493442058214481
1c1256551ee3f498b05dc499,0.4625410862949078,0.4354786019615722,0.4516775046097707
bfbeae65115a6521dd3ad4fe,0.5151457929081246,0.4361050888213462,0.4471101350818611
387de7572aeeec0629dd020a,0.4975915672345818,0.3933630739224374,0.4297240162727115
4e6f51052e5c7094c3332710,0.5071965494509862,0.4326255928976346,0.4829982991241351
b5d0500979a84d9cad33861e,0.4708660914098821,0.3980842225985123,0.4176313283474887
b07d937d3aa39f37d5cb6eda,0.5299355303814439,0.5341698765062177,0.5176775322198583
d8d710070ad0c38b0e756ca9,0.4476149841889106,0.3545729411640198,0.4294456410368933
5ec9045cef0121520c7c7bc5,0.4820791644759412,0.4786260654824106,0.4458875433365025
f57e4dca01341665924a6e35,0.4855801658619794,0.3980760671637553,0.4310514852328003
590aae0e669e6968a7272696,0.4746701560382619,0.4130048892349872,0.4754612507019261
e910b6af2d45941c083b8da3,0.4524695751503398,0.3478440418068452,0.4091652729139692
c43b487ad3286389a62c1adf,0.5186892013145625,0.5993536054270261,0.6173056721983354
4d868c8070311fb90cfd67c1,0.4779437379537912,0.407271587010888,0.456852359256841
6e1547b73121a40fa7f1426c,0.521736335029008,0.582592788280104,0.5945054017844013
2885f813448be3489eb93558,0.4570270138168795,0.38946267244488,0.421387230802217
d38739f8376d54487664904c,0.533286946838198,0.5586725585118245,0.5696618224556842
078706da6987ee553739c16e,0.5342472150936762,0.4363363385395266,0.4161372146047125
cda56db49f45be5e89ca7599,0.5602901129286862,0.5149135141520184,0.4743085412247321
c579278611a922b8072af611,0.5248475477488093,0.4707264062315963,0.480672980626445
f4dc0609d125fdf237b336ad,0.5850994272318235,0.6034826410205107,0.5747124640566884
4a948c75d002a1c5e62a32ee,0.5549356866888385,0.6277798404404538,0.5824058674300752
a855193254ce104aaa7694a5,0.4770677221582157,0.5864283029868415,0.6073298888690376
5e09d935479590f0265aa3af,0.5533506285726562,0.6260385762662883,0.5969052670387597
abb21ecbb6ae3646ffe90481,0.504642177649533,0.510867117168565,0.5263708881677167
a2de27e4c3a6eb5f07b71a5e,0.5581485795392449,0.6540280742265887,0.6440023059008186
5cbe5bd3dabd477c796a23e6,0.5007251365991988,0.5317076107604531,0.5380772102596373
a57a147b15575b8f65596107,0.5248050064029411,0.4685550415731088,0.4473654475743484
ba4085a29a63e4192a4b73dd,0.505391400031532,0.5495758093066885,0.5886345578778622
eb6ac6441e0be1735cd1731e,0.5016522651970694,0.4482684480993529,0.4804901020976767
8ce28f7b44c93707a835d6f9,0.5240452059780238,0.4465989441953136,0.4363574769544984
0456bc7f11611918bfe40cbb,0.4194368374713207,0.3159183918272488,0.4168102047328333
9d6d4813028e997c20953f20,0.4423599321673285,0.3534454815230315,0.4124594807078529
c2a7de650a52ac3d1403e445,0.4873056796219435,0.4264002126148987,0.4523794410309015
50a134d52c5e3532ea65824d,0.5110100075791063,0.4431825852440113,0.4785840937099189
11e6f5aff739173ef55129f8,0.4761849196765522,0.5207846375459643,0.5475498316931154
5617d6ffa886c8fa87210a3c,0.5423781694497215,0.5947419894347874,0.5711862463041968
a2307a7d05fa3947cf47b31d,0.4339556174174629,0.3592572605666542,0.4175609932403005
0ac75f5c6f39c7bb14d47ccc,0.5157325526914258,0.4822893694733851,0.4537891859016937
b061b83b76900892f199eac1,0.537044595084593,0.5388719833830051,0.5643017255516185
bc3508606099bee03594c586,0.5123402418037193,0.5891315221482472,0.616921519281111
eb2904eaa0ca027db200238b,0.4998612177058862,0.398799069590989,0.4261949188333275
468b44b219a497d1aca2abda,0.5249975488914006,0.5008643500124882,0.5218646049887082
d5378dd16446a64d4f9eb407,0.4840303651044484,0.531504548145421,0.5859330827389406
b0dee724d8578620a1048fa1,0.5638811648627167,0.6618319284711685,0.6048946351501303
f831e767ea54e51e4ad4c214,0.5747962677361732,0.5779452229894618,0.5001588958261527
9be89dda4a00b5e0676bde9e,0.5057747299820722,0.4784683128775893,0.4900664950384186
49698ca1cc7099fc49cdf75d,0.5949700185501622,0.5113907445795157,0.4849094806601502
4db8dd0438b99da8f402fbcc,0.4667719152913117,0.4299488728478463,0.4842347302787412
b1965b1dc0ec55f39034d9dc,0.4884416382488023,0.4335724597349519,0.4969444460385834
6a98c2c6727b8f8f3ddf23e1,0.5176042751028602,0.5697075111473728,0.5585957055634264
effaa215dab6132b9bc6d019,0.5585496113046337,0.6508317764442619,0.5893963740061323
a2169619fdacad71be8f2357,0.5409242442944165,0.54200085278061,0.5409804748895252
79a73aee7fd1d91f7738e41a,0.5224428243215485,0.4802342790220035,0.4933255758264727
c23b2329eac39a047c0d767c,0.5250235945747043,0.5753962439034157,0.5531695261430725
b7e3b0a55a66e7e6cc00b145,0.5354424528128952,0.5855828371241465,0.5838246639509479
a66ae7914cfbb49f73864c7f,0.5233346994885996,0.5414994459582908,0.5351653443683974
b88996e0d23ca09dd9eee234,0.5430691284076448,0.5513520042630808,0.5332235125093723
a6bda2482746ce4444695b47,0.5006811359747221,0.4069825081899043,0.4582264492097268
120b595d1b5f024c71ba5aee,0.5530710875992809,0.6004436551061783,0.5489530177597761
4861a6c8e5111ff81e7a42ba,0.5390558347253404,0.4355886519153368,0.4263190050604453
2cad98b8bbc71ffded6d9a9b,0.4863139721348275,0.5222712173383877,0.5573697732523901
17ab4add65d84cc4ff348fc2,0.5702408073478444,0.5293368923230681,0.4784033735564215
13896ea48199f91eaee92287,0.5490440708622943,0.6093408111708869,0.6035934479641512
9d0d5ae123e716e01a006270,0.5225265374651687,0.5251515897250916,0.5212331385602643
ead24c04f5be04acaaf9d110,0.5288074702465262,0.4935699096325752,0.5063593660549393
7a530cb053cd58108d0f0138,0.5109287832416295,0.4103466600080888,0.4191987536995709
34789b049b5ca1a6fec96d71,0.520004800981814,0.4226366964270746,0.438670312489494
58f093c3f892642cd47bbdce,0.5201110229576661,0.5667280892885259,0.588708091518571
c22e71c8142f45b728f405ee,0.5427411111571453,0.4958448048162284,0.4516427310278003
af28f4d9b09df3f40a487b78,0.5468796791488236,0.507031838795921,0.4398339296124579
cfd55fa654ee84d9715e5e79,0.5459546949670625,0.490910381439796,0.4990208894168482
7d5099709f2dc4de6ee9c754,0.5348620274579452,0.4977054473321176,0.5238659482134109
ba80facc51dcf29f37bd38b5,0.5469135045160601,0.6355521720855561,0.6266768290202179
657af0719f6dce0a4e55acf6,0.543913101251819,0.670834372110849,0.6242939700142686
cba5380d327b4a086f4ea609,0.5429157755284693,0.6396356590124193,0.6273057558905258
b4d90bad41ce4777c1743c20,0.5491230014566012,0.5172673886984427,0.4507936612994149
f9cbc0c6a0e80f29d8cd8b44,0.510907595117504,0.5208391514995157,0.5302249581800786
0ade28c5bffea826e8effb72,0.5367786433600488,0.6101802334626928,0.5765005969614481
d71bafde4e4356ab6fc58985,0.5713410262028674,0.6995067501691495,0.6143306828389623
24b74d01bba89a61110ed2aa,0.5454639333799052,0.675644890791685,0.6069312380496958
9ba9749b4950ae561d237eb7,0.6033056527462698,0.5990340944900658,0.5588041971407989
7f5dcf4564161776325a7265,0.5398909792449769,0.5779078854627774,0.5703025900367263
c0199005566b6b0099982f14,0.5196749965152958,0.5097105457690364,0.5313250694157763
5203f6590ab94e5dc21cd6cd,0.5378041887115107,0.5087437007091119,0.5267159948706683
52e4f6d0587edc066d64bc7d,0.5726956601015373,0.621671978385525,0.5631915665101754
5f40b71f2b046e0cc2ca1ef8,0.5170986237928991,0.5575800214358702,0.5573022581200553
61e0473838060af6d111052c,0.4983161084093822,0.5293476629263931,0.5574334004978378
e24d940b78ad3625122c2e0e,0.5266529922934754,0.4632715431387446,0.4117384021948315
c1807e1fababad9fd6bf64c8,0.5472666754911856,0.5356438254255105,0.5382754474300377
14df72bdc55743a167dea028,0.5253265354131277,0.5505710488861714,0.5191142003764081
5e1bceca270a38558afc64a6,0.5350008712603846,0.6074439730933986,0.6078594988467517
c26ef2769b9604ebf999d74e,0.5574427646130667,0.6114451403442474,0.5813660977444152
40c0c95b321797f13cca9f59,0.5585399195314182,0.5334414993487135,0.5226472758593134
f67b4160da2e601a2dd473b4,0.5360989760147763,0.5695087390667279,0.5798203473053368
40997110f7c93965de8b214f,0.5446449049839388,0.6049656408785588,0.5938642006611772
e4e1a36c0bc8a72844e1c23b,0.5307473445042133,0.5592043339579336,0.54740786566564
3093e1fef71ae4ee5d4d57f6,0.5622980088314178,0.5487819344888776,0.4828501744980043
f58e944eafeeb5e6fbd8a40d,0.5622980088314178,0.5561411842547915,0.4848110923369584
96c4b88e38add7d41cec8a1d,0.5360961634529009,0.4983791180655146,0.4881710720260039
3826605a87844b6655158af0,0.567792445107575,0.5997854427872262,0.5805069431515697
2fde83d4ee3a6c13973bc7ac,0.4928015522543462,0.4771822342653593,0.504557230528466
bb85aaf31c0105d93214d1c2,0.5591947375717204,0.4690548149054271,0.4128870620910932
3967223068a40d48450aae85,0.5309658530552467,0.5489243431676545,0.5724464802388128
fe4d827722e8f4980e7d657d,0.488740731263419,0.4677949348434397,0.4253203733009784
2da7f990159b6564585c44f0,0.5565973758117205,0.5936605595696892,0.5791094236636686
629b184dec0fdec69d33d44d,0.5387745463860801,0.6094946503819645,0.6154220901339833
87fbc3a73aceb077aa299ff7,0.5643392129841945,0.5926780672725747,0.5345743309242649
b457d0bf3c8cfbf6f70b6597,0.5150573885120866,0.5639628368951617,0.5750266445700754
46eda79303bd5f9e3ed13528,0.5089439655958115,0.5013230892031151,0.495755830031742
298c0ea29ca92e5917de9c0d,0.4825119509155556,0.5467829210648215,0.5854940522725683
b7cbd0dcad1b6fb2ebaec1a3,0.4597475097310253,0.3982837454787488,0.4357679329862768
8adc6c96916856246944a446,0.5806022344810193,0.5216470995341139,0.4499905156688849
00ab347e5c1d7b657aaa9154,0.5225463511649124,0.4960520551698272,0.517912066524423
47d3161ee7283c8922a74d48,0.506515924255249,0.4746894025236492,0.4729998022689244
649e995a0271fceb19cbf751,0.4896208020933664,0.4997197317919996,0.525332447662327
62146aec13dd4b47032413bf,0.5619148874051851,0.6036098348203802,0.5246221903946431
63f98adb0037cbc1ba57d99d,0.5507124301058305,0.5795153259700813,0.565501207032383
77b34ebd0fb733dd67f6f822,0.5417274436533726,0.4905468010196379,0.4958845105434651
5d8f13e5f7e1e6c52f9a707c,0.5550548658579401,0.597213309836411,0.5894283000966356
3174a8586828d68762fb547d,0.5831404297282178,0.4686549695783298,0.4166162220108272
43027923a11d766cc25f7a05,0.5523717564201506,0.4875860582537148,0.4983865444281707
dabd131b2d781ea057be9e63,0.5595365769887839,0.6250583131002283,0.578375622632497
2260783e3d2d9c756cde6a3c,0.5061694870704865,0.4256377324655609,0.4156009914361715
a09f5725d0d075947d0804ce,0.5046790326741903,0.4879448770761777,0.5162444097319349
92202a6d399c8d25f61bbfbc,0.5004169632143123,0.5784117603638746,0.5579200795248833
f416f8f7531306a66df96eb2,0.5631804698124955,0.6432437335428772,0.5921974240336944
d48160dab0489e4e247773dc,0.516821155137141,0.5591060963324895,0.5236367025481852
6816d377877bf0ea3527fdc4,0.5471926529885551,0.6726633010157894,0.6298437803454155
e1b0abbe5d645e91023eb2fd,0.498941808084236,0.4003031841690928,0.4409590543167276
e19fb6c7e3067c6cf06f32ea,0.518969320296577,0.5253733929948996,0.5051337031298624
ebd6d3193db0c473764a2e1d,0.5172163909570012,0.5132736603514305,0.5403455527988799
d8241af6a4da3f4d1ba41b99,0.545018023181251,0.5793126858928427,0.537222143679025
8a5f0027d3324a5849aefeae,0.539359041816292,0.5229807436301449,0.5355059273277589
2ce91a1277e16d7adbce804b,0.5465363997037368,0.6053632140976065,0.6025219898195264
04e2d017940af6b167440366,0.5626799609288607,0.6103876574422605,0.5978297084682743
27896366bef4db26e7df1fee,0.509302631693344,0.506118437441488,0.5216650938553328
3a08753f9fb7845d4588d366,0.581625913775857,0.6908597868634871,0.6231988966649037
589313e3bb23e0af5ecb6a6c,0.5385872651438922,0.4870894777910723,0.458753891087316
39d666c3ba8565afac0e501b,0.5397418677263249,0.5905841774249565,0.5699558556850682
1f14f6cc5c4a015941d0067b,0.582346728797445,0.5598370149568443,0.497543512232033
b8f2aa73e6e15ca5835c3a1a,0.5546600489992638,0.6516321501603849,0.5993450242983862
9eb6a099413bcbda47e0e578,0.4959736419464346,0.4915001384114333,0.502972537975084
54317725736893a810b81de1,0.5354266305879596,0.556747472025666,0.5600661046518115
1cc725593ea2ca8fe8561e1b,0.5656919259055408,0.5494911289252572,0.472661791134034
4529836a52a81742624f90fe,0.5411518707237813,0.6130642332878219,0.6203526481198417
ebd0f514717e6544410e170a,0.5139055446385103,0.5592282138177831,0.5867270747797075
1df0d8cf71006862e5b02973,0.5231277730445946,0.536797351812671,0.5487396547081157
766dd94e4f384297b50d0e59,0.5090765271272909,0.5788017162586025,0.5903105734900866
cdcc0402ccf7a5d4dbcee513,0.5081953546721455,0.4334123476360464,0.4548763435654719
488bb11fa88ecd8b36ece080,0.5066538997144547,0.4049028601795846,0.4217327950804467
ebb5f74bbaa81e1ed35efe1b,0.562749164552449,0.6149590867939504,0.5947597410175715
c8e1c2c132994153c4680f9f,0.5396112830156955,0.6027156065279627,0.613488517870667
bfb3812e3b9ac3c4e01520d6,0.5583418608753172,0.5687030043532008,0.5312450950588133
7f683c79089be8f904474eb5,0.55608342143477,0.4997615665035774,0.4356965775921635
65a0b757a4b1265476665070,0.5277848142869881,0.5366742741850908,0.53849036783162
0e0cd7fae3f5a61a4513e605,0.5113295863591155,0.5013305163307749,0.4770772002507462
ec7cb965c01eca0f0a0d7442,0.5345139704735491,0.5317080430641921,0.5055258077160213
9b4ef45b7bd9c944d5caf783,0.5685047053644995,0.5567205723473062,0.4995202161222178
7aeba6d421f3e85cbe7abaae,0.5697621832193838,0.4996428666786529,0.4831499415495575
8ed9634f40ea2fcbc5ed9609,0.5057865887877033,0.5732393064283929,0.5816787182639515
03ab19742d7c0117e9b4d168,0.4964995926877981,0.4538626353252023,0.4509295934624902
70eacca5e3c3f8f38e52faed,0.5155112733687054,0.5081641372500528,0.5135678653435983
6b87c7d1a1f03add02e9c269,0.5441293713242359,0.5276544191473556,0.4682661933643631
c9a4dade52e65d3205fa7d18,0.5070849737047219,0.5819223362294026,0.6166384622310672
99b8e0540c9135cfda3892e9,0.515316463061734,0.625170721495429,0.6259262383016814
553db0e96582b2dc1cff72f7,0.5402105358641607,0.5461843227734167,0.56250689056516
8435161231f034cdd32100ef,0.545444810712248,0.5431992875205465,0.5150657517259697
280f2fdc6611dcd99906cf58,0.4659755005460902,0.375914182054453,0.4106566667398652
53700660149e92e44a1a610a,0.5432675797427531,0.614266140326899,0.6002776030707377
80078a3d95a84cedcb564e58,0.5451545492932408,0.4939396122300566,0.462115881686259
c7791710ac9b332c861d7403,0.4852647510501801,0.4048085480151272,0.4122469952519692
0907cdc615efca7ef69692ce,0.5321521495172328,0.5382934497174411,0.5520917221898556
220a122362d1d9a5c8f8d623,0.539359041816292,0.4465641781247536,0.4699789489445964
3fad667a954024cc035920a8,0.5292971890142947,0.474978901038212,0.4991136089922336
fb65e14c8f4e0ff58fc7316c,0.5215427035234842,0.578397827626428,0.5741988267976846
85803cd4f5065b3d007c4da1,0.5242077850967303,0.60305200666736,0.5953298888985696
50ebd693a563ddf5ec1daf3d,0.5353339820385383,0.6176896170735753,0.5867153760874426
ed0e349720b75f55cf8905ef,0.526796300644381,0.5389451296339492,0.5488737553347375
d2de208608f2a859298dcaee,0.515740321829309,0.5492777032427716,0.5826109950566138
6bd86be8779fbee64385f41c,0.5775713385817037,0.5654123121357607,0.5285480052464321
199b6990c49152ae009d1bc2,0.5759396140008981,0.5056440235899022,0.5095122432111417
b06203fc305a2d1781d018cc,0.5445352206579278,0.5374425692057777,0.5273720746358228
4fd75e5e9d44c7b7f0dbe96f,0.5485423598242997,0.5687397532346867,0.5359799543451009
c9cb8eb17b1efec19bcde33f,0.5470599670125575,0.5644104459558911,0.5457259135225037
61428e170490715142098e34,0.5698803935123563,0.6773671094486402,0.6041444704075087
f4f103173e9810458e9351e8,0.523650118527343,0.6167273419014551,0.6250045526560744
b6ce9c747d1722cca9390b52,0.4325626006634783,0.4044076011376177,0.4660058111040759
7e77ec36536be81ec67a4f59,0.5736325768174382,0.6366464163360558,0.5394198547269525
13af2b6e65cc05724591a5ab,0.5382390365759641,0.5731600414573926,0.5630065993051317
098778b788ae58b504e23b62,0.5474680169437934,0.5679778041861868,0.5497608824534653
83d5a394ba5a6871f1aec9fa,0.5577369714040454,0.6465864041111711,0.6064228799824753
b333ac301cd1c1e9cc5b4449,0.5549447137190522,0.654147187463102,0.610519775694762
fc0661809df243a3083e8f87,0.5549497368559576,0.5599324491280155,0.5537128773442113
50f07138971efc338f78189d,0.5308103964169666,0.4911763253758318,0.4907886419163357
8d1d70ef82cca45fa8ac1698,0.503367841070699,0.5144988655618344,0.5285413581903528
34594e0fe6ee306c38bbd3c8,0.5486103826256491,0.6212210955476758,0.5959399912638433
b7e829b67f1472cd0fd28ccb,0.4640187318037887,0.4449011326885027,0.4578046010852176
79c5aef3a79445b75294c5ae,0.5355768245950475,0.5927974456956677,0.6105639448993063
c1d8fadfda47c7d09541e76c,0.5246396927925651,0.5897822735299394,0.6219829395232681
2bc09581f8bc699875ee8502,0.4692554073668196,0.4045366015096771,0.4118803648406174
9c0a2d0d40c69def2dfabdc2,0.4948248806317356,0.5994607171381358,0.6147638047437824
f3c04b394b630faa0e1b3674,0.5861033458032929,0.5583439571931248,0.463588284251437
4fd924d18306a227cfbfbcd4,0.5262050633907736,0.4330890325206776,0.4843148368501732
6d5d4af3ca0067fc6111bcb9,0.5361112144601147,0.568229958880821,0.5850398087042084
ca86b70c93298ae96db624d2,0.539596485284091,0.5900023253325417,0.5475146773670219
266068a84cd27ad2d325dd3c,0.5075645915155663,0.4381188018926426,0.4155519431107726
ec2d22748ae604ad2c398b5e,0.5708240745893634,0.5600025358902312,0.4902656206421076
8dcef358565322fbf80b79ce,0.5013051756515147,0.454030762589094,0.4690342811847024
8717566a70411daee45f1f28,0.5568664748915487,0.4678200984054598,0.4517091596526551
9aaa66a3856366dff260f2c5,0.5075990676063631,0.5588380611723006,0.5568259465740033
5c301c709cae8af10b045675,0.4625497318702117,0.3744361313997861,0.4152886166849053
30673e0d07ee0d70407d5f78,0.5014897312755766,0.5538368413939491,0.5875845245424767
9720e0faa735b1b929183dc5,0.4844007778093437,0.367437659485687,0.4077198323823097
a52c10ced3a2ef9b95841e61,0.4861307933215584,0.549169814656655,0.5976791729578899
07ff2613e4f9540d871a9d39,0.548044270666092,0.4766611114473299,0.4948241829536108
b9016ad59a313400b61f6740,0.5253786288720732,0.5935764948500352,0.5780725598041172
421dae944915213008e2a00d,0.5149667158933319,0.4448299593704528,0.4643761215462721
facaca7ee90c93a4a40dd7cf,0.5428139462913347,0.5032562283673652,0.5031287480240528
91d9504ba68950cc6d94e919,0.5337612798753452,0.6248850566945179,0.6032807886073397
9ad60fe8da9bd8f2a102a481,0.5122232709981781,0.5353254380942524,0.5626540444273935
19b930f2d03ebd75abc6cbaf,0.5406164490460935,0.538712408191168,0.5205336164561913
80b2efceec9c278402ceaf3b,0.4887224792119077,0.4711916990174423,0.4475922859058942
84255459ccde0453b5464442,0.49531534943038,0.4748255775798601,0.5177362280846843
813dbaee914ee3f31531a48a,0.5277789530047202,0.5068590243439105,0.5276112746370062
542f745a58a3e953ff492ddb,0.4984956021600061,0.5783996266414722,0.6164657897862662
31df6830517f4fd8ea09964f,0.5215031978810268,0.5066653669796003,0.4808201973138551
de9d13d7b7f94605ae33ebab,0.4668925010210226,0.4312992592337092,0.4720316483537603
8b78209f68899206fceee88d,0.5442098434254258,0.5384343556655503,0.4971453846406236
c7e1763733d74ad23bf540e8,0.4767482944042427,0.435243411106592,0.478467639891975
ea8fadf0fd099716003c1993,0.4916568194006774,0.4250420232145074,0.4037976229689178
c6c034679c1cb94030d4edd8,0.5047451500572073,0.422620832662031,0.4132155843701036
7f48492c1c2c0f8b47e8e9c1,0.5107185346853519,0.551464549577431,0.5676077458924785
b81a07a2205ab4e8e365596d,0.4949923144504302,0.3923710802842117,0.4060166572432361
f5747602264afc811b947a39,0.4841973295914192,0.3628420918806988,0.4126257016382801
dfe87b7c4a47ce44d23c9192,0.5239218568267565,0.6277097467205894,0.6221283464358578
1954ff91877d8e9aa8bf086d,0.5225726667604492,0.4655716311066673,0.502713963835115
1090bef220e14a54ad9821cb,0.4949485128305758,0.3709231708517012,0.4356965775921635
93fa65d9e0764fb72f89fa89,0.5628487572415365,0.5709283402855052,0.498218561904915
a1a3fb19fc5b6173c95600fb,0.5058062830930334,0.5642228314946484,0.5994155495752784
119cecfb9617b8e35be4cee9,0.5337696739525876,0.6827876729524662,0.6230651692153718
a642ade6d9b5d9489037a764,0.4745719824495854,0.5482962153697315,0.5722951308962181
220ada42363fe85db5ae08b9,0.5111767758894156,0.4813466310194475,0.4801670248292107
a122acf15c5edf84a2b9c7d0,0.5007676088624758,0.4164941795991544,0.4352796869741454
d30628e302a00e319abbc8cb,0.5120783610915938,0.5790659858120029,0.5443406963525423
7fb3d636dfff4de4f59322ce,0.4882349456965064,0.5883281907678463,0.6327734853111827
395d70d8efc929c01e110613,0.4497131025668314,0.3731731444587077,0.4058151007151065
44959b80d8ede8d307bf1308,0.560143047099891,0.4685509094211435,0.4813870822921424
63f824c47e1ec51407f56087,0.4668762824714977,0.4456864116164823,0.4744780355846408
8058dde65bcac9c320ee3855,0.5236942469864037,0.5669018367067972,0.5668713574274333
5300f4392113918ef9e9cabf,0.4721364033840774,0.4245640576886211,0.4498851431598129
3d890d73b822f37b8f4875d9,0.4829639909081623,0.3928975736313901,0.4225253043979929
149982960670bef957f1374f,0.4988185769424091,0.4564543560815456,0.4494514650594313
117f239054ae5929df93da7c,0.4495435487466265,0.3874981982649519,0.4475974319948884
c5e51bc892cced1282cc63c6,0.5675392721247025,0.4788045366881344,0.4463111966247508
278ae625fbc335e1cd7cfc14,0.4593992637476592,0.4404900564348365,0.4873444727083434
aaea709a1dec771d24c2bcba,0.5110707366318556,0.3874566386184554,0.4128876927764223
c6656fcb4be71b7143286143,0.5090431516662449,0.4078706573723846,0.4312038506549162
1a908f9dd6dc764b436d355e,0.5428619552361242,0.5488425206496004,0.5016678868124007
7bea1d3079cbc4b696532127,0.5140173638609614,0.5874679733361374,0.6203743035042095
015ea85205b3ab95debe3cb3,0.5020622218620096,0.5510821660807118,0.5527006290885292
4016e0b7594a1989a4e69c0d,0.4964640433250095,0.4135028783369525,0.4073547365263795
07bd8d9875737a78847c61cf,0.5403582609411283,0.5677951763202854,0.5629434274511371
c1f91de357397e201c71c806,0.4866316170092132,0.4040040335933843,0.4289529439706481
1523c183d987853bfb8099c1,0.4761071129100309,0.4652302442643221,0.4464965910306164
3ddb7bf51d4f35ecb9cc5154,0.5352608827194023,0.5169743156515693,0.5056249540101188
9b9e0e2dedc42629bac67b78,0.5136480302545132,0.4377785585458717,0.4352678800492787
57880f746ba98576fd399253,0.5065946497508005,0.4430630611476267,0.428001973110838
17ac3d13bc67fe7acf8444f2,0.5287454963612526,0.464071455190325,0.477291151531445
5cf3692b8f03823ed5096156,0.5407277629396209,0.4651434039096204,0.4640328535079008
e0d640d101b1d41099fdaae3,0.4687908794646021,0.4019988445450398,0.4197736590623288
2848c769c40b492ccba0a235,0.4848608413708384,0.3922975784823256,0.4349345089150697
0a9e635d99ca96ea2ac742cb,0.498257895758885,0.4284371030216771,0.4501767709575596
72039c6cbb83a186ff747f02,0.4531289273802273,0.3572271143858274,0.4220817313959981
f41757065d6b129be9bf43fe,0.5488524229969862,0.4444908009351725,0.4425247371126415
e97c75a890de0f7f41f4a634,0.5064755471054874,0.5301199836669187,0.5512787963651737
b4f174b8a7fc3880c798b7b5,0.5072240395139535,0.3738171369871021,0.4136464019021013
74f36b948d788434f5ff1201,0.4708733267917144,0.4530570900238412,0.5324489325849391
cc72f0f747ac9f50657a714d,0.5393007277487962,0.4586927411379531,0.4371377427050968
cbdf0b826a984dbeec56cb14,0.5076123189412084,0.5271736647656426,0.5584402134328785
9aa607a5aed0032fcfe8dbf6,0.4436482839114217,0.4122858473681999,0.4863405032419493
edaa70c654ef3caa3d85aede,0.5711089954146676,0.6627492217973214,0.6305399236238078
558122e606399af294e9b50d,0.4826058884914831,0.5724485430017536,0.6581147530889109
8db4488a8fbe593cb73e48d3,0.484281599414737,0.3850406956044462,0.4514372236118708
382a9492853f0051753c9751,0.5698838561715748,0.663429722557898,0.5886435677258184
d19d229599187f5720d872bb,0.4561361475218475,0.4101718616411768,0.4430421944518047
60ab31a96ad3b49633bd58cc,0.5168271247982804,0.5341175049032217,0.5543961654847768
60ef9ea6aaf943b1d76aebda,0.5416113742906435,0.5480423555843413,0.5349336714098368
5ca1efcea54d4b348d59bc54,0.5121626908932899,0.5426605506852078,0.5899464283059133
472bdba9a92da667b871a8c9,0.534499532707664,0.6370046115706842,0.6136161569298294
2f10d801e3cf706c53bbd6a6,0.5003964796133309,0.5836872817761889,0.5654684818464903
4c2b3b1d2cc5bc9caf2f8cdc,0.5672506215946614,0.6151839834790418,0.5877358565064272
0d85487f503101e54646079b,0.500271844080776,0.5763067472677907,0.5483309926635447
b134d6b5045386a58e35b2e1,0.5104842051014754,0.4070310486892629,0.4286263092075664
50ba1a55c24f9cc4112a7989,0.510140372077129,0.4908971238895997,0.5120850204138931
65aa89e8d3b159e327d0952c,0.5269677460390392,0.5618200003026066,0.5449876227601345
c16afe52f20f736f510b68a8,0.5032138765529581,0.4165102327666981,0.4503703128182525
187e62c481476c21bad79db9,0.5525712094422038,0.4963126762817271,0.4518934810410461
2ba88f26cf23e737a9be45a3,0.4535528162956694,0.4248933921087228,0.4736811526650187
037be11afcc9bc2a4681c9df,0.477177370728979,0.5423822769142898,0.5225749619711675
52bf9932d1d7622785fefd04,0.5405076017865292,0.5230337398281409,0.4953138274378305
050151ca5bbf35bdf91ef694,0.5290156155717468,0.495872384631178,0.4922195198038579
fea54c7ff60a3141bfe6fa70,0.5324761492047577,0.4755043713520696,0.449138947141838
353345876f18b102dc0fe27d,0.532629209492461,0.4678364950623884,0.4863803352814274
b1dfbf17544614c1c2f1c659,0.5178802758279797,0.5784255661374116,0.5940785672112643
4130dcc33834755f0801cb32,0.5013447213438044,0.5174689169321887,0.5360448248105585
cf6eb008a24ef51e31ce067e,0.5259378701602786,0.4479785467302214,0.4408766709038089
ca981096b7ae8523da8dd452,0.5296596046011561,0.5037213574945465,0.5038083622897473
b29940db8822ae1786a529f2,0.5294806879169736,0.5867102840773665,0.5797946419795337
489fb1b930b5c28413325cd5,0.488951858306728,0.5663535381645003,0.5977680484063036
44d3d313c234dfa295c8a400,0.529507115994273,0.6005995300287298,0.5548247320837847
92e6c6a0bbf51247d4f074c1,0.4706094999509377,0.4762807330408615,0.5322124739346861
1a8f67a0a5307d9f9d54f6cc,0.5665447327140397,0.653670292187303,0.6035047946707816
a589bdad5bd59571e48f6624,0.5446092419496534,0.5572125321379867,0.5033903495012378
9d8b98bdd2937e1ac35dcb66,0.4641912901486397,0.495590288667806,0.4936392865647832
90b6659d33e9702fc5d00a5a,0.4467844597448253,0.4203950882333201,0.4576669116547494
a09f5abac76052eabb7501dd,0.5091073161045793,0.5899877890729552,0.5874652905611811
67fac1ef3841de4f6123424c,0.5469121462292285,0.6209930094205822,0.583024016143326
396467fb1cd6b588493f33e7,0.5294286812695809,0.4850852920814027,0.5185324487812273
4b6df96c259d8f7cbc15ed3d,0.5794042099853648,0.509525894329439,0.4712303105761123
aab74352b2480140bb922165,0.4442100346937718,0.4911194466616572,0.5368702427198834
7976c90d27825ce56f4a2449,0.5124695327306414,0.4281146216605946,0.4464026988676686
05013f19410b0bf09da90df8,0.5832368518951392,0.6176644266511594,0.5735959922908288
957e74ab7557539981c59468,0.5055849714800372,0.5788902308422106,0.5889368148234352
b4ae8f139953a3f311316189,0.5293491641455003,0.5881231614010052,0.55979497563934
984f75de4ae911f8f47a2e40,0.525505444082007,0.4282413187195221,0.4326327502223361
5f4dc3de82f5ea511b103843,0.485797324105729,0.4435559105858617,0.4440459003017671
443b0668350a5fedd4753ec4,0.5356189642392957,0.5155636293638968,0.5357380279337415
4d764513a37dc868cadde963,0.5040226524598582,0.4888361471918667,0.523433834100599
2702ff9ca748cc21294b5289,0.5380284262663151,0.5464917290546197,0.5684555270919825
b924e225d66df435d6f81509,0.5520726636860183,0.5446194542554809,0.4804426028919228
c5bd74cbdb545e6628283c9c,0.5013250763596379,0.4485862057113505,0.4446029987884752
3286e0c8aea7d975a138e917,0.4733688689047604,0.455103698832957,0.4683607466779738
a7adf0f9128ec340e4409475,0.5322994600037466,0.5974999092842814,0.5928922030766096
5f0da51b37d856886bf8fb8b,0.5734930394538552,0.6084212459612122,0.5330829273187427
97a4dc416835fc2b1265d16b,0.5477385400021634,0.5999881239202964,0.5857190970114791
8dbdb0decb9e54b940b671d4,0.5624836492597711,0.5325011451450706,0.5263164045260753
365b829a14c76811d233a7b5,0.4977450742179679,0.5747029186867791,0.5271556869081884
4a4ef855739883279344f1de,0.4717751933635238,0.5408458200619178,0.564951481392814
77f8ecb28d2fdc17e3a323c0,0.552456108032889,0.531412006292991,0.5120119447272041
8e73c24b79f8b5428ea025c5,0.5416610047890615,0.5999568924743556,0.5690373788336877
9df1a006fae651869f22e7f2,0.5315919278821163,0.4634611321406105,0.4592204944939463
a23e2502d1710a377d2d1623,0.4537063463126904,0.5158381483808007,0.5294438004353077
3dc27a286e1af8d5726408f7,0.4798627225369809,0.4134396844786629,0.4217715384924898
2383ccc8eb661b9136c82f60,0.5559740564420552,0.6191981737816395,0.5703286380525792
e135bceb4b0d1cf7b849b992,0.4934148712581201,0.5624147528920412,0.5861826098453704
58b29be09f9d78404d495e5c,0.4825787067749015,0.414137083649115,0.4421592527075476
4c0bb94cf6cb350c6847d843,0.537891451885752,0.4717325490652964,0.437506368948263
531bb1efac624b4017d215e4,0.5649481518308264,0.4952009171699872,0.4785796633538376
b7eb52afb224dd0c6bdae2b4,0.5119613622939858,0.5190207360105825,0.5365791840944534
7ac4b2e12a9278194a0c0a43,0.5569032552196116,0.5794812725770698,0.5909967249602421
b009790b843e7bd1e209f335,0.5564993367591337,0.4286564644907344,0.4215005013599336
53df063b6a1833392c43a469,0.4894757369017798,0.4394303329258496,0.4560174397137131
59533bf6dd107d9349537191,0.5066537640625668,0.4207239249277181,0.4607822445351433
8c8a55c5e1cdf8e07aad164a,0.5026459037484592,0.4140285879476986,0.4626358281688477
3b931cce9b884227db7905bf,0.513716177137134,0.4795219905219831,0.477086795067859
bdd099d7033e710116ffafb1,0.515930352752302,0.4670762470365261,0.4741939127328405
97e1450851fa46b9f9d87777,0.5534983670731608,0.5118585907950433,0.4790036658683619
1bc047561107a53bee77af33,0.5114325493943345,0.4240994552734145,0.4587347488581975
be9e2574a970ea83a24ab86b,0.5035856985355167,0.5096126299765481,0.528411349649826
c7f1e6e6eb4ceab2c03bbdf7,0.5256734330430005,0.4647014064372211,0.4413977032188204
293df1bd3d22c7c21be1c1e1,0.4864645913839802,0.4468109747876099,0.4508792403160212
1bb281e387f9afcab328a978,0.5423408452053013,0.4372574084490109,0.4350511453880356
b19895d2d0f40d60c5abf16b,0.5121279463792354,0.5445733998043808,0.5502577277619656
ac39669f899e58575526f1bd,0.5156386942721597,0.4545019509818649,0.4554474189991935
54f298f4d1c6d8a679c83f7a,0.568045687629481,0.6068477084128251,0.5754697689653163
69bff3546966e8610466c5ac,0.5064145901944792,0.4295264187203331,0.4213925243013253
cb6636734569b8c0bb0daff7,0.5138761450702581,0.4452073939392044,0.4422184665948465
9b715063781940de6e635de3,0.4889838974427902,0.5879181112428735,0.6012734600742193
6757c5776ab441a5ae3d969d,0.5418942318899028,0.5432136450637128,0.5040794893712354
99f6b3f4b25ac8171f9b281a,0.5556146583660764,0.4945993955912852,0.4439737930267579
3940d85bf9a854768f778e5a,0.5000888422769265,0.5123340712058995,0.5110098860334962
565b85598357201103ca0199,0.5178468107768707,0.5736753884164879,0.5790273001201436
b5afb855f4be242f4a1639df,0.5114569150024906,0.5928686193821209,0.5883348856877897
65c37aa4066d3e1d9c55accf,0.5402817146502708,0.6064950363125383,0.5984553198606697
cb6573cf265475d214fefc08,0.5086463039385741,0.504529744504558,0.5167624923563027
6ed23e96fbbd836418c937e0,0.5263135076946874,0.4886830600108774,0.4883462395269264
3009dc953f60d0d324b853f9,0.517470495337325,0.5570257768616435,0.5551627900830216
1d171e192ab9cc8d80037216,0.4923094642425137,0.5245814169794969,0.5082179302362368
dde9c153fb39078fd4823b10,0.5245354688912612,0.5910265012893807,0.6037543058891681
d94ad28ee3c4c161af714b22,0.5387133850846886,0.5684190107578492,0.5596417749419842
bd40c35d787239cb8184b753,0.5445889694774672,0.5879782217037895,0.546567522933658
25352fdf18cd0ef9f672c2fd,0.5690218339893818,0.6768048867903744,0.5958057492966322
3d480de9c3a39d58060bc2c5,0.4867063514737081,0.5773674535651834,0.5781827538351395
72920ddc943b2f87d55c42f8,0.5492340000548217,0.5817532666450607,0.5446305362388156
3534754aa1e6a14b3734f52b,0.5313588540980348,0.5909656554950569,0.5616808679718986
064a628b51cb126053bb549d,0.448584501781834,0.4123165029877702,0.4340514898822236
292dd5f36aae80dc06f9c734,0.4902647637344198,0.5968166881397635,0.5886833543370961
4954805afd5eef06d4579433,0.4534328616539826,0.4228876224389258,0.4553061708644466
0bfc33170eb39717f4f69618,0.4974053617027637,0.4922189650834203,0.5241161898679142
60543e71bff1f2e12baf00a8,0.5325222917721351,0.3976333547353035,0.4243715865398417
aaa8042a778c2d853dcc79b9,0.5013011113255839,0.5395487942305706,0.5269815592361464
84dd41bcaee2c86cd302d2ca,0.5255197850284057,0.5670407147659977,0.5645320146792069
b399fc836efd5c1f8897ea8b,0.5245686435514056,0.5231308093553607,0.4995580505576102
77ba68dc72be70d5990d45cf,0.5170027808266849,0.4107204647540378,0.4215252653572069
21da5c9f585d3cb600d69841,0.5339242557736771,0.5704319821442013,0.5477967757443686
2f2ed276bd68ae4f871bfa31,0.5003766114595459,0.4459572092605475,0.4714506640909306
5edbd67ab029bb46f0a77cb1,0.515043198520092,0.386909869432076,0.427404651080001
a77a3d09e610bb332fe01f10,0.5474939498771643,0.5400038365146822,0.5125234143342092
1ed595eafd9a206b14dc7267,0.5166090630144882,0.5648232615066616,0.5383092053117118
33f9ea68d19c82e2a5d48175,0.4857022217721621,0.4836466665781084,0.4858198249157783
7208110e9ace7da04cb5874a,0.4730196002073951,0.4410262675423021,0.4855551189679639
b621c8ea3006a32d45bf60d8,0.5210097631413886,0.5711950641798915,0.562087824143765
74467c5000635e9396bd09df,0.5019959383980515,0.5562306449541148,0.564902786972322
fedc0f5e6d0dec5df9c29ec3,0.5502871824359428,0.514397733145416,0.478020839940266
03c43dd75ce7f9fa8c10d8c7,0.4680923462956922,0.3903492029005289,0.4428630692802887
61c668a91416ae5d1ae84d71,0.5555466758105804,0.513690160791883,0.5034147484383688
d99b1994a8d73d98276b3bc0,0.4945391826163098,0.4230380314132708,0.4482424864510633
ecc4372e531e66822604dd3f,0.5697822572228973,0.4826274528752553,0.4309981912828572
89f4f6bf26474e1ab64f5a6d,0.4777006267858561,0.4215188497942144,0.4713950901409638
58bf82da2fd208a7b57de3f6,0.4812105095486906,0.3989848836794586,0.4310786524878356
2e3f4a6a9c8539dffcf75dfc,0.4737501420626184,0.4154433886381855,0.4366586651809566
b50d57004f4e630dde97b78f,0.4828953870762894,0.4041778544676755,0.4546905874300244
9bfd5bbc77703564b82622f2,0.4956218660572627,0.4582598027102165,0.4560404362000085
c408136285a39c6bbb556c08,0.5298671328648216,0.5854928344139667,0.5974658825437507
4d409ffd8f2dec82a4d1e995,0.5500031346489703,0.6650732209009387,0.6023642687522301
c37cf0ae38d1cded3bf7ec4b,0.506588878742052,0.5267570994683449,0.5341747423832194
c7d2ffae238e9ead8e9385c0,0.5026834198270623,0.5360123303737339,0.5593604248179076
3fa0568bd809917fa59f1952,0.5842757275037135,0.6352614521308515,0.5950463226768263
fa32dc4751c179f9611c0772,0.489842652914885,0.5815448961773197,0.5676504449422282
cc4129be42c21d006c2dbecc,0.5289041509327885,0.5486620716966992,0.5741503882785791
104c85237641dccce4f47c06,0.5035536770905789,0.5390165909949841,0.5464311583909823
53dcf0e37464549aa965b960,0.4877045833208153,0.5024390602607516,0.520951513176404
0353ef41865400eeac75a255,0.5163604835130384,0.47025243982061,0.4885772903225316
89536399841e71cbea7d34cd,0.5101926856935892,0.50343018811457,0.4879006890851962
2568b4883ce58543b8304acc,0.4793480163242206,0.4048067261869201,0.4265812578147907
4fdac363ec5aeab68917d20b,0.4968698502583461,0.4522100282456302,0.459630169224602
50e885aed20fdb2b19c1db7e,0.4998747805774525,0.485275455068488,0.5141660642299183
4e5cc8a45b384c91d9287b1e,0.5817249438380946,0.5923882653905119,0.5001824008541897
ee57407548d328255c60a3c2,0.5775520504143705,0.5623923972213689,0.5080774344607062
cd882906ef046d207127bedb,0.5495339875283598,0.543778936312422,0.526337395523118
3728ddade3560b059aa895ab,0.5471808192686177,0.6354644136776622,0.6036844737417519
0a0c8855f3753560c34231e3,0.4984928066048647,0.4348415863350863,0.4428154247080242
92ce86777948fd3dc9adcfcc,0.5228154592956202,0.4157894292896981,0.4442931000607927
22d1e069f2982ff31952f283,0.496478488259286,0.4215560759181131,0.4411381837193388
aa96ac91c664aa89687b2790,0.4875187988033226,0.4165388301025227,0.4229326255323549
ab256e4c090b8ea488e25f13,0.5259708922148647,0.5333995106227999,0.4937784945031511
68068be058865a543234faf7,0.5136052675825534,0.5963173492935118,0.6007451820095586
d0b7cc65b82f75e94f056ee4,0.5167635685233529,0.5823140432732545,0.5710147648244478
bc3e27d027b49cfb3e88dc9f,0.564354458649235,0.4466710735362507,0.4335796286880595
8079d529c430359832c23ff0,0.5423844866874078,0.516767522730092,0.5285283550469446
3324d816d5a58b60d27e1a3b,0.5165771125769802,0.6012313489485761,0.581658946247838
fb8cdd009cd16053bf5d42f0,0.5476886244653377,0.6281616235094711,0.59282808032599
8effe5552c9099752161a6b3,0.5580414270901318,0.5639891209605821,0.5219201016171733
be2a1819a84eecf68a531637,0.5583194769137454,0.6000310782700866,0.578307452447635
c8c0d3969d4f98ee5d528867,0.5260437321030592,0.5809266399524144,0.5756823259652226
e3b2fafb3a65b1711b7563b8,0.4790979865524187,0.4502225279051937,0.4553706037602301
acfab7dac7b5d1a08632fdc7,0.4954821347806772,0.4978380111650745,0.4830446933193686
7d31d8f255b22f40e243faff,0.5296512777109648,0.493355104514773,0.4879931298638082
24f014ad38882e7832f79a83,0.4917346708683854,0.3953854136612461,0.4208184794322434
667fd2f45475c811434832fb,0.5694800495292531,0.6308040876256337,0.5793402496778641
1758b42ad1999a35b6f28f2b,0.5653021828895165,0.6273829074605657,0.593770723386811
b86739e71424b0c1f23c09bd,0.4721407596116116,0.5639840273183409,0.5659612140410257
6c69807295a961108cf2ab3e,0.5213713874270276,0.5803017912856118,0.5369959932656921
851bde5e39ad00cad55cf24a,0.5615036984857437,0.6078364007967705,0.5779231008663372
cee5fd53d951d2c592130d5b,0.4461005012247996,0.4504534025150978,0.4785207286856709
704b9202cc0eaa1de45811b4,0.5245384213630078,0.4264714976939923,0.4438415210312222
8616267c119fad18c44365ea,0.4888642554347442,0.44849657183941,0.4606631438520472
24761fb47ee479d91b152976,0.5213150769820254,0.5986782345832332,0.5978430596941054
1340c5a18fd9eeff38f60b5b,0.5298138022057166,0.6079557934387264,0.5800828239945715
6db46426699035298657d056,0.5170031030310438,0.4447296568237068,0.4840001440096674
84e3107f76d06fee833665e0,0.4651072074128445,0.4126176334308598,0.4705271009448979
6c50785df30d59fd4255d692,0.4639119567447269,0.4170754386409739,0.4607059755486038
7bbfd18f61cd5a3781e19748,0.5051876487853646,0.5961475759308565,0.6076211865530825
a60df8ffcd53f648d10ca13b,0.4657060724835027,0.5435961894800059,0.5864308206741516
0f86825054758c02b82cc13d,0.4926957889068792,0.3515543404964528,0.4277179955904727
0486c5643acd56c027a50624,0.5586187088767728,0.5931012361819026,0.5721745422723825
ca8a7557f58c862031ad9e54,0.4945118051467315,0.5538178537358723,0.5704537156628018
2a7c30aeddda11b701ea5dd3,0.5471882871558108,0.5758735694249782,0.5425071262187481
23db124e8862fb4405386f81,0.5093274261235651,0.5049093375230305,0.5076778859278774
24fd22b3b412834520c5de8f,0.5187716283045539,0.4207253624016185,0.4332107885287188
38c1fc99e3846daf0f568d43,0.5163640439090738,0.5092900087298275,0.5192369660159559
b5cf54f1ef6ad1ba78f78f78,0.5190031999553687,0.4657505421080631,0.4610325804637001
3add1aee337d53f7c886c9c0,0.5497414091891477,0.5040888691369116,0.4686184068686533
dc79c63c55e24c5b06e2629f,0.5245157355352332,0.5521255559598056,0.5484726455762372
11328f5eb935bad6a349a9b8,0.4691600250265432,0.4645135690515218,0.4955491215535479
1d896bec335778b01cb2f70b,0.5755329386216415,0.5319091308226664,0.4871611602130297
78f9ad00d11ebdb6ac43d792,0.5259317222859842,0.620388067399948,0.5791143952158369
26125b8a246837f1df56f2e1,0.4964973299719067,0.4511444339369834,0.4785207286856709
e292491994584d72127ef33e,0.5508510840629465,0.5940980314989527,0.5814804244192106
5ccd7f060871b8cf762d26aa,0.4976298574419383,0.413132851474684,0.4432005768468585
6798df2e674c51582b38b5ec,0.4484247914883584,0.4693461452144281,0.5197239313571668
fac339a2ae803f5cd3aa97e0,0.5272715115349234,0.5639160384320296,0.5511865098720395
fb578cd9439a84956834a66f,0.4937364099258015,0.5609060939943652,0.5885773201303077
e2de8b23b34390c74f9cf8ca,0.5079232525088211,0.4218032399746212,0.4541180122136506
2794002c9de137e732f571eb,0.5699490975402541,0.6079852669441147,0.5511511857427986
8618ee00e43045ba6c924013,0.4420184957325159,0.4168259437815239,0.4771000187602217
1d1b3bc803d0f354b5fe7b28,0.4967153549044493,0.5139796353909607,0.5185149245291722
0fa88cd09fcf4267293b1a25,0.5265474047084305,0.539990135889518,0.5361306485318849
ce9e647a1ded263f82214aab,0.5007415811805798,0.3773504403314636,0.4220298934409494
e77582715442fc12da126d37,0.5323854938363758,0.5929307207822787,0.5811214103620904
8333dfd3987e26dca150b394,0.5187296337794768,0.5313572270458471,0.5455195699533463
f51d8855dbdeae2407a43d96,0.5196705580023969,0.5486181430041721,0.5434376772577746
bed3c1fc50794fe772c4099d,0.5093988926377306,0.5553974325769241,0.5395757943537862
cd27772ddd7446e3c1f18420,0.4822897792910937,0.4643835425946934,0.489182585015854
0efa3e716a768e068214ddb3,0.5279312272514494,0.5591048844963605,0.5465455080143253
701ae8b9a22cbb220d0d56a5,0.4820656179980956,0.5159950018690524,0.5675078978818406
3f9099978776c890848e0580,0.544979064341144,0.6106872625074173,0.5897672371717021
f90e5dec5fb969651a7cf4ce,0.4887102675541391,0.5600991021004529,0.5971724960794599
b6d1f7f6fac4c7eb39db327c,0.4913623204650691,0.4272569245930179,0.457407498916768
fa8728ff18efa24310d545c0,0.5062557482770561,0.4858428039616336,0.492211704587973
7b43f2e4f910266d6a565929,0.5059431611450406,0.5241217479513107,0.5418791467679365
ad8a6d5b03280aeda1c9ed50,0.5363119736986808,0.5222503280708207,0.5144657861460358
f6138ca58e36dc11cfe72ff8,0.5704535210217663,0.617806496217101,0.5419798811720441
ed54660dadf8f4c26034a4d2,0.5043603571361226,0.4134809342034118,0.478447791342004
c9eb93754cbdba1382b3abe4,0.521028721975365,0.6212055542317747,0.6442452115445017
c62f75c93f546b9adac63a94,0.4996674877014753,0.5915437344810218,0.6005481103076808
3099436fed86f449d06eed21,0.482737394460212,0.4547961484903274,0.4525823057354093
43785e0a4a6a6af3490f1472,0.517654858339643,0.5773413449664477,0.5942359046568546
f256606a4406b1481fe9b4c0,0.4772864851184671,0.5405480562301278,0.5364043242524643
abde248ba917d998b5a48ef5,0.525141942031172,0.5514404787573204,0.5682973785732494
2ab3b6dfe0231ddae8c808ca,0.5378977145294018,0.4469754659708344,0.4748174065377415
63f9f0305d12db5ed4a65a51,0.5281497642579976,0.5314324403381308,0.5273794802064257
5c56cedc3e5e64f10454a0e8,0.5455915486220876,0.6101477871656004,0.6034264470795081
35ac979f54fe9b05fa777d20,0.5299334249542099,0.4297022514992482,0.4261756001084358
ac0a8f4e513af7ea531afb71,0.5090099087211666,0.5298721960958712,0.5194516086202788
9dd6206563c0d24d3a149037,0.5319389707227388,0.4477136304842401,0.4443252578727363
6bd2e2176da566fbfb52094a,0.511156096698197,0.5130358526211397,0.5069798668798832
84b462da9774f3aea924e574,0.5241734991020941,0.4031015512985422,0.4336435379215383
ef6ceef4156fae3e1595ca27,0.5396135989426529,0.5986980925686473,0.5734374128782915
0e6eba591c2478312fd287fb,0.485654986903583,0.5150369435039817,0.5395476324790281
c90671dcf1e42de8a9e02780,0.5122152026510344,0.4745723073226017,0.4781938563484574
0a5bc54af2364897263fdc59,0.4981132516047107,0.5495877085376483,0.5590640475319437
a43ac6a2f4f1ad04d75d7cdf,0.4931278900037164,0.5258817187473813,0.5450607871117006
87f12630f1fef64bfa76a25b,0.543254445555356,0.6204477493488569,0.6049757655032222
fb0ac3170b3b8954819eb6de,0.5339543796782157,0.5746240866964581,0.5611630083977145
28ad7a1ad550eb5cd1b9e7eb,0.4734626873271264,0.5178217136882206,0.5451029762379711
69bcfbc5caa73bde453bf4f1,0.4951906603553855,0.445493612511374,0.4643576014635713
bd6798af2235c81a5a62121d,0.507357298427286,0.4017496390276251,0.4384749336658043
f66c35763883ae2c862da200,0.5462669464621411,0.6266375655255041,0.6006459529899304
a9936238f7e3d75985e3446d,0.4793576763921924,0.4018247291952034,0.4635993583771698
823f462f1b627c9cc0b6e7e9,0.4880847493003675,0.5199502668176547,0.5534774423058497
2fddd8434b3b4f9fde48bba5,0.5425276274410209,0.5712514056371509,0.5205821965925359
715f6acb924d576560b9467f,0.5383454219567145,0.5186504355115309,0.4802651591877656
5d5104ebdbea0d5840ca424c,0.5520807039980883,0.5192815270052803,0.4958485406245294
869a3e4b437edc6850621667,0.5370636262283011,0.6244628242423824,0.5937137762372885
5f12bd51eecc79e2260a1d9b,0.5553581042848844,0.4742488474286652,0.4417536873559902
aff75eee5071ab7a56862366,0.519385785002532,0.601321581708488,0.5895885731987689
e366606eea5cc24503925bac,0.4944570502744503,0.5698137708878919,0.5848750422233724
c8a93ae90de4155b9488f0e3,0.533300831509201,0.5388519462221305,0.5389740666490803
adab75d288d4f78fd902e85f,0.5154498207734439,0.6082841496581756,0.5960761510057847
974da7f0f4924884028a8da2,0.499544971650239,0.5304380183140871,0.5625134173090691
48d5349e9a12120f7e7403e2,0.5526559736044715,0.6382043960563293,0.6022857497234839
659201de1805420c3acfaaed,0.5042826448823359,0.5364579120303423,0.5670318125644593
2f06ca6837ded3df5db0c79f,0.4766846753826944,0.4020380411007127,0.4299147503457977
1f8e2b79f67ab3f113a75d46,0.5379175089544461,0.5252544245348538,0.500251214774134
cf9c48407cd0e2189b39ad2e,0.4899758832537561,0.4462915143009178,0.4400738204826734
9c2256381f3b32ca6cb29406,0.4471953904111072,0.3828677249521399,0.431003124020472
f29d61be56e2c8336438455c,0.5092947556051595,0.4593126204240852,0.4399392229767167
6cd1f6860d5ac82ae0864e51,0.5316513598723857,0.5338434159486061,0.4864836494942136
3ba667ce8c476df24fa19388,0.5526918290582278,0.5636122988083133,0.5458762086451657
cd2e53ed8e5e9c7cc1551ef9,0.5393460911526361,0.5222789320687025,0.4957210410811908
de9cde4ed1218ea8bc5bbc2b,0.5175263066980329,0.5715424119457748,0.5724640036457908
5ea9c125ffb397b369e5935c,0.4896203115833716,0.5012737516661887,0.4880493160919691
f431766c63c557fdcb609851,0.498852526455035,0.5334510644307453,0.5794587964726272
e486eab062e1453180bef375,0.5282455154238346,0.4613575868262894,0.4884615944898747
362d4d83280de62d813d64ce,0.505123779948133,0.5007075047604681,0.4880054145476052
18e1f776c8071a124fddbdfa,0.5026003293935252,0.5638366095142995,0.5627774711931728
3b329b55140f3eb31dc7cbbe,0.5446604994022736,0.5852189503988938,0.5527972678478769
9fcc4233385cbd81b97085c0,0.4765880061454436,0.5239715971250317,0.5433554281357909
0340b02e1876436e499cac18,0.5111268719359252,0.4356540678479683,0.4407558787457116
6a3bceae656f0efcfcddf730,0.4779105977189471,0.3745103460040416,0.4222443631707926
d568e4849c7104ac75fee5b6,0.5292912330458444,0.5965912066154915,0.5832643609685267
4ec8fcd30bd854cb382119a7,0.5371844376598234,0.4766023608039647,0.4885265433899569
6d736cdb60c80c9c289b15c4,0.5254570648810168,0.4236543223798339,0.4106763535259279
3b1a4afe31c455d881e03514,0.5403602300371182,0.4146808393503339,0.4268589057774904
23a82a5234eacafbe8015bd3,0.498560011819522,0.4633561026075954,0.479493545715162
e8e739b098ffdbf7d5481a2f,0.4536513773169534,0.4450525785765443,0.4724975237718877
f256d3a3da32fd94c5eb981f,0.4907815562705065,0.4876294813567032,0.5275498965852362
5be97041a0d7a1c47448dbbc,0.550632940443742,0.5399327486662487,0.504080858542542
cf0c91fdd40951bb09f5b77b,0.5574731621758493,0.5253305387771994,0.4775990836629733
ed0b3909971e4f50a9e8e06f,0.5366217965933218,0.4648925613959698,0.46603940395237
0172b63bb8c220967c72a48c,0.481941569772091,0.4061879730393715,0.4189507280623816
1d473fc30d29039151e64588,0.4826433109486941,0.5542786622334772,0.5749021829362344
f93fe6d0d2b89fca88e31e9d,0.5264715082184416,0.5810174823461743,0.5932935692125922
a9bcf54d342d6370d2caf4bd,0.5805972866998409,0.6038271704167201,0.5606429204890886
819c87b88e5543b295e10e1c,0.4785529643014984,0.5550766303005278,0.5807079447633788
f16e8e5f700ac906264ecb2f,0.5782567437317186,0.6099710012999239,0.5486002665193549
2bb16d24e98730752bd13314,0.5468619405342173,0.4682613665947802,0.4581260912471838
0d2e6564fc715fb7e8fc7f8f,0.5685349996789091,0.487122844987807,0.4697000371677937
e0ac388198bb4289d8ff0c7f,0.5587225948012126,0.4473664940587075,0.4192566545405415
9ebd3bf8d05b0bdf31375908,0.5211539164786338,0.4518059052439926,0.4463658254875406
22e0478e7ff0ed60af6a36a1,0.5104846650797459,0.5459691601965178,0.5643326004083877
d6bbb97f9994c1595f713fed,0.5518463497688205,0.5877407469655216,0.5396458725849551
b9c307f14f8b789e353d4e7f,0.5023126103340625,0.4599583181998457,0.4449121432971104
81fac0ad9b034e3f031750b3,0.5111247315096221,0.533792003500275,0.5472300588162355
1f2c446befafc0557093a5a3,0.5848297883767426,0.6438254262491392,0.5896907735373299
0da5e26bdf4b9a74f5518b3b,0.5561173954507229,0.6001632643617743,0.5724956888650905
6c425d50f931d4a3a2b278da,0.4491074992535747,0.4515917627603583,0.4810281167484709
cf2d7688243018a3229ebe72,0.4619565199084477,0.5467108647764284,0.5927676419973641
74f725c51c291840f8ed9681,0.505837013270552,0.5716752846273452,0.5952500439468069
dee2e1dc67d25d462ff67267,0.4857854683901471,0.492345928756453,0.5088946165358063
60ef7ac7d8a637e0639fc278,0.5763830667708579,0.6534107460297167,0.5799643825917573
9647d20105f3ee309d2f091a,0.4287411070057083,0.3577147205614719,0.4382429418971542
5c68a3ae1d7918124a8f068c,0.5260933000892118,0.561414102386701,0.5290372202545549
547656b8d7af5b4d5f9c7167,0.5620819191179285,0.5191225988911851,0.4763170540434698
75720fd008181e0af007fb0b,0.4998910464989216,0.4382285837267307,0.4720613028911435
3061b96daa6b198e657456d5,0.503433936287335,0.4985171750780808,0.4935823325515537
5ce1afb57b028cd95ed3d805,0.4537929201480333,0.4723601463130219,0.5291240585344963
34c56c3a3f52e20a6b58a920,0.5496232491644858,0.4936160370067554,0.4635077950715529
ce72adbc4488690088d2e1dd,0.5195644868697389,0.5423444527235078,0.5456937836690907
ad20a20d41f10d797b424d8a,0.5384940601285559,0.4268142254010859,0.4293993226138485
ce2f1b8fe33ea4d1ca1b721f,0.5422456253902844,0.5989873131216852,0.5645388162576995
b1d750ed21e56a7f34e7c4f6,0.5249647196629824,0.3861322421524724,0.3943356134246636
48db46b0d78505e186605299,0.4841383175060652,0.4223805338764136,0.4440204133571979
a0a6a314b870cd63dae5e308,0.5561340192611117,0.6047598342853487,0.578763812439739
40e800a58ce6c264499fb790,0.5726838311287216,0.6145136915968454,0.5266787659275455
d96f3407bf008a7feed338a2,0.5575575167880801,0.6362398455821103,0.60742730907834
c4fd0c38f0681c970d337036,0.546894279280602,0.5438750228530519,0.4986828010245429
9e4fabf01bb31336f542f896,0.4954990207658079,0.510669836845758,0.5053791160162027
8d58d5c9697b9439b119c6a8,0.4949428718883878,0.5301832654293217,0.5568779573451316
8fa44a677a35034d15058479,0.5065733304261486,0.4972567748926472,0.4684072289592579
1dcd7c6d5fc1afa0dfd4ba70,0.5729099768300648,0.6324758815350626,0.562872632755791
b3f019e798d56535fb87265c,0.5609094899565192,0.6219984281731112,0.6016886824800414
cea76217f1b1566f419527f1,0.5417404285207107,0.6231412556046858,0.5593992909461966
78c8d8a2e5a67fcfb1cc43e4,0.5336215027520458,0.5834907217290424,0.5587767205020656
0a9bffd12f0874bbe4a13107,0.5643567555030069,0.6519585812592421,0.5859017755911211
b343ed5fc51652e073a55f22,0.5298866362649453,0.492343692922936,0.4515089046471557
256e83f9a7d64efdc2eb843e,0.5436242199371697,0.6111543175339602,0.5848274340509607
89e0ea746019adf3e5fcd0d3,0.5397508062338889,0.5831246115563015,0.5546531247307632
e3259f7692543577e4f75046,0.4956941743020092,0.5606700392613526,0.5571568316368811
0b7f02b3f73720206d18c6ab,0.4806866594554765,0.4617115246926545,0.4893997551542205
ce5ef4c08cbe4bbeedc35e6e,0.543545207248532,0.5363587660292886,0.5205821965925359
b1f6c3c9ff6307e4477268d0,0.5758484497086784,0.6324449849024376,0.5953377372248763
4fc84572055566cefb122845,0.5362908348196946,0.5056508239918532,0.509666147500373
79524e84bdb0bda7ffdd99f4,0.4706147626679672,0.4490855828669519,0.459465776167819
7f541943a9a5c7bdf84db803,0.5592565378962899,0.5687527006395738,0.5319441040402891
83b73f77aa94fbada1f6411e,0.4611571950161059,0.4290941650524686,0.4593679554717162
0585190b2f7b8077cde38ed5,0.5300044909410643,0.4917310784229851,0.4589086460356331
8ea0341ab508d4a381af05c5,0.5465852464368897,0.5824809338529984,0.5390215699713018
b3ba1304b70ce6b0e1f3b97f,0.459799090006103,0.3600262166668551,0.4386391466863914
37ee2485ea07e68f30adfab7,0.4941578955991753,0.3993252511394944,0.447746075410227
6162e6bd8aa4d65d71f3627f,0.4963407877394614,0.4365194757735056,0.4214084444660007
b02cad934944c5a9fe939fc0,0.5095986519597167,0.4521304901756233,0.455344178471148
8ed39a55ad98592a535dbe36,0.5527073311628354,0.4520758765873786,0.429286635413322
a1459d7fd6bbd4eb122cc56d,0.5921940718631548,0.6449399326179379,0.5519683904122852
b448cb411a265f3d76bbe0bb,0.5083795292626954,0.4809857105176487,0.469254192070777
0577893d4cfd1ed87d9fa4bc,0.5000798382584788,0.4444713431623728,0.499645117102436
89f2ecc8114455cec5cd25d6,0.4412829812016389,0.4445864239019813,0.4725014308581123
5f7eb7f566101728ac8e79f8,0.5745420839275042,0.5691935513437253,0.5438054326236192
381e030a6216dce9667ea3e8,0.5395931348064557,0.5552904603612556,0.55181613567249
57ac0dc127b91853942deacf,0.5017804895893736,0.5135713919961765,0.5142388258172721
5202d3ddc0f3d2028c4661c3,0.4339194674701773,0.4322469116394331,0.4905816822576646
0f0affbf5ecda564f3fc2e1f,0.5075008377127215,0.4216951073973757,0.4599495041739887
66c665083b1507e234df7305,0.5010227333167093,0.5577754397866196,0.5687986687713213
eddfac73cb87768daa70a741,0.5129664243353573,0.5209643295635291,0.5268093815061328
b7ac6b459a6e328a1832ec5a,0.4720020058811483,0.4238609949083506,0.4323658114406228
02a28b4d5408c007ba7bee17,0.5722141792664999,0.4902009668228373,0.4451846907450191
924db18082d3cba51bbd13cf,0.5991170654720323,0.5332137902429317,0.4749626508840128
33567356225c5c1b22676013,0.5490947082731126,0.5063700251020307,0.4808531329324846
5b94f3b713562c3b099ca042,0.4685748144973173,0.452216674116823,0.4903193888088139
e3cf34cb623faa9467534ae1,0.4583762292122848,0.4937599623753403,0.5196574733820092
4b378d17fdca305fa08a892a,0.5057478137569381,0.4413319912954557,0.425672268303527
1d85424e2912b8d41b9b822e,0.553938813652359,0.488587703775269,0.4622976203640493
8743c7af3903c60032b83228,0.4616562793579313,0.4449828998344022,0.4645117384431731
bfa3f732af7de246356e5b28,0.5527612305444148,0.631915537358856,0.611666003753004
d44dfc0a7c37c4b297ebafbd,0.4482413368541397,0.4568824574705017,0.4926003603338807
9469eaf77762b601b7d75ab4,0.5274618244094441,0.545454860807427,0.4925419663649596
2fc1d6f038446d5614de64df,0.5012423374804477,0.4441207926390745,0.4427455659608331
3dbdac4d96cf657fdcb15f94,0.5562113252509393,0.5833091146708187,0.5523794411717028
278c72e5bc23d97c1ffb53d8,0.5239111036961174,0.5202715510019614,0.4929484242605771
c6ed203b260af4cfcd522942,0.5712784360092061,0.4745792528526247,0.434494657247978
86f31677f913577e730624a7,0.5170563072676853,0.4695581428932493,0.4344908550471592
ba0f6a4da8dae8fd08edc4bb,0.5022923402333326,0.3686192616609975,0.4263177249369402
6dc919efe8761c001a8f8532,0.4591197926966663,0.4030484361063053,0.4358438748967827
391b7355f6193c03703b69a5,0.4983489970673012,0.4559604984464121,0.4659636982201365
8560bfd5e0ffab8a31b228cc,0.5511187430989751,0.6462812687291861,0.5872357084383468
fd0df9f2e822f651d9412126,0.4913899116073847,0.5281330853377739,0.5588089364910073
62e516d95609b012c88ac263,0.4770729525814188,0.5596510135015705,0.5752934530790115
796131507814761cece8bbfa,0.5473001158041761,0.4641331138665729,0.4421523290847524
6a4bce6b243f7ac11ebfc484,0.5616495609953693,0.6639589762448731,0.6052091525079488
87b895b4000f2dd98e5eb259,0.4887643590687395,0.4615259553056172,0.5132696483573387
77c3031b381ae191d0e56ffc,0.5237888090167434,0.6152019210319353,0.606169056663616
4025ddab647ff7d3b7d040d4,0.4862219840889711,0.4815270440127196,0.5367878448926177
912e223c7915d5ea9888c1fb,0.5390659986531627,0.4907065572750533,0.4824869680893717
9008d6dec28140d82d14150f,0.5059260370082154,0.4265600257738534,0.4353447253107759
47a63b3e2c465851ffb92b42,0.4595665637985513,0.4215688114226092,0.4920522692646639
234047bdcd915be8a3cada09,0.5360071037881016,0.5404458127093554,0.5266393570458705
0263d90930a7d71905278eb1,0.5339135637153316,0.5931624922960155,0.5594512526162425
3236d026d99930ea2c34ec0e,0.5498856283435223,0.4506708454957981,0.4469514940626226
24ce90463a3df45e9cab3d40,0.4846610099059634,0.5996091154581659,0.5846073703927813
953e39408e7dc838ca9c967c,0.5102989541640071,0.605787010130266,0.6120126039150877
9e553b3999d673457509b308,0.5146466350474073,0.4989423830072745,0.5384047594504521
ce89cc17f90192beab6693cf,0.4965084152865975,0.4010552697084353,0.4384848343898909
5b66729c9baac07e3864632d,0.5710740477342521,0.631201360130642,0.5715596937843956
0b9dcd6adc657cef22f6d648,0.5206901451260817,0.511622548524119,0.5144781880464484
36a192ad1443a9d7495b358e,0.4579110678590165,0.5003680878657583,0.5656687965432067
2c63e97d54c9fb36dbb58042,0.5182669130464734,0.4899864670320319,0.4793400555626642
c6ef18fdfacb45ebe73504e7,0.5415509632067325,0.5883714596913795,0.5879589262945095
8f4207a82b6768e87eba05b6,0.5307693003898315,0.5522218587503989,0.5239560984515669
76dd395182564efd3246bfb4,0.4905819613061525,0.4850806910026547,0.5097920725628645
82065527a1a5d2a85c56a703,0.5270952684351328,0.525695216253881,0.5322338166059574
1778357e856349832ed037ee,0.5662258708095688,0.6321689332081135,0.5974550962050399
8c5a4929e0d5257d531a27a9,0.5662258708095688,0.6257290874952731,0.5910391996868383
67046002e84f784e468c8249,0.4932542807243129,0.553635027557464,0.5758274179341544
5b5998a57fafa98802a456b8,0.4518928115123953,0.4423840700854318,0.5046877761343604
d139471b7d25d8c29a452ee3,0.5267903743010983,0.5785088618851901,0.5892948391490829
68edaf47f8db6a653bb7d704,0.5084138688764779,0.5348062889472653,0.5565370339979707
a5a0094c8606f12146821f2f,0.5220244067248563,0.537846605520736,0.5312448443326726
9dd812548d512dd56c010968,0.5732387359713407,0.6430312322850502,0.6036960768673151
b2d6833b320d2eff2065ea4f,0.5417787032489859,0.5897850589929211,0.5628504309668663
a581ba1edafbf4edaa844ecf,0.5127765077052732,0.5343907007700536,0.5401076063021746
8b3fe92bd1544f6a98892d47,0.5070048141453553,0.5490908063244888,0.5409145142877909
1c3d34059bbe06e7bd7408ab,0.4996122794062335,0.5439722525888632,0.5582175903882444
23efa254a58e6991592942b0,0.4583814686899791,0.4213059963510098,0.4873055091811116
8b92358aba75f893fb5d5c50,0.4904771767631921,0.5137605500718004,0.545328967592053
b1c402be355fa3d56f558352,0.5271869489546513,0.526075904847162,0.5203911569160125
2b5ba4b1a7b5ee127b86c893,0.5158998508019615,0.4836466827223266,0.5442928812017374
3fe0155dcf137e7d61299e42,0.4654877178009223,0.4127485573446514,0.4534461568466648
534e3168bde6eba8d55567a1,0.4787131926516458,0.3691100202107931,0.4242331295995709
8212862f1d47131779324e94,0.5149766730146603,0.5741997575472756,0.5772466666343716
38b0977a17ad02d379c4efaa,0.5363646123617621,0.4911858295061033,0.4339390534490952
5a40099added02e5bedfd1f3,0.5159046780574436,0.4466150959497093,0.4937909165739843
e7a1d476b5cc93675793c9e0,0.5260969498015817,0.5120854824741703,0.4867927278559416
45878c2b4acfd2dedb7dfe0b,0.5348948460939447,0.5832109392149426,0.56709744167261
3cbd1490ea36caeb28ed75d6,0.4910800978060353,0.5202116122932005,0.5684387423804592
a6d4575442a52fc6c8efcdd0,0.5371730927518898,0.5820702793611444,0.5692590028028868
43996c22ba81e74bfb0cd07d,0.4940787770767201,0.4726978270589865,0.468527640636438
275d2608c14072e83928749e,0.5106341749652771,0.5604802023211355,0.5603933519183604
59f885ef00be0e1a52548b97,0.4849307642569808,0.4054881907867876,0.4413497613119803
d12fa4573a8bbee09db9f356,0.4899552005927728,0.594864274033021,0.6134920230160864
4e642e074c226a30f395b737,0.4815703903717047,0.4727166869292934,0.4712340033413469
4cb6176f613f8f514f5f761e,0.5374366276470737,0.5745695882603935,0.5481615595855677
74bb3943cb484c0ca10859aa,0.483290672741022,0.4827617991678616,0.5334431306476021
a64184a8640d319c8f42c80e,0.5509570737945789,0.6133838009977719,0.5748815093631316
2d4f43cad03f83f0eebaeee4,0.4828121388794314,0.5059825589180191,0.5720082950532603
c73b05fa994fdfcf765e66ca,0.5079086670232338,0.6045749450878029,0.6054175164789424
f4bcaf72027957a37610afe6,0.5052360444794509,0.5880737273329834,0.5978919226008749
fde9ed174d287ca7a73b0428,0.4776697208038948,0.4411312274928027,0.5161739794811638
c0a60047635ec7c44e611467,0.5530734860680586,0.5856453188637023,0.585069175935261
5b7c717b9f388e08dd465699,0.4759882277019305,0.4678404084840901,0.4969470915873608
44047a165e64ee762ff707eb,0.5167901779490238,0.5733082263814372,0.549084063360142
ba41418a15f7d3ab3c4a5564,0.5075294773738579,0.5469490057083701,0.5708851665403011
4947fcae416994eaa7b4e93f,0.5626341049223689,0.4968168304755539,0.4717317980179284
ed2896e5f562983485636064,0.4987969160514056,0.4498739810621263,0.4319477602110766
93e4f0148864b449e2a58092,0.4474468089093947,0.5308870347302854,0.5474981275054638
d7d6d63f00c5805a6b39a5aa,0.5292038830484715,0.5580116817484361,0.5246331648123344
c1fc0bf85051e589db0d7e1b,0.584384839591128,0.695935698106411,0.6095006527438913
1402140a1dfc514be8f3c986,0.4535978128625518,0.449559521213012,0.4769950170625166
1b290d0d9636829b7278682d,0.5411634183535323,0.5438678752911384,0.5339333477172773
b5d6e518cf26ac9066b0709d,0.432890228658194,0.4020729989234037,0.4840701179418627
fbf8acdecec299273909f66b,0.5525539668824804,0.4347193064478451,0.4431996701310331
88578a18770be550b1923bc8,0.4864716673856487,0.4411811221108103,0.5062686762292201
025688b8413a21ea7bf1ab5b,0.4949899097138525,0.4367203122429163,0.4735485185324319
a4eb150d7453cefd6bcffbc1,0.5654690021335343,0.4977828663495806,0.4463385973307976
3a2271332585711980c7a5fb,0.5335716702575022,0.5939435611947711,0.5942150777631066
490fec5431393ad895266d5e,0.5070048501738416,0.5334465373407715,0.5443236482520064
dc268cdda14b4329900cccc5,0.5279453788124411,0.4342871286958954,0.4428416319476944
4ffb4be046e61856d9d226a9,0.5553169982203895,0.5014896626753114,0.503736947358514
4530a4556aa4f461f929cfe0,0.4921160286850394,0.5434228116125206,0.5255373085505697
8c3f84e9d9b9ab377babba8f,0.485779277396811,0.4667671092760863,0.506522168621269
cbdfb0a0d130ec6cd7100730,0.5055243730828651,0.5517449441203216,0.555319434414
8712ead469eb556cc745bd77,0.5312742578811286,0.6057787945594886,0.5718675985552748
bfa427d6344d0e76c31f43fb,0.5242914504648579,0.5062247477441221,0.4959919029991941
9eb2dea947081036690c3a2b,0.5493352458091508,0.5247145516217526,0.4819122327691134
f8b52303ebf99cc759dfb56f,0.5122287368782236,0.603383768214574,0.6012273672135596
ec1202591c83898c6cd47e4e,0.5324516751180461,0.5660681781145752,0.5606918384518125
21a3ff3ebb69581d8573c45d,0.5637536975502913,0.5670251342383349,0.4939331878930449
5f20a7627a00b7b6cca6661a,0.5637536975502913,0.6404161279376974,0.5617436662018475
6ef6b7777925b6aa88955cae,0.5637536975502913,0.4750268754911972,0.423724739247156
b4149874392dfbab6877530a,0.5637536975502913,0.6526519462846923,0.5546936831158006
c035f6999e188476c475a70d,0.5637536975502913,0.6287619832072917,0.5791832807893533
f14ce76d3efbac6c8185416f,0.5637536975502913,0.6492109000258736,0.5647517305297076
2ec80ad1e5a68ddf2343d55a,0.5699366630824453,0.519128315072515,0.453652189951603
9b3fdba215f272105621b4cf,0.4411995114185666,0.4042561589069361,0.4576922720212419
14a688d67eba2bbbdf17e1c0,0.5255068093106917,0.4831016348879731,0.4628701579345355
b453560070c970889713af68,0.5189561673076007,0.5842774204664057,0.5879215407425761
b293da1339972a5ceab50019,0.5015203752370392,0.4757756940853851,0.5216718155084404
506159c193138171521e31e9,0.5219106616597092,0.5604377598797338,0.549969197518743
4bdbc32e106d9ca08d09579c,0.4563784893546971,0.4438655448083639,0.4712588315141616
4e7e94a8d7b38fb710bfa7a5,0.4833725084969633,0.4017318562639628,0.4301172706174618
2840b3b2ddb86c4eef769a46,0.4959082156963908,0.4806068543724774,0.5038638128380293
b31955adaab41a0fc28ab9dc,0.4807380864596696,0.4862247993194128,0.5171478384655555
07a0c18be5fdafe635bd9962,0.4879534413147641,0.4415459910080013,0.5266448269470582
bcaba7403e0a3e8a5acbe43f,0.5482685408528135,0.5141081807289455,0.4738124936897205
800b42b84bdf61f9a1bdd20b,0.5241567782147176,0.4974293172594189,0.5143791740603709
c9ec66f7c087bd19715b499f,0.5998293724260619,0.6638468685143999,0.5987034163157432
daa55b139cbdcb82c181b1e3,0.5067009502726147,0.5495464276011307,0.5448965154269677
e986c6add078ac0e0dcac25a,0.4729428041795642,0.4599233234056728,0.4731563940819062
833a69a0bf773cf6c53d0e39,0.5483865081053324,0.5059175110367862,0.4558761176259139
452a50c344e7006003e54a75,0.4942334261739607,0.4526781303497879,0.4397870834211349
269529a5339b323e6314739b,0.5061327886488731,0.5593427149561483,0.5208215990981881
a6b9329b9db6847d09082713,0.537379522277588,0.5546736100314066,0.5373805647828712
c50d7916ffaabf9db4b2dc87,0.5095554840901252,0.4394469621139333,0.440653585396801
b94d2dc7d75a86e555949e85,0.4534107359422223,0.3936944368886194,0.4489750014889625
2e527b05c0baaabdb28af300,0.4996005764637941,0.4603098110085882,0.4580452403099513
01a77e25aa2c031d7cdf8851,0.5047641776167578,0.4562756132665558,0.4696672034115505
80da992260da7c000774453b,0.5422068392675774,0.5014006063333641,0.4611082592952648
27cd712d734f3f6eb6960499,0.4869846119720802,0.4919626005764678,0.4726482136981711
34759ccc5aab20896d5a3c34,0.5499995082448985,0.5031773317587562,0.4763280101963681
df76502531b33697ddd91fa6,0.480569078312796,0.3736879982030094,0.4192396689616436
143faa127e7d9b5a4d70df6c,0.5170250252950691,0.5824087702091257,0.6242864771323082
c579fe696d478e3be32767e3,0.5129968314978499,0.5234539172504551,0.5211258632366087
0444f31cf0d43cfea853780f,0.5539690984130028,0.5431235939470541,0.5471867003524766
7f3c2a13022ec0d904f4b803,0.4934206321328905,0.4491574112377352,0.4356513199675019
5231397944076ba9d8a9a257,0.5227192284123087,0.5333365874644037,0.5497770718723313
21820237d809a2b7980059e9,0.5822002358752205,0.5894160055130332,0.5375174709301223
c3d8ed9e262d49726bf9c9ae,0.4846990214054115,0.4217062525243008,0.4373909800877414
48db11fd315e9022ddfa2f3e,0.5639637202849066,0.4977668025618587,0.4611972443157517
897bb8688c64372a862990f1,0.5394835600812005,0.4419473704981987,0.4524111014839725
693907250c45573833d92114,0.5808076528036817,0.6506698701822151,0.5682948099590135
c0c9c10b950efd160fd93a6f,0.4620482748260919,0.4852603137619967,0.5345769257535598
5750595b1e0852559eb59603,0.5229046262668195,0.5441753499399962,0.5086144410698855
25e915bd4aa03fba94dd8432,0.5746008725774008,0.5356445502196886,0.504078448234943
43ed2fd0dc186d8fad767f40,0.4819064455825523,0.4110332070857129,0.4224751009763157
b1e716b9b093e4a7ea66c9f7,0.5565648261052187,0.5467939876475597,0.4905075561411359
3798a5ebc5d9d102f79bae84,0.5561630413153597,0.4944473059427361,0.4290586189270489
1dc8854334ccc1346fe5c03b,0.5007834688816848,0.5771283258903535,0.593011435126284
e4c299eb6819aa6f44651fca,0.508804048243986,0.4462754249192166,0.4262313785413537
eefbcf6ad1d44a98952fd3c6,0.510743142961616,0.4446960583827573,0.4318866150776267
1edfa18014c602a1f7a4dce3,0.5581010196346284,0.4788835228675558,0.4693006094732491
12738423ff55da05014ea938,0.5108252412043753,0.4045727915840457,0.4314690850731143
5d5d87d635cbefd4967fb11f,0.4736214442529586,0.4199469203590489,0.4386255297189883
11752dd928403cb19ae551d3,0.5433671470453464,0.5588592931460804,0.5208733679501615
fc91fec2b83da00f91bd1435,0.5628920982082702,0.4678958219822862,0.4311909142452658
4d83b4d1d4cbe339fd6e5566,0.5623063925846488,0.6447781209693335,0.5929739295974252
9135166d3148ecee1c427904,0.4766102584067455,0.3994757870706963,0.4352315513838293
d1ccdd49a05a312e1e584a15,0.5689499773671253,0.6193607979789297,0.6012914149566863
d57209811a5524aeba47cb7f,0.466612562603852,0.4149367479412797,0.4211390517236371
efd688aff77e48e78f04196b,0.5198056865844136,0.4339565674171807,0.4504312254671357
2f8a7cc194209d0f2b3d96b2,0.5050229110077994,0.5656554881642654,0.586779020688399
0cfeaa3ff98863108efcb7eb,0.499837474962978,0.5444646504134149,0.5750632081363063
29c5440775551ff75481d9e2,0.5292994251267047,0.4416052671808919,0.4255926924324184
f3c5933cbd7875e3c8f14c5a,0.475012908036187,0.4055001593563906,0.4286933389048255
7f7753d0a27e4cd78782d639,0.4588841821440428,0.4152049815232607,0.4646239959038096
4d1b227d7c68d3c6728e15ec,0.6168460348901939,0.6554369806362078,0.5264050486653489
3faabd029784f673d483ef92,0.5160092144020969,0.4826530612729027,0.4909976627059204
756e395595a86eb0d4a42eb6,0.4716561700516003,0.5510583132691171,0.6120126039150877
e70689e6c319f02b6c2cfebe,0.4892218777612627,0.5278546522149751,0.5656632138234305
f21c9ef67e781dfe417e0b51,0.539518184674158,0.5435814615775041,0.5228850831546155
b07a385f20036052c16a2502,0.5836235472894271,0.535419597671956,0.4877466458352437
6bc5f1e9515e6454092308d6,0.5060104283956203,0.523556227116015,0.5215258851079099
283629338ec575ce78de5d20,0.5355052228024283,0.5399337201290515,0.4929825276124462
e81c75581c9c25132a9d5776,0.5644964091008823,0.4511803202726897,0.4181793239253595
919294907c259318aa4d0063,0.4718868116002513,0.5133592284500057,0.5512672414497589
862f7981b903dbf852c7208c,0.5030574072354882,0.4264596455007832,0.4601491977517656
2406098fa94d6b334a240b66,0.5187430738698022,0.5701732780135266,0.5755149685490105
a182994b6bde8bd1cdee9bf1,0.4772158173384929,0.5678115359954912,0.5876058334639909
a88bd1725f5d3a70aad03db0,0.5337438149639966,0.5424629102074242,0.5320616741975239
f141e8bb38825021a8451ca9,0.5214801273649935,0.5399199668465688,0.534178653204551
cd139320502657673804cef9,0.4772241666200236,0.5605236706021991,0.5883695014667174
5f3ed1d7478b9748135b68af,0.4916760389441025,0.4267897738195728,0.4492430783420647
e23b448d479c99653a90f997,0.534822915659338,0.6034367161119427,0.6106953996529785
011435bd5030565690d47bb9,0.5479597886917278,0.6415970426962037,0.6008077772093493
3c1f37729804bef4cb23dc9b,0.5110615411264133,0.5369789506457487,0.5402162086892378
f5f9e7e555cbb84285d666f5,0.4811439219151124,0.5446699890312684,0.560912696271939
37d11bac19dccfbc736e3f13,0.4873854511683745,0.3647912730476557,0.4388229107555466
eeb6c9a730bbe4bd5f2c3ff9,0.4977589913258909,0.4340430355341866,0.4687516812247661
e74ab9a94f5e44c3c7e131d4,0.5287650655977215,0.488108203387286,0.5047861686151774
af4dcd955df49ea8571cc433,0.5444120615078745,0.4879044074174847,0.4645821439102601
a19f2816d971addf619e66a7,0.5193815630044409,0.504946623276951,0.4818926981343571
e101fc050f517844c7d6a58e,0.53546294863696,0.5860671149472096,0.5345578563847299
b4be48451693e00baadf8688,0.5259152202629299,0.5854650507635144,0.5856923303286757
b0713c69fdf87294812c5fdd,0.5170305656976962,0.4602255341783771,0.4829461556651847
587d76c927bb90c9e636689b,0.5870639567092115,0.5923535631611101,0.567205044381573
7df3c2a2fca2c0dd67373303,0.4712427352582298,0.3472963219170502,0.4287360421963126
f9de31f4f19947ea4cdd1f82,0.4784979317124173,0.5404548748103729,0.5881138007599169
41b1b6563bcb916880c4863d,0.5126053618025327,0.5310204448266029,0.5246356112696504
fb9bdd9bfb4a386e1f4e965d,0.4705427388185991,0.5017791904239308,0.518594050003131
ff73ac945306f2f0f4654ea7,0.5571341522825859,0.6385474514072828,0.5889215115193714
7b75ed3dce3736ca17e699b1,0.5502244172859584,0.5638403504288853,0.5391076964490005
583141fe6af6e65f9e549a5e,0.5432119392948346,0.616033629589793,0.5696109456289529
a4fdd2214f3712f6453d28b8,0.5799371960720856,0.633929625492496,0.5793003467348827
53ad64bd89cab042f121b6c3,0.5000744862301378,0.4905057459435339,0.5231186700210861
f4dae167f6cad624c0624a90,0.4921451426498356,0.4478204124010878,0.4737886828110271
dc2a03f8ee55cbf2ca99d97b,0.550123159014819,0.6514046324772476,0.594323453918012
a41c0c085153cba41bffae04,0.5165709152535773,0.5554116985775779,0.5650481630197712
04a2941d092f35961c532e54,0.5306161615625435,0.6172680159551185,0.5927711055485585
3c0edd6029a93431f7bc100b,0.4956262553496623,0.4901213562902214,0.5283910187763629
9a0b08b3d1ab8a9851cfbd3e,0.5112609275013674,0.5374388087192113,0.5168202482903165
05766f77130199ff1109ebc2,0.523347034062194,0.4834654397545299,0.4944934344389063
0c307a1be7ffcbf4f607999e,0.4934087075228253,0.4884814431471896,0.5177673237471494
9f773b55b0fcdafc7cbed15b,0.5057084377300872,0.5823220632722181,0.5794216613712921
493665c6fc774ecab93bd800,0.5329390630451574,0.6089280356105644,0.5807834503991536
64f25046f2ce3638ab61ef8f,0.5952358262829305,0.5247705105188306,0.4750946517158391
517d1329484e5e1017c564e3,0.4610679056126144,0.3744500542243391,0.4493612060928063
cb5087d1f236eccb2fe93130,0.4389903156092997,0.453183918063781,0.5194097188066901
8df5c16b97697b2d92793430,0.452561627171505,0.4434048374444144,0.4707288595133089
96c0d83e2126baaeb184e705,0.4782649406292186,0.4913530405290519,0.4856825334779675
902eddef0cd236b019eedbda,0.4397861080489631,0.4951465977646753,0.5844299986809698
31b6d4dfee1c6f79f3c05816,0.5253131268075553,0.49597066738034,0.5144743130918763
aaa6d49014f976d9415a2fdd,0.5661920818715096,0.5841534094721981,0.5059059947499224
fdd1040b08dcc42703d80c3f,0.5496289894057237,0.5626239563154618,0.518507172396764
25283d8ff623caf9711ca098,0.5173396967581866,0.5325692635409828,0.5336315512808181
7a69e7e5dc0aafe35c001f6e,0.498644115784943,0.5262407971096058,0.5250316913929249
a5a289942ad0d247f003c25b,0.5227387654725422,0.4684994525560786,0.4758288051609192
66d7e81d0455f9486ecc7169,0.5003723648414122,0.5926505121146572,0.5862312322043207
b1222c8acf09aa2827b93715,0.5307003153232837,0.5228694093847026,0.5230644319856109
c4c21811b6c700d56739f20a,0.5263803465598672,0.5510750026921045,0.548395094763258
3d97f1a17a8d11870e4b790e,0.4685856063128717,0.5400671481941177,0.5811658955143262
02c01bf84d7947c2d68259c7,0.5382653822677038,0.5342530820368981,0.5146744134508215
2cd3135bea3a2b65c6be334a,0.4983690709578688,0.4740584605475333,0.4860963354659476
52adef29a47c1220453bb69f,0.5314109858784393,0.574247269137266,0.5439753825741849
72d460cadb8005608f3ef61e,0.4799547697748733,0.4758172820686477,0.5092290073353404
602366bbb5ec292c6a51eb6c,0.5347852083079956,0.5557372218577202,0.5115057892481232
c7b0a312858b2af050778837,0.4853352416214879,0.5341584991021869,0.5170113230077475
c05bae6a06f5763c0e6881fe,0.4725939300063286,0.4420628257247379,0.4996705583760211
a36426164fb8e2405e85eb01,0.4734603732323162,0.4977296576043932,0.5532433747424167
03e91ad58f64f7c5fb489106,0.5498110201334044,0.6224027915536763,0.5616400116564395
6b9f8d26a85961bc6a95030c,0.5784622358057517,0.6338258527624501,0.6074023889977055
0dcdaed17e4bee180de3125e,0.5748351001737542,0.5971406127028698,0.5181773594419803
d482fbdcda2fffa5a578de9e,0.4848945655039828,0.5497461064641758,0.6012047691007111
f5a4e69c6bcbee68ce3659ea,0.5352477688061124,0.6552579124078023,0.6000077347644229
1b5ca62ad7bab9f249623f86,0.4639152484254838,0.4567116743675242,0.4897520097505551
768b9b59e7fd22c32979c902,0.4967606632039576,0.4297126968031496,0.4504850697360869
36197beccea807261e516403,0.491156432633043,0.4508989511017879,0.5139692856692949
0d84f74ffaec584da1389948,0.5291857460522255,0.5923851969594122,0.5935254800617593
81a238e1c35b9b8b17306d27,0.5008348998300509,0.3603731378590567,0.4143261918421164
4f904c89e2883294d1b84d82,0.482901376011656,0.5678914791026951,0.6004602017238885
663487f2a015d103084a6e64,0.518912570612481,0.4853601565121221,0.4955253446973862
0812ae0b37739623a98b5ccc,0.4791034650678817,0.4805934783550541,0.5435892258536072
a1e8e9f1812b4796e0c0b12c,0.4993733571447285,0.4658524549267784,0.4810209479378138
ab6539a0bd9e03555c3ef66a,0.4756489469805448,0.4565134547752698,0.4666062783154207
02512d019b9ac47ee772d7df,0.5243667456347836,0.6109077143246572,0.5722878829131225
4dac24a800ce2b0529a51070,0.4968774118103977,0.4857598190476513,0.4572667065492687
e3a4551738811c72a73a1ab8,0.4914568365190258,0.5286134286578847,0.5751277989949038
53988f84e3e9a6a508a60480,0.5725980994049185,0.5537015824101275,0.4832846095176977
7e431db07a103c97aa914ff3,0.5597775782190644,0.5397675231948115,0.4724293803232645
51ad6b18ecb6a625eb052699,0.4908018535492651,0.3838998248114748,0.4346775638720596
718b0ffff1d28133e2d7d16d,0.5190896396207726,0.6232854990314857,0.5967187519488231
ac50e9faca8f1e11258dcb33,0.5504073976362588,0.6414580690559716,0.5963115660807177
de06cc874cea8eed145a3c80,0.5320701432906741,0.4647516916186391,0.4594051881914459
e849111cc8e1bd4b636b7648,0.5472193388510901,0.624760126168961,0.5791266374213782
4374e20b66c545d33f4766cf,0.5264575756181952,0.6298197520321576,0.5621483111109992
f353374f4cdfd3a60ad12587,0.5016575795416981,0.5443787723432087,0.5582690530990349
ef9ff8707ea43c9410c9383c,0.489032481984422,0.5857819553840349,0.5859056524100548
a250192a7bca8bb43068545f,0.5719203384710139,0.574496722273775,0.5425525594952515
3a25b705fc176136140ab5e1,0.4552251048985496,0.380942628378917,0.4231476191032761
11cf98f150f03ac029a9105a,0.5371350514845967,0.6220378387479742,0.5923987156901966
fab77cb594a9fca6093cd848,0.5072744788764239,0.5890376139058007,0.5843611851654218
c6aefffc7ae7347c54f42db6,0.5175986654884641,0.6263668665328286,0.6013200331480213
b437412b66cad4b761ddc987,0.5670747633921076,0.5115890713464325,0.4577103999616291
615ffab9b6a442af0207a3ab,0.4940162637590615,0.5397864106788416,0.5515388405931217
0e2dc52c571b75e5e9dec2e7,0.532436967589426,0.5313904798585665,0.5076553079699276
f4014594f840b5e4ffecb288,0.4509154931020169,0.4378616481312757,0.479914557976667
3bdd7906cd83982251ebe123,0.4963973363501307,0.556833664057409,0.563995759133511
83ba2a5e963e3b2b68fcb0a8,0.5036316664280021,0.426265457859604,0.4579166078816946
7952210d2367bd754cec8b1e,0.482718761372899,0.5643254231770833,0.6030346116151553
4eb02698697f79f16dab0d04,0.5212273939572464,0.6180549519607808,0.5805197974228925
f24cc08eaceef1813d34db90,0.490748847844777,0.4464935101838034,0.4814097415357703
3c6f2f94b5d33410cb9ead1f,0.5133927373891642,0.6029581842937014,0.593918360784738
3c7c606764336d7c629ae633,0.5249002425739727,0.5672355218113373,0.5796106187578982
a6f432822c8398429e0c2bc9,0.482874301365738,0.3618110479344401,0.4202189980270976
dec3187b73a6351e6092ea92,0.4972030750946385,0.4584333775601815,0.4640359582212422
62a964eb6064ea8a57d2528c,0.5520862276377442,0.5479112511869662,0.5221682288852855
ac471db66dd2ae7f1fa9c26f,0.5840313731128172,0.4891426574682302,0.4269323129767541
9a8dd30e03d20c1729af772b,0.5519572332114854,0.4767521999358059,0.4553121140077875
c2f4addbe3349814cc3aa03e,0.5134107320374149,0.5310672477286209,0.5313042921417445
a025320a97fea19758f74926,0.5133773241582722,0.5204737972896155,0.5359047926495112
ab18409272b146c4295dbcd1,0.4782386737664041,0.3453693358228634,0.4164855578183853
b21f14816793b8d1c544a2c8,0.5056761079229163,0.4665920706882951,0.469886846335855
841a21e3d278f7b80c50d495,0.5712457782838486,0.5955169449383632,0.5266959250264245
1a3517eb4afc9d1388ffec8d,0.5252845821159995,0.5731460736128794,0.5769152112419479
114e0b636b4b0bc7f8b3c185,0.5013969146167727,0.4826438994460682,0.4921098790081462
e49712d73a249fad047147db,0.5207016787325456,0.6025611897854141,0.5671194601474646
ee7fdf528e2515a2f76964a8,0.4829004983535971,0.4196791580489498,0.4456242775293817
0a3a1543705f4cb5cdba57d8,0.5139399237388189,0.5411944395926808,0.5495250495986915
c937a90bc59386d4bd60a0c0,0.5250459928995722,0.4164038687287996,0.4304279447048296
3d696ac40e0c75e3f37517cc,0.5384909972384658,0.4679098888111299,0.4721581493979533
13122c4337d981b44ce663e2,0.5372456742660474,0.5095614000088885,0.5155495160510875
ddd5f62e71b5285962c78426,0.5363850184449798,0.4887254267790192,0.4448248288665279
3b9482841dceb99ef96550e6,0.5033951156537362,0.3980835219267367,0.4513678481144466
9e5b0555686fe9e88a17f45d,0.4731280631341024,0.4480928606903241,0.534678515042644
0529e94577b7142429d06642,0.5059529587617858,0.5362123369791513,0.5439183031667718
67e1d101f80ee63d7838ebc8,0.4745802806321769,0.5249539024129801,0.5504795720219526
19f57c4a7bdc18eb7b3a782c,0.5397924085746765,0.5162586599801139,0.4910465518848616
96f658aaefe4345c773b15b0,0.5027543789331379,0.544633738347998,0.5417940358286181
654fdd0452f960673431c8c8,0.4952389754432693,0.4049527156397983,0.4382497274514203
ada712cf1c9e30bc340c31a7,0.5488515739207251,0.63509678816706,0.5692082825393817
d7339710ecc7c3ddad902b47,0.5085104082838863,0.530583694831111,0.5329042582100991
7fa3a8cd08d4c7cc9819c916,0.5465473712462567,0.6397588484627207,0.602451264892805
cf617828dc5bb15e7e58b650,0.5727591217742019,0.5720753016331076,0.5078563155473118
d5a41e859f21a6a33adc25c9,0.4867322699570218,0.4535944914846836,0.4304279447048296
ff32b02363b03f6d98d48483,0.515632323964867,0.4633633005712146,0.4538396867931354
64e667096a9246e29c5f3f0a,0.5145389683942843,0.5220686385716814,0.4977074182331395
290d4d7f976cbd6f0c0d7019,0.5592129918243013,0.6316449596365064,0.5698061630874546
e7c7b18e6b6573d780317f2a,0.4970050437180029,0.5820180729891671,0.5621844963992568
296fc77f469f82adc6c6eb89,0.4552997252660101,0.4503385612757005,0.4950583655172664
f9275d3386ae55844630ea84,0.5585530830316104,0.4796555728948711,0.4256031693173742
3895778bc117247b153ad55c,0.540556658439266,0.4717718233983495,0.4720266931821621
44d7bc139e5f370d71f341df,0.558375835195894,0.4547732071416099,0.4623824372137593
cb904bd3d91203771447c993,0.5144340444245072,0.5080180592479623,0.5252499935742437
84e8fdc1d2906451afc0698e,0.5273190560412659,0.4632096223913831,0.44639727422365
49c3ec1d4aa76e2c334b4281,0.487162903636301,0.4752214530984392,0.5294654674007385
d20cfef0f9bcb3efe47da998,0.5371178267866606,0.5687533331832053,0.5539851113504805
0d0c145a96d418950d51d0af,0.4944340210751742,0.4916869790328788,0.5242431348100514
c73575e90398cdce9ec146fb,0.5558861495242711,0.4729996609782524,0.4183124360884092
2958a0b334b8f2c4dbcc005a,0.5150164054489257,0.5786575820322712,0.57608705217552
83e58356b4f29087d0add048,0.585330837347296,0.4958296278937359,0.4299135792725045
901c56b35ede1702fd717e39,0.5508640557697458,0.6179275009282488,0.5814015732469021
6b6777ea4bc6f394d1867a8a,0.541728979803044,0.6433409692647732,0.5957509377177692
09ea25d62cef2e9c1face3f0,0.5919494485850788,0.7042234927598136,0.6162752778795987
dac8b48a4f50a3430c3b816d,0.5809784188381779,0.4814008724125143,0.4436272502796614
3f90d701e0d226b0ffcd3393,0.5002760097169373,0.3971402532875162,0.4086162914634199
0a0dba8fd8746d100e1d1dc6,0.4883286043691459,0.5334163536540985,0.5247184058818308
64715abcc43deece1b58aab4,0.5209875961753911,0.5308409192458713,0.5459703023727704
4d4c57577e4dbbafff2c792b,0.481337160838678,0.4065263350929967,0.422480172725078
979ea6e1e7e230ca5a3adb97,0.6182378777169782,0.6804059939881324,0.5697013647989042
1e827352df2cb6a8dba89623,0.5146494110549704,0.5842800396404444,0.5968140445841295
a6a164f7d2477ab4e572dfc9,0.4881094334340681,0.4677690201013297,0.4843869800459093
715a03ecf0587123129db330,0.5514216011447812,0.6286511053979792,0.5830403244383309
ad21c12ae546e3aa1cccd763,0.508039910006091,0.4965769489160629,0.5091867145886666
1959be4946f3d7ca038ef770,0.5736012239817571,0.5597046335008931,0.4985119969825524
37c17d8af75cbcce69a03c03,0.5591593716641599,0.4206882971134142,0.4266018949961573
18cb0d6cbe888ed6bd90da0e,0.5456485440670311,0.4110875818601043,0.4183118938544672
07d2c11216d6406c70b49259,0.423661431903773,0.3503772917044043,0.4310399940394734
534aca1ae5cb34ee4672097a,0.5313217854843024,0.440195529960072,0.4666202635259554
90063eb7ac7fdd014fe7ef96,0.4861253061706105,0.519743410643571,0.5219903407112179
7bffd18b7540abeaee8b4c62,0.5249831776811182,0.4081362222176951,0.4344944804035296
46c6b4e58f1c11094f98a984,0.5356710262100421,0.4710914750190671,0.4410249502652307
369045241219754ac7212b3f,0.544126975191479,0.6588955959436698,0.6086114599536132
c61dedf89195f811e137dfbf,0.5310376447095926,0.5614519282476841,0.57073603846769
a0e164a49e3d1df8d3ea9df2,0.5721432240791138,0.5017836865069442,0.4555208848575488
be045d95b2a3c3edaa01ae36,0.4479044961445751,0.4580762289634782,0.5037346329509821
b8d5ee4e93b90caa66556a61,0.4845201227310907,0.5521079106700244,0.5499531122426037
e0ff8bfceaecdba090397a5d,0.5863161146275851,0.5249064562986482,0.4795572932959782
7b1862f4b58caf9afe1034a7,0.5032827534389663,0.4834692325804893,0.5087897787579551
fc0fcaa7e148352e21fd2193,0.4838012394065517,0.3720743754133176,0.4506152401770054
6007c603f1fa17dbe8c5025a,0.5181339412543844,0.5140889929734008,0.5213844666698462
a6893123b618d93b4b712f1f,0.5597738179986798,0.5727684239895949,0.5214938154894712
faaa5f7bacc0e3b200bac24b,0.5226537801266772,0.6272907934112874,0.5802444958443235
6a03319ce772b7f3300b9376,0.4897923494014981,0.4127458269586284,0.4534005710348427
826e4ad1d7e576016c9a23ba,0.5102764939373998,0.5568357967662294,0.5697615580866965
e4184bdb19f357b549a9472e,0.4860689790176051,0.5704955544084459,0.5962262265544604
555966036f3e068c798d8479,0.4888760435019887,0.5033246840288692,0.5090662737522281
25d8ef87de98519046d49b29,0.5144011666857975,0.4333651854029148,0.4164570296577279
016611480216a858f703f038,0.536105162598998,0.4651329883285098,0.4802527207864465
bbe96c69ce52dd3018c5fe03,0.513529505046833,0.4995547765513313,0.4965875770144046
9d1b095f71a1a9f32b5c6003,0.5892695203031182,0.6679937674759906,0.6123070806146426
f44a375d886085aed9dc0660,0.5538668204177053,0.4940731657778202,0.466848356209888
50c3156d983470a0ba0ce50a,0.5180719822022033,0.4594710442197905,0.4827631028720614
602881e3fa3484dc282a8f05,0.5072386046669486,0.4706192093211132,0.47399826910982
ccdd354d0d5fc7fb606f4984,0.5753259720414512,0.5332523454940168,0.459580307858939
478e37a3c9cbeec42ab99f7b,0.5185257270255902,0.486798136979188,0.4913382300719549
03a262638f4b7e23cd45324e,0.5835418332683403,0.5273256070552128,0.4598080520922784
0129ae6c7197754cb78bcb05,0.455278521314497,0.449136114717285,0.4847016102524746
1b90cdef57ef82424cb28ff3,0.4838455780467439,0.539069005216622,0.5363252842951852
b94c8dba2895f4a8523a1fde,0.5125981562055535,0.4993682266584252,0.4973654447897974
2c0681d2d5fbdb5ced1b9f93,0.575967701798679,0.4708224902627474,0.4438017208449468
055c241d19337714283ce36e,0.4936412481593504,0.5121944237259526,0.4765446421329355
b9446954b98634f61e6b4a0b,0.5132399001329927,0.4686592517152741,0.4364660960458161
f8fb805e21eab9a23c096681,0.5035988404899511,0.5200806551905951,0.546276510522484
34e27696bee4d618a2b5784c,0.5089751475969442,0.4428903663809613,0.4507430288718636
b28a2c8d1125a9df72d14852,0.5121185302497683,0.4485371613206281,0.4521782430234152
b8305faa0f070cb88bd224f8,0.5493114995465078,0.6463924224469946,0.5963370499698588
0512c847eed352a34a275d0f,0.4863350305591584,0.5532723372798093,0.5746128503777659
38bf915517f5071496e07c6d,0.4679036053855906,0.4502935693468017,0.4652921169688551
e1cb33d82f001f1e588f0e16,0.5191659785349958,0.3674193252987102,0.4206701187013457
1fb0f23bbea836152293dbe8,0.5003687874525946,0.3576016474208833,0.4196494788083775
2476bebee356a4193b6167c5,0.5123557634257054,0.5402256369659606,0.5123335391198391
fda40c3ce6f7a2f39fef0a0d,0.5279623474688949,0.4244714897559578,0.4456559200920277
884fcc12ad49993020fdbafb,0.4645830613632495,0.4081395062579906,0.4412029322971159
fadf02f14ea67833ce8b74c9,0.5202260413149848,0.5076297268017423,0.5088657369134852
b5e7b326b7cc8cd327a37127,0.4789774866908652,0.4637415410231154,0.4769549544730557
8683c36fad66dd5528431826,0.4905593069815762,0.4210037696217398,0.4226916065521874
49b1700743116ecc21564278,0.5327548268735789,0.482141581464153,0.4845586691800355
cc334248b9e172790e983abb,0.5070203340208888,0.4880902437544107,0.5020272041979313
96bc55facc76bfc4368d2a5e,0.5506567543129097,0.5561479841066425,0.5309181098420287
257cc890e4af0bdbae4c4f1d,0.5144420503031042,0.5850990210152218,0.5982203990230847
5c9665c5bd93ee9a534e2fc6,0.5355908251257183,0.4368419163069976,0.4055274379355666
5efcb32e898e9e46de13ca04,0.5518635520441701,0.4881356410480481,0.4719479095561139
35ac48f9136f4e263201b2c0,0.4837429150890781,0.4972381358596121,0.513096717778544
3ac766610d9179d881984f20,0.5145878464511385,0.5423491302215904,0.5266035176937409
b428a1d6b05ed1a088b0dd1a,0.4291425186582456,0.5582296385485893,0.6239088315849177
7b637ae150bf5db069c33246,0.5261537488395439,0.5334030377518068,0.545962455902357
65e092f2efe7ada0b85b567c,0.5188151429914074,0.5842575377722269,0.577156204944372
1f49485e280b2304b776b1d0,0.5118576941981424,0.5595895446162699,0.5504645301610114
c379e43da83bc9f1c52cf623,0.5088350257122286,0.4807215350225979,0.5126669468497946
958d7822b732d4c8a0bc1987,0.4924215278181292,0.3659223705692693,0.4340904801683963
359dc402a1b4dce0d51345e5,0.5944919050056781,0.5403237663522049,0.4579387806587558
81d75399c3816c0ca7fc2192,0.4937788093955641,0.4128177395995093,0.4575287561621994
bb435c05ce91fef2a5b78b8e,0.5473746439854433,0.5978501197389123,0.5374149802168502
4cca9eddd8bb4bd7cb5082f5,0.4580334300821244,0.5442798187243072,0.5750366537021834
f6c3ea714d661d58c76f606d,0.5165102392705688,0.4254500141077982,0.4444214929075399
19d297974c7c9e3f0560803a,0.5623587610757965,0.5711064048765151,0.5165756068313515
7b05338776410b9d12842364,0.5050345029947231,0.4205077094134746,0.4629032779275806
60c0f74d83c7a2e78e109b4e,0.5839580229241337,0.4878786563875434,0.4256702526865673
8fc88905df1e0991742dfd4b,0.5180753848165842,0.5905395550407275,0.5907746303309078
4932ef0593175f23cf5244d0,0.5062688937938691,0.5794544388198506,0.59376924509095
de67a85506d1ebe5b65971f3,0.581518292958524,0.6388727209866524,0.5972813535387103
6046dc950d91c89525786445,0.4818937626436537,0.4195656428964449,0.4453216216005211
4e5aa6472236e3321898abcd,0.4779690963074475,0.5291826167266326,0.5237705779142636
c8f98084af80d98454fdcc2a,0.4991042536132984,0.4610958837632425,0.4760134682225723
f5ddcca61f8d3a1b88c10ede,0.5254318210125636,0.5356363399862738,0.5279978260222947
000e4b02487703dea8523c5d,0.5550107542730109,0.5332294387611802,0.4890776202285117
efb6f2eede1a7dc95922aad9,0.5354452980707914,0.5407826150880324,0.5339020940338758
479e36b8f8085b5531630e2b,0.5228714305608196,0.6180130625378972,0.6123014764961715
e72b902f856aef9d105dd0a3,0.4692920052021065,0.4510301591836368,0.4658125347917615
7e766f8ea7bcb6ffcb6b541b,0.5090785629530737,0.588245810947436,0.5937557650259397
4cc041dc111797b6da410546,0.464046645025962,0.5298801804927152,0.5651173157075482
dba4a32585a9bdb7865584cd,0.4748158368730799,0.4559214662916739,0.5244949456223341
f5e60e5dda711517b532ea98,0.5578407787571296,0.4797749003047234,0.4773279514939875
2d6599c4b44a6b35046bc1d0,0.5772178175664509,0.5959575111949893,0.5641803075783551
7629be7ae2421e7b713d6f45,0.4525230933552004,0.4057921124118075,0.4308637134625356
97225d12a5388031f1f437d9,0.5341806930286408,0.5976696671924083,0.5500501360629302
3e7e2c3a077465030c35238c,0.4701933876437307,0.5151150013763363,0.5654126154796071
edb63957ccc9d8ed7e649d9f,0.5582677211477587,0.4680629044227133,0.4297363888780413
a4822921f2a654861ef129bd,0.5260241717446894,0.6086603732101666,0.5937060954780715
527c04483725a5b883566a8d,0.5380585217194818,0.4858830418696589,0.4717548647710216
bed2d87ee76420bbd1c97fdb,0.5372897955940198,0.5420949790489678,0.5155109542042068
85a918a3f20b3cbb9bd4334d,0.4989429692136354,0.4832551049923412,0.4965693529658364
9c91100c6c8ff1edaf8ca3ec,0.4764691143572837,0.3356327912171697,0.4028854078963355
9db69bc7e183166dc5218878,0.5755201196700874,0.6480703214797323,0.5808291657216205
157ccf18272244a1eb551c46,0.4496428326821282,0.5415939813500215,0.5725145754542076
92148b85cdc094dbae92fd37,0.5398411516379308,0.4725661504283427,0.4216159434713461
00aa6b9e2bcff0aedc5fdcf9,0.4892525680670367,0.5642116670059459,0.5993527663336207
71bd5fb70c9429bb7d53fb60,0.579217724196621,0.5335476038731773,0.475349121779947
1513078537ea259064b0dcd3,0.5267059815853663,0.4264023638095537,0.402228449308538
147c47a7a2f3bb08df9f65f2,0.5592188462590612,0.6411550439062104,0.5616201812426209
4f392f350db17b92edaa93b6,0.4876602580152666,0.5659804732310574,0.5657667701202683
d94f8212d4bfc7b9ea6414c3,0.543292189505909,0.5811854855474936,0.5495347213769928
bceada1adbb100db2eb9c4dd,0.5129852380876624,0.5165499715266132,0.5282150178140258
03d53ebe1591a46f7b442e20,0.5483483197420793,0.5072264125513459,0.4784769905346125
e0128a1b163292ddd7134092,0.5069400413112204,0.4734400124880789,0.5057965013255662
a1bdb3cc0f8a7b075c375ef0,0.498295956106957,0.5248715315341479,0.4887714324957685
e4c5a27aa2dcba5c5dc973f6,0.4863322538651537,0.4067217241015617,0.4666665307794078
e4fb9e3da9b1c2a4aa47ee86,0.4813187566021438,0.3760887608157222,0.420461434202828
1ddbcdde0e56ba36d5cc6041,0.549764518438912,0.499792251050835,0.4816882335525985
59edd41627954353c6dffa84,0.4413763949299167,0.3902139276452782,0.4399715073817257
4f817283902a1617690972f3,0.4839927429407715,0.4458717730234687,0.4900255916688218
9f456b3aa697531220212b2b,0.4891664295548637,0.4201955995768638,0.4452696061156845
110b7a71523bcf24a507cdd4,0.439678695759844,0.515101812790968,0.5432519288756466
e1d2d6470838cfaeef1f63f3,0.5227945891167214,0.519568802066091,0.4958975624522111
3496b545f795e2712898e565,0.5072376123400503,0.5742190382447191,0.5368613851102573
3dad2c7cb6ea76e90e61bd63,0.5253101852548893,0.5680623308226166,0.549884606202378
3af2ecddbc5a9426acddf9d2,0.4681279599832797,0.4622224959678698,0.454524994442426
1fb36efc1223671040959b7f,0.4829010385442088,0.5673420380416254,0.6142516046154503
f1304c5560a01f3c33c3878f,0.523657359540784,0.5047601442664044,0.497339476456215
ef552232608a8493dd48777d,0.5202946909062639,0.5927892223553375,0.5733625611981209
da6d4500ac1bd86fffb35050,0.5499079324254832,0.4445863646184772,0.4101705966229054
18b05a1e98d2892ff1e13da1,0.5466657266633635,0.4761759606681513,0.4567022452382204
3225529954049fea2aba5f7e,0.557516150976008,0.6521137812620557,0.6077434294666947
89454470aa78b2ca07dd16c8,0.5065628798751723,0.5423764485922755,0.5259644232770446
a5e68a0ac550a30baf66fb91,0.516335378900213,0.4282759011754639,0.4291629406592283
c49ca4d2a3dbb4f7fd33a410,0.5243530276105498,0.5864815784799411,0.5828897964452591
d3d18c8283cee1bc73bbd641,0.525101149179007,0.4642298547098054,0.4776558447927085
6e0ddbe9be84eec06f439138,0.4980548992221363,0.407286232311586,0.4558683946494222
ead2840328566c7859bf1c0e,0.5359223625172428,0.5958161681105547,0.5862669820841266
472f22296d521187a8922217,0.4607591485937893,0.5593470848496126,0.6062603889087441
7d0161cd8381c4cac528b01c,0.5156167675854272,0.4237108967845125,0.4119541869846565
bc58c136f1487c761000e39b,0.5022079155948919,0.4882218885996229,0.531349196822774
f59019123c53ecc951d022a7,0.4716059924994789,0.4036766388990986,0.4529869541814073
b9bf8c124ae4b7a911147681,0.5672953046328071,0.4933616286633904,0.4424725646952477
0a9dd403eb937bdb9360af2e,0.5240999428615606,0.6219480351489881,0.6021420347088537
684c5a79068b61785e3e4458,0.5030288821916434,0.406071595132431,0.4161943966772006
2b72c9bda85e1b2cfeccd12d,0.5699480604114227,0.5152821398946297,0.4251088313095482
09b7b06437070050d8648bcc,0.5313444547810735,0.5443399795430294,0.5098609615370524
677dcd1280d0acd49bf5b383,0.5412620174823652,0.5535748381447674,0.5178993579638169
58a7df77254c8da388d0127d,0.5179404549607983,0.5291961288186946,0.5421896032498653
6308fff906df2acaecacd2e9,0.4487062589818768,0.5065242840187582,0.5424465552105173
b9f22552f33727b8a24257a3,0.5444288703174022,0.4914881590883919,0.4342051973889714
32435a7da2e107b3837531d4,0.4946706423639219,0.4316780768426767,0.4724153876067956
ff44be4f2c9679a3ed33a430,0.521960999858713,0.6011564713843822,0.5846219197562947
3c581f3c7681f6a9c2c17729,0.464524369362374,0.3688345580638574,0.422624827501683
4174fd3c075a07722ec4d3d4,0.4981069033325362,0.5698086243833103,0.5809001056250289
d19172a99aba944a62ee44f8,0.5069010234016285,0.5886996258088317,0.5834789175420279
bc1880a5117835c79facc09b,0.4619991422609874,0.3873882125362732,0.4840309069041784
18359cc39acb555e1decba57,0.4728980862656775,0.3567425234533042,0.4235619514933416
0c06c7eb951979fba23f1f53,0.5186361636611092,0.5884212265316768,0.5959980604017074
d58b8a3c3e30f82b5aa47ba5,0.540317647020198,0.6227066998961535,0.6083832271812474
eb71a8774681fec5221917be,0.493037113705368,0.5607327866374023,0.5746339535744281
4c90ec2b318406a9ef536862,0.5129084673292352,0.4459761689759339,0.4937099866066447
4daeacd0254c917a47d1a2ba,0.5159049024969566,0.430137693588411,0.4352025153235143
9b1367f69a38fc73b5c78bac,0.4989393144567661,0.3884569471102399,0.4164280039262066
403be05dcb0a25552b6b2de7,0.5447510855210405,0.5763127581713932,0.5786534179333669
ab486d38b1502f9950e4afb4,0.5377393108217781,0.5841366382797837,0.5881502169921604
4c9a689b4ee3f3547afac81c,0.5401009384626261,0.5830402439969451,0.5984112465782607
c137a92a58a83919c5db9fe1,0.5333799018318508,0.6011820292170729,0.6038305662612037
7dc7cbe5968b530c31a99730,0.4526922186933282,0.5251940951104437,0.5832522729872631
65fab83e4f409d00b1144a6c,0.5070863441712855,0.6046455064418873,0.6098858689515672
cd6dfb74c18c4f305e707f2e,0.4932466133854849,0.5440718201554691,0.5538804139282223
dec05abba2023ca063e0c578,0.4988711167790217,0.598530863732978,0.5973659836658387
e434918a42bec191e8e2ff0a,0.5243076972528907,0.4777121111893097,0.4522716569745391
28f497a7fd0601877d96547a,0.5018152965164319,0.4938564305945901,0.5073014581536516
0972f59395fc4092f952825a,0.5247475562048468,0.5252515453831801,0.4955166216005741
9f8455fb61b8ffcd0d124343,0.4674977959370193,0.545443194488831,0.6034969821268736
b52908819a143dfdebc96a3b,0.5325591128886644,0.56538436630678,0.5547416039070752
eeccee99500e9c5b255460bf,0.5286132190573227,0.4827535849307958,0.4586721900128855
be6df0f9dc2036e2b482d533,0.4891829720202983,0.5221080093823389,0.5396837863273737
8ba43cc50b82c18ed8c20580,0.5178814748528306,0.6061450420970669,0.5980080821970374
224668eca152c11018847ae4,0.502964223038177,0.5267377282682751,0.5461137093513168
d684faa70a95bf4220b1e153,0.5455869371477206,0.5897301384708259,0.53738280690496
90d00b98757d251c55b82545,0.5138742783824056,0.4808918634412713,0.4684135643684825
c846edcb7a56069bfd5fd5cf,0.5570767619493465,0.5823184036177835,0.5220782187211787
773d8663474dc4dae6874c49,0.4616337999012725,0.4973662575422422,0.4934456081783367
84dd889d5469eb9b34ed245b,0.5733126079128222,0.5673540755629116,0.5234765420232729
87feafcce393955ddef2c5ff,0.5363382483360166,0.5708992827518942,0.5834943826330308
ce453a736075be542c2ac940,0.5829084962943801,0.5198836877270694,0.4654567750254985
ecc9be754cb1f27a86dd9996,0.5092918775105102,0.4839390412035875,0.489732486444149
b1ff5b97d0a0f451f1c7720a,0.5766365112926607,0.5642570064427253,0.5189836509800576
b54779f439a3f9a4b6e52ab2,0.5615978399020582,0.5932219606948419,0.5300731847675844
ec328431ec382af0ade87e61,0.5141119270045479,0.6156104893769178,0.6031936363544808
265731bf70b34c0d62791568,0.5258961870933447,0.4969513751768971,0.4918153281172757
0b183a8b05c2a7a0135b119b,0.5175485925128716,0.5348325278120066,0.5328133306141541
01b17bc7a6ce252bcabe3dde,0.5853041866743578,0.674292134474773,0.6094084681462821
733cb77ac99052acfc947549,0.4801349282396417,0.5292267592165071,0.5802923022570967
593d0701ec608219f0a015b0,0.5538412876246259,0.6560080599310738,0.5785647865837129
c4030b72062bacf4ed3abd5a,0.4936428383772601,0.3984009599300825,0.4455331182088454
c10455803004f017a36874cc,0.5976398919515864,0.5094736851034198,0.4500399062330327
f918f55b74fa5d1b60060e30,0.5124150103889653,0.469845351084796,0.4732320122821765
ceab26f2372e9b41994571ec,0.4845615433472553,0.4938841245718025,0.5484663264215802
42cf5a860dd0703656e77b9c,0.5152947732180727,0.5520949406551334,0.5766217109750313
6f5bd9a9cc8812cc027683e8,0.5243705331389376,0.4372022857625596,0.4669655369245026
97d462049e1b3a67fe422bcb,0.5081898439549761,0.5261581172531361,0.5216998074024646
3644c3443d5344c4ecc3a412,0.5387031277615006,0.5323613678433408,0.483262093583875
6103e1389bb04451ae495bf6,0.5137798169817932,0.5934940229315526,0.5833890334681979
61e1e0a42b1c25c45706bf81,0.5030314942089883,0.4849257779611932,0.5055289781365607
e05a73e252b816282490c0f1,0.5561530737620043,0.5437546383371801,0.5042686816079569
d264bd634646c1f898fe23d9,0.5020971328276186,0.6017579705519766,0.5995496199692109
f60392ca8e57eabda581b445,0.5269915314668818,0.5708250911676236,0.5215464970630295
39e1efef45cd3d634cadfd8d,0.6105594837236724,0.7157143430646058,0.6105772545659622
143421a6cef235fea250fb2a,0.5227087902557572,0.4394127057696267,0.4702630016079526
4955d000fba119a5c3f4a619,0.5052152663898737,0.5349627540665012,0.5535413304202886
0392499b36bfc0604ce643e5,0.4963289869675618,0.3740598398197324,0.4140189655936488
825663f667bc4b030bc14be6,0.4909085720432843,0.5156002780048221,0.536803161990851
047683191296333a844244a8,0.4876877669702945,0.4159563884511247,0.4643553825386584
affe34863dfefad88bf93980,0.4963008216579363,0.4103791716303106,0.4500519005477617
33bec8fd6cccf5ad2b29b455,0.5024414684178587,0.5588740227224853,0.5884582669486048
467824c2404607f4941d0086,0.4869226641512714,0.4353459337764768,0.4605954413933478
5cfa7f3fc9b81dfba7d0f161,0.5101588883594856,0.5573881739289682,0.5788501467217828
dbdf154681cd7e928d523642,0.5775917999642494,0.5096466148390305,0.411372434543394
fe248d4f662b4ec0bd867e31,0.5117707067337616,0.4213717317864968,0.4315173078620334
f7f0ce4cfe4ff2fe2c80f30e,0.4925370491417959,0.4330024530639897,0.4477390036806601
5805ae4eed68bb2b3d1e3d97,0.5417327203159195,0.4616184113542679,0.4424100981977474
a9899e3f5a731406a65293ad,0.501143907621507,0.5729588839827935,0.5956278691869236
a2b827115f255930bcbccbe4,0.4940497229649501,0.5648115667019391,0.5796518469229838
29e609e3308e4562e25801ed,0.5479503500237526,0.4432759122195179,0.4169525825908854
ae82e595a68761a7a09641f6,0.5328693085977451,0.4762293156779304,0.4502095491150411
f9a1d38ef9c66d1605149c3a,0.473907374940757,0.5478301503837687,0.6065459621439806
afa1a09824339ffd73db1286,0.5347420967351418,0.6096488831487761,0.573497646994089
966398b8ddfc6bddd301150d,0.5210096684613719,0.3920242247138263,0.4147682843633594
ab9fd6141a35eaa854be1542,0.4803407756741802,0.5956441938521064,0.5745141310816433
1a48597f489eb3995653e486,0.4889899476491145,0.3648810109509701,0.4067113172476553
8605962d4dbc80035a7c5391,0.5026224535102772,0.473498968838677,0.4963952885321689
697b3c827291147d4d8d7d71,0.5603243698793576,0.562793721692794,0.4944387793941546
fc167c417164ad95d14fb71a,0.4970487375095361,0.455242130886865,0.4832657635410315
72cf94c17dcb3d5b2a21fe07,0.5803749502954958,0.5707870449402568,0.5140806191141469
6667f9901f1f9c3bb6e2f8e2,0.4960805366635917,0.5388508338936518,0.5526017048804367
e10dcc5c05688611b4410c60,0.5178585591736924,0.4838720510466552,0.4999359271955584
ae1c14c5b029f19115544ff3,0.5012192258109749,0.5015498841574643,0.5406689126120555
69dfd89dd6df086511af9831,0.4968611250294046,0.5197361044022217,0.5445784002776721
5b6b1a975a13dfa853b236e0,0.5227792827530345,0.4274152491785348,0.4298683587110355
aa3f0cfb87fd1ff99637368e,0.4686893348764279,0.3864350450849272,0.4477299415887855
470857da2afde46c66db8cde,0.5430308346861791,0.5451960579951924,0.4973402825260994
222c8553de34ee54ea118063,0.5689191572751747,0.5086892324519646,0.4534039158540117
18fcaa66c3f29205431dec6a,0.4939738407006326,0.4977901630546585,0.5350433259752225
629d04995146c7b231649e7f,0.5118888260786771,0.6128485514553337,0.5952945811696418
c167514638b78cdbcb7592db,0.4706622003921464,0.3670554400935533,0.4287958670622056
ad1a9e2be5f568cd7cfd44f1,0.5102913165510818,0.5687981889532723,0.5324092277608474
136c1ac5775c71908df6f30d,0.5068365831548169,0.4878488832123601,0.52687294194973
c247e5fc8a9b03cb4b77503f,0.5189248772316039,0.4419550118676542,0.4094549259345553
c04f845f054b7eadbfbe966e,0.4652407921707506,0.4104985333764464,0.4316637153822199
56d613f036ff69a35f0cda56,0.5563841718257403,0.5775077572158298,0.5319677024249219
a99ea992cfef1d3062c3b5ef,0.5945098818833588,0.4896964134590095,0.4206454265665113
bd591008c13a3ebfa74a9232,0.5298936796064895,0.5206228859232679,0.5058127638390251
e40cb77819755d39ec9b3663,0.5906383439356881,0.6474545715236939,0.5358120633127037
3b9114eb7ef835468ddf990c,0.467969519972216,0.5414538879997396,0.5730530377643037
e9305dd97fb2ef7b8c402961,0.505010807652704,0.4199648192661541,0.4388018742823543
b60e43637fc019bcc58187d1,0.4873325051307313,0.3977221507990616,0.4040390866431404
90ad7f61f18d45252d594d5e,0.4426947318800252,0.4504600328864975,0.4791975105823841
004a9bf3b5132f52aab74a20,0.5187982801278969,0.5530514557616542,0.541543282374523
443778283ab89110d9784b83,0.5113974760039484,0.5836690663287808,0.5605656063598979
14b4c888dd85b90cc12204ba,0.5516110428381807,0.5291345280037749,0.4987911738604683
90937b1ef40202fdf4d67fda,0.484513873112911,0.3789607855371779,0.4324366638800833
7a71c694ad08e2b927f1bc4c,0.487477844066726,0.5517231467794435,0.5899416353505436
b6a8ae02a6c90b6a2941892b,0.5088875670445806,0.4459117410454087,0.4177233296169063
ff7cd11eb12ed7bf879345b6,0.4943089977828348,0.5694867387105265,0.5451667275006187
83a35d639f89b15919101ad6,0.5309550624888333,0.526679619632766,0.4897398380245036
42d42c9166413dd282ade82f,0.5737909277419547,0.5242692466701052,0.4662154321755554
fd241c5a7164ef5817431a5e,0.4941544747496819,0.4949621185809634,0.5403276815331655
1c8af959e07cba3af55e3af3,0.5220226201409844,0.4503355305019306,0.4424274859665164
4be134b53f0e5ffe9cd2bb8d,0.4729697633852634,0.4946036778049251,0.5340865781399512
95ab154352e65f4b34607123,0.5193100803764891,0.4831754922556884,0.4959095841361977
d139214aa7f86c656c3013e2,0.5465136165971016,0.4132094023889044,0.4321301165692235
170e3a4b6380f215e48ddf22,0.472822389056681,0.4615707917771116,0.5206849783207024
6c7507bc57aaad0a39049f3a,0.4811008561940912,0.4753716079316414,0.5262885680471261
0d348466475315712eb22b19,0.4910253506908848,0.5029523851778157,0.5115825828450181
1661b716d3f82b1c2cf25c90,0.5939860700481878,0.6402587276110456,0.5322873395982043
a3c80ec098f0e563e430e112,0.4759298390651542,0.3907811287643178,0.4483668517598547
fd276afb75b7fd4c0f3bb5f9,0.4807375382255126,0.5823662843505133,0.6181481301672935
aa978b85e4d175146df17292,0.4871423184808917,0.5399418199760075,0.580022811476189
dda93615d55142bf893d6eea,0.4953425861860688,0.4741133390096615,0.5287075996692179
c9614941596ae942c9f8d839,0.4627218202122539,0.443639317889675,0.5028627705340838
fa1aacb5813494ad0b348670,0.4922875053205791,0.4725301662626452,0.5232836688715491
790226c68f6256c3f2e0fc82,0.5829079304304072,0.6034567734625583,0.528792268698275
7825af153bbff8493f70c989,0.4915305381752949,0.4901350778650489,0.5064604147462406
6079a7999497af6bf6264b3c,0.5073001324672004,0.4357359538148366,0.4545660655394363
cdcdbc44937272a49f1d464b,0.503919651072509,0.4263923494715151,0.4819284913878207
6c76d1d9fe2d036bae1ac9ff,0.5069027443875872,0.4180682267644843,0.4383069732587759
732b4eb1b3e3fb2054b64be5,0.475972747151939,0.4871729461851538,0.4988129537203418
d66596e43db521ddcffe212a,0.4856759150789924,0.4358310939283929,0.4850405159355121
b333cf23d428ebc73cd125a9,0.6042252097472723,0.690816170325268,0.6023637161746604
a92c06976b47876183ca73a1,0.4865625572864368,0.4598030847924291,0.490858569665635
2b50bf93a28bd74922944960,0.5344332589860615,0.4559501220673428,0.4634258801074858
4a675898ace45d5524a634fc,0.4946963872138029,0.4302003255276261,0.4371783414300347
9f4847029cd7d0a1b6fc416f,0.5274803589352478,0.5505499424407853,0.5824732842736665
255cd3a3c9db8eec0dc89779,0.4741094985710359,0.3764998600512388,0.4539830541354785
2163b26444fd68fa6197bbe6,0.4876865516972178,0.5529483463826219,0.6007350284984323
af366e1be739a96ab5503627,0.4693587885260958,0.3810853546296963,0.4466338842217129
8eeed9c0a89982014d6db12f,0.5160239474276896,0.4449447903723501,0.4490069473533251
08cec93433c7a49758a6ce44,0.4947346809673103,0.5134204586456276,0.5468732576501256
f65acbbb9e0ab91e9d476456,0.5368486506816681,0.5847285604417336,0.5944962480221067
ece7b050e8f234175267c45d,0.4898759941821095,0.4082954340511363,0.4456892780948502
635af10ecff4404994e59463,0.4816091298751286,0.4155744479661883,0.4791552435456858
d59a6c3d0db9992ce7a5529d,0.5355080376729395,0.5371003566893591,0.5049022256456002
0d109ff5e9a255c7e5c79673,0.5104781434469665,0.3873177441572429,0.4311000601502917
c4d72b3955847ad425ff3011,0.4859341907409257,0.3691284177794367,0.4087370616551816
4e8fd2eee7a4e76182034ed1,0.5660552063779112,0.4878200086307007,0.4432637269749968
946c130426c0a2839be0fac6,0.4883385552756957,0.4022234113657013,0.4583914032852688
e28c4d3fcaf411618ba1c8c9,0.4873092258546008,0.4447230266241546,0.4846519112686872
8be71470dfc5ff7740dc4a81,0.5210939127038234,0.578438215206289,0.5935699683504507
6a68b9cc1197fbddf13283fc,0.5438958624324041,0.5026652960715969,0.4664855704178889
640d65b5b6b0f002b409de28,0.5487014866582861,0.5639073573872445,0.5398367754798736
e2a34f8977340bee0e333837,0.545501602929612,0.4641955369209534,0.469021825606655
9a20c364b9a75a0aa2306c9a,0.5631027304846332,0.4653836855926311,0.4204484225805979
a7d99005adea2a797fee9ad9,0.4928711495475535,0.5669067687086602,0.5817325768033719
5804f864fa998632cc3df937,0.4937647776326833,0.5967186553508737,0.6020167745918314
bd6317211cca4b2499458379,0.4703369401794062,0.393743139958028,0.4532105587850555
7251242a18937b24a6f455db,0.4998742313556672,0.5387414055245393,0.549791062210145
870514f1f95f2688c9ddfdd7,0.5836977858326508,0.62159741503875,0.576040503258596
ae0ecdad48933f5aed0a9f3c,0.4659844996701788,0.484512833024821,0.5421005119569474
0b84215579002b2d592a8dac,0.5082463736366227,0.5021931382084184,0.5354555450777077
d6ad1b2a75a42ae35da9e73c,0.4949685043470601,0.5536850038684373,0.586786035210239
fb57e728c7f344aefc88418c,0.498414692002326,0.5943951329620527,0.5894903252236069
0082a4380f7bad7f148829e5,0.4843993109393937,0.5432107094869938,0.5606220847748029
9a8c76155725817ef86ef4d6,0.5501806784664006,0.4946602516320156,0.4721850599381003
2d0328e90a53de36bce09ab6,0.5443310942933984,0.4440853876600971,0.421698847273661
c19cf2c205ff4c48e0fa06b1,0.5314613353141195,0.5672633073294432,0.5663016602437767
42f97209a307e1cde63adb2a,0.5717187017407446,0.6742770086962211,0.591480063044114
e438c500d1e3f6b3e6cfc950,0.5402394075355275,0.5673769146535087,0.5284763277838239
c0edc0671e54b85a607fa6f7,0.5164100452378273,0.5324179578604551,0.543930284408813
24b6be1028b18a0edbf1d3fb,0.5573582031533911,0.5936388628672042,0.5736911527984899
28de5d3cc2c352ef0bde8fb8,0.5049822263159742,0.5176756657987298,0.5105908018204695
8570a2e11e16071774e16f17,0.5450967711206158,0.5867779883978461,0.5585242532292969
ea3d9042cdb2393e06da7b80,0.5439648557112241,0.6113031386653627,0.5636660828448568
738a3bcca209c1c5c525602d,0.4529183982591864,0.4271998333955035,0.4799079521216494
08ffd3631e6032eaa9f44866,0.4874246345765911,0.4990056476102277,0.4861039198981924
05559a2fb03cc075d5065003,0.5607835406370485,0.531943962643604,0.4929279285865028
24eb110cb01ae4cc351a809f,0.511532188812465,0.5362621155710805,0.5663880251792622
5e79b9f4ca62b6ebeff5d10f,0.5082091184366551,0.6075691937974514,0.6061824594487839
d6a8db2150e752aac2c3a6d1,0.4817838712281698,0.4330621559798015,0.4385781379691771
3c02352e5e8728712b9e40c0,0.5076755577997791,0.5262912358382592,0.5546161627486063
c1b3c161df8a3ca08edd762f,0.5020854901706184,0.5734105578972711,0.5994783466765989
7ce2d29bb1e9836576e02812,0.5049020610266892,0.5851502573370233,0.5857895778211835
aadec4dc045527098edc0c6c,0.4754196610128051,0.541715971681543,0.5580664009766922
f0c0eead9fe5d8698856c652,0.4948272049628866,0.4313941874171161,0.4552965163654187
746776f573f3e967a2ff31a4,0.4790475053045253,0.548787510486815,0.5974155198587179
834fb247606ef503cf9eed11,0.5005003717724086,0.5154532991507038,0.5392045056512634
fcf7ab69a612d5f2f79b3ae6,0.4990324299868681,0.3775902843320051,0.4310141943055833
8728c6309360d5430e33ffdd,0.5732580823633956,0.5174455570698777,0.4726884266470612
9400f3ba57909a3980b528fd,0.4910891822728279,0.4168266150875193,0.429279099955764
2407ed1cf7c3807ccfaeb346,0.4638096840207061,0.497732932393784,0.5313127666190272
07fb008ad4cdcea0d2b6895e,0.5262528568956006,0.5641674466071456,0.5635081656591534
fca9f40e63adbf28cb2f9cba,0.4566493790904452,0.4985111798421907,0.567943379167961
6ac37c2adee353f1bcf10c4c,0.4847691003977574,0.5250241230041848,0.5745989825270845
fa89409fbdb30cb0acd83b5a,0.5539632153496059,0.5556188950430898,0.5059935793020155
fc531a61526f97b92d0d41d6,0.5006493390808947,0.4578700530808748,0.4215236193754851
8b671cf041a61166d84ed19b,0.5059448341989491,0.4357959860950315,0.4654313317807858
00c0e8329f76c6046ee318d0,0.491949111013802,0.5428766622400045,0.5514479985966573
3cda5b0398e6066d59b7aaed,0.5516201145039534,0.5535414530706566,0.5390598109596096
5c742abd92803ad2180f1b61,0.4994419021330333,0.4681962113001118,0.5025714249691536
d8a98db474ca844dd2fc6ead,0.5525355264433973,0.611580469307256,0.5976135998058565
6bc11a292a98752772a8849a,0.4834895888286465,0.5574482055298068,0.585145000513169
0d0ecc89e11039700dc9e1c1,0.5215473663609522,0.4919723817137638,0.4416335702564671
a26d3d09b087202462872edd,0.501638187595013,0.4843806932917786,0.5093609917524458
366b356b0802a68731c18390,0.5496375428978925,0.5403571420504933,0.5006370434953358
7dd61424033b2b0f46c19351,0.5586164463127504,0.4882725140803947,0.45049063453112
72f822cb3d65a51e4b81e504,0.5428235572680242,0.5505189269995387,0.5549567406929072
d4637e1c091b31e9c62e7329,0.4671929464971013,0.5394083496487103,0.5984048235362041
a85d3dc944112358a07b74af,0.5470447631855796,0.5626965319441897,0.503960559839067
c502b07e361d2f45ad5aed79,0.5104102169768807,0.3943711441651389,0.4146013070190621
9c924e073f0d7fcbdcd6e5e8,0.5210525581781285,0.5804959294948531,0.6027246934736801
adbac61efc19e5c314e073a2,0.5133702231609792,0.5521372346543758,0.5481077215026723
454041fb6b28bb8800883bbf,0.5681395908629563,0.577340807424743,0.5210302242834718
846210d122d78a81ad3dbd0e,0.4661715801242064,0.4486336801322349,0.4832685331251936
e897be09d4ec6109d9afb888,0.5453535628955322,0.6139933028667126,0.592446798247746
626b0cb8e923f8d1d2fa05f3,0.4923710821791887,0.5664079505686903,0.5865546066466863
aee6fec511e17ff81e3725c2,0.5231351504726871,0.4220200631643607,0.4097303574987184
90b99aa5afbf05f6a71a43d7,0.5979761929531502,0.5200039304227091,0.4543485259503435
d035d9cd9e05fb531903089e,0.4389903556354625,0.4056646341811845,0.4490701227276798
5fd55544e6e0d6f5f6498a27,0.5058794776912741,0.4078272133965129,0.4076470712139437
13413c6f099756acaad9c00c,0.5442898665296431,0.5641595252007767,0.5515541976366278
11feb25570ec7480f0f46263,0.4536837865237062,0.4370173945322102,0.470769054888084
8c64c42df4f54b011ce79c1d,0.5035111303732497,0.5651945209650748,0.5780210400941228
9ab8fc8de8a7a9f003a1b501,0.5637064036678727,0.5957272733664624,0.520094793089829
4caac04f48e74dd02dd84ffb,0.4887866164823926,0.5535020427269847,0.59958925966863
4304f8b6516c9bf6a29f8c7c,0.5420008388418894,0.5316407010764267,0.5219341700842259
f12551511b8c3a5566c281bb,0.5441147392101479,0.5985060569175114,0.5777892913390701
33e395da13df2b5859f26c0c,0.4909691031111267,0.4965336021246208,0.4763504021449885
aec31d53ad05850d2f513b44,0.5015904302837204,0.5264596103803943,0.5532636937857859
f43433cceee52cb9cb101375,0.4825555766188916,0.5616327036048514,0.5852189509186853
05ae656739d3f00a679c1d52,0.518662432800111,0.5801859801299774,0.5796516094300418
bddbd05f49ba88bd3d6afcc7,0.5389871638418785,0.4994243009379375,0.4691547876996963
abeedc2d7ab21e364f738825,0.5164846991569039,0.5593643681045637,0.5033196541630319
3899709677a46bca65e8fb21,0.5500992348870724,0.5733904628795872,0.5009367222591237
4dab6804e4fc2a9e378ffb32,0.5756209927906643,0.531274219521806,0.4868134339109196
7b62d0369fd8355783b6bb39,0.4703387184678315,0.5541410490218872,0.5939251233117472
bcdf46f4089871645b25d4c4,0.5019875842077458,0.5726965900512093,0.6018021464168446
9c9f4c2fa8e12c07b50f6c36,0.5320084890527669,0.6147685807616314,0.5977427141773587
cb2f30e53ccfdde3236609a0,0.5257220915896631,0.4136699586842999,0.4200671724608311
d3fb7f73f927754035469190,0.4656001153175386,0.4392847939696929,0.4584388812894217
facb570ce55f7debfd527cf4,0.4963337198636465,0.5740412315064165,0.5718765552622376
fa6446bbc65ba144ad677bff,0.5111584161025873,0.4502446696183644,0.419977366251655
8aa108d6b62b9575caf5a1e6,0.4676061457784722,0.4905437325700641,0.4905691130871137
83de05e294e8953019cad501,0.484813514432044,0.3959711071494064,0.4349905031573596
97baf562a38b0bc27576e538,0.547112490588494,0.6036914259782846,0.5891258262360408
fa6013d66e0df5a41db73a1b,0.5298649582859524,0.6240904718750188,0.5856962196970644
093ffe4642f9023fc0ee7e6c,0.5032224054883456,0.4641896945808045,0.4905050914735135
bcac193a7f26861475394d34,0.5939038230104069,0.5271622582834059,0.4429158576900881
0322dad8cce8049536e4bd3d,0.5823935785715372,0.5407710201890032,0.4841983962026508
c00fc59093560779f04d25b5,0.5022755345752035,0.5798651253544225,0.6055627410182693
5abed1b4bc59c9cd9477b8a8,0.5236453502405395,0.4733039198380094,0.4338913937820363
56dc61d426ae6d481ae6b603,0.5122764350663953,0.4831988198804932,0.4770934559788533
c973e0745c656adc866d17c5,0.5589991463928119,0.5666609027836349,0.5128342474245717
7be21a9bb0871f7353770a80,0.5256869158490614,0.6072457698367776,0.5581541384794464
3afaf808493e4e8009f986cd,0.5460887334392482,0.5951469719135607,0.5707641974752358
ef4ae55a391f65907d1e0cd0,0.5271611572278294,0.5959101643414432,0.5985359586095126
1b10a527448c2a603f9cb2da,0.4503234263076624,0.4167665469546172,0.418593402164724
2d3aa65f96e785d1e1fd3804,0.5479641693790882,0.5247584433698962,0.5013822666585864
b881ed627cc697ee35d11fed,0.5168119122419333,0.5343667045962841,0.5426390519815713
fdcfc7d64805ff3001620ebc,0.4750023721732244,0.5333380798911223,0.5168184251385848
3bfe76f365024e46abf50463,0.5471634692623825,0.6564532100245579,0.6170308135133419
53dc7f13de768ab3e687e9ef,0.5857629342814276,0.5972949258502491,0.5161366065407396
952844915ee79aa26e4c71de,0.5274493891602049,0.4414077814362555,0.4393463567428726
97c278997f9e2637a47ae326,0.5394835699413415,0.6085625671188009,0.5930594691816875
4f923543e375be2495714af8,0.4857785411233397,0.4585237077052901,0.4270502140218402
864ae8da73cb9f1d7c401f2e,0.5426887760841249,0.4575279612312143,0.4277685977718424
d17279e59b78f29639e3bd84,0.5336803075054743,0.4597615425118215,0.4554621285409294
7a5d13542b3cfc36d3ecda65,0.520769381461242,0.5673396122005826,0.568670952830095
c1f306e8aef8125f6945f0fd,0.5427279052513343,0.6140758847267844,0.5857240957686826
21712271886c943b232b5b19,0.4723613301567572,0.4720393038917914,0.5057272465431601
7507caf6f24c4bf547408a3e,0.4852659533136368,0.4743235831941127,0.4903880359130493
65342ede9342d9fe09eb9c4e,0.4657273227629744,0.4210907392217559,0.4217749434178578
5d83cae563a2791d9c8f88aa,0.5450945812407625,0.5813460782165164,0.5518281270106626
8eed26f1989d492d8de970d8,0.5216458065125663,0.5661038075419478,0.5568895597784543
b8823ec6d052c20652cee538,0.5556119609399903,0.6093385662610964,0.57006683203245
39f4ad589962264f2fb71422,0.4508758640441341,0.4171827244475202,0.4487933394690969
f5cce566b604ddac70398a02,0.5417191123974582,0.540728689381732,0.5158849771972971
64048a57aa95141c98b9940a,0.556796776873758,0.4937350738323757,0.4401126023879755
f7898a58e997ab82aa79de5e,0.534714903625009,0.4885256106141114,0.4702956187515265
82c5adefcaa758e75dafe584,0.4906621426365714,0.4027553104148654,0.4106656598088991
78daa461a2d90437a876850c,0.5187109926693634,0.4766822116527479,0.4634980725202496
e3f68eca5bb39cc8d9c7b87a,0.4504387855624143,0.3972056784468378,0.4686386098333193
f48ee85002f16cb528017122,0.5524833772803358,0.579616123291053,0.5539371205886803
8151b3b4a54f5f3b2ed30c6d,0.5240826240216082,0.468152508603459,0.4693306138655589
d0b3030dd8fc01d19a65d5a4,0.5389610498874622,0.4528898014169428,0.4586337220320027
85469bcc82cb339465f00449,0.5384160379696832,0.569043070432987,0.5268485655676118
f01b422dd54ad51bb561ec8f,0.503917942398679,0.3968243094965363,0.4077779194756927
d4afb9576f78a01533ba1418,0.5717221064632695,0.5590647717327673,0.5168796603746044
ecf5c606b32a78a450cf06f7,0.5093795752981677,0.4048004510718834,0.4338559512002158
b6311f13b45f9e2089cc319b,0.5721666923076495,0.5285439618621687,0.4599935218127641
e2ddd429bb6e8bf1db015d22,0.5578412374338345,0.5883080755383217,0.5232979642053758
a476e9810cd08a56a7cf57ea,0.4971097934465213,0.5843638610848185,0.6102826580658873
f82b9b9794173c9f1647e385,0.5630443948640178,0.5432694058366765,0.5186503690934761
0d388276f9dbdaa1b83a014d,0.4997567245144049,0.5238032027126189,0.5441034253293505
40298d8c64297575b51a0c94,0.5698888159727266,0.4956121922282823,0.4590952121466145
83dedf5e046a78f53546d54a,0.4871325374240071,0.4362563149084518,0.4242694215314068
4966cabb7f20393fb3a02a0a,0.5494692958372296,0.5462156032354879,0.4976872544357053
424a361a654ddde85bf51190,0.5231992319085413,0.5875273735903486,0.5765048896884444
467e28452703f0d5e46d7388,0.4985627871502225,0.5716381950634817,0.6082284707505718
efbe0ea019d4c2918854f009,0.536325672067341,0.3901057425521933,0.419900682749133
591f299931e6d768fbe288bb,0.5072237687618486,0.5208950460207731,0.5165932541514986
ed7aba7bab667dcfdc25d269,0.541133131301038,0.6149464424921908,0.5932727995980549
d0d7d3ac7963e86481cf8036,0.5882910112378638,0.5476535580820601,0.4841434812518825
cb8548b4dbebe3cb70da8e0e,0.495511834991771,0.543186292805701,0.5418432478318044
aad18732719ea30efa2dfbe0,0.5710785094874515,0.6083487334417743,0.5502227945666008
2d4f84cadbcdf944ada442fb,0.5260177538147625,0.4683440520162799,0.4682420414321844
933534f099e54306b672a4a3,0.5514672478502921,0.5960687405971651,0.5756439348574611
e74dc608a73bb76c0feab32c,0.4779801583447139,0.4271127468692237,0.4472363515095188
1ebbeb70ce5e27a406f839a6,0.5121994596899423,0.4738975069711911,0.4706494818739745
0f6d3814346415fac08b5416,0.5034878274980019,0.4126096055650882,0.4424322213787834
cb23c22328245d5b7cef1eec,0.5314384963317509,0.634805932429029,0.5965851398463691
a0f40beb9a02c9e24006abb2,0.5231566997809383,0.4886745703180126,0.4647983002142891
16c46dd447fa5ae734c53397,0.4984357578904166,0.5437774814702174,0.5343777358084472
181cc371866775b436b096fd,0.5437692725129947,0.4560730647300028,0.4320924839116107
603fe398be610be3b4381223,0.5321270879607953,0.5984755762994423,0.575224912782066
ed356bb7b5f0633a96bbd42d,0.4599329184202745,0.4568400007080811,0.4890232879952667
e34158da0f8e68792adb4d60,0.4438899779681626,0.4725092964045234,0.5402696040743179
544772cf84f40297b46cf330,0.4988168761770147,0.5509736544976834,0.5744952035127089
55a587cf23183441cedf5d0d,0.4648508150967911,0.5622723072408573,0.60081329021784
df861a1b8f7f5f2cfb7dca24,0.4999644679793018,0.4236140790412515,0.4281446726349101
83e22fb1abd0539bf7ccb429,0.5644976192561176,0.5235693292151493,0.4703478810654459
57b7bbec85611443d0242d4e,0.4987249041200988,0.5429126571317324,0.569474807003807
b19b8ce5adb163c68e1f9c7a,0.5538346422167695,0.5219993336234421,0.5021540832808169
2a234cb75ef7c20e261a1d7c,0.4847379516765426,0.3845788884887988,0.4255024888359475
90dc99583e35f9e75a0ceb6b,0.498829088779718,0.4375883283756112,0.4625237138786015
cc28df9fc7ce4965bb098a9d,0.4927547815011505,0.3976368136829922,0.4434162366806191
f4a6cefbf6d10dfb09a536c7,0.4957456096692138,0.4607239357543132,0.429026604474213
7e2dae92623c8d9ef0dac86c,0.5251467669294702,0.6130201985281126,0.6023856895882722
f829b683d00d98f65848a486,0.5181557423005392,0.5886767137264646,0.604431375778958
02c855943c7f51e903947ecb,0.5354332405183121,0.5673678075278682,0.5227553314515615
2237c40b492acda95d2ceb98,0.5354332405183121,0.6703205973298265,0.6086338278303537
668389f5ae3be5dc921d9402,0.5300546145602222,0.6714720702651962,0.6076876571782818
84e7d5ae8c2a2c8c04d8074f,0.5300546145602222,0.6698469814334554,0.5969012529950503
8cce72aff131693f834296b9,0.5300546145602222,0.6171184748726514,0.5636752598530708
eb8ee597b6765f5ebf6e310d,0.5354332405183121,0.4843733671257035,0.4343490619372945
ff4dfba052d8d66ef205369d,0.5300546145602222,0.6435086046434327,0.5896324123604899
90c83a248ab52dde7e8db685,0.4799538645301467,0.3916956664833445,0.4108477007054718
7da6a3fe509e5d1f9cd547d6,0.5478872123304463,0.5599918117516126,0.5428353776303083
1c68f5e073196be545e1e30b,0.4685491148759993,0.4312077193657623,0.4611019273732286
81074365e32ab112d9492f1d,0.5007741356094373,0.5483643202491786,0.5548259088227981
44f5465bf7fe6751990395d0,0.5759596279360979,0.4893571074194275,0.4399638889423718
365591a188ee0ca673c7123f,0.4786283541700971,0.5776641091605509,0.603124046715739
0b72eebbc9a1caf2a6537f49,0.4822485745535695,0.5239300771653157,0.5203619203273678
7c20cf7a1c02aa633274093f,0.4217133517954918,0.368494494943305,0.4108251418888807
b9ad17244cb63bc46aaf36bf,0.507830188723922,0.4663738332355049,0.4344963161073045
4699e7808bf2668540ac14d3,0.5313637578866779,0.5743918636066093,0.5615658262758751
ca59cae6c917ecfd269eef16,0.451958508076428,0.4449903991119444,0.4462346758074084
2794374aac73a8b09bbd66e5,0.555062798935144,0.5892042557663143,0.5729310057475053
36be36da9df0f996f0c917db,0.4498781101000373,0.4133590287283558,0.4210895707600873
266a026537514e17b433f75b,0.5242652215542964,0.3800764379171843,0.4149313019148293
0449e16797f10e6905bb4e12,0.5652126366326379,0.5435191317837094,0.5280285804895113
9fce497234f08f090a668ba4,0.5341340712001855,0.4458344084535827,0.433063463547136
e328dd20fb429acc6b217877,0.5521463578976591,0.5653411056394314,0.553607963169939
86e9e8ca0fba6c5ed3136e9b,0.5215606446709857,0.4519200470081186,0.412152963075628
ed8ba037ad2b1cf20946ef14,0.5228970313843895,0.5348501226980389,0.5223090023629994
e8377662aa5d9c1364ebd912,0.5251903264106881,0.4720807398438789,0.4506656682128552
8273bf65279e49503170a688,0.5286665045244855,0.5633067309420905,0.5614244253816253
6eaed06087d1f10a65c5622a,0.4434964977249631,0.4793019706995109,0.5273463285133472
ed857ef9e0d415eeeafc2db4,0.5542664470725058,0.539769015516778,0.4825188814185685
9cef6706eb87004925312e16,0.5268409847860636,0.4097709349446801,0.4234388597160463
73a808c1ae41777fb0e723f8,0.5461186262302831,0.5343423080371255,0.4968871794208913
e3198cd68718306c5216816b,0.5277402609322326,0.5048449619623222,0.500600864583268
adbe62807381339aba4a7f48,0.5403581008125319,0.4492294894116412,0.4147734961581372
38b0eaf994e7bec906e4fa01,0.4678416560012942,0.3559301562222839,0.4156858150516871
d9d8850b80a0d7362b6911d9,0.4918051156179435,0.4000556760446855,0.4119476714380235
fcf0ad1cca1e7176ce5cd9de,0.5478797700916179,0.4914440882454601,0.4547336632345747
0ddadcc73f57a2e8d2ee5d09,0.4753584401081261,0.5074806857996296,0.5568110267261239
8eb360c196c05fdfc8d60dd6,0.4471436201181244,0.394838363341934,0.4868385107711148
4e2aa285dcb4928ff2e249ff,0.4594547193425608,0.3854127478942025,0.4114941143252449
53882897617af0dfa2c796c3,0.4413378042296546,0.4027145851546679,0.4469155610815331
596c98da91969b310d846663,0.5493271497472461,0.5648702370434127,0.5192448809826942
0dceec5ea404585038435601,0.481552930817314,0.46135629854438,0.486856510641017
d6b8438ab8390c178a923860,0.4707600517425763,0.4323662946535248,0.4573690137371476
f40323b63e2e2ceae8227a30,0.5049687990293673,0.4441367155840668,0.4312629350432735
d33a61df1da1c9bd4da6e280,0.5039247482107742,0.3837463918953456,0.4089481542493476
2dc251b5483a340435915370,0.4592588082222861,0.4882868002740896,0.5446998472222429
de3240e85ae415c2a62682d3,0.5154827706856622,0.3891701627646886,0.4539405135375698
f929efcff75070466e3f9116,0.4949168715184815,0.5029526834077251,0.5155748304066768
6026efff2a6448109c88ec68,0.5244157145477231,0.4950358868841139,0.4737907861028945
24d162bf6a18a33834792cc0,0.4949568327439321,0.4452932659192687,0.4837415220797043
903b0a066018b2e63f9f7647,0.5056589340384363,0.3966016858540754,0.4139089533124706
12ed15f5bbf1e78aee732873,0.5149121652913604,0.4307809832582593,0.4461770269205894
9b5edcf59319255bdeddd26a,0.4880961670339305,0.4511483512704291,0.4992521131804093
a36125ad202082264088fe68,0.5298014421827176,0.563543469766215,0.5509772298010894
cd7b19defef8cba2f4ae016a,0.4923179561645145,0.4943710250487139,0.5087010290825931
3875abc0803b81be4d642474,0.5366667581396659,0.5050470716002382,0.5069643751974475
e810092ee17de7585ec4ccba,0.4929526436846357,0.4693797284329235,0.497481829595619
4abd86bbdd633e7522c12d93,0.5705924383436896,0.500713473367395,0.449700791784875
7328e2291528c078c7bcd0b1,0.5180480085894332,0.3927184017565316,0.4202563294852064
6c5f63468c89ba62129850c0,0.4616216646859038,0.4430907965284355,0.4709848847379449
e45e838c58a6596944501865,0.4797087592730955,0.3921049671087656,0.410770574414357
697070705b96b32e0d4b3266,0.4320015037092797,0.4416735801340558,0.4968627696872671
41ca35d4df99a84f870bd12d,0.4415247369311109,0.4885393219247464,0.5405449862522085
5f3109ea79a8b5c213421f30,0.5061005313030046,0.4100459584625683,0.4383164064218261
4dc6dd9046eb79c038b2b227,0.5388893444231427,0.5855571962227857,0.5673399854284116
8f5ed14619a8bfecca489818,0.4551710210419155,0.4189047775435767,0.4757460034847833
17d7eebdc22bf92f5b4c603b,0.4767769726000198,0.4463510000069374,0.4236737235036694
2cadf5b0c5f6174b537aeabb,0.4621252205462777,0.4674428857552906,0.4746733414337799
ab2372bf5d1d867531b1532a,0.5383596151355691,0.5088291988281044,0.4829376160688076
690bbed0c024c631c6e1f46d,0.5925132446696094,0.5635405718204627,0.4639371111649661
2edd746e4c3375e600570189,0.5118705761550659,0.6008083548984777,0.583318266313203
69a08643742a0e11aef0329d,0.5766085275655809,0.6493656133158047,0.5830100070920547
e02f4f7f1683b05485c9c15f,0.499029202799992,0.4791706291516175,0.4591030545984175
cd7e84a98017f2f3eb6c5f73,0.5596901858016302,0.6658216772395364,0.6136959956432371
0339442bd7bcf9485bed0348,0.5333612467552408,0.650095654851796,0.6006503086562833
4de4ae5cff6b6edf37f53932,0.5979820943158267,0.6708309758322756,0.5854043984605706
c09f68837b6e41f1b98c7aa2,0.470820303031449,0.5026560032562243,0.5451032466481953
754cb6b89952cdc98b795fe5,0.4843153852488002,0.532268358841844,0.5436124393398518
939f13424f04f155e5c236d4,0.5893552147922756,0.5905819704272619,0.500353626868374
1ab0d5b71cbbdf13d2ca50d1,0.57690429703342,0.6512025511268713,0.5960755273846903
32d01eff644f73dc3572e2e4,0.5925623805046208,0.6343905387820128,0.559527022558096
7cf28f22bef7db5088b7dce6,0.5043093220652786,0.5335737978253937,0.569405752047778
753e454236ac1d60f4513fce,0.4582161729551424,0.4596219303268947,0.4725974607314046
999433065b92f760ec34fdbc,0.517671809254686,0.5973155051251793,0.5953799924429644
1b6d3181f3cd71d3ba825b50,0.4846553119093801,0.5407413053119514,0.5739225588749275
13d0af31b1a0434e38a69fa7,0.5991597395782448,0.6776673356030156,0.5959375840056991
d8d954fced210c14ff0bca57,0.4908566936413048,0.5342800625179633,0.56413647661594
aa751a73b18e1d309dac68d5,0.5292029758424271,0.566607191165093,0.5342223155206385
3836be900580aca1ce4a75ad,0.4753175922076053,0.5615550032495009,0.6002903097288911
31eae4595bc774e45d3b0624,0.5679844491459971,0.6955328225943908,0.6119242141026164
a95fd68e3abbe9661bfe0427,0.5173320400771065,0.5819792351479469,0.597238999540346
3752c5cfcfdec2e8541cf522,0.5577133641902325,0.6622646454180693,0.623403700700051
9651ac837e7a9f911b426327,0.5795536779406528,0.5578509431401273,0.4817680106235074
e33cee2242c99d82541d8b86,0.5520463229116634,0.5664940782586643,0.5389248952774917
64dfe5c20f17e7f3c0fc6487,0.4768718669839999,0.5120177728779703,0.5688390286871275
02da3d51a2641931ddb5543f,0.477438534687543,0.4983844959562656,0.546400802223186
2bfaa014d2df1bfb22b51507,0.5100226853986028,0.5642527364056289,0.5860179618752087
7c67fd2a21afffb754ffc485,0.5247667381662301,0.4997225951784727,0.5033272658440754
c476fccee400db692f3f81aa,0.5174141048106045,0.5227679946241263,0.5325412418161839
24b9f616cce1933ff9b10991,0.5393024749554677,0.5656877084797576,0.5268849104767831
5c31861d2f592db19d049178,0.5475620301355792,0.4769186877818848,0.4302335334048731
02b5ff8e570c3cecea8ebd0c,0.5168695786434491,0.5361338952366852,0.5754526493879454
53edf0278611639e5eed8ed8,0.5215851691483474,0.5405534927057023,0.5642668366761964
2cd23aa216550270d83401b8,0.5469016043364574,0.589831136037124,0.546071828463505
34b42c248a2c8efb03b28992,0.6068635220190745,0.6218718406530626,0.5283307884559473
12b4a093dc6ec8ff9c2d2ecb,0.5815416017580942,0.5504772105780982,0.4705026875366968
eb28778d9d73a3326c2b45f0,0.5109566317689441,0.5326741635988766,0.5467873022733493
8dc6deee645ce5e482f29acd,0.4745174173196904,0.5075476773610202,0.5298212626535329
9cf96d3d8ece7ad5ec6df588,0.4430939080347429,0.4489703213769297,0.4841157154912784
beafe99f4050d61e8aa9e00b,0.4647302497026925,0.5190526485336937,0.5650013905682219
ddae1d7febd35f3cfacaa37a,0.4973269290575423,0.4959529552469349,0.5352397895858388
95462df240a9a187039e3fd5,0.4608016943004603,0.4937664550724306,0.5489672651202309
14a640057fa8edf21811562d,0.5258979975443475,0.6294127139381438,0.6072311322069319
3e15fa6d9e853c48ffb6fdd2,0.560063343403517,0.4522932829371379,0.4232664598352859
6d8b7d54440c31568f5bae97,0.4493030187653001,0.4286827462179685,0.4647135357408781
cefa3bb10bd6fe015fc88eda,0.5889819519679331,0.5859685079797267,0.4973976503057461
c069e2868c45038c391faca0,0.4824201579940297,0.5038799458171662,0.5452274413277741
f156d0fc339b935a3fd701f8,0.5895803644222469,0.5465665800373394,0.4553261314327348
7d157125ab7d6bcfce7aabcb,0.52503815081823,0.509387228237933,0.5332430462525903
1c84dc800eb16a11f17a3e0a,0.4676704252077001,0.5018224951217253,0.5442807103904722
208ea8d668e40d76059d08a0,0.4916527145382974,0.4633201468425664,0.4344470028497775
c30fa1fa4421030f2cc66e2a,0.5561857440805522,0.559465641105708,0.5012495364987153
cbb6774070dd2adb2711a7a5,0.5993162557212575,0.5476508400763775,0.4801866639431896
8e3f4dfe1265d42f903d7aa1,0.5681738256202719,0.6558152711771713,0.5796401674447282
a6762184806645149d29f4a1,0.474430922996674,0.4522385628508492,0.5121171566800662
210e7c5b452f78086f958c43,0.4809862680680413,0.48106492636232,0.5318131965256335
abfc250bffc6685039f88452,0.5482141558913041,0.5869166874993093,0.5707365109587865
4ee784db3c33934e391b3acd,0.5128102959269585,0.5036661046096467,0.4808824622145324
2d428178a11ccc91b1cfe995,0.4447205504413615,0.3680623883317104,0.4422695958678454
5d3a908b75d5f3a7a96e5c96,0.5137305244312844,0.568641681878659,0.5864541000597692
aa6883bd3c643e0e5b886bf1,0.5256933369919814,0.5510099618276848,0.5799070295797878
be42ddf39d1967d5228acc0e,0.5215851691483474,0.3864908696024727,0.4328576875352227
f3557ebd61131061640d0496,0.5311207391815578,0.5797351527326091,0.5561145052853671
194bc0a7423b118afe49d16a,0.4911725507708856,0.5011934352936124,0.5576940818920395
560183995474918aec76871e,0.491758528974315,0.4320839852112065,0.4758315426759342
4d4424b92cfe6eb057c439d2,0.5401260297123779,0.4475740748409883,0.4518288239784181
c8f2f4a90426c3f8a227b296,0.5677604435956154,0.553546915329862,0.5058490351247293
142286ed5f03c22dcad8ac52,0.4580422470791215,0.4111073462184025,0.4257997109043706
1e27bc9fed9eff8116d0a3ef,0.5025058081296088,0.5237144094494658,0.5657021090659113
bd020f7a5b6f61d9daadf0c3,0.5542889659768343,0.6507362059759443,0.5952297827168733
010ded65a7901e70b7473314,0.4654841302805346,0.4679689983538033,0.5380386759679138
a1749c13e60b0d5d0ad97a18,0.5548022347655038,0.6252450050114862,0.596016352879085
f2b8ced3dc6538d163397c41,0.5231578001282954,0.4410122851541865,0.4560370884733369
1dae687a63184573aefd99fa,0.5582180974649916,0.4807902803766062,0.415414127555706
e9b58e6deb07dc1cb50e97d9,0.5802786669419195,0.5060918354525623,0.4496715831691155
ff88c512c798df83eaf83721,0.5734883326524608,0.5230048552008695,0.4617739192249152
3c9d4505603c30b7275c7839,0.4863913769803578,0.4715648535439529,0.4650011851933051
b10492f31b85096449b16bac,0.5868503629038657,0.5744909403387377,0.4924886481241846
b7feb3cf2782d13668c9bf9d,0.4472540444029783,0.4127977168758217,0.4379410813199096
21d74b8000fdf930b93da4c3,0.4583693397023869,0.5150292535784844,0.5435320662563817
c2ff0c8c7d5efcd633ea191c,0.4778451358920148,0.4861859639920678,0.5354283147685743
a451704f2154acdca56559e1,0.4957885998271721,0.5334350612916445,0.5175241771474485
496bbed0c52fec6948317054,0.524452054678053,0.4867040686311152,0.4857239822682953
496b8796b87396a91ecd75e6,0.5222425467339823,0.4996193783853967,0.4825682684826508
c95a0c3dc79c0df95b815bb9,0.5536016807924227,0.5167589527012648,0.4695032571558024
384a1edd826af9881bf7edb2,0.5229257923022567,0.4759116867635707,0.4530437835659229
0c9f830906041a81625b57c9,0.5151959876334721,0.3951012021401786,0.4516181553745841
4c67bf3aec5e4f0aec6957c9,0.5106241876808824,0.3836422549754753,0.445620778606432
5bf467da09d8629308e29a4c,0.4787557587350192,0.4974402580232668,0.5027582956060485
9f7e068981495f52df0e6a51,0.5465059000536687,0.5390619323169396,0.4751160489876207
0b03cdbdaf2fa7d5f7776306,0.4933058615667239,0.4481571359055605,0.453349828152868
f996dcb869a746e408760859,0.6147094594717861,0.6024074949279408,0.4900709074710385
7d5ce19b8f524efd8044604c,0.4775267804819247,0.4788762471335706,0.5331196192831802
4d276530fcdb296c31bc7275,0.531658425393465,0.5285653090891671,0.5128912270049406
93ce91f2e53952ba35fda7d9,0.5102046513984551,0.5481598463614392,0.5263093922757598
8e4f917b1208f35397c52421,0.4966330132085141,0.471253970459893,0.4389358100131142
a577b3c52367b7652c7b8cdb,0.5382327164536304,0.5042585996134692,0.4721906158897554
97b4584c47fe88ec4c85d1ad,0.5459915766004821,0.5058789558494488,0.4569158944704089
20318683d84c0b3cac2a916b,0.5299915176602472,0.5005660237431494,0.4769199219854662
bde79afc243d59d62323ca89,0.5081982560954856,0.5219722650251662,0.5031096784498454
f964ec8bb2fcc235a06177b4,0.4740911762783445,0.5494737221105079,0.5974174395228649
a61f345a6b4c2699686425db,0.4990295004084699,0.5214553750606528,0.4844214578327801
e3df9cc7d0ae1eead667c4c5,0.5506260708503415,0.5755486889161667,0.510487029532051
05d1dfd9f101c9de19df8b4e,0.4252469686904484,0.4223212205285497,0.4622059097225036
4775f7bd0a449a120c74eb0f,0.5009761954060927,0.5420566707042576,0.5525813527167855
3794eba8bbe4d7db2f9c2323,0.4850137141012751,0.5298026986122382,0.5636146894575426
1e62cab18a008eaca4927d2f,0.4497101525109804,0.5739848464916848,0.6061530264950642
97c5d767bd0065dd8283fc2a,0.469081568604445,0.4842032769925234,0.5353440543554127
2873946d4868f3a78e8af9d4,0.5324980678967522,0.6118817461481012,0.5831309458407385
f00aaae52c4c9c34b9b1a5dc,0.5501046644938695,0.5356563535618512,0.4928551518583449
4a449213df003fd22ab81433,0.5276818400483352,0.4282623029418739,0.4176263780712804
dab90a03c55122d43b5bae6f,0.4868360692185099,0.5482500336019753,0.5435133508767425
a0b26a62f9cd045b4d5467b4,0.4955967926556178,0.4915408500391436,0.5175296672908984
385da87e9ddbfb81409511db,0.4868657353892623,0.5532843996069996,0.5597746774854242
ea66feb4c64e77667932454b,0.5697815085093144,0.6982252606931804,0.6185716759693847
dc33edeb996828ee3e2d4c5f,0.5742547615897796,0.5884342481810458,0.512400404323778
d224a9a1c0958cb126e9f289,0.5309479309303773,0.4711394020146795,0.4516285142227142
24320cd75a865255468dfe98,0.4767374656138575,0.5334035878591286,0.5954619396002224
8bc1013e839a9d8f7e3ce3f5,0.467825219204979,0.4570470720541975,0.517552358462602
ffd6b69b114c1457a25887a2,0.494199477962531,0.447561858329503,0.4841033803719421
b269da59d6ad20f3499f258d,0.4843979819594773,0.5420899567182298,0.566492688073698
baa1863e9a8905baf13f9ece,0.5137585076425455,0.4368079914391508,0.4264422445513518
f6bd4e7c50732651397e0528,0.4893404599827558,0.4655445636224558,0.4565862809872441
290a26623fc0bbe8167d8038,0.5180603298925585,0.4417262846128089,0.4468351698970769
0cd6da782b30de6f0d10d0cc,0.4779345932699089,0.5297563461969981,0.5477956974486764
0577568b3cd77e2fccd14713,0.4785708828884383,0.5485498123722287,0.5969211997905917
23643bf24991f24da50b366b,0.546929270847244,0.511658034528685,0.4635235001687804
4ac78ce2a981bd6a9de82b90,0.5142481104745764,0.5966723131935785,0.5995774478935543
7d86c3d47fb180658d971a21,0.5651746116450838,0.627973670585938,0.5559799536604761
c35a8e3cee7a38dd8def507d,0.4704827083965919,0.4226512416046805,0.4706813022578056
da103e8c2e91097b300b04a8,0.5355807008064717,0.5870021207730816,0.574993515575
98da0e1209029438da7921d3,0.4687043040243747,0.4929592625887958,0.5380162617592644
66fe341fdb3d36e3c202f9dd,0.4903529426182054,0.5626791108292559,0.5960485314249904
4afa1984029b56b2770d48b2,0.54962104947,0.6509715055552265,0.5994443813509026
302a1fee45d9ab0881250f3b,0.5549710665907832,0.5965821604838506,0.5714286060634429
3b004f1fa5ec42069043226f,0.4697548473568141,0.5868279119656932,0.5979028460077425
c5d822feb319be4b63e7d638,0.5058232055208465,0.493338797516339,0.4894941075895466
dd6bdcab0fa9f4f819ef8640,0.4668704226292611,0.5037477085816272,0.539447978432679
5edd2b05322009464b21f071,0.5187822365362461,0.60206440270056,0.5691968720200781
753a13e2fbdee13ce9024e77,0.5022263123262367,0.5987738285934792,0.5921674591315135
c8c445d4622ec5a585431a29,0.5060144658606313,0.5598922864227853,0.5185761434338899
ebe94d999e79505c3b15cdde,0.4970533646011421,0.457312605242117,0.4665146608872568
b0c9e7c3f2da7eda49dc872d,0.4511997831474185,0.512850321305035,0.5759582956487831
42c640f7406938b1228c3a4b,0.4809335228639322,0.4651689185922664,0.4717906024674824
43b098dca00c85a1464383d1,0.5309731329401927,0.5434436046335447,0.5074429268926383
56d25470cb1f78583a2c1169,0.4727100077982301,0.3777674942412609,0.4366341372449097
9aa4024d58b6ff02da27f744,0.4929723132504684,0.5024189188922707,0.4834184189430635
b62cd8c47d7ccd9b0e787036,0.5025036220300098,0.6139468939480576,0.5926463296556217
75370066873b6933b969f328,0.5585356432000864,0.6100335673996978,0.5765822868836383
a2445ff8c9bac1685ee80ae7,0.5821956314938445,0.6379236464929197,0.5455775351717246
96fd0e705f555368daa95265,0.4716818208652475,0.4672285169978118,0.5072495710506202
68fcc528a5017a28f44f38e8,0.4688862972711033,0.5704578832808226,0.5942157412684899
8912940bbe99021c800717bd,0.4943896570000574,0.588351238287049,0.5891797474985114
6f7bdec8b493333a11f9eb19,0.4743530821787187,0.4640426749710037,0.5022943846770178
54cc1d827da83186cf37d906,0.4664252881736284,0.39763722129634,0.462562538431951
f262aa361bf970d60261693c,0.4845233960162545,0.5307638488266595,0.523019316112193
62bd0ba262e901bb8de8a926,0.5200591395026858,0.5070001661523758,0.5168944233577734
ccf6a654dc3a8073242c54a2,0.5830348191118094,0.5798765612388734,0.5010589519901291
fe774c5078ce1a37ac289b8a,0.4699537905824864,0.5001176004153784,0.5198688466821952
07ac4f4a095e2e9e4068dc1b,0.480226883325257,0.5738026848531601,0.5850246681340603
2ff693b020a23bcb41981d2a,0.5433668091571392,0.5820798704898517,0.566133383763602
0d4d6f4d691de1313c84c54e,0.474621171098085,0.5417338048273774,0.5744060921496651
199e952616ba43b9ce1837c7,0.4784392789756106,0.5581254765126913,0.5976906518814722
6d35132955da3c288e908cb1,0.5384055801407112,0.6012566656202007,0.5935014341290153
c622b50025995dfe5033b1da,0.4826150767687064,0.5564714413991663,0.5820745162232347
ea6022334dfde64c249653cf,0.498939294239527,0.5679067400427504,0.5679729505396137
1785759bcbd97426d3731f21,0.554750484970487,0.5890654686853781,0.5525596711945453
ff17bb22857c349ba05e5369,0.5807022488332508,0.4982865216630955,0.4238261705759545
abb2db175677f11774f77331,0.4526034687400004,0.3783754552151533,0.4562447882547377
d9fe06b96f5464cf4d475b47,0.4890712914019587,0.5318442873221368,0.5606063200733093
903ad67ad51dd00a5c7d5015,0.5393062751144098,0.5579458804978605,0.5567466169860501
97777bc00c202e4fa12608dd,0.4839871287399921,0.5476314996859344,0.5752942849035643
aaa8c2bf30eb9ca7ed3f53dd,0.4629545192396556,0.4440481694325804,0.497415608535206
c73c05067e068c483bdce177,0.4937316444674819,0.5391009707476464,0.5681882868618311
d333fcbddd83d160e2cdd7d6,0.4881920560472591,0.5297452678744028,0.5672101864833566
57ad57c537e98ec9c2d74e3a,0.5520621434004108,0.5382262658601037,0.4914719398772208
9c6ecdf12dfb517f8f879c81,0.4678678851813481,0.5186805907703825,0.5652093854631004
744d0dec00f23881341745b5,0.5367975308053624,0.5915391676126123,0.5621830406574913
740798f9542d25738182f5de,0.514500007042029,0.5560652931780699,0.5321202230145436
87e1ba0bdb7c029ac991d7d3,0.5287060038881773,0.536386048967164,0.5405172246014885
4a27759141b445b522027502,0.4534518814152031,0.4550061566995167,0.5191245866258098
9baef41613ca147f08e1cec3,0.4700229684713573,0.4490814328183401,0.5007658195349596
6a1d41ce4ea573dac6b36cb5,0.4914950402877363,0.5169720568883858,0.5488355203418432
88dc74b4864ccb9f785b1bd6,0.4751859295192102,0.4127421788616003,0.4670584704337435
593f165acc87a5cc1713598f,0.4790159879541388,0.4755523399901162,0.5203576711925569
cd5c347248a2239b165eea62,0.4600662142465064,0.4661038929745048,0.5072495710506202
e6e68c98d02d27e036c22696,0.5947749604733432,0.6255238719778082,0.5436149893765958
905b4b0d11915daff99eb331,0.516927619951703,0.561299478014686,0.543411291957206
0061ae052b84edf6dda94ca8,0.5255542644388957,0.5518181137211368,0.5286770862685802
438e2201bbe722db58471d63,0.4819121185833329,0.4340796070833674,0.4734743584939356
88167db8ac07d55c01263253,0.4793058852403652,0.5081170849807678,0.53944015289957
0d586c5bf47483f136a8a1e9,0.5214914691380472,0.5348282679396684,0.5229899021679357
9083de24177475e4173c67fd,0.4934194842317081,0.5484666714743669,0.584256550217049
47e617b9d20be3e03f7914ee,0.5448828331747888,0.6486508980772008,0.597898503798151
0157e1b24a2547f440dbb6f9,0.5314042543558731,0.6248923592493534,0.5772722146532498
2fa4eeaf4c29ce3e6e2ff036,0.4884153458886307,0.56406345980031,0.5935930198540763
df498f4a1dbc36be5dff219e,0.5659267390100281,0.5661485427122985,0.5167747725678845
c164743b2c55d7a1f947f455,0.5104184775313222,0.5503144230470581,0.551651992258438
5a4fa4b18284254426a473af,0.5257857934319626,0.586395310734861,0.5463321434863913
74fb4b2617bf2f6a6bfe8972,0.4646937770303977,0.526907471118889,0.5688032729814386
7a4ff4d97688df651cbce328,0.5102880438922034,0.5715611126882003,0.5453786433549688
739dd953776dc56338393968,0.4950165981148253,0.5013674345084962,0.4633625766823088
858bbec9c162bd430538ae79,0.4896051268738683,0.4942480626013983,0.5209280904781535
dbaef7d4c37d3f0db1a7c09b,0.604289577092451,0.5379608981989544,0.4320496232822139
31f67d7a7f7916b7de515f27,0.5072478180580074,0.356357055908265,0.4175189983041814
8fc050e879041b68d87173d3,0.5072478180580074,0.3950028948506262,0.4570241735482337
a4869fc91ce25761119bdfe2,0.5072478180580074,0.4266329924068758,0.4788364498053216
d26eac0fca6ab6a3e68a2fa5,0.5072478180580074,0.3554327107580372,0.4192364321906078
745b4806a52f16af5f847815,0.5131789420245055,0.585623850215071,0.5669268900624282
ab4fe569eaa5a3084d2531ec,0.5139835443853502,0.54527656515181,0.5307456454555011
d4c439064a8269933c45e489,0.5707259532578003,0.6816989830080173,0.6092991436954964
ccbd6a760a10f45821fa0a60,0.552206267492222,0.56582020695063,0.5241527888906242
02c6eb1e4df90fab38c91e45,0.4930226691571211,0.5954267560955102,0.5999586450185496
6e00ea554e6fb21581b8c837,0.4935775164530517,0.4536834888424733,0.4439977364137901
6f92aedc8f24972806c7a9b7,0.4877449080321525,0.6071460269849214,0.6164286987411414
635cdef71ce8b6fde4303319,0.5010399124517362,0.5859306117662718,0.5787809779940696
e27f64b0a71d9f3be67e2ccf,0.5677125485172481,0.5904331198779469,0.5451313881987977
1b9ec4679de3990023bb8230,0.5952713918175938,0.6600081805054321,0.5516292215840702
49b1b0418dee7f49c3c19de3,0.5497324793210435,0.6267672322386164,0.5825320592374049
c65b58f1f005e3e003a13b98,0.5899735839656555,0.5385708449808451,0.4441842447130704
9aa57d376dd8e38788432648,0.5142542064461431,0.598382215066531,0.563088394852444
3ae2c74b151116b626cad0db,0.5151661871154314,0.5145589470017675,0.5123194417716768
3bc5545e1880cfd143d39daf,0.5401859256221353,0.601811024059505,0.5571112389103948
dd8b7b6c15809880abc4398e,0.4890027889149804,0.4623409796875464,0.4343874614113386
4de2bee9aa5ac78efd02f73a,0.4910241510427888,0.5863658222750253,0.5978625571947294
0c9f5b918fd857e0b2f869c5,0.3918239944802174,0.4877514865321998,0.5770102868823491
b349eec2e18be01550d1b0ea,0.5218950575851582,0.5799858606838092,0.5386587061288075
d5ed13c4168f08a0065ab256,0.460113333693984,0.4793263847469399,0.4899648441918525
79f57692d26e28c20b671bc0,0.4771495403658824,0.4979050462321303,0.4840365775493127
44b033217ba0885734e761d4,0.4677261441772466,0.4740682702792023,0.4987276401901231
4744bf71771c534330d710e2,0.4856481440972846,0.5708272466646663,0.5941815398281127
131e8589a52ee6a92e85ade1,0.5154060869586732,0.6010926200915105,0.5735772514637864
c1ad26d45709830bf034160a,0.4817717286142101,0.5152415176384628,0.5399913341520366
90a6b855a8b216b3e8c4a601,0.5148263158243174,0.4671360213443919,0.43713280231549
8cace003fcdb55081e80f6d1,0.4943936973842406,0.6028783649219626,0.6068638422913692
8c5220b0c61b36594d3160d2,0.5899649909329595,0.6668933452529415,0.590340694473235
34a2b63253aa4270d92cfbaa,0.5733215046084738,0.6173855596032045,0.5888944598142806
e869210b3539e92070381d30,0.5111631208572597,0.5620199266375112,0.5693088836864745
8e0a80c968249c91be154e0c,0.557044796500876,0.5909065310615553,0.5409892442506496
2a2ebc28463fce6414b5c1ed,0.5367305603913953,0.5556017129598512,0.5245786803315252
83ad644b5c559f68cc8fc838,0.456010292901306,0.5196617165650613,0.5613922113529559
96e3d72e3e2920950c832f93,0.4578755086284877,0.5271818089314181,0.5856846722325512
c447df98f7c2a862bc2e6498,0.4794275775353699,0.4534179778585103,0.4888915596905749
d00b1cc54d6562000523ff51,0.5133201432893335,0.4042997495460869,0.467961928660846
eaf1476de07b26eb71196ec0,0.5438336805196132,0.544004922382419,0.5330302459574339
6600e9b639e1c47f9a67b1bc,0.5440694451643224,0.5333314890638668,0.4801790030814349
e45e689fcf7afd37cbe75245,0.4834413530855946,0.5581757885674135,0.5810402442145157
a44656075161754b82a38b72,0.4672391872768265,0.4571167357262004,0.487192930666413
ad01e90bbfacc0bb43d3fae0,0.4429914229099568,0.4730819351588042,0.5506325451474516
1b63757d003779934aa10bf0,0.5461757767548184,0.6233752014689762,0.5651261610990251
b68eaecfd9adb23f8b3a66c5,0.5452173212340565,0.5873569823021874,0.5318655116344488
84b749eafea6e3b3c692ed7c,0.5147753428386068,0.4748813568487173,0.4497793710584677
d8adc31f88a1e029f49886d5,0.5151270095785956,0.5369090749633366,0.5488776100890848
700ad41f0b544f129a38e20f,0.5513632249624398,0.567167618904606,0.5265202764772879
10fed68962bed9fa99db253d,0.5403297160869838,0.5245914819232214,0.4750146507351591
70079bb9af5f0fa07a9e6d8e,0.581354165121922,0.5323846547965619,0.4552713919892582
21953fb9d9b790d265858391,0.4599072387950203,0.4068980440759828,0.4715352301386641
89484393f2ad8747d40c20f3,0.5741780937931714,0.6072372258415208,0.547377416965489
022025105254103b642453c8,0.5592406433776703,0.6848618650424522,0.6056934005481867
7b35688254b66a023d1352b7,0.5458478325996169,0.5980017280355034,0.5446907126839513
c0f764d9f362c7b7139aeb59,0.5622605989789472,0.5621920030393782,0.5111006090033948
f5a5ecc302ff3049f9e00ed6,0.4769557215894545,0.5341183272253394,0.567799783698823
4b86ad27b4fcf077042fef7f,0.4919958881774384,0.4993129189051369,0.4749327955063731
2e9a571057417d0824a59831,0.5635439785797534,0.5485124325605368,0.4980772266270444
fd543547522260b0b9c6a2c5,0.519255646858271,0.4837229576504354,0.452673834114509
c91dcda1daf331eea594d0e5,0.4970326934066514,0.5411312626064539,0.5493089510333259
43afa41ce9297266e5371199,0.5615690625235205,0.6293278160950448,0.5565477438548907
45ea3ea2fbe449e4dca1cde9,0.5394038265234505,0.6224102329404265,0.5766763496460211
ff7640d11e69110097691586,0.5215129184199703,0.5133823863024325,0.4767315780825448
e4e387d396f3a0cc4dd9291d,0.5256989561328756,0.4907704816078026,0.4828383877862093
6216f1999665f7a79ba2a34a,0.5259737707126517,0.6201777957237787,0.5763620551759223
1df0a9d37c8939dc400e20b0,0.5103557898330968,0.4822349286648434,0.4585701742936231
004f5d7a8b8ae12e5c40234f,0.5163891062221357,0.6234111367730886,0.6037176680777805
3c55e6a3b3ec484b08486365,0.4826883551818637,0.5519432552877972,0.5670443833048252
023f977e403b45f012509e6b,0.5236721102802983,0.6108442738832649,0.5726641016015859
06546941187bf8c6b75932c8,0.4934576137919885,0.4330687518405994,0.4475426359015593
c2e1ecf163e94514996ea99d,0.54624944513035,0.6090637084442869,0.5957841284484081
bb1b91be2f0d91791cbb7235,0.5526419954835692,0.5143018637677932,0.4535059174304843
26e57029dd74a72ef8be8c77,0.552301632993214,0.5231790582838645,0.4838926850124022
afdfb4fbb4fb26a1a72ae078,0.5560407590338867,0.5802127849807314,0.5331201691897168
bf723fd7157a594e0948b4db,0.4577030160058141,0.5341845095070744,0.5794326906177014
1fbc502616e809ea8113deb7,0.4935259820883425,0.4687501480387659,0.4474781441982657
4f973c639dd0c80f28cf39b9,0.5166616636582761,0.5651210655324149,0.5611985976996043
a52d3a42ba9b0e0cd5c4a858,0.5881836899694529,0.5514972207210869,0.4556485453897173
83caf81ae72703a5f41403f2,0.4838589775821512,0.5805907944231213,0.6016780761578189
8ab44599840a704e2a0ee501,0.4728983962375436,0.5485617689645237,0.5609564935240319
4bdf5bb35e40aee1425b94a3,0.5100151056632838,0.5808326738230922,0.6034669876349572
532f00bb1cc7caea72bc42f3,0.4804253526306135,0.49049335050595,0.5375192462279859
99dd780fd9e5713767bcb7e2,0.5408581835148462,0.6624671258245916,0.5933998502800941
3f423f49d2da69a9ce89b77c,0.5763922220847708,0.6002176980280166,0.5261321308735266
8a084594162ab25340bebcc4,0.5458410037214525,0.6301011263966796,0.5933937341550192
4f0c1fc6bfb317db29e67005,0.5410883783329764,0.5846878105003934,0.5799444715853738
3ddf2070f836443fec71f54c,0.512954174138569,0.4788911335767505,0.4419586404837138
aa67e2b640a1424fd462f5a3,0.4723461272193141,0.4670583585961074,0.4567442815576187
e65e12d8912433ffb3279f93,0.4861863151598696,0.5008373472615837,0.4860873086373883
3c8d13390690adca9bc9ec39,0.5523243125649865,0.579451472097231,0.534654344520507
abca5c65c9fb7ecabecc34e8,0.5494515415843535,0.5667717577901719,0.5111757706714866
87e5ac5a71665849e599f723,0.5012979013095559,0.5471449886016542,0.572086293599452
94d032db595c737dd2fc8bd7,0.4975974618412013,0.5350701867613701,0.5699715444666659
c6233645dfe5ed0cf2fd4355,0.545904063118215,0.670075420891177,0.6062981442753163
78e28ebf3531f5a261cf10a3,0.5133201432893335,0.4108652137849534,0.4590208114724666
a6366f37100dc52177771630,0.5118897068794072,0.6009807453083869,0.608213563097157
9857714ac49a10043d0a2016,0.5049810641504151,0.4768861674606335,0.4517244698258373
5efae6349eeb5ac6ee19f61d,0.5882702645799716,0.5265789462259093,0.4217058318235403
77f3046804dacee95cb71512,0.4632936187957672,0.5861552097773823,0.600112762534196
f5c31a3330aa60a27a50d02f,0.5281286264323282,0.5663482940107412,0.5264574049541774
25b61d5937a70bf0334dd818,0.5273137596939265,0.5414174311069934,0.4892526756609022
1f79e0088a0e1646072f0f97,0.5203652466758689,0.6615468816781324,0.6124170183855154
ebc04e1f46b63e2c65b99027,0.5400813175624086,0.5324606104670216,0.4959706777780428
59c9e284ec0a2fefd794c520,0.4631548565491549,0.5377811439408526,0.5574440006487411
a91327a7fb865094ed8b1c98,0.5557887272547639,0.5408155872544712,0.496338583796815
cca72bcdcc3d11390d1e0532,0.5752397692654299,0.4920768684646505,0.4506037110559359
b2f02a466294e03d65dbe192,0.5398567624565789,0.6008299719312575,0.5569809423402996
43dcaa06f68a6b403c9ee49d,0.511396442352521,0.4746611705143451,0.4510582831023044
c52ad6932a899b0855bd0387,0.5641094577484308,0.6797573428847887,0.6135086787067725
f952911819b37c4319832811,0.5650605812231777,0.6025224578022832,0.5452210531026465
434db47926e2128ac8af211c,0.4663530871757632,0.4213674385970926,0.4462287515547437
c6740a5d5f1244b34f93f07e,0.4946306836952505,0.4291409354146456,0.4392673268781433
00297a9b116851a182757c2e,0.5364889571354672,0.4247395611246234,0.4444084947827735
17184875727444671c272eb1,0.5298336947443218,0.4066627956858273,0.4409807867438861
8cb7d1aa0db7a432209a789a,0.5364889571354672,0.4028653786367934,0.4306375918161742
b3d3dfb23812a5aa8e2e9eac,0.5364889571354672,0.3917233683673752,0.4201489592201691
d1b3b8fe4393cb21e15bfc5c,0.5298336947443218,0.3722064081601929,0.406847731382804
e84c815b5c8658a724b2a669,0.5298336947443218,0.5206362378281094,0.5462350768030482
f6e9c3c402f10787421260b2,0.5298336947443218,0.3912427331513259,0.4273892616578593
fe652eda18d2be21d06ba78d,0.5298336947443218,0.5511670216789654,0.5665561140926151
e91913cc73e1cbd2d08312c3,0.5559554009719793,0.5237359707466869,0.4922274128532201
431a898f0d0490810c747890,0.5416724868245902,0.5823853379850519,0.5783313749641548
7f160f7cb083e290f662b8c8,0.4965507059310176,0.5587079086794515,0.5728508921553623
b46862e532cc747ccf4942e2,0.5676615903563015,0.5677714710744679,0.484008504954135
bb85e64782c9a0ebba33a03b,0.4917396678426685,0.4645476712363492,0.4482206072008833
ed30ef0538f2ca724f66ca7e,0.5637595276615198,0.5565089575025269,0.4924490660412103
eb6413fefd0ce49dfcc1498c,0.525998329367561,0.5515053183144109,0.5262502885108398
8b508507d31a56ce47388368,0.4948741273815056,0.5489303522822416,0.5572329570921711
5e16aff1ecce2174c72a53dd,0.5330379391662351,0.5948911462956289,0.5779938843199379
32a8053685b1df2c950d0ae3,0.4728238882635839,0.4516724502884803,0.4240197048535626
ef40c265f6fd8bdca723feeb,0.4998358500139803,0.4584177828316947,0.4649158512767147
1fbb022d3e9fa007bf280798,0.5756245580863917,0.6770318618691777,0.5960750226354248
b96f152c92821faa9d264d35,0.5076176249783779,0.5171509360203064,0.4852144497161241
92dc50816266023a697c9680,0.4999880207278861,0.5692043386276053,0.5657373261320808
51f7c1c64fce43a141da47d1,0.519586828841306,0.5211618889941797,0.4602076436895267
0911f79d7cfd926a4652238b,0.5773433261226136,0.5766584187998549,0.4983889807251039
d4a1d287c58360bedce378e0,0.5251722764345298,0.5135449008463578,0.4956235605179186
428d8e9443161dcca2cfb3a2,0.512016998945193,0.4769386174964479,0.4629771728278461
9eb173c3dc20d80ab32fea9f,0.5015095669801491,0.5662388429605172,0.6003862759212063
7ad457f0598414863ad084f0,0.566144560956583,0.475863317847372,0.4483330965203065
0fc3e62779eee0676e9df4b9,0.4750816487283554,0.5524539258523236,0.5966351012331289
a2e317e9f4fc0b8c314e8990,0.5784376220380488,0.6021724582160402,0.5074539687727827
58beaf1221dd83b3bad06a3d,0.4479858889631384,0.4811123678507173,0.4981764589376566
e349e8f0b9fc4be3b5ec0d37,0.5408573792177817,0.5808304808675441,0.5452935703158109
a11f1a80735d54647a085790,0.4644385976435299,0.441856057308621,0.4520194192765245
6b5dcfa934178f61df3b6990,0.5484468544704374,0.5753370815182864,0.5567333791465255
4a3abdca29d480681c280bf4,0.4582635794992323,0.4852266583216897,0.5081385743765621
d686cb1c64934fb33d97c954,0.5609678543740385,0.5569163168004558,0.5419599819653286
1af0617b4c3dfc9815742baf,0.5153183573239475,0.5630914752285765,0.5583413067194946
42b94b359b5a39ece67b6c84,0.5734151305398975,0.5259618144158081,0.4708204646510816
01db13b89439a7602d14b26b,0.5650971830002318,0.5645734787009393,0.5187651337859984
1d0b8fc5cc76ea262af1f077,0.5108747402401861,0.3938744279097356,0.4502817363060836
322f04e6c6649fe0c31d27f6,0.5108747402401861,0.3774834123011558,0.4296718525431404
32770dc314049827633457b2,0.5364889571354672,0.3959597455463806,0.4232852606424466
8d3d4f99791192236de86b6a,0.5364889571354672,0.4049769893648514,0.4324276513639798
a33b2a3f4335c253f78e59e3,0.5108747402401861,0.4042287807838665,0.4621345604753414
b3d499e6bfa1ddc625b8264e,0.5108747402401861,0.4374183391581303,0.4892327495333831
f9f9c2cde82e290ee7c61278,0.5108747402401861,0.390899755015076,0.4424137619915393
e647f2f7e6a3d062823fb24a,0.5762114862375741,0.6420734411085367,0.5762785683721801
9057473e06de6c0e8fe2c037,0.5855701466043922,0.5865300757410703,0.501269454751814
e2ddde897c195fdf166af813,0.5107543206007008,0.5839386750417646,0.591718181996528
87996d2914f213720ffb3ace,0.4523679808327137,0.4441104618438215,0.4552438199916255
fae6ed98263f788b9600a687,0.5863817963602512,0.536201450639282,0.4737858772058608
954e8229c7737c0d345a72b5,0.5396179415502049,0.4505523581905823,0.429879233090171
f343837a17252e970109b157,0.5342495982754343,0.5517251386843574,0.5215950971435237
0888fbf9a706132a0457eda8,0.4928060920531733,0.5022786837479337,0.473881595849806
b324bac56ff1278ec394a3be,0.4944195861818556,0.5081463998896714,0.4811824164027444
e3a7e8ec878dbc53f4b25805,0.4855940036349987,0.4946591499953773,0.4654158677928722
872d6d93fcfb35ac17565299,0.514228129925546,0.4687295780033607,0.4897897984900854
65aff086298d6bb75c692335,0.578859795152026,0.5020471623862486,0.4333800321585575
3b1e6536461b1d2942c26f51,0.5721828557621729,0.5133632566433904,0.4823544621263821
cb8447eaa21bdcf49ee76fd5,0.5384233267752436,0.5113886924869401,0.4501768151134765
dcddd900913ab2d509d6d5fa,0.498650871312738,0.5073067805887448,0.513562416594328
5b06302adc8c815edc3375a9,0.4764821380158834,0.4237789535367043,0.4306324044148019
70661b3a702df0a94b2e6e04,0.4926794757803867,0.498117864515227,0.4942146983845361
052f63547726eda0f72677f4,0.5108747402401861,0.3807938511380601,0.4325102119805122
2184eec13b732726e2536296,0.524586354064488,0.4019908648362543,0.4379529548879818
3cb59ca4be2472c3f480e0be,0.524586354064488,0.4009525662246953,0.4345586084895323
3fa8f43acf6d8dcaeddc9ec5,0.5108747402401861,0.3858444789759435,0.4421328204964828
4a3a10c09e28e22d13db57b7,0.524586354064488,0.4075904831779771,0.4445768454487484
4cdd227efadca5c81ff53072,0.524586354064488,0.3778940596489431,0.4145231220981831
5b5e01b7d5a0dbc706c17bf8,0.524586354064488,0.3977002036862443,0.4339652986182889
67d3426487125fb093f741a9,0.5108747402401861,0.410189898404867,0.4634841530916016
781a6e33c10113e81c2d3875,0.5108747402401861,0.4595029831579599,0.5093125624016444
79ce3673025742ba34fe6fb8,0.5108747402401861,0.3753361668735185,0.4289114170039241
7d366ded2aa4e6382b7a6b13,0.524586354064488,0.4110187540963735,0.4477720227578149
7dd371072f12bc8845f89c58,0.524586354064488,0.3767310187845478,0.4115483060919906
80e34b17760b44a9b62967ec,0.5108747402401861,0.3585454459299202,0.4098801022480506
8253fc20b8c87914b0694576,0.5108747402401861,0.385930188460194,0.4405305854624797
8458ee8322578ed95181d529,0.524586354064488,0.4085890099700434,0.4398239449887448
84cdbb019fc6d6ac15f1e67c,0.5108747402401861,0.4900270272938568,0.5261750354451042
8c4edc6590ca7151efda6fd5,0.524586354064488,0.5620065756676114,0.583850122652072
901ba6ef904693e3022953bd,0.524586354064488,0.3980651297251799,0.4347197882879445
9ac3730b1d78d3431c19b5c3,0.524586354064488,0.4242333038223015,0.4570762755354549
9f347f4738572fd93e2dd6e4,0.5108747402401861,0.3787062032430773,0.4343874614113386
a7a3daf590e1084cc8fa8f8c,0.5108747402401861,0.4338948603042274,0.4920806512335521
a9ed656073472bd419e8719b,0.524586354064488,0.4611368159357802,0.4955135720281031
b6687ef71306255a35cb6a6a,0.524586354064488,0.4174845089345955,0.444838741201662
bbf9e6fac57f98afe27c29c5,0.5108747402401861,0.3542616005162941,0.4090359083179178
bf597574c2c94a6cb1cf70e8,0.5108747402401861,0.3672509023518848,0.4197743079499204
c429c83cbb1afb0a5e84f90f,0.524586354064488,0.4162642852936608,0.4492987063856151
cab9b31e96feae79d8456c10,0.524586354064488,0.3821952742681149,0.4143012826329493
d320a193b76552464c3c4d10,0.5108747402401861,0.3898108928624912,0.4465059151522928
daf6eabe30b28754ceb5509c,0.524586354064488,0.5310792841178564,0.5528689255441595
e1d81f149824e41704f55a65,0.524586354064488,0.3877427907384959,0.42288313461449
edb542273a8763a31c9c59c3,0.5108747402401861,0.3488859889583988,0.406113287171688
ee4c2a04c55b4079e3ce9b92,0.5108747402401861,0.3683888015855097,0.4263396481868067
fdca4c7d0e1086ec51553c2b,0.524586354064488,0.3991619122904835,0.4325659809570823
1e9cf9ace4d46ece94a3e25f,0.5923994512193494,0.5823907520068922,0.4997237508046796
8d507444f4524095c099e0e3,0.5580865926246248,0.5655842185860077,0.5042780562073198
7259bcd1c4f0ae607233298d,0.591703862106238,0.5775058052152714,0.4883769023321084
af359664fef54d94153bf92a,0.5060322344626083,0.4371130849705015,0.4398561027367074
5a362beea122f218ff1c9876,0.5624861373856699,0.5362372419053358,0.4861428786060053
bd15b08f1280dbb728873177,0.4782115233937851,0.4457676398260741,0.4477337013035316
5addcd5cd363cdc013528881,0.5537189068194812,0.5823505902647608,0.5307563035634595
7f01edfde2a7657383d5e8e8,0.5810360388923198,0.536115598754292,0.4529632635639164
c4576cb072ece8742172e4da,0.5830642319168653,0.6132093390598379,0.52766030487207
cc91e228152218f52a79d07a,0.4632027519927297,0.5429959804262408,0.5625137318189075
55439b510939492d606a4be3,0.5179955017183395,0.5354316252882922,0.4940056964301439
bd6d264e8d8289599cc0f5ce,0.5403280171381117,0.5732706244805326,0.5176550474773488
95a5c7d3e0cb9a7f813d4e47,0.5677114691298438,0.5339374454291238,0.4475846922774369
63a1d733e9cb6e4c30472e42,0.524586354064488,0.4009600363207378,0.4348396011502389
846b3fcfd0c95677ada802a0,0.524586354064488,0.3845680712901451,0.4213907206995911
bc37164d6d9b30471240034f,0.524586354064488,0.3739869845284106,0.4111156941924886
b99593170362d11c5dcf7568,0.4483416003165831,0.4527872003983461,0.5104009297593816
e857fb6eabc708a4a861eec2,0.4905758430180693,0.5505699304486501,0.5854767670477706
2d916156cf268ab89f9eb249,0.540400024882012,0.4005007120738516,0.4149445430838889
4e0165fa19d7e4e3b5878318,0.5597432032662099,0.5483219204997263,0.5032156714717948
0634aed654aa6750650f35f8,0.5368340984385784,0.3960448978452031,0.4124100544449606
1796c60e8307700b03e960f1,0.5269153951963099,0.6016361960618015,0.5641321991614653
fac19580e4f34eac6cd936b0,0.5262880522150544,0.5158652582172257,0.5132448807992378
47909244d31b6bb5cfca538a,0.4551561761312207,0.4402883075897222,0.4755942196900927
1e78df4ab272857670749135,0.5412972661174003,0.5060359181259504,0.4576101906239149
21b9788db1115eeb758cb008,0.5368340984385784,0.4580466124750339,0.4758638579012613
7bca752294023beeef576426,0.5429312676688317,0.5315846255609217,0.5514301717951031
a694bccc913776f43023056d,0.5429312676688317,0.4142897700572031,0.4251364838543964
aec1ec3cde275be109bd5a91,0.5429312676688317,0.4086272899127517,0.4187041893348808
0f75bd33a1cceee5129d1fa2,0.5277217607808696,0.5664660853964271,0.5697862137181443
1af77ad06b7a9ec690e2ae75,0.5277217607808696,0.393303750164342,0.4211150570090437
5e0b7811ac6efbc3143a385d,0.5429312676688317,0.4276789163674376,0.4372187936307624
5e60cd06c303a80d0080cac0,0.5277217607808696,0.3832083794891968,0.4095645047578353
6f70c84aa3b7a275e9f4892c,0.5277217607808696,0.438242077699293,0.4604687847689812
adbe97bb547674a6a524252a,0.5429312676688317,0.4366288343474814,0.4487115785297269
b6d709b430e3c627fefe6d04,0.5429312676688317,0.4887993746339633,0.4999746906667605
b7575c758beaaeae7866781c,0.5277217607808696,0.4446856939194025,0.467993100284349
ed5c7a19779631aaef63cb93,0.5277217607808696,0.3974655438721383,0.4263838132865044
e968af473aecc5cb29051837,0.4672038239937874,0.4846031683937192,0.5372506716658569
dbcb7f7eca3daaa0f7db8c74,0.5277217607808696,0.4068338314512584,0.4373562773232747
d9af18ea6d23b090cd6d812b,0.4830142937514434,0.5610376349580942,0.5904579974427683
63e15c76a853b6344b3125eb,0.5242401552604014,0.5215958995823743,0.4811310253896
71d51b9e76159d9569a83c37,0.5038851610753865,0.5782465001019972,0.6024189646294682
4ce099485e57842b0130d055,0.4763831738204204,0.4815714698191016,0.5009483722485877
8d529a8263944b6641dad9b7,0.5333566809398412,0.5358140507988616,0.4996743569542369
03cfd9b3a6854483a179055d,0.4830129853173119,0.5639782432155357,0.5892677855277842
3d5f994a9c85b3572d235b7b,0.4619952050148894,0.5170623049552181,0.5771781577195304
c6938dc5f4d1ed07a6caf98e,0.4841600504075969,0.5388272334507709,0.5792686212432714
2b565b76c814a6f0d9ee376d,0.4888363320851736,0.5606383337088328,0.5936683312526408
986730d127e7481899fcaf44,0.4968057227903751,0.5660888515440379,0.6036556698703597
fc2ecf36d598b9a4c5387857,0.4725972366187166,0.5143164568844367,0.5715986361253731
3df7225d65e3568ce45236e9,0.5221584035166602,0.4396728761781582,0.474444576432122
accdc193ef36f83a5e709986,0.4635787572825942,0.5094784518209796,0.5442584310798383
0e9d3b93128d0dd743025b54,0.4665504790440516,0.4783093393278316,0.5433875234649699
ddc6ddeca2bfa1beeffed69e,0.4578312571856263,0.5504435138534332,0.5877666264663224
2f194ce4c6c359a4cb2bf3a8,0.4900072579126455,0.5311375198617951,0.5641672070964544
b7ad416204bc209153a82548,0.5347827776787059,0.5346133989149147,0.517305380148792
dc30c6457ef236e9981136fc,0.5281229919813154,0.5812398850439302,0.5730545214790186
a599e2591d6e51c79fbb9df7,0.4991134765050305,0.5725199140372981,0.6007740740858505
cec7f9a4ceab5fd796010974,0.5143914415683004,0.5024358724733207,0.4697729850632349
8d9148070330407285de6df2,0.5147653580369915,0.5649634922458017,0.5569369426677429
307bc5fe10885c9cbc7805d5,0.5266147638985431,0.5865172068230282,0.5896066537870404
d41dee9304ee2122de94bd9c,0.4756516719323213,0.4272924894474881,0.4668228684085396
7f7a082eb4cf7e1bf1d30bda,0.4921071344105889,0.4477224802970715,0.4538820378159569
1e2779bca26023c56cf4be08,0.4616159595569806,0.4989046074842213,0.5249518704264303
3649b0f162adff4fa2334912,0.5115473341325724,0.4923272316376743,0.4835566433129098
7ffa1026decdce6e6bea62fa,0.486781624929383,0.4955435557257232,0.5292408091209906
313c0154769c75c97d225bb9,0.5528981208072353,0.609711012961374,0.5540122616413383
174476b6ac6fd1979864064c,0.5016990979488335,0.58565537186464,0.5613222982116732
1a6aff8e64638c6a5eee2bbf,0.5492425548135977,0.5624407667119055,0.5053222338168569
09247a488f57d24da0545715,0.4981401071504698,0.6187319431778643,0.6076094586344509
7296283bee9053e29a15c0db,0.5142333231207398,0.5725631756258556,0.5379689747893992
d1d7bb44433fbb9decb202c0,0.479011305328013,0.5560926171262698,0.5715513116873719
bbcdcdaada9401924b797a6a,0.4650080752095665,0.541643640171583,0.5906003688465397
925aa5935ee5f735214c93bb,0.5071712060983271,0.5397308735312465,0.5326862522953225
d7a70558a249cfd6c527bb8c,0.4848619191223063,0.5483846959522312,0.5879907210553574
45a13c253c1d5d50394e7eed,0.4817649627666555,0.5717391714427069,0.6106525115800447
43c8c3e217df78dc3c83b9bc,0.5791804304129556,0.5229373422240842,0.460541249543654
5ff638ff5aa3b122496628f1,0.4849993264519187,0.5193286794460521,0.5483664319550094
fe51c84261c6236ad7a59a1a,0.5150825616137531,0.4910266242662746,0.482664752162967
9ebc1d8e0957ab5bc26da29d,0.5273926487744067,0.5575500199223595,0.5598915641738924
63ad652c153e009ebf6d2a9c,0.5493033772572705,0.5525140855041273,0.4971489430352529
4528b3b72ab041548fd0e7ab,0.5181570096811833,0.361642112496739,0.4059336400459209
e7141a5fc0e79c91965e3ad8,0.4885765163856811,0.4886060129935297,0.4651282363384862
b2f37b0ada549032e63ec56b,0.5016835141133779,0.4879906106726686,0.4661947947628454
d55454f1d6921b7060cab454,0.5462068017471267,0.4575827603336119,0.4707602693764243
9f4d3c3d8d41ad55bcde761f,0.5349151732760712,0.5060751491683171,0.4841354253123633
5fad51a8403eec9013168f9f,0.551515218631277,0.5499258441904191,0.5261288942454014
80e2cab3aa3bd39deecfe281,0.5352391363372984,0.4148759962486956,0.4326041879439372
21099c376b93ed9213b77d10,0.5352391363372984,0.4198322133021013,0.4362658745060638
0977d42aae72e9966d11f8a9,0.5550858223644164,0.4549797721461,0.437826758733091
dc1acebbad6478ff1c7b7f25,0.5550858223644164,0.4841208437287354,0.4749080086414639
24c92fc0af09d41c649f84a2,0.510674780788362,0.4224721020253419,0.4382910753159967
47e2b24dfdab9fb486e8e0d9,0.544465400409181,0.6634569316168919,0.6346878020112694
b1ebe21d25b55bc66042b4c8,0.4812781913890694,0.5553772301276829,0.5959429088105417
90d5a19117fbb22940fa5ad6,0.4903945432405984,0.4729408118851103,0.4997096953561443
804028256e17ec25ce4d0d42,0.4683187852873481,0.4229858840060368,0.456477608067984
a669fcaaa374de87e48a8cee,0.5675894460419268,0.44590031770345,0.4171465193847369
acbcff3e1a3f879ef357bd85,0.5532201531985707,0.4347193926739632,0.4233418218866263
eb16ad986759eb9907489035,0.5706993085309846,0.4415715301279401,0.4183557522907131
828a209c86951121b11a43fa,0.5435336590378208,0.5086427081166789,0.5085830079147011
e6176cb75da4598320eda20c,0.5021567536897716,0.5560247074554265,0.537359303259163
44f16c5cdc74994c176b22a7,0.5634820976370521,0.4828409855909991,0.4691159016217664
481d5bba9b58e06e193bcccd,0.5634820976370521,0.4375909784234102,0.4269986348206734
9a34981bc45a13bd50aa66ef,0.5634820976370521,0.511607744476012,0.4889736200529931
7d467419d19e86849db6d19c,0.550333893376499,0.448054913467848,0.4391637260714373
1d47240bde84f95c6548dca9,0.479926587837742,0.4905417546270356,0.4558264176291241
77e00a31235dcdc174d277e8,0.4526126501148179,0.5704220169446135,0.610637169393047
726ade6f66e4e3f2ea8d8857,0.555413837601888,0.4665917360927909,0.406559255168214
9cc30a5304e6f259782325f1,0.4961726379245592,0.4786214942827499,0.50747276615309
619e500c9dc40bd765d01c62,0.5250103415584416,0.5251487481989703,0.5164272274419553
2d102b8159460612c716bd86,0.5249869601517511,0.5882806973286723,0.5812997814833936
99b544b2f2942239f741629d,0.4920676575996985,0.5122720780033018,0.5506962594900819
9bbe70859237b0ec011b5b89,0.5173531682463178,0.4889130710803212,0.471950535266649
365c60b6a0a51809c0eb9654,0.523688543421776,0.4635429597827409,0.4672357808206613
03d11ca02d43fda2c77c1873,0.563147423330447,0.5327506890804707,0.457400766430838
9aa3c1360f756c169c86f911,0.5010940080837804,0.5175554840163189,0.5515430471819258
868b9b5c6b8c530f183fa4f0,0.4836136187776817,0.5616530171727632,0.554361051690871
a536e6eb80efd25d7a6f132f,0.4686759607927234,0.5189353536758963,0.5729888917984158
f426c4fc572337f7aa823174,0.4971440191511565,0.5160086907815203,0.5215784281695548
eb7bded3bd1bd66971f92e03,0.5136573868075073,0.5501157433984903,0.5742069011929362
d507919ac7c05afd99afc71d,0.4717382969072599,0.5659093965428019,0.6092089153185374
bac86e6fc5f5d4e542e8f764,0.5046327060599434,0.5377240810777059,0.5441955754285114
b51ef8d5d036b89c3e3cc91e,0.4864406639555121,0.5582069070025776,0.5795520546779259
07254d44da10d04b4a7d8264,0.5051111745103622,0.5098203680625099,0.5077981161979487
13729bf2eeb50b824e15436e,0.534209736857413,0.4980699456799518,0.4673567634994314
987d72455929eaabab54a57c,0.4814088928527754,0.4373590916088625,0.4979884109074982
5730745baf3c55b2f453e1ae,0.5311368714083281,0.5046516634467471,0.473377000019729
38335e63e5a4dee7211bf6c2,0.554411688224466,0.5323681452176903,0.4645832603434169
a757e0b524263464bcb484c1,0.4823950662258555,0.5374751406699647,0.5694368025124346
bf541e21694ba0d33ab8fb3f,0.5375933055112956,0.5910473194562307,0.5709004006007017
f15c5d4f048bb98a6903045c,0.5497639523668129,0.6189348555729406,0.5990741971965665
5e94b8ac5a16c4e9b8694eb7,0.5332696280273237,0.6337496540395529,0.5957918885965797
cd1217637091ed4ce6badf18,0.4717855583873787,0.3855330503869011,0.4384516217899303
0977badd860200884f4f62f2,0.4392701193890292,0.4490091966976178,0.5157765273522379
943310a81adc00f7afe91274,0.5433458471626659,0.6135670178058317,0.5879521608396966
08fc416ed1ff51dc3c6179e5,0.4557231897866665,0.4309282187507567,0.4332595676659007
b1e8dc58ea6b203cdcd10e23,0.5012904866363639,0.5086152765074032,0.5331161565757927
e742c79055859b943a7e9fb2,0.4875572864612836,0.5588284489796315,0.5906095671225818
a91c0169c2e031fe40707f76,0.509095179868443,0.4765781182791169,0.503888593785893
142481de6cda783f7d2c983b,0.4735215348854247,0.5280455372670242,0.5870208364584788
c50b59199cd0729149b3a590,0.5559607732443576,0.6533316537796777,0.604155810821724
3c3a440f67e2581473fb7c26,0.4866716582727718,0.4815580920661896,0.4991506662103912
ffff3070204f6142ff8a4d56,0.5716362145505763,0.6151850795130724,0.606006334769297
00f9a49f8b1ed6e80f5b888d,0.5196826888067297,0.4688504276056526,0.451307363624755
2b491a3de4fe0a0c8f779525,0.5400155852633435,0.5411797884618654,0.5269679180838573
b026ef11e083f03fa14a6359,0.4902201249358701,0.4178086050421624,0.4537581434759292
13802aa849e848db26e8e9aa,0.4863797867238335,0.5496240028863508,0.5935559571202682
b1688b3b17698b275e37352d,0.5217669595395532,0.5186732970069219,0.5080252472198338
d59480f13d8689f21b93c394,0.4839302493778278,0.5428091276353699,0.5890445072421513
6cb17c4f8fc6551553b47dab,0.5243691700705887,0.4553523158541465,0.4555210135792643
549ddb6e46239ce2b9d1a28d,0.5049393122373929,0.556035243488179,0.5516753760008131
a9b305aa65f1e5a48b43a1d9,0.5243691788869435,0.5393324352506949,0.5332802159441177
7466c845ca009183121250d7,0.5454076305540293,0.5758740183825848,0.5624859482555169
d110b0acc6e33cdd3bfa2381,0.5581020687683997,0.5037532710077591,0.4562258034010252
36db9d0d1078a5ce3c02dd21,0.478174833500787,0.4508867377143498,0.4649397362022746
49df91b6ffca144ab60c923f,0.5021750853106255,0.5634380481257224,0.5953830040074027
1f5c6f76b203e12be1862a16,0.5549352855974108,0.5158516705438917,0.5068224303636703
faa139e6da1cf10f5d0d603b,0.5187233051599556,0.505674192877424,0.4623661928047472
284d68e95745a3f624841ab2,0.4930935801921,0.5473530369246435,0.5665894866691409
20416bbac1f4e29e28b36b9f,0.5274348937121459,0.5627050450724885,0.5437904594883592
e66185471fc4d8e5c5a3d041,0.4978925433074799,0.4392467718575039,0.46340450418689
3da8be8cecb8fd02a763a611,0.5078625275645777,0.5009209276104213,0.5189844429586352
8068dfcfb95809c669b444e5,0.4985535607656349,0.4452914773971256,0.4834457785368099
114292f840c707240912baa4,0.5529792180919288,0.5886773669923062,0.518855160549249
93000b0652c08839cc467c2f,0.5360042740826474,0.5935974315017662,0.6091639539160332
fe02e066281252de70316dc9,0.5428264371786387,0.5663790189638127,0.5506013484033683
cdf4045477f727b42ffca86a,0.552191785000034,0.5824122434997948,0.5343429095476099
0626e5667c5c005a1f881d01,0.5011312547792561,0.5654546130464022,0.5845291647398019
ebb8d635a160c88bf2c93319,0.5093777903087015,0.5211815753936716,0.5182365392599113
4cb5495e3f9b0b645b780c72,0.5060784514735943,0.5657484274958988,0.5952102829036822
3509c94988d1e06fcadea78f,0.482476923935351,0.4750509367734428,0.5418473555292971
07f675020b9d1346038f1110,0.4924382740450678,0.3867591670930494,0.4398022986955548
d8ea974e8e2850c5bfc85b87,0.5454937093224593,0.4980037906954025,0.5072093123957744
fd3efc5dc12258d0ba9b10fd,0.4894843461296051,0.5236415715324271,0.5246733437561704
2a99e19425a9208a187a48ad,0.5494159125098427,0.4819601133039884,0.4535644815379136
7424bbe2f022ace340df3b95,0.4849849748513689,0.5361630432804841,0.5720726093344326
1ef049ca807f120fe3f62470,0.4679400874010865,0.5201229735703796,0.5591486668459187
6db57cfd8ffbfc6f7b02022d,0.506141119493609,0.3876923140691235,0.4151226787223617
40550f80891ef4779da3ff48,0.6098680243147142,0.4944542161290762,0.4157969650007652
1302da4692b5595f4b88f08c,0.5452971215977266,0.6056836960138919,0.5961604486100156
2bd1655746367a99196d23d3,0.5474506785344928,0.5503368151045527,0.5398700251811157
7b1bcae614bcc2d8bc3f42b2,0.5019112996143851,0.5856279045904339,0.6045478041014191
b2ce36539bbb72959f90d942,0.5408298837738843,0.6262412360746052,0.6059719644852548
a59e30890dc3adbf78d55b07,0.511868970292147,0.5653217910417287,0.5793576011773625
b1362b2a70a03c8fbb643add,0.484929429015921,0.4953464794434306,0.518328224391835
ac47674f674a035b41558123,0.4975171239318125,0.3854151883154696,0.4371026437193381
ef9d7b31804e237ae9a78ee4,0.577548864602707,0.630751075467782,0.5746614848278837
1677cd3ec835b8b9399c273e,0.4726126970875907,0.5077853274738708,0.5293258123313851
3413b53a5e1c42868b0a410e,0.4986769464872899,0.4659851072632701,0.4855778566153889
98d282763c2a059bcbeb3887,0.4876277218518187,0.5528623751469431,0.5528360379409551
6a73cf0b4563ce4d51c3a111,0.5211342983276077,0.4717701444415654,0.4677383370548297
231cb9a403783be07265f676,0.4962780734063596,0.5754838035746356,0.6032546341330816
c1592d45b95091afd724e6ab,0.5250249545144823,0.5836458808227041,0.6051687334488773
5dcc4ea8da3500ee15fcc1c3,0.5846438928025808,0.5584438508357247,0.4892587356767753
851d7318e588e897870b56b5,0.4706525754263906,0.4643562534102349,0.4988082828824299
2bbc8c958786deadc998c0bd,0.457067350300813,0.5186621996508997,0.5673892846158655
e8f841e99b1d6640a9f4cdbb,0.4845200203610846,0.532946669188574,0.572752605778823
2417a72041764f69e32e0bcf,0.5050226972373665,0.5049726529645122,0.49896905090824
c57fc5cf33b9da856fca1adb,0.4900495431816469,0.4148145023301631,0.4530142359474851
e8b7afee99f42a3cb8acaeef,0.4776026429477005,0.5501644071903853,0.5930092077088966
f7e4f83ee2507ebffe48a2b0,0.515316593375823,0.4805613356931389,0.5254414772041107
fa74d8d1d4279807ed53f0ed,0.515708216539867,0.48677876066395,0.5230545354933516
8a8b861114baaa07f1cca11c,0.5248907888405517,0.6232569868050643,0.5904569552007447
9139a30edd86b866c06571d9,0.530210329199447,0.4551805615035211,0.4486036053575614
cfe21ce961385110927dbce8,0.4968890666693653,0.4864895810013868,0.4793063716077913
809236aa905bccfe89316d55,0.5021741595531375,0.5204352808477724,0.5177957296698066
70a00c46a8c1733356dcab3c,0.510279217788448,0.5218951560558235,0.5392584044911495
e0fb5d3ab48efe015992333a,0.5398772646705875,0.5597871212800022,0.5658877324476322
5b3bf6368fad416c0190d777,0.5200081168908316,0.5547599166817748,0.5749695164466591
5591065c4b1726297aea96ee,0.5160438732974075,0.5922548479583625,0.5966311558951389
e9b1734069fa1a7a185f5cb2,0.5709159647676987,0.4814552160875363,0.4375554362916709
916d4ddfca2015877cf21918,0.5363480470242378,0.5513089650211956,0.5573240977660223
7e12a4185b75467e76b53b63,0.4870668025292061,0.4406701253734217,0.4337547882110546
e1f64e1a935316bc6fb0fcf5,0.4813430809767458,0.4693731362590241,0.4929890484418369
5a7da6bcb8f582b1705cc1bb,0.5468668027783219,0.5976538295723953,0.5933807568941037
d5be045144c27ab3d75cb45e,0.447172119039861,0.429887051258115,0.4627857223523114
29f3f1e247d004e6fec403fa,0.5397471546114375,0.5155822650317115,0.5166471246991275
86d4e752dbebbde85e5947cd,0.5055160549383032,0.5557873277589016,0.5672184403608991
7a5b9eaa9021be868390a4d5,0.5190391976744798,0.5852809429858752,0.5818209036560337
0820ca51b849efd0000336d0,0.5468309201546534,0.524954425492734,0.4802904811148147
0ed84099b82aa739f5b9a5d0,0.5075974273874644,0.5087690858156156,0.5045231386847627
1ec1b1161487f63dea568da0,0.5539201191638891,0.4812099791896747,0.4265031679365639
997c6ef9e0f17804294b2a2e,0.5330528183675693,0.5929743618264322,0.5772000885995375
7c0f00f4594adc47bfe926b5,0.5297990795119899,0.5111586272608355,0.5097710489213825
b3d3674df461f45d97722f20,0.5635769177746288,0.630430574600072,0.5883304333273497
8649a093dd87629b6f006bb0,0.5338791922023147,0.4624619837257036,0.4345369120154221
77f6cc752fe967587c23361e,0.5021852718240448,0.5324399442857147,0.5593114787307927
8ce0094f9b6e3116222971fe,0.5342619259120641,0.5514330752627976,0.5335994141671591
524a83f494a8863fe6f61856,0.5611165831389096,0.4673113944787372,0.4313127065501591
a8910abe102ecf996f87697b,0.4737470007734774,0.4455157562190338,0.4912660324195973
4ea62170e8daff4fccd7b37d,0.500745181369932,0.5399702775002678,0.5405143618967896
bb537e88f9971f332e7e4510,0.4718948080671925,0.4494541046259339,0.5012159891278011
13f06eb681e5cc51dd4e5505,0.5022586902921814,0.5063610263626549,0.5106291174816583
4ac3240d013271cc4e0b316b,0.5058903229568872,0.5196362055481736,0.5177598484281389
7a73ffdcc3657e450fe90d66,0.5656187282646118,0.4982704362501622,0.4520645694304055
a757c62f05df87657c2e936d,0.5817793875189612,0.6407401872937537,0.6064502884478095
25cd6a5fbc34a54e201cef05,0.5537301761189154,0.5724791262343616,0.5261534020491996
8b04b81e057b8f3ff61a4c01,0.5252878042311584,0.5118219193193676,0.5012467825088736
2a423e2f0e64b098aa4e25c8,0.5176821900126558,0.5267399871281131,0.5493700440509344
0b038032b2891bd0810d1f86,0.5085000516455784,0.5194312843716871,0.52814171147638
3b0662ee8c8c6eea211ef22d,0.5624076814343741,0.5262659504524694,0.4628258872909057
e8d28af2fff4b663352b65da,0.4657632107884564,0.4867339860493659,0.5027555052149703
b5d1daefe480aa119a083eb8,0.5278631092646052,0.4572614639115082,0.4220143611025236
2c8f207029b2192fcfbcaeaf,0.5143819625167483,0.4677017022013988,0.4306830778827002
e59ccd168f1a56680bb90351,0.5867575645359638,0.5252569080288318,0.4290594145455548
1d268b6be99546081a537d8a,0.5278648721582234,0.5134628357530827,0.4602827049908777
64611a560ade1aaae3ae5499,0.4715824658397075,0.4766344148083643,0.4837984350940514
797b0f2f301c9e54ee22c3a4,0.5311800310041341,0.5010150161368065,0.4393934770241652
5cd900690c246b45db776721,0.5492086221027861,0.4812031296019073,0.4504725271249838
7cd3761cc4c7f1b8b7a3bbdb,0.5352472292453374,0.5013550194237374,0.5172436394759914
a5aebacd5e72e5f5a8183361,0.5465586970704951,0.5132262662910805,0.4751378162182987
ed7ac794755b8c5ef4a4486f,0.5805978041670712,0.5264837813615687,0.4618345569867654
449fbc5a42bcda7e67b5677e,0.5060843322603978,0.4430772269474891,0.445900760924167
0580790d4acb7e136ee9c948,0.5664752036237438,0.5054489556635404,0.4466366318946458
e3baa4300e002c2bf7bf7120,0.4862380650964646,0.4586327277148668,0.4207555015802401
127d63f34bc7e83a81017670,0.4922535766226947,0.4253942367352422,0.4265450279688847
9cce829303a7c53e5919addc,0.4335813014034899,0.4488734431999654,0.5031082176939362
c2e8894ee98c9b0e62487d38,0.4681135193750672,0.4446916955306211,0.4283083763710299
5ee5eb0427f39bccf277d8ff,0.4983698275688581,0.4451058928877982,0.4083549139656613
1c66efdca4438b8255fe3b1d,0.4525654755621557,0.42115217651836,0.4479261907790645
44e9e26cb9a53a6ea1c37c78,0.4072118847333891,0.3637382349564265,0.4214231450423737
ca286610bc9085aa81aea6cc,0.5025175863603368,0.4576163809081375,0.4152654096689593
39ee7a6a1602457296ad666f,0.5573735578679786,0.4504024726830048,0.4197971841178277
4bd1d59a39fe773c5edb8bd0,0.5303864646027363,0.5128576253513166,0.4660600322019379
2ba958fcf112f17e4198587d,0.4995472786647765,0.4945350553101788,0.4841827219207656
3d1e2cb77b64ba52ae65f650,0.5245836063326679,0.4833404898529406,0.4831326702791324
01d0a9599e3f6f68d55d77f4,0.5202285263916947,0.5350216827542638,0.5452634566936712
c670f26cdd7a0f87160e4268,0.4750565607883998,0.3809910944815897,0.4366554693641246
d293f239884e500cdffa7c79,0.4806781196733479,0.4306990079764112,0.4338338095032228
2e13810b367b36d8cb8fc916,0.5169655970888324,0.5551650502609873,0.5578454389855446
b5eac83a3f98577ce7ff8d70,0.5191879219889941,0.5901084506059432,0.5715315946018751
26732e03295d528a6959496c,0.5380526677214149,0.6012713406566852,0.6054829885682499
dbd821e59cd6e6ab986d4122,0.5590377085419713,0.4831407845948091,0.4329347173719153
86988eb5ac37bad000feba04,0.5258482081909502,0.5978760116053117,0.5819844793001857
64530be659a884664c6cdf80,0.509504596223077,0.4469545475582355,0.4544850194368473
1bf8c4c41abd69bda7579f24,0.510667866328122,0.4517283497868523,0.4559771306573399
ae04b960050526d05b168b6d,0.547065520484849,0.5133479014994038,0.4976093262955973
ef132d445bcc306eb71c915e,0.4804095930034508,0.5194406608846981,0.5789049062758593
aad2d5726a8952adafd37e70,0.4996864493561368,0.557277393541445,0.5777862211367967
31f597b57550e1a1322f3dd4,0.4863289156441003,0.6241295542705286,0.6193498128478663
13a030966f28ec819a9d5a5b,0.4877850180561423,0.5125343139220996,0.5560957690789823
76d60077c82a9976715ca5a5,0.5292213936652541,0.5024324231877548,0.4907261750987217
847ec1d123ac59356f550a44,0.5421834928149197,0.5677228791947727,0.5513908643166228
d132afba605c9faae30ccd37,0.5212714726380769,0.4905685152774183,0.4706467270255181
d3b1ba83624b1f2e260f31f9,0.4722068804305384,0.4298445546222884,0.4650446551648298
c6ee93aa6b194558642adaa3,0.584075989581363,0.5985166623234512,0.5298623435056417
0dea67f2cdf2d8ba0b4eba0b,0.5067507421410979,0.4539247010927772,0.4894159282102049
cf7d58ce54d418d586566f9d,0.5046896665814574,0.5001201656988481,0.5143850337967826
56dc4e8330101be23f0cb0d6,0.4875694304714911,0.5290595039335968,0.5455479505972467
c87d538d646b9a1011b5dc59,0.5699498687186616,0.4888884610241241,0.4184831874714991
5974ba15cb00e17bdbfdaff1,0.572412101937031,0.6392519349890012,0.5733277022863761
dfe0133189f69b22023a037f,0.5447849302687174,0.5152696511147964,0.4648636192720926
8d3c9f6f3a15bad766a349e9,0.4871022997037019,0.4738005981145228,0.5161328236906864
5efc9029f267ce90210f0651,0.5138793335126586,0.549943529536595,0.581047515204212
55fbeb7b1aa55c3164a75847,0.4989617803370766,0.4774896568471179,0.4455260788871918
0873c30ebce37b0365e412fa,0.5612124237153768,0.5267895756373501,0.4838279135805546
f631479e044c2bffc73b2e83,0.4856668720803918,0.523017697962304,0.5438857021467959
bd068ac0e26dc47e4452e897,0.4567401898191074,0.4063081968100726,0.4259800146303802
b63c38e1aeea32f8e44cd25b,0.5428556434893603,0.378714788468558,0.4223317882234003
e145ea312f35bb7b278d7c8f,0.43698002927484,0.4032864143381229,0.4540489869930402
8c836c504bba5a02dd7d3be7,0.5899109186751131,0.620339039946245,0.5200313046637449
8fb55aac852bacc38c6c8413,0.4521764141256909,0.5146334568783328,0.5811506525701393
035a19521774ca765fa66fbb,0.4694654764579518,0.5427260432475463,0.5938070094917797
672031491403e632c54045a7,0.5820112387984271,0.6606061932406262,0.6216683765659965
f1bfb48a184f228583644618,0.5147049989824042,0.4799287939558674,0.4721259242494552
dce4d0d4b93cbd666338d3ad,0.497815734991205,0.4412156860789145,0.4324248385945948
04af5f5109b9d68cb237ac15,0.5205284230173637,0.5290464630630339,0.5147676835941102
20ca5be0ecd8ddc78f489273,0.509066808762705,0.5804499701579298,0.6037894380218565
20e4b981640658934c1039bd,0.5629093716099342,0.5472897166289832,0.4720553907263293
848c865ab310c1ec6d2895ad,0.5724392569877154,0.5172859960897531,0.4469536021399616
be0a37a783b97f71249e9396,0.5690704380192244,0.6105786160539222,0.5363690225154804
bd47c8a7deaa5a6c0fa389e8,0.468142262950416,0.5022157177129416,0.5543296911516973
635b40631083fdc450558039,0.5747099607145558,0.4492224551658912,0.4162412582438543
0d6e43db466a441e704adbf3,0.4793955136793709,0.4845465609874271,0.4676842582990582
536140129febb1f710f7b65d,0.5069335858909156,0.4364090969114281,0.4228931198242956
23b6df76eb9517b022fadd13,0.5698881625799052,0.7236708304857777,0.635101576771455
263ff484e93714a64cbdfa11,0.4858191132075061,0.492692106791228,0.5151750320800379
057c24061c742b41f0de7564,0.515179373094645,0.5994774714931399,0.5846291232925518
2f9805a9ff3fe2253d1e63e1,0.5278619787041146,0.4181867364720774,0.439548969111707
452297b474a01d5d3dc6a142,0.4659309446006182,0.5159387039273432,0.5821762822508609
53ed8be006762a0f7ec5fcd1,0.5976354412609942,0.5115599646345832,0.4392554655698206
76f188401fec27e1824df416,0.4896951212482047,0.4318919212255295,0.4775160563396006
29ffa521d0499caae94d2a86,0.5167168177009812,0.5161899028255441,0.534228564040218
4dc210ef46e908ccb30eeb0d,0.5197338770755802,0.4227164391764459,0.4289546808024042
69664f14ddc6de9eb8ea91fc,0.5170107165063911,0.4571022785649242,0.4637694008240401
3b3a5fae4c25c5bf2213f3f1,0.5363387228796949,0.6014521483719318,0.6116976977582176
7ec75f974075597cee9b241a,0.4977244767469715,0.4792591334918196,0.4689599738413553
dd6191278fc7f3f4217b9675,0.5158507824623453,0.4747753156420777,0.4911746928283474
c23d127f0e6b68cfed6d3f08,0.557241946227712,0.4834687799129895,0.4487875252193714
a2e1c22a3b1df11c6cd15756,0.4749843322353196,0.4626871190627259,0.5119326384154335
a2ee02c0c5647a741748a0cf,0.5075430106229344,0.454923334644425,0.4832420088428859
154d86fc40cfb37190a381aa,0.4523136462213616,0.4276590388694756,0.4863303514620675
27411c89b0fe34aed7192d13,0.4892438883154798,0.5735131643424405,0.552445675121683
084ed027bd145caff22fa692,0.5394292045849229,0.4655875351782457,0.4276827630177509
dfdd349fcb39f1784dc4ae6b,0.4677454099101593,0.4803003233809251,0.5387295597342586
11bf4962579853e291676bfb,0.4860068331303303,0.4296754313039475,0.4637470080387896
a1579bdf4759dccea8e42902,0.5450558405348918,0.6243108130004968,0.6225895474273536
7110ea6484457dc1a070e2ad,0.5645332111116964,0.5617220445918807,0.4886089093814116
16a792715b6d55f313fe8cfc,0.5219552154932376,0.4861662310950248,0.4370352833863022
b5d9c4fb2c3466a0f6d54536,0.4618430252520866,0.4762490683258435,0.526746020743555
0ef1d1a58424d3d68c26144f,0.4698237911333718,0.4856002732535021,0.5084468954640369
ab771857645960c4e112f7bb,0.5466777694788707,0.5201995196075171,0.5232650208113275
bf14cfde17a58eeb0452fc68,0.4869100478313722,0.5187027502484646,0.5222152109751113
374750bf6ffc88944ac3f2fd,0.53876482326987,0.5997883189716737,0.5934534151844769
9bf292f9c0d39d7726b63fdd,0.5616149643552824,0.511179356131724,0.4442655273516877
2a3af7eceffcccaae8ab9861,0.5207019834818042,0.4715966143372972,0.4930749863972545
8a0fae8387fd01c6a2ffd9e6,0.5449797435516377,0.572788817880969,0.5677854207689215
3ce7260afc071c631a939413,0.5040370307119212,0.6086648144781789,0.6127357480695852
58ab055b76927b029a4015cc,0.5484579623290727,0.6426055764672967,0.6077369341498997
fbf41d7179f7c113ef6b3ab0,0.5556717147227732,0.5462580107374904,0.5255558781416774
f00d3a76c928e27d0ed06ebe,0.5385098936759358,0.4541572090941924,0.4448045479714732
418a69b592f6ba43661b33e4,0.5076077428628847,0.517034047199842,0.5546139821804318
709e276571a668b1eb67a8cb,0.5086860913910098,0.59934370073754,0.6013000620525577
d4f2ed49cea46137d9fde4d8,0.5210206897255167,0.5599551877055703,0.5769511024289973
a69f57ff72dba677bf3712b5,0.4695290664814106,0.4762501012885821,0.525767957654447
4dafcc536129540057facc38,0.5156911048985238,0.4901487856474424,0.4871741731360223
030ae19207941ca2faa4179e,0.4821414092486413,0.4134056711603567,0.4453353240516914
d7de39762284165362e79d67,0.4757419699071187,0.4983091001025945,0.5369319518365193
3946560018f2e9fbfc3c7ef1,0.5379350391778915,0.4775923626443114,0.4548036597747364
761f4242c2b21fa0767b1dea,0.4887291864651113,0.5350453020744983,0.5463475161895417
bce92a015c06233321171884,0.496885787294187,0.5294862882973534,0.50820415979957
bd1835edd41745f64784957a,0.5336773173563707,0.5020682875879685,0.4846239315874187
dbd5617bb956ecf6a3049a40,0.4791966760244999,0.526052010111667,0.5649666619338529
841d3ceb3f8481d6375e4fbf,0.563235097706237,0.5332397115731683,0.4838240819160625
5a5aa95b1fb6fc78cf42cbc0,0.4848403689805053,0.5467356187654493,0.5496313348450481
a4847dc7969b3df6ba2fb09c,0.4557199213502226,0.5352805823997095,0.5697002233239987
65e978def10d0210c349a55e,0.5073093096289861,0.6024117002803877,0.612657025763841
14f752c3d42785afac0892e1,0.5501754165795989,0.5097006265386683,0.4852821943044473
5c430a1350737c094dfce3ab,0.47641147687909,0.5436011303015371,0.5661039541632277
f345ded8571d43834ab97ae6,0.4786996862886959,0.4295324333201785,0.4189445043580268
fa14b021247a01f3738e73b1,0.5414069781006946,0.6346799768154867,0.5981989675009483
002db5a2f463d464ffa49018,0.5411342476875601,0.6613969218647728,0.6206688781872414
ae2ad20935f0a3461899e18e,0.4877097344648557,0.4427760535161921,0.4727679535687134
655a29a6bc56580b6685b086,0.4883549316467933,0.4828579581105885,0.4734650238149391
c0f5b76e46f1d7d7ae8000b6,0.5451159455729306,0.4828529999734887,0.4608095337108446
103b5b43c0c2307c73283aa9,0.538636610830516,0.4106814706048878,0.4334024021119113
220d2980edd08c1ce5895574,0.5370028556497302,0.391747917454899,0.4172248170031034
73a88871016c4e4fa13cef7c,0.5114435111760833,0.4632226052153588,0.4546475324740232
1de0131a35d38c3d65c54445,0.5476604290872178,0.5767636940335794,0.5565601566665317
5af606cc0dbc10e55c82d818,0.4591339725468792,0.4017400002859959,0.4610613174942753
c1125339f0c521684ac837dd,0.5301990326874098,0.5798182252022122,0.5686634886971554
bf42d4b034135e330fc5893f,0.5306272823942668,0.5915174958760672,0.5791820175187454
db29a64eaf53a90f50ef1dcb,0.5096745035428087,0.5383786059907572,0.5399702813680125
428d03cb288380160e53ddb7,0.4810562103615065,0.4488375613308235,0.4365223202355713
86cdf134a0e492e593b9e0da,0.4989402833162273,0.4624533131979862,0.4734100812579292
4b14a058dbbe4af9600359a5,0.5263837618583957,0.5480543314284796,0.5569928891487493
2ce89c87c9473d9121d91e2e,0.5034912211121321,0.5850131218369414,0.5964823361269671
f24aecd4a4cf2163d7d1c1a9,0.4739960434218556,0.4515761374439998,0.5044190479722312
7c31406d6a30ec8a30e26c38,0.5287514833701011,0.3827036082103952,0.4252049956751009
53541b34f1b4dc54acf3f8d6,0.5308517208987277,0.482202768130718,0.4822086484909884
579304a82a7b030d4b37da56,0.5515885817408428,0.4797596319229603,0.4315196935219163
59a7067ef2725f2b55546315,0.4665781698088671,0.4715812859518503,0.5212504872355646
e34da03ecc511643b10f6eab,0.5351059917836918,0.543357483676519,0.529078607620572
5789c9dae0b8b8c34e2a254f,0.4930398899267396,0.5423762097372098,0.5537411408933884
a7dff563c31ca1c8f5e4a473,0.5437924300109748,0.5536516978962546,0.5713359042774818
58100242a3909c7f824bce63,0.4611408027129103,0.4173222926481634,0.4915703912162137
b36590a15d22136687b1a90d,0.4849846095331073,0.5594593746134763,0.609205578886918
ccbaea11806e39cea464485a,0.5000118615440231,0.5361348582256645,0.5587024018729221
6691b88c4215832932eef858,0.5145406154983523,0.4574073534167919,0.4676456649471386
cd10b37d810cd70fb03ddb31,0.4915905729947972,0.5224291044610206,0.5565246113344824
3a7204c04af792eedf16adb8,0.4996669908699988,0.5121690295912638,0.5242219798728447
d249301d53a426ef419368e9,0.551974578115655,0.5192021714872773,0.4582340383383937
9fb4086028b289ca437774c7,0.4840221574961779,0.4443477287322823,0.4860139242096151
1dfc6871a2a7b6fde8a56f63,0.4579799135634728,0.5199135757948874,0.5817984536200533
f6cabfb360da4d38979d0c74,0.56255984502532,0.6729047525008336,0.5986125187842657
795654f49964b51ec99bf2c1,0.4760245170014328,0.4991440483072339,0.5548238062801988
7aed13baab0ac0eceae6ad58,0.5441025347575923,0.5043184182685969,0.4841528890454116
d339f7bd8ed4d606b5d284f9,0.5189592889633178,0.5321676064722362,0.5467594992196665
6a8ec6e6648fa5226f61af4c,0.5198336994756376,0.5930278550444315,0.5822287370626751
46fea6afbd747379be3203e2,0.4958101216226004,0.520958184672866,0.5566706153487168
e6889c405e2c1ba5b5ed9ed6,0.5245706842622472,0.5156609752914794,0.4892749701070051
966a6124a96f7ff82cbda8e5,0.4677633538980589,0.4589380553562853,0.506830249647777
4090bd276436e133d969b0aa,0.5028488887560388,0.5405801112082277,0.5213850421884245
8038e163d92346eb8dee5fa6,0.4984075808894682,0.5831551072281058,0.598868649467897
0ab6e68cb713d1bb2f371662,0.5480295139696254,0.5070296289943437,0.4773031101675168
b6427f2127b86bfdaaf99a28,0.4736352136013734,0.4416435439918122,0.5003295107883148
199dcd8bf5c3df0d594804f3,0.5283939189058593,0.5722217614377703,0.5447742120371424
df6acf249f9d1a3e6ecac10e,0.4988842187780528,0.5914344957016646,0.5930590265525777
cff6c631b5a2589a37a031bb,0.5561422053631082,0.6710077596983872,0.6398071611548182
d850353b9a8bb5922420ab7b,0.5492734050841284,0.5658265483473792,0.5595160852787565
fb1e2ac6b15e6a306cdff7ac,0.4745055344784055,0.5074290601137598,0.5700360888972499
f3614a0dfd918b465090b24c,0.5221644200825071,0.5121398950695649,0.5121904880819749
2aa63c028aecb404a44e9931,0.4939772281370846,0.4998178464409535,0.5064775301949329
bcce549e5ac261b57fae368f,0.4850139409839793,0.5704017454176076,0.5686963666550808
94169e268c0ac5f5ade2b644,0.5562275440480052,0.5453204718215593,0.4935476299083635
b43c6fcf1fbce35e443192eb,0.5301037124454833,0.5295135198370566,0.5053817477466865
ef6f4b1f822f3fcfbcb59499,0.5103615476150198,0.5618830241389274,0.5450797188125889
68d534c7a3986afa03e0d344,0.538389720105535,0.4746572020108267,0.4717309552442087
bcc20ac43bf0b4927ace6083,0.5056233299474586,0.5721314685728017,0.5805391137665707
582b257284bab45df5be6b14,0.514730025972213,0.5210555600930278,0.531242895291345
4add098f7f93cfa2e9eb3a05,0.5291333756031193,0.5484944227779267,0.5226854569304955
2d8228d9a893c4efe22d7e3a,0.5400048201053246,0.5923533211345849,0.5726224196833853
fea401a2ac64292de1789b74,0.5266455866881442,0.5731178231542615,0.5420106058913882
80c7e25dab66fb17a791d9f3,0.4844286192102882,0.4554763775245205,0.4745842964055546
c68d34b782e03a69385474e3,0.5687772216407536,0.5334169802977398,0.4617446509130296
dd2dc47516ed60f992fade6e,0.5999316519837746,0.6696920952795666,0.590969458102133
5bf38cb17111e53836b59077,0.4693880402638802,0.5461773968491138,0.5795122151009542
79de0269fce754a65335a2c4,0.5157720811149709,0.495714066404786,0.4847632830060122
3b6ae2ba4df2779bfd07a520,0.525300408821722,0.6379713734650753,0.6250432916867741
b394b68c05acabc0d55ce19e,0.511747080023815,0.6066212047509636,0.6124153092954567
91e7b967c74b413101a1a8e0,0.5184406086698488,0.5710464261179189,0.5984580629635944
56b95aeaea3274ee28de6f4d,0.5203383593046901,0.6040437213387859,0.592056189128291
64572f32ccfd4707b42e2c79,0.5241216013709011,0.554426364570935,0.5654495503109517
1a47cbdd354d9cb1e7762082,0.5414975264181571,0.6301482901427642,0.5797129204111579
603ee56a7723b5cce3bac848,0.5056673083776162,0.5874467488849284,0.5934337014135914
19d5beca774d0f4dfafda9bb,0.5011858478208108,0.4561811326086553,0.4883326518217338
86b5d3324716a65ca62897b3,0.5138637944251049,0.590156478924059,0.5624146442144112
07fc802c7f19cf4ae66040e1,0.5209560708975723,0.5155800879797356,0.5554411490159983
008317ef1a6fd5b3e40b1bc7,0.4710517892815665,0.4706358530180023,0.5037843786259806
27f4f9f685fdf1bfcb8dbf40,0.477161817757873,0.4786608649716346,0.5134000466264366
14a6a679fc6561c329c67678,0.4420306561969779,0.4285091967324745,0.4948328502632526
48c48a2e202030505bb818a5,0.549008364980423,0.624808784545215,0.5798119314697091
d142a4ae87105d2d9f6b74b7,0.5953802245853188,0.5533664959580387,0.4569206423948157
9aab1706a8c8a80491274ba9,0.5379001899758813,0.5204629122127009,0.4824303947799753
b5ee54a5292b5781b7fef046,0.4681981926779048,0.5055628568810431,0.532993404245739
bf92b90bbcbc3d339bd88744,0.5390107743023983,0.6279904538651824,0.6129491284123607
2ad4c78bde6f32964ec54408,0.4601971289485511,0.4388093756476632,0.4719762994540357
4753ec9c18b84b9dcf642305,0.4877361578568379,0.5941000860055747,0.5935220983085656
19f3910e5664721e91ca1222,0.5110462011291538,0.5861840392267483,0.5531182627144916
753c60a7bc4b01c41aa3511f,0.5235965675614181,0.4783804378168088,0.4626901413752449
d9814859c54bb678510ce4d3,0.5617908804806911,0.6286906547368755,0.5870124276379105
7e942d2f364d285e2dff7b95,0.5293673092101314,0.488421765392968,0.4693103660998467
f60f8cd5faf2e9215c068ce9,0.5343911212400632,0.5274289258793444,0.4781945971436071
d8373bc05348035c58b823bb,0.544933892970693,0.5963460508697389,0.5585918603475014
0bd44bca702ef0891903850f,0.494492679725852,0.6104197549472532,0.6203356267837965
44ab5dd4bac9585f1cd53190,0.5149507876336477,0.5673293294156989,0.5610009954305432
ddcfbf992b0aae3d777d07e3,0.6275127301453403,0.5406740038072,0.4457448050570259
52d581833c7d3e4e65155627,0.5277935430859427,0.5106245050577928,0.4868249356134639
3a49600a6dd797e5fa79d24a,0.4923273192949212,0.4511128294593803,0.4430214977229162
03e86e518f040e02ac315bdd,0.4851413750462826,0.4760776472372841,0.4957940458802489
377bbb103f5cd11bec4fbbc5,0.4962819771930879,0.5641342491180592,0.5981943365506067
27b9b093ff9d8d1e39278f58,0.5703224176744538,0.6468899212127737,0.5743887722197695
5d37b7aff2df0a24ac29bbee,0.498080264849728,0.5779092598099334,0.5783740663632181
b04687aef4b0377c34db698c,0.5373212961320646,0.4530340070507218,0.4199426727524597
75dc6fe100d882384718c0cb,0.461430924363762,0.4705002418037056,0.4994546903146928
657477e9c8c1c618aabee4a7,0.5082994734140379,0.4579931829163715,0.494036457507473
6d9d9cb63acc9f39e3f04bef,0.5260984655214653,0.6126688363445103,0.5744276032886311
fe7482c8af37a8fa95cfdfb1,0.5161935091754594,0.4782541711034341,0.4713764147050568
eb7ffdbbb7febe5e8226ebd9,0.4900098470302007,0.4544490142626053,0.4344127039607818
aeb9ea676ec5f0a03778e996,0.5146060205681007,0.5593296889086607,0.5631159427151564
1efcee6993b61488d1dbe9b7,0.4773940922778243,0.5495089428963804,0.5823601625477579
a98033c741d31c78f6f1e3ac,0.5000067127521481,0.4459052994908844,0.4558359293666412
06546ec5439b6ff5710410cd,0.5715052148108508,0.5751807751731295,0.525447181068164
1311b07ac479d9f63d7983fa,0.4790917460575273,0.5480450224993738,0.5913020323440874
3f782b08d8c07a53b32a0f9f,0.5055792165846527,0.5421825291471056,0.5690775554877991
0b8c070a557cdb370fd16e3a,0.4891064437372615,0.5563704113370503,0.5493600801377829
1bf64f65f958be16a14d5596,0.5147537568305365,0.5416372354748552,0.5458443337047012
cae397bb2e10042fc4ab5e09,0.4790929530579469,0.5002956007016567,0.5295731195028779
62b0d0ff71228a51b803f68d,0.5951007719230226,0.5937569817177121,0.5361657474991712
c97c48ba305840710595272b,0.5951007719230226,0.4573738290520042,0.4106211023194749
bad4cbc8352debb13e247d43,0.4633834104680951,0.4756764746379579,0.5392798771287519
fc22ed60b497c8546977ddbd,0.4787659262223971,0.4687524055013873,0.5095655460104894
25a710725ccadcc52e6dedf0,0.4845565193141368,0.4352997673127617,0.4685955228316046
fd9e0da7a7f926e1c87ecef4,0.5498202227843364,0.4619786271420468,0.458958432176338
ad48fe7978d739748c37e681,0.525410501426968,0.5076264912447453,0.474368351714472
f0002831119679c587228122,0.4751063943353681,0.4934098673164563,0.5158913639327972
5ca77087bbc0e54514761f1f,0.4684543993572693,0.5086124445952634,0.5492578660413331
597cbe09674ae5d610704c5d,0.5250888750563518,0.6442397523245782,0.6148313255307265
b3baf0092db41581fc2193eb,0.5021695544037745,0.5516270333240657,0.54045078914718
154f132feac8124deed91ace,0.565854623735688,0.6683396574983584,0.5841785138020945
49bc0c7021fa648590b4b888,0.4889836156853795,0.5706813902135992,0.5910012681067643
5b7c5a773f1111665d89902f,0.5040551062609441,0.5805276978065558,0.6016385631853651
d4ac2d4c62bec4681e48b14a,0.49160315351402,0.5866059005677527,0.6175176655851223
91dd0d22c46bbd5f413d06ab,0.4721436377497787,0.5384999247129353,0.5985112043887179
c44dfae9caadf0bfcc8a987c,0.4871353289624376,0.476102715698437,0.5136878884524385
9d2c49f86511afd46879df3d,0.5055388366203071,0.5453772151073291,0.5522491060233123
6fc80e25bc6a70534a44f7fb,0.5528894274063703,0.594943087752334,0.5915595290212955
c6eb5e915a563e592ae4f8cb,0.4859501654583055,0.4765798822722633,0.492523312592653
44995dbd85e153b2572fccf5,0.4754755331040952,0.4541625022212827,0.4996049165022546
2ef7d6695eea5a67467cf5d5,0.502815967950623,0.4566417188366277,0.4761195774925163
ae3dce7c1a453c76ea979b3d,0.5762291631891305,0.5371634414267343,0.4512547138861109
c4b1e268f1ec1aef4a47e784,0.5245354168361693,0.5576890580255686,0.5237132905427491
3ef2b36369eb8680f40945a1,0.5568980047954039,0.6857483968837577,0.6266618381607143
3b5c6f0c7b4c4fb5c40dd78f,0.5325763329252116,0.4679440325447469,0.4532391266551671
beef986d422fba9698aa4a8a,0.4962006323940417,0.5189194143794523,0.5482759151980687
0e4720d0989289bfb005fc87,0.5090917950932281,0.5823255585777705,0.5614660799967248
e7db5ffce3a2c5143d32044c,0.5367131487009994,0.5037746707496907,0.4567530817264565
3c01e0566523040ba43a0a49,0.5066059551230033,0.5836594323864758,0.5701671249881324
b1092f413aa1ca912bc4d7a0,0.5017028702494523,0.5568725288759641,0.5381098592525017
b2ad47fab9b691c2fba5541a,0.4868352339536551,0.5532327109991404,0.578998032483104
c3d1e9d42cee1045fb8b54fa,0.4997216655234435,0.5127702910209898,0.5480494029391849
a0b11f3f047fbd6050586e77,0.4955763898539395,0.5406893488415885,0.5517041733726801
c79c9753153f17e7c602d700,0.4577586366788327,0.4961923083635877,0.5187510102342534
920b3ec19f0829b6dedf42ef,0.5074714598809311,0.5905321201397202,0.5781435455058747
03b54eb0970e2fc949748800,0.4982768628662479,0.5343570798451183,0.5389584047616943
5cd7a27ce5607c736a25d426,0.5200861664419998,0.5103252244598084,0.4965553421900119
28c5821407b1dc16cda562ec,0.5397966741158137,0.5042321443561412,0.4639587118323932
4fac74636fc64b4a719d9bbb,0.4748551084362675,0.4841273646071732,0.5390842750864939
d51566461195ac95a347e4fa,0.4634686855168079,0.4629032337679206,0.4627528529526421
c28aaaa3aa65cade6a265fd9,0.5053725855383221,0.5150075561719869,0.5325747543460935
109d15b0facb6f70fd7b52fb,0.495898127299927,0.4970703500309902,0.5060692271296764
9f5c8d3f249bd9f4505bf647,0.4925181117835073,0.560118138558802,0.5943320296165439
d504d4274d2b496943cfff3d,0.4691187328351192,0.5045247094690515,0.5446060470165794
c838ec301b55daf1b1189bd8,0.5442301358172132,0.5589425175287646,0.5078401386454097
9d03b15240017125c87ed6e5,0.4858256385127021,0.5538513842059203,0.5949932179863742
c309503b304b8c7cad27830d,0.5497861857062395,0.6273241035129125,0.617011556031269
3c7ad5b61a82211ae955b00f,0.4790640572243148,0.4817128467617855,0.5146313192114657
72a50d257e7f735650736830,0.5409681270957551,0.5141247429758777,0.5027439544915294
b68c8fffd03aed21367594d1,0.4919798626379502,0.5233045950177257,0.5221639680846115
0b36ded5c3c466d3f9e339ab,0.5036233715769807,0.6176523564592327,0.6058571500898485
047407e3e2dbe1174f14eb92,0.5121121155270498,0.6130639600210769,0.6079352481552764
2bf2d54302c2a40e3cb63186,0.5309956150296958,0.5446112946220901,0.5378525778111591
4a35d293a1444901b8484b53,0.4795350446190068,0.532068359044974,0.5815846156924448
1e1895637919b2f3c2e0c158,0.4939059944883617,0.5141339658900762,0.5186893942965951
a34990aefeadbbf13b1b90ef,0.4884583297491307,0.5355887231905453,0.5656696993119721
5da34f101dc539f23cfac435,0.4682727185667403,0.5332364896151528,0.587212496448225
0364543a062372eed92a0e46,0.5626469145188252,0.509798864171834,0.4670759512040832
b2a7b893b3781da8fc50a983,0.473899625557234,0.5485186912996659,0.5836442687988888
c51ebbe332bda87a8510ef57,0.5374344204716491,0.5814721632588253,0.555172750445975
dcbb809fa9caef444d8b53d8,0.4779526237171565,0.4817095991813113,0.4961488319379711
49724e041555470e222e1780,0.5398099863322726,0.6288821575840845,0.5873307065448434
536562e5ae5d72dfaf797aaa,0.5330788048260198,0.5979592149256499,0.590828846851362
26bab48237abe96c53e7c114,0.494558971309915,0.51371989164944,0.5338798543845379
d69df4a7507b2476bf58273a,0.4712385740062764,0.5008661068678562,0.5428692837415738
b1e396198d12b130aa444f18,0.4788394764831317,0.5645147468801808,0.6049700296141957
345390dce3632c374de90707,0.5030504720025047,0.5724856524477595,0.5936574368822316
dfa351cbf8b8cffcbb4c301e,0.5561240639875141,0.4822235572760449,0.4445298732015996
315c136f4539dfc0859f5664,0.5208795896535644,0.5395865475639596,0.5234053249470345
27913bf9774a9fb32928bfe0,0.5681677286335212,0.5338491803007608,0.4717547607803919
d71599588965e11474637d64,0.457543997434109,0.4932412992779713,0.5195603494860104
edad3fb2fef990271fb4db86,0.5409654375595644,0.5851127403362142,0.5974736958719977
2f71a8cf1f3cb23c5e393ab3,0.5500180738078813,0.5298733675074788,0.5030502302588419
2a84fa15fc4f9d2d226782a6,0.4891180022485079,0.5353573555703004,0.5529091030458716
adf18718fe66229635ec6e31,0.496478506290154,0.4749743349489639,0.5086077091694894
f3331e93d27814fa834bb10c,0.4779983637885884,0.4794306669996778,0.5127912478263148
c06d7f00815d1f1cb99beceb,0.5484446917423859,0.560127866860013,0.5417606176457722
32f68a68c327e50dfe17dda1,0.476513745740709,0.4629946444393976,0.5038781243430447
9bb22ea2c4ab8563e0428287,0.5111642998821488,0.576825884611369,0.566285704957686
1bda18d74e29503523c94d44,0.4882377811784978,0.5101895310337149,0.5315449388890328
9598fb0d315ef3bce35b8db0,0.5010829806906388,0.5433173412658694,0.5759915655546192
ca34a98f5413875802a3d589,0.5013752034640697,0.5953289473089356,0.5857275324619119
71526681fedd8fdd14d224e9,0.5005688177589521,0.5551959769585808,0.5501028609039164
4830767900592975002f15d9,0.5084673109259232,0.5872456548296728,0.5627067699757652
d9f9ecac34a415ab2fc1f41a,0.478924800322921,0.431726105567279,0.4564058133323754
c987aafc8b0782d6315626ba,0.5288503366713763,0.6502457391712883,0.6114673846592494
ea63fae6e2a7b0ac9d8b475a,0.4810384601391544,0.5334326708325909,0.5668478978470529
eaf07c89314ad6943e013c77,0.514171204367242,0.486549739204027,0.4541206585425327
f81f571d25bb56c5a33c8954,0.5114468133989911,0.5892510934691844,0.5686786877806652
9f5588f72dfe93c732228fc7,0.5495668746904745,0.6218471559873062,0.5618413396361203
ac821395b5946ffd49c8b9e5,0.5124197547914823,0.4741933464499067,0.4934545085333662
b637b2f6821052602a8ab1e0,0.497896667503381,0.5309575173666659,0.5743822328976561
7d30b8f059664126d5e03147,0.5668556837130546,0.5972240817473856,0.5922619630456218
85672a92dafe2a381a163ce1,0.4715971413378572,0.4493128481592315,0.4716463385422777
749cb63738119039b76f1178,0.552733480699676,0.4807352826272769,0.4478382065751336
1c8577113e75d000f12c9234,0.5392209877487886,0.4665756158094987,0.4347872361527569
1a1b96e756d9a1f8d6f77fb5,0.4829998124964092,0.5322604539913336,0.553719352212672
5f262982ab5a2de36f1d4b9c,0.500057523935602,0.4530406397582447,0.4487479436015753
bc8f3552fdb210be5b296826,0.5041145644503112,0.4943994512496359,0.4982131653024093
f20698a43c6c7300164a68dd,0.5622659433044745,0.5175183097539413,0.4754974724376009
a200011fc80bf396191e9893,0.5442270045178198,0.5467030885748005,0.5145432220793021
e461528cacf9f96d1a89a6bd,0.5278531745683577,0.6227126757754603,0.5933194595533644
b0027cf1e3ed5c870fc23a59,0.5809431259831298,0.5556942726982702,0.4823208364342923
aabc5a486237d0e2ada14428,0.5949309044337443,0.5861577443153101,0.5015011439758899
86f713d9b7acf1913ca4d79b,0.5572275707704631,0.5673134617468525,0.5204921344903228
c99950fa2a63556242d81b0d,0.514100594771362,0.6356735837348972,0.6085907896057825
c2429c004e33cdee7a61390a,0.5647488851216574,0.4948903551777095,0.432386939341033
9b952a58ce4252d03ccf89f6,0.5348537516638099,0.6298329603853389,0.5873699364683935
dd6f9fa129ed92cfbea3098e,0.4991912240859052,0.4494561151879669,0.4351925449393835
ea7c07d38eb924e5c9dbce5b,0.5301892251236604,0.6098408336262319,0.5687107024702092
6b3f142463f424179c9095e5,0.5708396737845252,0.5022440332303066,0.4352532129474353
c9bd06708a77a87ef2838a4e,0.5525002011766683,0.6354707539289406,0.607999658609009
cb693bd89b2720ba79077dd5,0.4764706393142325,0.459914508919774,0.5128477575361197
45a92227e91bab0d01225f03,0.5109019064768938,0.5273679519031034,0.529378276072783
9c8e318275f553de96a033b5,0.5632538985594565,0.5063888851599465,0.4612112231388947
ea304f953ad42025c1feb591,0.5641412150838713,0.6559133108792519,0.6224330032361065
1886e2fed799a7a9915e586b,0.4691902721781921,0.5359046194425248,0.5564288495173052
4e7ba829b4401ae400289469,0.5194248139775353,0.6067962465021287,0.5809098182121759
9accc3aad27cf01cfa6e9a6b,0.548122249791114,0.5817488394132473,0.5720715853513639
930f81924dee1cc63dffcd9d,0.5478008378565288,0.5524947006551506,0.5012490924818361
55e9b84491a07df3d0e03498,0.5384644221639976,0.6103502029149265,0.5534220644561614
79e32acd15b994beb8622377,0.4747440757831707,0.4851495044748359,0.5370145894590511
c5b6290e74a62a7a2d2346a3,0.5529290723824082,0.5602900369930353,0.4875531162934099
4e24c3b53543bfb895933409,0.5524146823658451,0.5599091672030903,0.5305819726091764
df4fcd5446e3bf3bbdb79a80,0.493783310412311,0.5422164785645185,0.564669724005856
c10c629bd7e91144213d73f5,0.5133965319033973,0.5328816144142328,0.5443546965764006
e6f074947cae95827101166e,0.5425672705488447,0.5174394329173636,0.5081974232646501
a93210803f23d4e0a107fdb4,0.5636003315574409,0.6844541943277005,0.6084965034697609
99e4a06ee0e3ea29e5233707,0.48321310463342,0.527824913129121,0.559513263267063
597b0d9cff5b46d7eb7facae,0.5214805581692382,0.5150655479089241,0.4842919973181558
65491045978243ee27419211,0.4643035054876852,0.4482193965851546,0.4702465047131023
c30f8811a5a187da6e80d49e,0.5337667897767304,0.4591608704083633,0.4220165085741673
ca4842a264ab423971525b06,0.4957928886369394,0.553506157233207,0.5648183463618417
9384613b71174891dece8a8f,0.4546766792603977,0.4113081100943143,0.4398561275558957
1d67772e8f87c9d3a8c24150,0.4532009991550101,0.4528089366869959,0.5218091995205706
e3dd60ac558b231d92ca0cf6,0.5743609977233949,0.6412636378174855,0.6039807550495438
2be847749ba39c239ee24c00,0.4757621977110904,0.4767116894545981,0.5342814725613508
51dcd4767d0eb0b0d0e8ede8,0.5705111065825121,0.5114187510640082,0.4596335437434888
86e99f3ed1a85b7046b1811b,0.5875820393011492,0.6454030130579451,0.5713973832004295
2ecea943d41a373cd69adbf4,0.5396711366417869,0.5334876929749286,0.5233599614668268
b319182953dcd5154047c0f4,0.5362601643224671,0.5185093896017904,0.5273444844432659
24472ef14dae96a68a819e57,0.5235077257866401,0.5017560789636565,0.4830348341986897
0b6928c21b6d16759c466820,0.4646834211753352,0.5061636606842319,0.5342936356749488
f5b61be939affb18377c382b,0.5235811710994769,0.5336128587624346,0.5137844128137066
0e81966d11eb7f8ae5fb1814,0.501565472800202,0.554836384705772,0.578251078097241
7be1c7f48411c365b15cd356,0.5654639751540185,0.6007489645039326,0.5234418778297097
5af2f228f2afc15035612c86,0.5803898062905739,0.5665205842389424,0.496570892636213
fb91b28b497b736e70468455,0.533489671597601,0.463455315701633,0.4699595906527648
7c394f9007cf17751dfad1ab,0.4605835273652022,0.4831800374365173,0.5131093079161152
05abb23b2bbdf346dfd0611a,0.5693756178567262,0.5128906933603371,0.4637888453808197
6be21745fcf6588233fd81cc,0.4867200336580028,0.4352306997806899,0.446314016360781
832edd188ebb73c027637336,0.5307918573228482,0.5520115426155827,0.5076816172695677
d9cfe313554558c05867e558,0.4679186306263223,0.476328630364667,0.5101048327761059
afc264a972041144462e7ac2,0.474663058357635,0.4249060973844598,0.4625562093849767
0be049d13309294419d544e7,0.4617924718556804,0.4289224165910793,0.4438418212259742
551b68df36b2f75f4ddb2b1c,0.5707132434221527,0.5935747573561503,0.5658655108378385
d95dea301aa177b5f2528533,0.5928387922951434,0.6909909272101813,0.5845580582990013
73873e4f9a0ad3e88cb75837,0.4802437613655527,0.4575488723708286,0.4629898819661782
84cda4f259a59768c48cf956,0.5739635597440643,0.5101263720733331,0.4495498413154835
6c12f1018988a692a7a4f959,0.5070583101223904,0.5100256291788998,0.5054748567006015
a71a8916591cba78775cc021,0.5334384631373092,0.5443737896243711,0.5234420398188436
b1e75c586db54aa69d254765,0.5253483364888505,0.5261004545229513,0.5490425753494618
44a93182920d9dcad3404933,0.5211077952318185,0.5281820683101063,0.5130687010103192
be47cd310740425e03291e98,0.4925000724413185,0.5761326500770569,0.6077121268944095
3d06a369e9896f14467a4242,0.5800471509138838,0.5473007239055262,0.4749499005855143
d168c5dddef0bb52675b6f3a,0.5474239070151689,0.5025719409035727,0.4781945971436071
e9c09779c0e28c459edcb70e,0.5021246196729613,0.5584409016245095,0.528846068106837
7c6bc552d352a9f3c680f1aa,0.5277821687087489,0.5380377552968598,0.5170538870078247
352b22f01aea1c6d6d9877c0,0.5280777551790444,0.5328294726929323,0.5260153323159232
cbc745dd1fa19941b382368b,0.5117182263633033,0.5640249368474207,0.5618148394814647
a17819b8073f5818543a35b2,0.555375609405788,0.5656512537451454,0.5272431914740134
db8207137becb1fdf763a287,0.5432815131812126,0.4925302923991653,0.4788619823894873
9f899d2b1531e4eb38fb4dd2,0.53365406069837,0.5592608981822147,0.5152627719078575
4c64ef2e91ec34ffc49e317c,0.5033091270459461,0.5491983089812199,0.5403497824572601
7345e5033b0cc8b32db8a9cc,0.5593874288771531,0.646619497256194,0.5927521199720781
d20ed40df76cc390f5d7b1d3,0.5160572751384302,0.5602081990035765,0.5376330053644712
eecd1391e07dfa3fa3d6d477,0.5980876142181484,0.5698649879028388,0.4674611620758552
f0ef35a675790d692750a854,0.541003254185001,0.5625190567524302,0.5294634211396799
ec9d4a71c7b1a4bcf2779063,0.4779729622559512,0.5248138944366786,0.5730097151332059
617b1acd30617e69d5a5c397,0.5459620229824947,0.6456277894582603,0.5683395521016333
d4a0a429a28ef0593f3d74dc,0.4857063778359963,0.4265637860818755,0.4357884777398327
e3a8018e042455112195e402,0.5108329557234231,0.5747555249844778,0.5661750684086112
3dd61c860762c721650bff18,0.4980799209941917,0.4632722740786448,0.4950518903386451
0331f09cc45ebf834b9c55c6,0.51605344732404,0.5686724453997796,0.5932798741691665
bda95e27ab33784f740beded,0.4883767319776246,0.5835751647500378,0.5974226973550428
ba9e66aae64f5ecddf269a38,0.4150043895465067,0.420411176783794,0.4857961546250692
9964019aa86825546ca04ce7,0.4903776094564522,0.4675714542579148,0.510570986546271
d533435b4792f6b584a8a86b,0.5750075506454048,0.6205332821545405,0.545713236782417
61cd92a1249fb1cd935fb529,0.4660609564786806,0.4678774465602109,0.4842314653114473
f7e233a385a761e1d3700924,0.4359291971318395,0.4083560030303615,0.477384594299073
c24dc2cba51f9545d3019902,0.4426845943563268,0.4005149348027489,0.4455126486685685
def9a9e20435358f0b5c8880,0.4280620479979758,0.40677475817548,0.4519012518610724
4c9ffb1fab8f8afd62b09f3d,0.5166295721665923,0.4693231641388954,0.4620571714798998
9ebe08b5280a363bb8cf9a8c,0.5026277523438631,0.540732693223443,0.5603213205795661
f5d1969cf43c7c2810a0aaac,0.566100736515012,0.5232572984075832,0.4728492655436735
891b24aa5c6e499200c08343,0.436199740234872,0.4264959167437038,0.4620365720698597
ceb9d04fa53dd7651c6bfd45,0.5457960370039543,0.5344470258114383,0.4778433519542048
95303cdab99ac2ab6842ee95,0.5503538135145841,0.5995939360383709,0.5842109012551971
04a9e7c39df24ff8b5dbe802,0.5287179797813498,0.5119814844978781,0.4603595113433579
1ebda4398475e382b88eb126,0.4711505255657439,0.5483886919261909,0.5677883318985608
3297b982e6fd87125220d128,0.5157393536172281,0.5686040470531468,0.5721812677257646
cd2c87dfbff5a3501cd33d71,0.47713278756867,0.4214032004156857,0.4553692416642855
9e5f82ae67cb94406a6f994f,0.5329764567337736,0.4915823397965134,0.4377543350789034
4b093cec49c1469271a51b9b,0.5196898413857731,0.4992092639175238,0.4758890796150409
adff8955a6b540b362ba4a20,0.4848586172047813,0.5063879344050398,0.4907370498916665
dce27c8f7d239b277e701e6c,0.5330519094382146,0.4635731541870505,0.4567390584512921
9047bd44a2ba58b7940ffaf9,0.4926590279288914,0.4596217602229329,0.4353706307471961
623666b6eff46da2fef8759d,0.5076725467048414,0.5002244749245237,0.4809932189815693
b830ef782643f23ed6361bbf,0.4731343671516045,0.4970166296811289,0.5124370097884372
7aaaee43871cc773c95cc741,0.5418685100557656,0.5557201137885126,0.4943057561356284
756ddae760d3e0daad5fbfeb,0.493801842641954,0.5286015390152365,0.5465933307493593
91df9c8fb036855938796157,0.5286459418570228,0.5292536187832113,0.50833375660626
d218d4c5b2dff405359b084a,0.5408995806528408,0.5045254714750056,0.4593160843413287
bddaadf19e44f13ef985aba6,0.4838655496712207,0.4989574235765722,0.5408149228309145
0cc8811479a90532322e01b8,0.5175786055961944,0.4804618970135715,0.4386834068940334
9ef61a7caef74a90e205fa9d,0.5030813836902774,0.557224611259492,0.5496431764175566
a3994d763871862dc7d92827,0.5544839550557558,0.4944457197684593,0.4473121162846555
9bd32ee9db42a720dfd5547a,0.517085363071246,0.5871572039614986,0.6032811745108879
4b07432cff069830df86e13f,0.4620689978894789,0.4430625981203923,0.4373650323544135
9593ddb4d4f12e596900a0da,0.5075993086991418,0.5565104404319932,0.5533424971117238
1fe6db1a6dc7f737e6157b06,0.5742373763606993,0.5393011836268458,0.4611022201857534
38d848fdcce0b5063230d70f,0.4875637213622784,0.4537799631247681,0.4546042868865897
497b6be38aaad12ca94e3df0,0.516435973862609,0.4814440060599224,0.4311219263780559
169f8e5ea1022ac79c3c31b5,0.5343741914061029,0.4567348269974283,0.4311958718175981
1f904defc9eea3eb002b7b2e,0.4833589601560903,0.5035835242454485,0.5212292890653292
1752db553429c20d90776522,0.46738226517931,0.5477450457638333,0.5787850674649111
3284d0a35cc459c503d55705,0.4974086980179398,0.5085321630564896,0.4943620314899882
011c39a74d148fba8249715e,0.5140002063148025,0.514005640300537,0.4928440628776451
7299c567e186f0d44bb8c1c9,0.5091237764387533,0.4568177423351889,0.4113030748421976
1367d89d69365c49d0914aad,0.5191329794471755,0.479314515038769,0.4617943824789476
48646cfb2b471c21caf75c2a,0.5096084907008303,0.6125128458852991,0.6134489212245091
6dc229a0a594ef9664a99ae3,0.5246741225377098,0.473312837270871,0.4613960241245771
5e7f2fef138e8c3b74a96e10,0.5634994187421094,0.617037574975003,0.5564292537759459
3091673c0e0a8a741a9b420f,0.5261256307171673,0.5360909806835608,0.511461909339427
c75f2af32a7598ada201cc22,0.524651329748133,0.5156525992453008,0.5065433604829008
d3c4f7e5540727dc6b1d016e,0.4714083289807901,0.5872560237007367,0.6253460175017681
08585227642bb485625e35e8,0.5356240788736919,0.4664942317904924,0.4338262376971445
4e06829ba2ea288754488795,0.5609414306672034,0.5049613932193778,0.4452350849024091
1ef4a66773d9a8b67bffed67,0.5579407379419137,0.5445557192936059,0.4936229589192624
74a7d6d44f76d8b7b6d55bd5,0.6041259822395869,0.7266204883489882,0.6162353619634262
091b260b1009530d9c348d8e,0.508454752835453,0.5002392447942382,0.4815975559101928
08fbc8228d69309e24644669,0.544453740731636,0.4810443457351894,0.4672639327340185
fa1d2db67e4a49bb025fa45d,0.55661735270929,0.4856468289325966,0.433403007045134
40e679cd77114907468e0253,0.5691691016555364,0.5154213957626552,0.4350825041563454
f360c54cc24f0a3e40cf21f3,0.6024989197206141,0.5652116787165804,0.4542968276076286
23d515c127b7535d1a1a4b0e,0.5175788751232958,0.5533628839699827,0.5404785822095703
2ff3c51d9e39b5bd23ec50c9,0.5132194316001519,0.5322678833821942,0.515835735639808
c316a610223bea131adcd94a,0.5283552893473095,0.5954752120229101,0.5679357766492896
ba89926ef231b1d65347b9f2,0.4959295437423408,0.4542546560322181,0.4696321136087455
a952f532d5dd5ac88ff97b78,0.5534661160736564,0.6615732772685852,0.6244105085128496
1a141c78d6a3c10045134f07,0.5551001436432579,0.6201372411922395,0.5976611624103059
aa2d2b06b01c0f3adaa7d63f,0.531414388483634,0.5901573355275941,0.5513459280662669
c453c7fb60c6ceb996b48a87,0.5345903453415025,0.5779588350943812,0.5451989768901068
d1c15df6dce252ac89932420,0.577189742986051,0.6797825593047853,0.5995010118165282
9d7a797de18b0755d65545a6,0.5741434460782024,0.4879547311140502,0.4270198979934368
c65d30aadfab4782908acd46,0.568804229173549,0.6689155525238752,0.623225907019366
661a0e496e7b1459a9ce69dc,0.5632560131390262,0.6759255233592198,0.6232754956771137
fb04680b167bc15406ad540b,0.596669456697934,0.6033730071926074,0.4822607824200432
d617f89c871e021abd689bb6,0.5107017173989453,0.5939456419893457,0.5918307810216644
97537060a028c576be40cff8,0.4779534326553193,0.4659911509547838,0.4869109081862204
527dd285cd55c01af412f254,0.4837133884425855,0.5455523759757043,0.5573389022206069
8fe48f69b47d99c995c884df,0.5455910143084021,0.5869295875632285,0.5368157112552868
1d0f6994d5fe9b58bef85ca2,0.4628671355069532,0.4316306529414572,0.4783518821240063
263796f75ccc1fe443530522,0.5592262091904506,0.5651072632492831,0.5077756402899982
ff10f513c4a952990f5aae96,0.4421413262465897,0.4171401933958811,0.4354394181175595
a6b74e13a28d36aa4fd2e5d0,0.5502149230809419,0.4946399881139313,0.4465532674521206
488716e08279c826d9e322b0,0.5013089167419628,0.5602853227791107,0.5668059012840979
01d7d57abd77cd8b96d7b641,0.5652284962004873,0.5171521956655283,0.4525340890449935
a2ffc932004d86c70b680a88,0.4583614375783126,0.4291377278305665,0.482274735872734
0ea47d7e13d6cd992973f590,0.5268344095308288,0.560306113741403,0.5563660577683202
08b1e942caa65c50769012f7,0.4550099843697684,0.4808958774730731,0.5541625069658465
121ea9244fa1f9a8b2e5ea09,0.5183752728386244,0.4746161379784638,0.46525173422094
093409bb56e204a54d1a171a,0.4993013965499467,0.5975017240308858,0.5899731002918343
7333c3cf1a183793a77d6c81,0.4800086943151556,0.4688796232107136,0.4850403648210388
55b50bef7cacdecca3ac815e,0.5449464665055384,0.4689219043424626,0.446385500112533
9ccc35ee83faaff4fea5f81a,0.5169291520226543,0.4478476218423365,0.4685173757977827
bd49be8a64fb53083414baa9,0.5172310323498455,0.5189899050542004,0.5242966821553252
55801c6567e5c1e0dfdfe5c5,0.5461636478686752,0.6565009404411402,0.6083412238319408
1e29dcf81262a296f5fd5e55,0.5201417922899619,0.5213355821020003,0.5105566080053334
bbf4b0a29d6bf4a2085c331b,0.5911660819935879,0.5221713400503687,0.4185899042860679
54fcdcf82aa7b7bcfa293765,0.4816886046584917,0.4538312688248602,0.4368859177885108
c27c90cff0e099f5e9cb6b6b,0.5702440542629728,0.5266650427537978,0.4571494944482377
8ec15d5708f34f49c7689a59,0.485623151029386,0.5040286197331171,0.5194571932795702
0aaba39a97f1a6b2f4751617,0.4857401088240138,0.5464604300131141,0.5776524336213217
c3aaa8ac8bcfcf233e6e9522,0.4933817869561649,0.4334970642593913,0.4269871152213995
b4fd9dbb208d063abd256f4c,0.4940292874381504,0.5960006127652516,0.6117222932017342
5edaf3d188a5bf745fd44599,0.524550731135204,0.4887288506152164,0.4645398573061526
422b154c55979b73d7aa81eb,0.526569109083352,0.5257988017086491,0.5052603310145216
7064fc6ada70f78be8b80cb5,0.519673390113015,0.5631812444582132,0.5657571280066763
7aa82b19ac33726bd333fb55,0.5006007582716626,0.5538249180963497,0.550262459984487
9eb75aefc0af8de9662e28d9,0.4657533548893705,0.4041358195301407,0.462984086864555
12f87a06ca34126e6a594094,0.5254425946672312,0.4302832197913602,0.4563577168313921
2d2ffc874c4ea4aa57d9a18c,0.5165993082011476,0.3873369111872019,0.4424234383545399
2d44e770908407d7b3fe069b,0.5165993082011476,0.4012419447854763,0.4562541270901067
551a983edc8f52395d8c95c6,0.5165993082011476,0.4557930606762834,0.4984187639563078
8d61ea401a07e1499c08bc87,0.5165993082011476,0.3617822022975218,0.417477541532628
9228120f59e46cebba61aff4,0.5254425946672312,0.3937549311885824,0.4337285349722427
bc51d6fe6657009927148531,0.5254425946672312,0.4652486665743204,0.506055727809306
c46ddf8842fc838f2408ce9d,0.5165993082011476,0.3787173653703629,0.4312286617820718
d26e4e221f3faf7bbb4083a1,0.5165993082011476,0.5203968596243748,0.555002507927305
dbf5180d6f039a3d68fb349b,0.5165993082011476,0.3644169432273232,0.4249236962587704
87fc295fd7c25b53f4839a74,0.5938417956117729,0.5667098766138395,0.4783518821240063
9c714b86d8c11f5cfd7c8655,0.55350211037688,0.5002438409732471,0.4568474077934848
c9413ce3258ed967fc23c3aa,0.5098843565351646,0.5042593407448828,0.495573360490225
883eca438298f45206ffc832,0.4796230550924093,0.4493810372694277,0.4849424912285718
827a6b8ce738647cfffecf60,0.5183666877861451,0.494895869758842,0.4571558727923259
b61136a657a9446abf927743,0.544506601897107,0.4915461776561865,0.4510844580807016
9860aa9242495e88cbd5cde5,0.4745533842307348,0.4544806087897332,0.4467026154261865
ca6b2cada932ef21c70e63f2,0.5525470456729351,0.5796494171967609,0.5229994020823614
c4ee388c9ccd9657445d3504,0.5512515427499978,0.5651072990293122,0.4881728488009119
a0c12f48f3b992f11355ebff,0.5328293375137978,0.6087465546844109,0.5894340506930102
b0ab0d9050f88a08bc100e1b,0.5710835821301576,0.5273999925000518,0.4736895662069772
b709ed5d95267d0fa4da9fe7,0.4924460072685801,0.5034265065896484,0.4970498843906632
9bcd50f49512d394240d29e1,0.4981946181888204,0.5614001086664406,0.5390418105234365
909cfcc4bf8060d7cedc276f,0.5088401081682878,0.5406486554873147,0.5621241816584608
0e192f479b72f943a649a857,0.5991315796792881,0.5164513489623652,0.4210685318096833
c64657500cc01c82c9d77d47,0.5002024549821377,0.510565073317647,0.4988540059855397
91808d37cb7496cefaafc1dc,0.5617719259326651,0.5090220258161671,0.4564120244278339
3f8310a1e925f5c25ab02eac,0.552426140865043,0.6267258577966306,0.5830056078103689
a473407b3da5846c59ac7911,0.5516721187782481,0.6251510717021371,0.561387610310455
c39a6d45020817df5a12187b,0.4982525960527539,0.4965656005722736,0.5157268246125137
0d09d622c305ceb796fc8a40,0.5277854896892334,0.5693147407037673,0.5280301780357256
c86870de899507bb0815b29f,0.5622137582287624,0.5356843658095611,0.4749432991844735
3f74dba9cc2d9446d9cbac6e,0.5041961417822278,0.5857359891923746,0.5794814118126788
f1a4b6a13f584760d7197c66,0.568016573400605,0.5991359077386321,0.5465272802363872
74c857e59e69d30692d3c2ba,0.5784131171534204,0.5489513355550399,0.460001867163218
85762635e86e68070af0fb76,0.553820141801973,0.4619989017852571,0.4305692484707078
69694749f9dfbe463fe1e55f,0.5085619142069775,0.4756624551146057,0.4379514377876631
d2f52c4055e268a8a63b7b77,0.5175557510856688,0.5886483621837787,0.5911105044303986
8c4bbf6b4e6ea5625db9a42d,0.520954823466173,0.4093052208429344,0.4234670203122526
1f2726e672913b34df082f4c,0.4876840279985772,0.5499769887636661,0.5606711527331688
166e00e7de43b00f89266601,0.5704984519903481,0.5124692751297095,0.4664253398683469
17da03ee8a56f937240c278a,0.4424908754323159,0.427311585752669,0.4515960510627209
409138a6c4e4a89bdc7fbbf7,0.4855420583038918,0.4524818475686882,0.4141433718999898
4323251bd30a1a48f2502f25,0.4274538839367277,0.4223198459130329,0.4703396212738729
146bb2cbbb733734cb4c61e4,0.4740594297768745,0.4703125809184328,0.4804055403276739
4d20b443f28cd76ead10dfd6,0.4810622258589724,0.5718361522103426,0.5991592488794024
958e161f7b25861d2351926b,0.4991938061078297,0.4723037065113523,0.4669579758492416
02aa6f500e5ed75211387239,0.5188535430559299,0.3689352032054745,0.4276185012998155
05f3354972215cd548f281a9,0.5188535430559299,0.5271764408706938,0.5675917652351743
0792164b652601cb28832f76,0.5202791545496089,0.3956565972515847,0.4443735205616324
1009b636dbfe534f297023f7,0.5202791545496089,0.3891956342890676,0.4396530811273622
1aac146ad5aaa04ab2f5af42,0.5165993082011476,0.3582424862881878,0.415508137537813
1ab0d70ab8dd90068d4a6dad,0.5202791545496089,0.3646624543814337,0.4133346872807214
267c976f61d165634c44f82a,0.5202791545496089,0.3881802137879356,0.4421698619137856
26e75ba568a30c0698b6c96a,0.5188535430559299,0.3966129732163469,0.4547516525926197
2a8445d48335a1c79477bae2,0.5188535430559299,0.3643538166221653,0.4217316671338851
302ec8372958c9998d1bdd3b,0.5188535430559299,0.5214883434108585,0.5593984423401352
43ace8dac0b14006ff04a871,0.5188535430559299,0.4843042361484567,0.5199981556783271
465522a6e11fb746b8115fba,0.5188535430559299,0.3597474115362359,0.4173221605928803
4dd2b4755490195ca85e2354,0.5188535430559299,0.3911932020494992,0.4500362428260767
4deb03a066d02ca6a9161194,0.5188535430559299,0.4080759613418515,0.4642458457991687
4e740d9cc42e67c53eb2292d,0.5188535430559299,0.3752323598740114,0.4321492916656724
56a9ed9be7bad9e228aa7b4a,0.5188535430559299,0.3617380090923074,0.4206148294002765
5e737bbee7fef2d60363bb13,0.5202791545496089,0.3758470405769812,0.4235250764348953
5fb5d2245cda0d5fa2ceb597,0.5202791545496089,0.3743094613089748,0.4225765071582287
746d062a0f025407eaaca267,0.5202791545496089,0.3714503975451429,0.4219968140491092
751290c7e9910a62fe868a7f,0.5202791545496089,0.3731018681766777,0.4229055218112385
78dd84f7b60cb75eb94421f2,0.5188535430559299,0.4900809261041887,0.5255585763987398
8e02388ab1938ecbbee9775a,0.5202791545496089,0.3627336825810608,0.4128972486957883
a121d1edd51e85d98eca77c1,0.5188535430559299,0.3687425348249454,0.426838801325545
a4a1586a9676ffc721569938,0.5165993082011476,0.3713970638821101,0.4271860951590694
a4c43f9c056c541f79a6c573,0.5202791545496089,0.3648860791574398,0.4139361733820167
aa37e7390a235e5c20d2325b,0.5188535430559299,0.3703966921909921,0.4289352706530538
b62ca1796b1139d5311065df,0.5188535430559299,0.3710292877818838,0.4283851102630877
b73b603221bc67c13967966d,0.5188535430559299,0.3579863922532807,0.4173405955616992
d072e4d54b5888c4ba617c25,0.5188535430559299,0.360514384558679,0.419654524450718
d80adbe9a14b488987fa1415,0.5188535430559299,0.4088482527633613,0.4671698004688436
e126ad0de3d370c5a38416a5,0.5202791545496089,0.4005784991824257,0.4502619711079196
f073937e56c9ac6d52aad251,0.5165993082011476,0.3679906217575524,0.4229540526168893
f341ae97c780cf489625409c,0.5165993082011476,0.3636498886433926,0.4192834097500318
f87b257e7240e928ecfc65bf,0.5188535430559299,0.3696154071053052,0.428207580996466
fa0af7ea06c044ffccedfa79,0.5202791545496089,0.3905507414404346,0.4356107074123049
fe53de1a2a4913bbcd16a7dd,0.5165993082011476,0.3692541453774259,0.4246173375430827
2f9d1f5ff7e1cefb25840c80,0.4888294369884893,0.5622016933650424,0.5837815296002802
6d037cfabd288e1056e48f57,0.5190741020995312,0.4851335988381685,0.4615246355407835
ff5599df560d1e3722b63040,0.5784903579458964,0.5492611570309331,0.4673469646534917
0bfe68b87672152c45cf4424,0.4653044767901224,0.436494142528242,0.4430009937860008
a58c308f79e66dcf66eb03fb,0.4833607778469023,0.4530770324817763,0.440980200337217
895ab217853b52477e52c1f8,0.5020238273980677,0.4224536918173415,0.4538622726999112
0250cf1511111381b8d04fb5,0.4693100195288043,0.4010792056460517,0.4272238751538512
a6a60fd6e59370375c8c09f1,0.5714171978578463,0.4952198922189765,0.4369452675704468
a7a7c024ae738c522e51aaae,0.4993016254973888,0.5145738119202963,0.5062391616848688
be02a456f1fb6a50c8b9a0e6,0.585231797340957,0.5839500465017402,0.4927924488144929
c00aeae96b3b10d41da02e46,0.5395224814557324,0.4795129643596617,0.4458438733559671
61b71c2421b908f7082202d0,0.5208934356094496,0.461543856957494,0.4757792795858666
032ea3bacf61571f0b0859a7,0.5368268776755761,0.4545157213766951,0.443289956613905
ad3815e1f5957231958e529d,0.4826235374675054,0.460890715415455,0.4270953647742175
7eae4d4fe0d97da45b912b55,0.506784307605362,0.5338987018852355,0.5263882894713559
a9790fd90149b73bb55e48f5,0.5541694858011783,0.4828055828678423,0.4376298793519579
368a80bb7553d456d1da7967,0.5162413467214262,0.4340518240099745,0.4318784117606306
63f82f58f6735ad9c23be93e,0.487105682558192,0.4245031955563465,0.4181676949562204
f5e8b235b117b85d2ce7df36,0.4946048612888613,0.4516723085657717,0.4237193146461156
04d65c82520891980d1cea53,0.5714543840349899,0.5170166213523941,0.4329792282638071
630ef78a7aa2e580001a25ef,0.5607326370556976,0.6278362755739814,0.579710750825012
85fab3d35532c95b4ce4e1bb,0.4995598575475235,0.6246083422843542,0.5999117442069903
e601b405d7a60628f6e559f0,0.5083216995552657,0.5732260718554929,0.5563926624304149
1d485d413ff0f0209418d523,0.4451257095970181,0.3984545531561069,0.431305598091521
646b43a29d0cbed0e81626f0,0.5126317559849625,0.4952128931877265,0.4520926393167677
23bdaa20b6918cbbc20aaa2e,0.5010433859735279,0.4788429361329642,0.4959544482785379
7e39cf0b01dc4d4a3e97f99d,0.4691929642537809,0.4708110621546171,0.4693112458715234
aba8f4c3ff4c660224557ce9,0.5170891962490438,0.5725848655570795,0.542202231606205
f157404ea0671bdeee348d19,0.4975168412772131,0.5654882517879086,0.5988083543656683
ccceec20ca346395798f2658,0.4927163361314945,0.3599911362369401,0.4197284052169793
49de1f0ffef7f209ca71a7cc,0.521800498796305,0.3979585451263452,0.4454694516464387
f5bc32f6dd5ade3b7fa8f48c,0.5202791545496089,0.3680199076643214,0.416501891246874
699ee7da3852574349dd93dc,0.5039933402883761,0.4742655530152057,0.4876141845342528
6d4555f826f4609f7b6d7666,0.5272872480156031,0.4075336220970191,0.4462577224154564
3b89d7202e5a420805c97fda,0.5149803670786164,0.4920521436234178,0.5112579515251673
0c76c0d8a260afbdcac96adb,0.5272872480156031,0.3788787590305263,0.4194627891327301
fd58332e842bda2bca0d0d77,0.5272872480156031,0.3750274726969289,0.4177726458631158
ae72340808c8785f26e1fb44,0.4768303082923998,0.4901681498560579,0.5508793534272566
3766f4d44a2b376124a86c59,0.5928099062223839,0.5804722064756055,0.4867457811254432
1ccd0c940ccf497ade9c75f3,0.5178283746446042,0.3648341349706422,0.4160982517814049
4c38ef219f1487d63cb36c7c,0.5194467905709551,0.3865207415134558,0.434956105455153
e0460d41e65d2d99197df936,0.5194467905709551,0.3665030337979751,0.4163278418980394
f804207ad88d23746b01c097,0.5178283746446042,0.3770461475093232,0.4267954004397576
ffdf0828fc991017c00f48d5,0.5178283746446042,0.3665946661331873,0.4171046940132262
f732cf9589d0e7cfcd7eee02,0.4473512805997121,0.4335223048005213,0.4492987023529456
aab3f64709a01c28f45e0596,0.4658118076536245,0.4977135794361674,0.569894253919131
1ac0021bcd997b5ed30bde90,0.5161401170925863,0.366318258067822,0.4166090029142342
f7413e897a8d9b7c8927c523,0.500333243376497,0.5513267109369814,0.553022766358565
24df520a61c6b45bb40f5d3d,0.5037622967069824,0.4498591607959719,0.4824911521753495
873769b030be959b14a8a375,0.465265612421857,0.425907923918679,0.4687906241207211
436ebe547e692adc67a23a64,0.4938256372010445,0.4493926931530485,0.4909667024007617
1ef4d8ae723b6eac692637f2,0.4758576461252677,0.4720405321948128,0.5301068262486511
4b9fbb127dd0fc7031b7517a,0.4987242517254032,0.5305856616046283,0.5300238232414973
7fec506467709568e4744b3b,0.5188893741272035,0.5447425432626333,0.5217568935258783
e3530c4a616a1c508e83fd8d,0.483636694440316,0.5445734171993631,0.5812923480609389
d8e446aed19cedb7ed9ccbf2,0.4897173073162583,0.5721099368666731,0.5969099935016866
4614bf56e01d2da21f407e37,0.4918778387676943,0.4917515062640279,0.521847307434801
7a2999eb1691058c177576c1,0.526505120065932,0.5822893315547709,0.58895259340325
2733f3950b5ab0893d172a95,0.5248551582025216,0.5653066469759217,0.550034911182601
030a59f487fa8e77b91a7ecd,0.5121428932565191,0.4492972832609232,0.4463170165160336
77e7401bff4b8aa454e9e0d1,0.5427767527989327,0.6059399014631374,0.539594281733975
29bcabe59eacb846d37256d2,0.4967401716671323,0.5467879095097046,0.576501894720068
11b469cace2fdb6cca16a66d,0.5807781011527029,0.5724241588857557,0.4863664955526382
382245c4af26efd0203f09ff,0.5282323196470885,0.6090345926390252,0.5637791733390906
5be5dcd4a63b8cffe6bce73c,0.4960399751129581,0.5988176782583026,0.5948309246597939
13cf191e18118c330ef4fa05,0.5357703028123751,0.4208233129960216,0.4632087857451437
99b7a9bb557f1e9c08d10c9e,0.4981322803052171,0.538193219769826,0.556809657977071
9ce2683f36d2b6c02891098f,0.4848093057128092,0.5333348814656387,0.5431568869454426
25b74b4e9d65a7814d8a63fe,0.5019468291169467,0.5754506102987076,0.6025536686107891
6c1306c496abb2fd8f9158c7,0.505514763221714,0.4533931920129292,0.4467511613664113
99cdeb64b205b7bc29a29cbf,0.5027586997873228,0.4938349457036617,0.4942742791709248
1bd52b4d524da1a2d86fac82,0.4900114818083514,0.5269123106182925,0.5559000110761697
e2b715ee5b24903c60a542eb,0.5419701270669867,0.5866020663666994,0.5660895614174334
9151586b9c3b61b2edd1057e,0.5175964162948637,0.6046990303079836,0.5792555581682007
2cabe0a99e111e2d10685090,0.5061253374934604,0.5664408641714893,0.5564199038142472
72b97e719f92d7806f04d151,0.5576837532467519,0.658879637987403,0.5919919311283617
f5175802eda5d88c09f48334,0.5825251630603986,0.5432455995655461,0.458664217733044
c4e990e7766af663a3404174,0.4995744854042203,0.4860233182438951,0.5219035659296041
4c35da345b63e144e76ec01a,0.5002248391688451,0.4939757288416165,0.5049483497243339
bc8f7b74a8cd8b09602595db,0.4775617566188959,0.4928686321211004,0.5211284177846698
94507ac93f327f1d42126f7f,0.4656185246386537,0.4909872751266458,0.5029511923555873
47763003ea47d601d7390ce2,0.5431728336579501,0.6548525958035043,0.5905958316203228
331eaa71e29c19dc1d7f2b26,0.4831791581022659,0.6075463628323826,0.610837608854374
1d0afb507f0acdfc36c456dd,0.4593538612375939,0.4919219348974924,0.5303567911252152
3a2b02437ccea591cdb17e86,0.5448004507559392,0.5406242310255295,0.5080255917972982
ffe64d11eaed1b784b254db8,0.4545637146605898,0.4877194976158263,0.5266442477511568
7c17f2d20f19b33ead492737,0.5132152374444603,0.5632479659571563,0.5392824883402743
96b41662e10d6f007ed57d2f,0.4603712995131632,0.4084308488605134,0.4696827909136686
304f2cbb9c47732b4ff126b6,0.4760427355574602,0.491491405453153,0.4794482147902498
2e4830e45779b21c3cf379c9,0.4991490668857061,0.5290266955903369,0.5521721809227045
ea6a9d23e8d9479b5e2914b9,0.4739098063318609,0.5452246039383641,0.581199933287071
be0841053426b9f354cc3ed9,0.4616600181600765,0.4152158361932418,0.4741036870564758
0bb946c0e129984d9a8cd0a5,0.4617108005328281,0.4625096128553887,0.4582826224939785
bc2e582edd7f35ab56b4876a,0.493665075471312,0.5319274351476181,0.5318128641214347
422c712b8ff077340e38dda7,0.5425348653692155,0.4192980642926064,0.4424834559844012
ca527f0d1b14ab866fd09446,0.5425348653692155,0.3866480517934652,0.4084875320904698
dfcaf9a8ae6bcbe268a02cae,0.5425348653692155,0.4111743292827715,0.4346928949301087
0162bdd1e240be32f20ba857,0.5481863088962762,0.5744921199828595,0.5741495570754821
11b7bf59e9d32a4f4c85f731,0.5440946882707459,0.4006738737044378,0.4139633542267038
eb53ea825b0eb530391075c4,0.5425348653692155,0.4009862747967705,0.4243053795692962
3b887003951ffb01792b9b71,0.4690095528752312,0.4276495677605373,0.4608611541223171
32accee34468d0c6072729ab,0.567547673438167,0.6551949903574776,0.6131764998940681
5bb7ddcfca9863515386aa31,0.5590761351341421,0.448849420245725,0.447208711129494
29b089e54684f75c6cd92a51,0.5226787856869733,0.4840778494601124,0.4779929649119323
cf4d7e9a2a31a56c07a9655a,0.5590761351341421,0.4590581405354543,0.4557263917771796
f3b852e66082c4a094884299,0.576879385664327,0.5293818501122726,0.4618707735687771
774bc953316fe29e969f6d2c,0.5573503992563134,0.4408113875118101,0.4400635641980847
462612a10d09ad3030826b56,0.4503466271521169,0.6107852678067894,0.628843269487285
025d9171a004ea99277ddfdf,0.4857795474978787,0.4184530980944071,0.4650893315336873
0db603ed7b08c40cc9536243,0.4857795474978787,0.4941603179968115,0.5375089182771541
59eab57dd87d7396ff1bd3bd,0.5667322844242041,0.5870505571538593,0.5564236827438183
796b0da4826e5fd10f2e7308,0.4726112122192526,0.4332008070882155,0.4685586546138134
dbb36aaaec328cf1b3f232a1,0.4740632620147031,0.5162676058258773,0.5757767602008967
b448d760e0aaaf8ddf380b7c,0.4137530761199888,0.3813852423449083,0.4498602464804093
66500c0ce618b1716e771470,0.5199879771134318,0.5024102216595391,0.4820295432512245
a832353fff914afa681a2dd1,0.3911723413810473,0.3441391969928481,0.4202214511685512
73c11e8a0b798526c32e4f46,0.5158550948341256,0.5652129994401607,0.5537880888150022
265ca4c0ff70fbaa4c0857cd,0.4461374211931881,0.3787456104955509,0.4056314873605466
f3c60f0f5f6f414b5087786b,0.5084338095051383,0.505651594384059,0.4900364876006556
801a6f627365cef4c729385b,0.4504957666801666,0.466551277205841,0.5077968925528781
fc65e0124ebaf289362a8695,0.4601580006712262,0.3783658081943301,0.4434881622443832
95c353aed1708580ebc9bd00,0.5470567011267444,0.5586202889805147,0.5370967407514267
5e2a29588bc46e79323f4fb5,0.5226640967622151,0.5440169156435066,0.5439041472243937
19d16b0e1b59acc05e3a1d43,0.5263054139135033,0.4436278336902072,0.4151242717356419
7bb5aa982dced5523b95c1b0,0.5416848681105383,0.5473370471202226,0.5301563981724822
bcc8190ce94694711f7709fa,0.5218842620643986,0.6056542471497304,0.6133795474942234
ecc0b9864069533a66c98779,0.467679508563372,0.5239088478841906,0.5744510268126899
c97a6bca9a513af768fa04fb,0.5540949772968039,0.5356146951563855,0.5247889723457099
1c3b199128af89cc9fe6e851,0.4705034986618011,0.4890441100225212,0.5109173930854248
3edf9921a16fb0a3dc50ab55,0.4213026619351309,0.3847205419145183,0.4245413819500861
9227159ec09533ef23f4184f,0.5655128016570923,0.6291251081103222,0.5953617850556137
de0188638810fc29f8e4fb63,0.4424913005557508,0.4199447102273983,0.4930355230254178
2301424d4cc006b47a7734c3,0.3920624998578231,0.3448641058779746,0.4171876317993519
9d00d7183651bb29f6fe6734,0.5163883743101522,0.4137485456513183,0.3995632429351187
e7201fecc954a7d6d39ae8c2,0.4800695750259761,0.415514138075703,0.4071324932490191
dd09ec778b0f4b680bceaa17,0.5386237755009238,0.471724543029885,0.4262575223957645
e24594bd4fdbea4704291819,0.5339849049080562,0.4627841837691843,0.4355893740358594
86dd379fc9f1cc8c29563304,0.5562936012217897,0.4504133276189082,0.4322453849796842
681e735a4e32e87180d55043,0.476240618709685,0.4047544547681082,0.4028161989601374
ac38925b0445b7827d14f595,0.5126311228497006,0.4141416963909398,0.4165252685477685
a6f0014737d34c7278a3a177,0.5681139090770587,0.5504172046582608,0.5155443298857161
a62b1bd11bdd462489af0266,0.5116671853212477,0.4333415359699676,0.4172351398699936
73c918e47a57ed967f3c4135,0.5412279744789601,0.5756358445235883,0.5717087970433888
279de0b0d12666b7663a3d2d,0.589669527007849,0.526706838078601,0.4654006008136039
21847dda5891b267b04ce00a,0.4947500342568205,0.5733795233823191,0.5913004617512009
962c88623fa6382cd783fcc1,0.5482662003041928,0.5445214624854573,0.5215900405774069
74b14c03542119c7cda0c033,0.5161446874041217,0.5973845264050756,0.6047028100616736
9815d848e71fa37371ed781b,0.5063348913066974,0.5161216000457594,0.5309876942126759
7257cac2d1eaa3c0de2100d7,0.5789953809877653,0.6499794810499778,0.618025883099066
10af8b986d57daea1a1193b6,0.5233947000946769,0.4626411996265609,0.4485290711468784
bb9c11f20e05260986f6191e,0.5361054059412069,0.658154591877296,0.6194237136183038
0f5ab4489f65397ffb54bd68,0.5518966974403754,0.5085783404138439,0.494535826568099
da94056166c673ebe324a87a,0.5523673243658623,0.6193498759369183,0.6010846747363483
19d374f00a9c9c102ab61c98,0.4873439303235042,0.4114144170309611,0.417196950318398
92c97cc89efae00f05e1a79b,0.5155283327800428,0.4494418764326849,0.4567689891357599
618b29c21099b0cb25bfe501,0.469694490739244,0.4891044043918494,0.5198212151868057
fc9b6ea371093c259f7c60e7,0.5001315369790391,0.5688416048156515,0.577330694619275
306b78a2afa97c4796407866,0.5207947577538892,0.476041865394234,0.4710469019493474
ba20a73c182ad68bc51a201c,0.4822248180633013,0.4850844194083972,0.4782323274113434
53e8d69dc2447a7a4f1b2813,0.4997198867838694,0.5110849453776205,0.5193544480146296
bf6fafdfb65e21541ebcd22b,0.5140017676943531,0.5934951113027948,0.6234658879921465
5a6b80c2672e260a9d240a92,0.5413557938787518,0.5627888301549173,0.5433033395599541
5c1269ce94b73e34606ed18e,0.5604452000177148,0.5515805408516671,0.498911678026122
0b48d5436859cf8a79a3dc94,0.4898575776191007,0.5203475402690729,0.5168725386176112
c8eb6b12afe4545bcca9582a,0.5377166952035063,0.6025653364498762,0.5833520795484798
36b6daee616ec81bf0712671,0.5304964154868722,0.4798229496495713,0.46467544480168
ded23fe6b887a0c6eea06fcb,0.5458769959466215,0.5170405861248262,0.4708685912210232
20bef089d198b87bbfa3b000,0.5501183433580429,0.6339431357438653,0.6091593221860458
b5572d25238f6c8dd2eecd4b,0.5326013241634593,0.574652252840679,0.5651434929153081
8b6c949b6f1df8c65257e423,0.4955841353558947,0.5746889291889581,0.6035632966710301
d8608e20da7de577a192122d,0.55019539568195,0.5990054493445311,0.5843206997942139
3d18c301ec65cbfdb9c4ca09,0.5436347312110938,0.6239522141326865,0.5825656477382283
6f4aac13ef7292e151d9025b,0.4690859331466662,0.5151186116013153,0.5380090967133798
48c757d84db5ff5baacb96c0,0.4539561973205277,0.3950160127189289,0.4553345980855438
d7f08f36deae5e258d4842f5,0.5811589152397,0.6492308847670316,0.5945571682277123
d5409c86288d68793862bb5d,0.4926137083759361,0.582300461500352,0.6170279845032342
de9c67d65ac497c1a60632bd,0.5477113134214276,0.6069189109521654,0.5991632044585009
6f186b28ea77f12ac57e50c7,0.571190490950084,0.4805468377543916,0.4197501110359837
9147eaea3fef968f3dff352a,0.501600704983289,0.5882543772898516,0.5936434117601591
baa11db2648c03b70d222952,0.5455480606625159,0.4994320116237863,0.4757732941795537
50a514ad5c1eb99cd251b92b,0.5145717561542642,0.538134011036651,0.5481593481061234
74e470550817ef230b84da61,0.5239775063437284,0.469631435378017,0.4483114850601568
62a488387a5e818383e067f9,0.4830732880682308,0.4676239480034419,0.4769164441052156
d01c100d6580fbc935e317c5,0.4941851036173247,0.510824378142357,0.5182287734231221
86eecfb88a06a899ecee1e7f,0.5192661353457778,0.526153704069886,0.5195668150217493
1b05aeaad82e6420c5b58b95,0.5368215369216224,0.4855380627856591,0.4558808573526694
0b0b0ccf1d315f2a82fa9ffd,0.5274656340818543,0.5231644223815595,0.5266779369138594
0129e2e8a8281b2594553130,0.5210584822877108,0.5016067076553007,0.4797850621488109
cdf499cd627311b5882d9c0b,0.4813057712441091,0.5640233124220428,0.591959286991248
96a86a4470868336e31b0a5c,0.5105760225463203,0.6291444400469877,0.6245393206604914
d95eb1b4bd6b1378b0a8b7ba,0.4886585351831478,0.4267417765211667,0.4613880041573437
62ff529f01cb036bd80b071e,0.5375199037681143,0.5482643428416835,0.5361485507581754
c97c3db9998a6ea24bfb6fbd,0.5227149045171466,0.4377909958446503,0.4317414139530456
f995025df48a923a09f5f6d0,0.5222645831827971,0.5454998455250819,0.5583867473652073
8c38f6674df467b920de1178,0.5033724610837809,0.5751961547921223,0.5929553026678334
5ad60cf2f11699f890646197,0.592154005325684,0.6986712590118016,0.6391784863929216
65eb451fd29510f1c706c4e9,0.5850501900469147,0.5460044129503561,0.5076894732156085
89efd717dd65cc8a37ba0116,0.4982366713185118,0.5355843501957829,0.553229654051613
eeb8540030c5475a6073eb0b,0.5237948335148859,0.5463898537962117,0.527513930291003
9f3a66cc26c13abd96a1304d,0.5361117560181099,0.4721154776767171,0.4730792978289037
3aeb909ba0020a0929c050f8,0.5451282604751587,0.5176518422593649,0.4921114375379033
db5add7c56fce2a43cbaef94,0.5194414885595465,0.568091422539686,0.5808274629591317
768607494cbcaedd1897cffa,0.5220765683664457,0.508379559843188,0.4801012957225521
b5818dac1355de9dd6d19dfe,0.5534630297208356,0.6108697862096841,0.59333119685261
00f2d319fca36c632c169fc7,0.4565074268816104,0.5391880524786501,0.5938196964425848
0f462aba98d6aed4f06bb091,0.5097505010441419,0.6193800941701691,0.6194195363629029
6524b1219b7fa8828eb1295f,0.5736992245775168,0.6013544901124601,0.5744915109687911
4ea7f551251faf6f731afa12,0.4912248262439289,0.44246155329143,0.4416156329613345
b2f4d33dccffeafd5ed43077,0.4592787142428391,0.3812707635700575,0.3942789905500847
75600ec96ff28c88e7540500,0.4906461972487791,0.5547386398478059,0.5824590448772726
70d001dac2c9496798500206,0.4953364445930079,0.5478842178380811,0.5920609929022451
90c82e2693f4a8e5bccf2f32,0.5379267919456967,0.5531370653549419,0.5111503659166357
91c53a4ac45776a779627b26,0.5532366992783747,0.6161355054776592,0.5999843634506732
4c173f65ad61bd4d92f0b763,0.5284234597975946,0.6141995780324847,0.5966379873830802
2c97ee4624d6b268188775c3,0.4625387872224394,0.4275645824445215,0.4576823208058594
752dfd7c7acb4c55e8435f8e,0.4844579519970536,0.4892844241281722,0.5289748918849682
291b5e82a8b26b713e1a5407,0.4901822196022632,0.4348635190048683,0.4437902757370733
728db18e9898c5016938cb7a,0.5300962525249583,0.5527855322392906,0.5377849201538659
3a3a7b818555f9d4a4ebdb1c,0.4762822328910498,0.50369939053635,0.5144703866306951
44ceeb6a5171c1849c9160ab,0.5160762467363841,0.5518461618670853,0.5242090922800409
b17d82ada3fb537c37d5284d,0.4813136656559268,0.5643735231588215,0.6074909166336199
c4e5240ce45222aa6680d137,0.4922585188499176,0.4039245774239352,0.4286964399612893
c8f7cb08a7a0be09a4fe98c8,0.5346390902773157,0.5959459631153802,0.5751984412420874
61219b3d140ddb4a8a1dd133,0.5602201919044675,0.5204359771205521,0.4820800905078189
c31ff0181570036c1d798a8c,0.5621595205217454,0.5208740816516795,0.4734456612471036
34d22f361a0fb59fd3a93692,0.52080505823875,0.5843205492406369,0.5873087641114848
1060fbe08c0647612f76986f,0.5136024369919345,0.5905749767332612,0.5992645834806496
4737cc511848e3f4098e934a,0.488521066853431,0.5512762350012429,0.5740806937071503
acf52e74b4d304ab9e95d62d,0.3825901337401916,0.3306534787000134,0.3971411825540383
df1dd36c4668ad898b12d5b2,0.467890164280949,0.5047044057589133,0.5430123453348215
b2e0601b177141d41e9b6844,0.4731129453781168,0.4141656590795677,0.4239870293761481
0348a44a208a6d6e26d0255e,0.5547762730639773,0.582504656131943,0.5585978846912201
a81f8d1a752402ebd3f23b63,0.468312187793618,0.4129725528849011,0.4245619826101792
9b41424aa4c097390f67fee8,0.5289732889568199,0.4434750431193815,0.4331084918466097
44ce4071eb44da3589cdfa93,0.5066919274156039,0.5220520136623298,0.5431546304934102
e6828f22a6ae2c2b8a5cde06,0.4946112860622095,0.5009564298160435,0.5204729072286114
1521a4db6734976bc5329fe3,0.5153562536265874,0.6078252097938307,0.5920797711440753
727b399cdbce55dd9c2dd651,0.4941955809155534,0.5780302418621635,0.6045741775501086
13774858562716b928d86a9a,0.5258956931670483,0.5100873525558636,0.4944114597377173
3523842447ad26777c3a0d0c,0.5354720619156275,0.5110990095200334,0.4821303324576096
2ffc2fec3e99817d7b09f5ec,0.4703977925013691,0.4662375181220519,0.4931551735354426
db0f3ad4e7437a39e6e66f11,0.5675422133022857,0.5750207368148356,0.5140620962897932
3b84e42e574655d0cc3bb526,0.4548230345753234,0.5393775760252705,0.5670847588182031
0e7ee37c3f0a6e0430eb825b,0.5635581364475394,0.5599687385581053,0.5405405891597455
8c8e8ef69e8beb864e939383,0.5422904742394543,0.4411048417682233,0.4328839465367564
68a5241e1381365e1535e803,0.4960681109596173,0.4416987607835113,0.4579387746321534
03479c1538855b9300ae97c6,0.469835726579365,0.4179659334995594,0.413624514396166
2990da0bea32c578f92162ef,0.5238959516190049,0.6024091216762166,0.5965236099291126
f05393ac2ad081c06824df43,0.4488065140378421,0.392112348932525,0.4186920222228979
e0393d02df603648c453b5b3,0.4934089131854006,0.4809383130966134,0.4868127286247687
93c667db16e14a2976b97dcd,0.5627701023430857,0.4884060446209182,0.4378253915573391
3787ee49d51f438f0c1958ac,0.5584865684281084,0.5350817317456062,0.4939487465697516
960ed47e35d6e3941934c052,0.5360629540738712,0.4690905867562209,0.4510449836615491
4f1e863d56b82499f95c26a4,0.498287533897636,0.4086912656645827,0.4058659030234837
1acd7e5f27f93bb145ebc3fb,0.5328136992696968,0.5034454884979729,0.4926013693885367
5e4ae045493bf40dc32da161,0.5252291525124464,0.4550526392971835,0.4501790528591407
ba76715d772ca57d8ed15186,0.5267168980822196,0.5340084806095785,0.5205593489294427
93ca1ca17a3ec806cc322058,0.5171862020329637,0.5254093605201836,0.5204920896340531
2c57b55110816b730138984a,0.4617650922818261,0.4623988335283345,0.5150063998966422
0b49bcca0dfc348a214e43da,0.5443177675332489,0.492047850664555,0.4513892219484572
5ff85de565e90c7b707b064d,0.5255192239254072,0.5210801203425537,0.522039747386977
30a61eacb8d1a2633e5afe6d,0.5772707557416183,0.5021086894668285,0.4358247276252028
311fc9166b209bd4563e3cf3,0.5481507720294565,0.4440884364583904,0.4395082024067467
0613f3756b8e85af6aa5e2d1,0.4821173921683331,0.4523916734182259,0.4479491141252597
d3050f1551057555bb1ee6b3,0.547047273651893,0.57694147687732,0.5323969689684366
be1b5a180c089a743f064d3b,0.563842762224066,0.5123505343402885,0.4789466436743708
8ecb6c1552d31ff68525b310,0.518707326012605,0.6379353313292729,0.6065792018897582
9398e3ae0d2298f7695f2fd6,0.487987161435607,0.4995069796614737,0.49576338404875
e61ac454b8d9a95a38c2deb7,0.539455817773397,0.5476902508014342,0.5172621590685424
236d58c1945afa9ceed8183b,0.5807674427227763,0.4934252069762266,0.4352382649737965
2e1c5c6bc881e1d8a38e7368,0.5508732044559358,0.5592732029279823,0.5414500463217163
59a21030c90bc60fe7dbf32a,0.4291923128191309,0.3668400494483825,0.4003402494551483
286b2d3d24b8abbf4124e851,0.5092291249667099,0.5416918864579396,0.559192130291562
b2c130f49dbec3006bad5f19,0.4937041974999844,0.4261640964513553,0.4344080675389522
e9bad4fc9ade1c0b12a6419a,0.5180583435975645,0.5556283548620904,0.5615680993505792
b1cd4b19a7a45915af5f5509,0.4555877030467196,0.3935525398544266,0.4064873613681875
870abcd0c67d3215c6a743dc,0.5601583291385139,0.4852026443000537,0.4287970984103662
a6519bfd7d00a004c72598e5,0.4843199811667775,0.5585634747743151,0.5707624431505254
ed2c29613149b082aca75330,0.4704147958821606,0.5277448074303988,0.5623503994460779
92fe90efb47d3611d090d6e0,0.5154194985629615,0.5265119446799514,0.5378495435476733
0837c25381e43c017be6ea8a,0.4763875834929328,0.4227144881486526,0.4161947056356677
791be3e071c381b1673e5ff6,0.5173546340363219,0.4298053089254533,0.4160576820730135
10a0c0180a48cc1e3536e13b,0.5104441504327762,0.4438440406787707,0.4212535884460662
56fd8325cef90f95a714618a,0.4860603436973579,0.5532189627812522,0.5917671782086559
8d2c895ff92cd183a8387293,0.5577254950544204,0.4954898669766678,0.4879037654187953
24d5d2af4520a119eaecf33c,0.5063815100475888,0.5221504345749237,0.5434254806962215
9274c27fc9c462b63210b118,0.4759242429413945,0.4453475081243288,0.4917802572912751
28440e0cccd3802113e01b48,0.5298442891267117,0.4397738683333616,0.435542162193674
5ce4967f5d06674ee40cbb52,0.5222738793965637,0.6330222951130204,0.6168515225432889
3e36707973188accbc036887,0.5263582373763713,0.6144429536431603,0.6191420349194743
583cf64233bb5b34f32c2072,0.5808507927801759,0.6405046734485839,0.5888756398898252
21669ea6db5d470b081f05ba,0.4610822309756718,0.4274892430963821,0.4377057434614623
293630f32969e26677129c4b,0.5148258683146267,0.4416682001844278,0.411609506088613
59f163c937c4814311c95bb7,0.5372106845740325,0.5124294775050289,0.5014409733568438
01c024dd178e4dce9f295d53,0.480466146170039,0.520241635976789,0.568172456874496
baf8bed144bf7eb49cebb7f1,0.4727255465679864,0.4333076511715112,0.4424972932737999
35e90500f56344584abe23f5,0.4435937470663482,0.3788857271142262,0.4269542118346712
f142acb1805f01d5870507e9,0.5155705861171945,0.4352335350344944,0.4530805912341023
0718eb65c36821dfbb534dd2,0.4814485119345106,0.5360380914760029,0.5647412050561287
10194a72e47952aa5a4d7f36,0.5455503347364469,0.5124902250246086,0.4742191458383573
468686b122a20efd01156cf6,0.4795334987496377,0.4503507719108026,0.4650098498552111
238956fcb43dc45d2c9e859e,0.5480617984084508,0.5321331190243328,0.4864407243966963
0250076255add4ded86233bc,0.553600373457155,0.5297591777153426,0.489669001859674
918c7a6a4fb510b2d46f5f4c,0.4904360609053007,0.4275256182915165,0.4146881835520039
9ff55ad8d7a5613927cbb412,0.5046658489668581,0.5590112760383812,0.5657164111204394
40aa3372a4b98952b6aecc17,0.5152770742692225,0.5638188551740828,0.5822233048386699
c12dd7b30b7ac8bb3edc0830,0.5074473828356257,0.450390728645052,0.4684210454499307
aaa0ed2ee00ecceef634cfc5,0.4568842159984872,0.4776422288374936,0.5435677658548103
779d3a51b3c954de0a03cac5,0.4959016051387351,0.5476882603424568,0.5762808010445699
0f4def5368c0171f218a1ad3,0.526950438801342,0.4259741945504287,0.4102071903777791
b13aeca4195a9c13fc1950a2,0.4719787566347333,0.6012116875560196,0.6202196153961352
e96770ebf479855bff5326c1,0.5233320041649915,0.5683250312736542,0.5617690647270974
81f291569a29b3cec7d19b49,0.5165192943153584,0.4876492843623062,0.4917576317808585
86caec797b85b311b96fe4be,0.5442355150676276,0.4938585856190883,0.4655018108573387
5c930bbf0f8fabe8a0aabfb7,0.438139323912098,0.3902490293819987,0.4183373681361305
844d10390f56713bbee7b4fc,0.532844574054613,0.4858928240500174,0.4865768620803035
bd5e97e1041e2ed43d968ec7,0.5162595621734276,0.575484589255755,0.5476956634180092
e28f17535fede3e1aefce288,0.5123374887237285,0.5165096005187584,0.4926782755813222
99a5db2680ac09c8732d04cf,0.4932878369480792,0.448134566020951,0.460440923911972
e6a36e91d268ff6d2f9c5b6f,0.5049316484804264,0.4317268103539369,0.4571989369688172
0032007046eee1ed496cfb66,0.5467292649614889,0.58575801529408,0.5473355547236948
e96e4132f17c798777a32e53,0.5510619065214388,0.5720300652833252,0.5421863268201876
c5d3aab8d12931b3bce5f0ac,0.5378591591537142,0.4504070370402754,0.4192251456009883
d0f0472c7f6ceac2128a70f4,0.4845569160159213,0.4322956667290308,0.4583230168152779
fc035a1b21e1b69827341653,0.5068486274591143,0.4411857689975625,0.4249566331475937
ee27470c875e26b66642c967,0.514116792050359,0.4927667083367163,0.5084148277874205
f855513470afe2c87453c19c,0.4902993018834612,0.4333748138763947,0.4510098775201371
e94da4d5276c9c471fa84624,0.5255759876744841,0.4595366935303159,0.4193338236313599
152309b47a4945ee43d1fa41,0.4824263447598104,0.3937085171221184,0.3998588008032465
bf2eb1593d8360b82f318017,0.4625898922395289,0.4043882743603759,0.4280766516430879
a2d721fe228ab378fada24b2,0.5031135628166974,0.5148775178514026,0.5418104653088998
7c6e500f25af0336e4783445,0.5069955574974201,0.5594395570722824,0.5825817872929075
e4d9958daf7b581698afb1d5,0.4555555597592224,0.3873773584062236,0.4384519081475511
13496eab5d59a4fbfa50ec2e,0.4979723995319812,0.4805128403897287,0.4658837275733134
1037c50a6417001c10bdb345,0.4935554023003585,0.584875520311838,0.6223649053715765
41acbff03037e309040dc4f9,0.4923846493645276,0.437047028659446,0.4344581004672995
96ad90a147a7ba9e94ab7443,0.5405587187989083,0.6048576108406216,0.566024859221532
8f318822ed941cbdaf2300a7,0.5314721852058483,0.5579613603463507,0.5731785178334599
ae7dd20f5c0cfc55f72931f4,0.5525117470768546,0.4832349743191666,0.4382437604591866
4e49e7f7f7bcf867a2816a9e,0.5002089526770619,0.4950420872462996,0.526349968036928
da35d3a3781333dd9aa3d372,0.5143133337575604,0.6134922263011908,0.614328283299606
56a7b9c67a9d2e89a11447ea,0.4666130595657627,0.5075685722356584,0.5354465831895152
5d97f7e4ba4d2f42eb5221dc,0.5190231023377313,0.6168612790509803,0.6021878359342361
47011142d45bbbc314ac2361,0.5096769355451425,0.574950731045724,0.5985947395407532
7f1d861b5f495fa5bbdbc6b0,0.5254906787492714,0.5090802635217428,0.4823490645343267
37ed521ea4035753d33c31c5,0.5023060790431646,0.5306549701904665,0.5474739813729981
be57e3f8ba7afbd1329b95c9,0.5032623348277591,0.4207843887306118,0.4130668216933795
5a836e88eb2aebd1bb25e51a,0.5169402984288776,0.5856913531786537,0.5785217459026772
f9e6700a7a13b5aecffa6670,0.5399840570819435,0.6057089130989143,0.611203461727619
62deeab75e277547e7585e87,0.5489302496720809,0.6082060370253788,0.5944164119884446
e96040a9ed261893fde5fc0e,0.5489455758447508,0.5996489486871639,0.5905641103387989
d08fabe68cd5433114f623cb,0.52886322814861,0.5114806105853916,0.4929255708919323
58b214f578cfa903976606fc,0.5069093418218646,0.5727569351493749,0.5859073769544982
f803d61d3d3ac63775ac0549,0.4833062261018727,0.5111532791845237,0.5595777023532786
a8c002ddd2184e9d1649437c,0.5470888230448747,0.544760659675126,0.508947085787473
5d317d0a27da9cb24a6c79c4,0.5700665760630228,0.6174409827850729,0.5694867916547415
589b76aba38d0841f1405680,0.5374576034192668,0.5299075144669451,0.4970057546535543
eaade04794e33461fc466adf,0.507025479920929,0.4562350985639259,0.4842244123730113
f00c1420028e5d126951bdfe,0.5283516992185384,0.5062491363812579,0.5074027841975116
b7c3c2bf58e5dc4b1bfa674b,0.5065421268150208,0.4272308432988645,0.4443394148623735
43c8d9c600e4c872aed1bf97,0.4801439838014337,0.5719511151133021,0.5934282320130261
a02dd49e6d9cad6054165efc,0.5391454685096028,0.4895760048589923,0.4935251476789279
6f0451e3d1672ae55932a7c1,0.497119556790728,0.5119554583266396,0.5154218725387312
3a58a929be82eb5f87c1a99f,0.5008455644191655,0.5940980094235847,0.6121966648362451
1b52181c7ab65c6e451cc597,0.5213784121831454,0.444674541475938,0.4421396499797611
668381534f9dc6dc4a709d93,0.5194723586382634,0.5980177600943705,0.5999352987382363
7c5f9cdf0e0dc5f226e2ca56,0.5096457109411106,0.5888019769837556,0.5849254319042871
b9bff3f1cdeb7d2eea7d5ace,0.46500299722076,0.4007866392520541,0.4049786669873836
30b8e3246e82aa5dacb4d6f0,0.5341392684368566,0.5801814609563221,0.5862510056378024
947ab1dfd183fcf570fed9a2,0.4611084979465399,0.4049866487114358,0.4059573098597073
31ca84f190a8edf819fe3ac9,0.4968581859747887,0.5087560042077389,0.51097452647488
5c779335d882a0d12ea8f126,0.5044527734691642,0.4711687713791114,0.4445358118004617
ce6e79d89b1117c78d6395ac,0.5608634676761243,0.5199019346177152,0.4727185151060337
9d6db1af07944bdaf674345b,0.5389351236174796,0.4475610523751261,0.4410758748891623
d46265950c6751fdf4c694f0,0.4464386270964811,0.4199990992811526,0.4721808130233957
d85cefed2e41a93f25a6d78c,0.5378223004726909,0.6196544262244326,0.6116869597427091
e6dd28fa092f6e10431308cf,0.5645494106289443,0.6003816140116862,0.5643813668657324
dfeb24e41a7f5da0af21f635,0.5447901159866411,0.4573738969355838,0.4138198910121626
86efa6c520904697e95d06cd,0.5132129375735824,0.5094617678539163,0.4820952323794148
c76ec199c3ad21652d74285e,0.5167748802032469,0.547670491945936,0.5402426418367618
1b6ace6e6d5d236c9db361b6,0.4135145534224961,0.3637670854655603,0.4372827552730243
d86655de44ea2d056fefee99,0.52791776344793,0.579872771899409,0.5669219380385793
d057282bc9a2711420511aea,0.5293247340506755,0.5360643480871348,0.5228165177675801
3df3b68af6c9c66d8c854632,0.5545213238184937,0.5923411517099245,0.5558823770570096
2b1c4ba80e28ebdce43a86b0,0.4704342171183933,0.3660955378257925,0.4046116609945551
7475e93353d3f005079c9027,0.5597026563290621,0.5542468393388535,0.5268965273102095
c1f03035eab7874174b96047,0.5212733403891538,0.4526357947851123,0.4245185812503952
5ad2d2acd56fee19c3e7ac05,0.4965095962506775,0.4377224947167328,0.4305206952462717
0ca1243bad4f9071e2e585a8,0.5142730900583521,0.4355407115739544,0.4188141667926396
d3b30a0579659c02db6ea8ff,0.5495390984573142,0.4509681747801878,0.4194121917791689
33bffdecfcb994dbc4e1ca13,0.5457729609239927,0.6046307428694325,0.6005344866456762
6da2df7966a7a189bc8e876b,0.533731605152194,0.5966643834052283,0.5798939581748268
7542b942139ec4836830ff9e,0.518768160470783,0.62483368500052,0.6196437285315921
32bf3328ccfccb54f05f27c0,0.5022856655804163,0.5040574117499157,0.5273858016663033
1b3edc4b94fc20eb77267609,0.5298963188040308,0.5746538883468413,0.5585866974770888
296c9e91289326ed599c4f7f,0.5400519590430639,0.6290171101879716,0.6083397724063418
521d2fd45d7a029c7bbded38,0.5804257037940457,0.592443548285508,0.5185839076884966
06fbd0291e777ffde5991338,0.5451460634671409,0.6088901459423761,0.5825848226045821
9e55c5d55f9197125bf1255e,0.5272159999882691,0.448595635608096,0.4383930191786652
2068fd1c2604eea298869604,0.4963916317337775,0.5101511589133331,0.5284368508135495
fd556b09cf672618ae9d7492,0.5901077509667851,0.5088779942598938,0.4362814832785527
85ec9182d6a1f012ed982d0b,0.4931971204038504,0.4283774232761307,0.4674435849160839
eecd07f8296600522882c5cb,0.4906298636868846,0.4504125835557804,0.4561163716138927
ebb1b3f9fb4ac0b35a1f4c6c,0.4969275224084549,0.5308199789087027,0.5541279016083772
76d6f44b35de27d24b6ae632,0.5243787079308408,0.5735247166566715,0.5702083162594651
45cdda8ae8598b5a8950eae5,0.5037705210646944,0.4383916662094516,0.4711802370223725
1c39da754e235fdce4692ca9,0.5113470772629377,0.5961088602802641,0.6123120875115596
7c8aff5fca94192ae5af1b9c,0.5402896591095454,0.5163829317637276,0.5145280429560628
bd073235aad670c43cb5bef8,0.5247272222355168,0.5666617033684778,0.5709315125764078
09c9361a1e9b8256977e827e,0.5243294377110659,0.505019678921764,0.4774420411317895
ebcb166d36c1c3ca55393efc,0.4669843511945055,0.4636876442536349,0.5068514323707745
e0766823bb5e759807315d96,0.470988071572376,0.4871417754201476,0.5033016530671532
e43b242457e22fd6820ff1b4,0.4951366502619269,0.4741718489351483,0.4912616118616971
620dabc7f9842db51052b90b,0.546180935484806,0.53962472419658,0.539752834042448
2d1399e5013fca5f6b35b77f,0.5342694133544257,0.545204316630408,0.5142357483301623
20fd88e822881278847c112a,0.5305949260318302,0.5468682714216493,0.5591303433344396
f82c6349fc8df392f1c323af,0.4843821778297301,0.4783666542067225,0.503097947825525
dfbaa7182c50b8fedeaaad52,0.4769856464872101,0.4702168121654316,0.522522254670023
24bd6a124554260490d2c616,0.5037165828394529,0.4924604496548534,0.4994430979195486
80542d60b13efa27230c3ba2,0.5899094983001049,0.5297624299300182,0.4538352952256548
e02cd578cbff563ddc7a7ab6,0.4881521656658413,0.4421229113576475,0.4781922403991773
276a100016c2471352c330a1,0.4952377389045574,0.4064149337189621,0.4348283912990629
a7eb4b029cd7f3ff206b843d,0.5227664812775844,0.5082871252093628,0.4976327763299863
58618b0079d81a6d94b5826f,0.5286093007321423,0.5808159030872179,0.5925712261184108
fe694b69199758fee70b2324,0.5196268802839343,0.569867494887891,0.5707937228177075
7f6a6eb699ab3250e2b72790,0.5093045301261997,0.5161848574292489,0.4993502027923198
d75455adf224ba133d85eff6,0.5198142951719378,0.5860080814844056,0.5755799716073249
122de4a9c483adbffdd44c4d,0.5605306694597079,0.6659672157890826,0.6181258783643533
a6491ec9e6156843582b39a9,0.577662067650832,0.5463373240153596,0.5125812065841069
0c6ca2446a926c119b73538b,0.4801609193498243,0.5882661148763494,0.6154861973863825
bd453a893868ea6297a06212,0.5476156006882081,0.5877519727830295,0.5674368514160097
99b2b6d7e715ebea0b13d8bd,0.5500696403187473,0.5223045847063871,0.4865971512802415
656ca62df73e4113265ecf74,0.5264090433796519,0.6004717891976613,0.5759485707483627
9a6f0e29d01f271e3163a2c0,0.5166440031977555,0.549147528355592,0.5456311925641086
7bbad42f38a1e76f2247a5ad,0.5211696372651139,0.4726929869794222,0.4509930088800998
fd8e1877597e161c824b6d97,0.5360501671278521,0.5262103273318509,0.5110079402574123
adac87bab7dbccc1c2a09e69,0.5050440517749014,0.5555411941042456,0.5731975131407965
e4ba06ec15e8f5c8f16ee754,0.5376763484000804,0.6183543237462338,0.5848049841009124
75cfbace5dbdd8ab8a93e501,0.5324799604575198,0.4849678542776223,0.4524637026074175
64d2aca679f86edbb55f5780,0.4215601516313997,0.3917203745948387,0.4451268112510224
ad738e3833fe0b100363f735,0.5083097568553399,0.4501493240120668,0.4355231563995684
f8ff88d3fca45613bce9c79a,0.5637399329200808,0.5096712466736281,0.4579023207897261
64fe1a45fa4edd03e7e2d5c5,0.5261532809851528,0.5333648740716618,0.5372255479007552
c1066e38164631600a5b5070,0.5119971759227367,0.5406277249579015,0.5478110681583086
6b54c1770c456790273cc570,0.5022975089662367,0.6228608889401231,0.6281944830879399
f7a30901887a135db74f8098,0.5721890764912791,0.5232239020457888,0.4797656817830369
c26b42ed32dcd94c4fb3b381,0.6017982704303838,0.5857879462677011,0.5115051774919556
986d545bddaca92654a8976d,0.4826115446745774,0.5137695685230661,0.5279598226921236
f7cc20e505f0d53d20f23518,0.5111524307296432,0.5208476911117653,0.5147569489319805
32057ca0bab3a7e37570200a,0.5053510557973694,0.5893988150805729,0.6021851100537913
59a15fa3d74d1a39097fff28,0.491578718768018,0.5383178426291344,0.5538909463687463
9d27c815d64ea853b137b4e2,0.5422530357992206,0.6300656481899742,0.5984549280651049
a806e2ee14231cd7aa4adc1d,0.5319848968424938,0.582350933891126,0.5653603086030478
6181aaadf87518af96bf9090,0.5909152431779792,0.6547299766680875,0.5976231008035005
07af7eca3d765c6a7573fd80,0.4748134258068881,0.4143471316514877,0.456749242034326
9bc09374f55fc40a546d49e9,0.4946462828840218,0.5577056970370197,0.5860220318059458
ca74eb35cd243e0d40c4ef5c,0.5377862672263087,0.6621107588258589,0.6205351315790963
84d3c7809521c3601fae2939,0.5185371834896216,0.4908933856773165,0.5084942143227734
22b02555a2bd7f05c4cd8ad1,0.4770368489670624,0.4879375915614496,0.5416515284771566
b22f40444ee44172ca277019,0.4662690631434911,0.5564831626880314,0.6116106967280228
6a50800c861a1578e2a5b35f,0.5054526359658867,0.5702933802491699,0.5922562537007809
f5085030020a3525c17e6dbe,0.5102770133844784,0.6250627350184399,0.6218085979128247
c660586aa210e6fcc5510cad,0.5035170336772968,0.585069324145821,0.5607325250484424
84bc7c614098faf126a24079,0.4844705729225605,0.537202735247196,0.5489360297936359
48ef8f9a03bf175cb6f306ec,0.5014161213505335,0.5686063726166746,0.5758025360281003
307983c99b907ff2b6493aab,0.5149894166186637,0.5723207961818766,0.5913736143860346
fdad68b7eced8db394ad2f40,0.5506071735416561,0.5873109137649182,0.5707170172305818
d9e53f6c59b6e915ff23af1a,0.5263853710460967,0.4444266833591138,0.4227357625944826
00e5bc2ec79d149c12f1e3b8,0.5463793172045148,0.5615017217354165,0.5383708319532852
cfc087c5aeddf64622272f7f,0.4706787358887787,0.4346577693707468,0.482609663215249
59b244682df6758987315eb2,0.5273575047126458,0.5836636173834197,0.5903072256317099
0f08f0180f2e1ca450d43111,0.5078841605541256,0.4414459750310926,0.4440629726302635
f06f65d2fc69ca428b55c625,0.4575595841486699,0.4655869370889108,0.5137182068955011
f9fc60c56e37233b7cf6ad40,0.5329096752832928,0.5508156371923897,0.5297414298498684
f02e8d915e57d87e014c568d,0.540205451936806,0.49074286695331,0.4784451583428614
d92bf18b26c369049a625b48,0.5390107589959667,0.5861797277822163,0.5883424776209596
09f210f0757cedbc801d0ff0,0.4971060084347475,0.4285763200470953,0.4497608640786674
b8a4c36c1d6612d724643269,0.5029440555347893,0.5230389585152503,0.5368682417145478
b3c4114d672f574478e069c0,0.5486497587967435,0.5819734671447333,0.5638886970232097
743b2a4d65b604e7d108dcc8,0.5655250888158639,0.490995467669496,0.4352475596846843
b13265318610e055bd6d116f,0.5299732655669921,0.6091098573070739,0.6155926744457451
732cbde168606db716b4be0a,0.486177855773013,0.4777583559858965,0.4893091398475443
25405cef1b8b035833053a13,0.5393991488806353,0.5728606468896024,0.5644787996763714
d7a1bef4418f7bcaa7904671,0.4785433292508387,0.397644122690854,0.4391365192907037
29db2b67721826696ab0d0d5,0.5569545743912498,0.4877235530371701,0.4333942336564216
321d3ff53d5a620d4eeb070d,0.5451190129794827,0.571423720905387,0.5487193711135939
17992b18e37f4b435afb9aaf,0.4998738062050381,0.5245242836539592,0.5312149792232507
740d1dfdd4368b574a34c09b,0.5188683421130121,0.5740027520979556,0.5720456733804273
5f72b27d53476e24f13f0674,0.5164979047550584,0.5284662946118717,0.5488114603368432
8f8be30002a00015b8fe17ae,0.5760213801435,0.5431079664592711,0.5223482628345439
1841332cd3b52fd90853c61b,0.5238935743601364,0.6185649731283079,0.6225782105677058
356eeac8d47a949ce4fe1e6c,0.4784513052433466,0.5291449326986343,0.5736302729801909
eb072c1d2e1db0115410de0b,0.5408169589778163,0.4818597257551174,0.4534068972286725
f1d8ec71ccae846ee7cf3d2c,0.513835526959182,0.4420039354356916,0.4172730663666845
9d2d21dc8fadff98e68b0537,0.5180483251445405,0.5781462121558139,0.5831379647222632
964970a565fcca967eed1632,0.4943012672608541,0.6044413090675638,0.6232911494482116
9df930e53e86fefbbb142d0e,0.5179033687073031,0.4654298067979218,0.4522552318230983
7c615a504ddac917adcc0bba,0.5595226840599625,0.5956961584915407,0.5450985473372815
c79efac9503e7fac93aaa138,0.5289430808419268,0.5825046902903765,0.5812419584994594
ea47743955bea3b26f18ce4a,0.5188352905131187,0.4981806775509009,0.4952572799351059
61bb1be80cea99bf3a96f14b,0.4185700056889123,0.3665220564395073,0.4229553610978648
474fae5c1d44fff827d35108,0.4886535666754883,0.4842949707046565,0.5108912890403108
d0d67b72d87226eb05b2d2dd,0.4375431425950056,0.3652070932590039,0.4083476407398653
d22aa2595dfe1c0645f09d3e,0.5492131546474276,0.6183184929481684,0.6051315922173146
b63845b8876732ba5bcfef05,0.5069026032797681,0.3955628304805406,0.4231209750019057
29493850a8785f173da0761b,0.5260558210761419,0.537484319409097,0.52131071715539
f4990b79e64a1d67ab2a7fd5,0.5530484838628639,0.623153327581276,0.5976979116072682
4b6e026284ba4df7184ab12d,0.5151368834034815,0.5752164812730508,0.5905902612590193
15e39daab8816d5aa8ed4acd,0.5846341824315449,0.6544886819792317,0.5966364631472301
322d1de08219653c8dce9bc9,0.4780551004200238,0.4195957649320851,0.4377812204145244
0c45241de2d1382c3ce8d2c3,0.5451077140319869,0.5872696071757975,0.5692092387756205
745dc8843f8a5fca0daaef58,0.5724299330382608,0.5458243300944982,0.5025230656686472
849cd07d16b66ea9d14a2e4f,0.4884597943400011,0.4714450522535316,0.4826198770208668
5b3740ac9c5b16fd1f959ae3,0.4859927222458666,0.4053915650711344,0.417668545335383
bfa715d98cb3156ee3a44bc0,0.4777611856008869,0.4612008105208361,0.4979966232214503
494f81b71d38cb0e319fdf4c,0.5532018288089611,0.65093635797416,0.6177624097205765
22d0f13a2fbac5389afdf312,0.4880812320598117,0.4811316669555062,0.5024449525217504
24efe967246c435abf10dea4,0.5496725434859646,0.5102038561914968,0.4535689742615914
2cedf9ff536330ce51972b8b,0.4715811642320703,0.5581514838960849,0.5957798733612389
e9a77bf1885e41e8a077eafe,0.5629955552589974,0.5206693735733972,0.4604644136277846
faabb57dd966edf5d8963037,0.5159206757685841,0.4534422397213733,0.4791851499155607
50f4a855cbeecf95bc6410dc,0.5158561761618138,0.5914447559403092,0.605543063214963
25d5245ecf134dfb97d491e4,0.4836462383271362,0.4131228027837135,0.4431975569367326
3e24269310a6d025c6af13af,0.4919567635607385,0.551044192079314,0.5642433499708992
4609445859e0bfa76dc1f561,0.5263461085739572,0.6562186799978387,0.6346316499097548
3078a71c22dc772d0c78e819,0.4989213946478568,0.6085967971480108,0.624280307367651
c496d87d8171445dc2877387,0.4964658286458864,0.581006494731829,0.5869646690043018
595bb017a5ce9f044d045310,0.4650797640736008,0.4163865665630986,0.4475131094517647
8db8be0ab535ad0801704881,0.5328557969852417,0.4951590082332859,0.4673564129671431
a5c07140d322b99a66f588d1,0.5247840923458164,0.5415391407611063,0.5105746225051055
ecca2e3fd3b057d0fc8ca3d7,0.520884561339804,0.5932853422755744,0.5961331821406425
c1238f6b1e00d291af5b2483,0.4881563591059825,0.4440945014758321,0.4530800196386394
cc57085d0dde5459089f543f,0.4978638556025297,0.5411039125241975,0.5515709582566952
2887f6c6de835ea893e76381,0.4168889147718383,0.4829308833666027,0.5372751612516979
f3fa64652da006154068f70f,0.5191441114817272,0.5535210663248752,0.532764554842222
5d9c1a6a813e2ae29a25fa97,0.502920115780492,0.4433574340473349,0.4726046380606327
8a44176d0c66319d7dafc1d8,0.5162327298698065,0.4962018327308977,0.5236405892853344
531321a100f3684561cb6bee,0.5196370953629025,0.5791919435551856,0.5903547346185745
f302ff237bd0e03f598b4d2d,0.5359623618235264,0.6010953376499569,0.5662902172655049
5e74052932f973ee320eeed5,0.48895841130876,0.4216372182331617,0.4121746161518562
f71d4cc7d955ef4107f95293,0.5130825019987164,0.5096768066127602,0.5248045527099341
5c9bdea79c1c446cdbfdc851,0.5527610706521418,0.4922596661744068,0.4842059699917216
7cbc4dbe55b9ec523d094c0d,0.5502520483173015,0.5055059020361274,0.4861602534435723
a5eee28ed99bbdd90bdd7ef2,0.5669233151060457,0.5789967648923503,0.5525970037916443
63f49b317a43280f5e101b4d,0.5013067275268415,0.4307029693511585,0.4700709356236754
0c287853b06092fb4fbc42e1,0.5536086737361238,0.5556262682094328,0.5331265745634612
6a552fd03d082c48e50a1de0,0.5328380858453932,0.5161637509348017,0.4815399989499629
51d0a273c79497bf6dd2017e,0.544611636647056,0.5230907502161556,0.5055752157476447
240cb41308223477f173dd01,0.5106926987710365,0.6211302392861819,0.618824787138198
fa5ba6276094836641c1c262,0.509179854952551,0.4828294047764179,0.5028514998321842
cb76ff044b0e78d02d32217b,0.5251912164447897,0.5934507743885348,0.5715957935670156
cae47d8a1f09f7d7a6659abf,0.5248311966106822,0.6098741348938562,0.6189773474387359
6f55bc46cbf70d072606bb67,0.5302787401703648,0.5843210847584673,0.5863803525055526
14d36b0f4228fdbcc09f6c37,0.5023790877261795,0.5712117429954378,0.5913382023271433
cc5fcf7f6cc0c9f1e18ad23b,0.4935250055641409,0.5183821277697259,0.5209321207836557
046de10cec2c596a71286c12,0.5803191658655978,0.6350148186790772,0.5958001329903537
6b29dfa737639c4bed01f743,0.4818497904147825,0.4647459193307467,0.5057424502152058
796c69271302d9579fe5ade3,0.5065109518987563,0.6186386136113129,0.6171790676787836
37b4cd81d8c82ae5275dc3c3,0.4479201275132134,0.4519996293984202,0.4994855331798111
1dc3ad76d592ab31b77d1227,0.5626838627842837,0.4961397062485322,0.4548701638974703
0ec599b0659cfb94075a30a3,0.523833369605544,0.4602008940475726,0.4712217679943798
33fde952e8a6a84868fc1f58,0.5249195454837804,0.5605878984229382,0.5529959959539265
faff932b47c8fd7c86da1efe,0.4326912224586877,0.3950885094122196,0.4508937288611955
ecea32030c3950b6b4f7d259,0.5534614286660993,0.4871976988821713,0.4345236497013635
3ffd510d073239f9c7dc3728,0.5352843818994089,0.4836729277746922,0.4532529105492052
e56ec4500b7ba48ee0f6ad2c,0.4932007471961676,0.425272051770438,0.4587996181995345
8125a89320885ea042169cfe,0.5324957671407868,0.4659990982344579,0.4704839054288368
5001d8d24e55789eb062a3d8,0.487921849605029,0.4085364800102723,0.4391077660481454
0c637df57f5518b9dc95a34d,0.5340682263550276,0.5813818481810933,0.5876262411206992
b3ffaf727fe5385477c35a93,0.5184812470846323,0.4895985863521988,0.4750273003741435
bf14e0aa923b2371a4d1fb5a,0.5284888336453454,0.6097505677294576,0.6098285703076943
464ec9d98aef33b31297e796,0.5594701180127323,0.4583725743656513,0.4031608782777567
9dd9dab96367f7995bd3f9e3,0.5300513482490888,0.5398413069578895,0.5415704776859084
cffb38524b0ee8cce87e703a,0.5045022293658887,0.5438340976546189,0.5624113069732617
f7e0d5737b66e5413363a9d1,0.5677520460836516,0.4778731855987199,0.4235231061133225
324140938b90fe2c799192b5,0.5202493348725044,0.4947595478264636,0.4939516418021159
694415e275c2702668c800ab,0.4747581117828737,0.5983982209638072,0.6246771073020929
dc208ac15019405bd0464f72,0.498376741250667,0.4435034577498115,0.4453974325079777
4a5f0f8d4cc1be5a9b3ba021,0.5409240637552682,0.6058636343172964,0.5820802132950731
b285b1cb76a7834b8613b126,0.5532963383977545,0.6175425491182851,0.6061963359820264
e806d3dfea94ba8e6ccca45b,0.4867296188946756,0.5746790668758702,0.5862161579225823
61c7201dd291af23acaabe50,0.5196296330374899,0.5530777981324433,0.5214351855001131
2940e35b463165111c7ed898,0.4724994123336911,0.4325459442771034,0.4471895035809928
1abd184bab8d435708ca7e24,0.539015645016491,0.5718089726757982,0.5618486738515177
15b5aa476f418bab182bd7e9,0.5012683693389112,0.4879298781825982,0.4970977322464622
08d81a30ae2d75760c1c0cf8,0.5664924263576642,0.5292296965801117,0.4711849323050802
af536e8d658e004c35fc130a,0.4672512166133822,0.5866244788918455,0.6198281993991521
4849374bce5fddcc0c12fdcd,0.5002025543992508,0.5622554568647784,0.5682716166116735
8173ead4f7a80cc54da85cf3,0.4631421851710702,0.4493139474892814,0.488802546076767
cfc24466078b92a5dc7699a3,0.4618062413222061,0.4353065316519193,0.4512059843107121
58bafc2eea3774dcc882a150,0.4655651639158076,0.4226590773136442,0.4554275979307234
eead43fec94b5e096cf5e2a7,0.5277447106141004,0.6470106817102046,0.6250732443072373
78eefc91e094488897cb9868,0.574607502004195,0.5562120315313202,0.5226188545004212
861ac53e545a85bd33ba9368,0.5427107631397393,0.5100612961193259,0.5013151423429786
c28b44e25ec6c07446e2a863,0.5686340852579025,0.5779348384620548,0.5270494112563757
b77e4a0fe343a2963bbfa5a7,0.5475004146769229,0.5715476516110396,0.5303486621853492
32b4f569a82303f344d4e206,0.43307356172544,0.4329221975552803,0.4907540911483203
98106fd54b1fceffdbbeeb8b,0.5409611994672248,0.5210666816519934,0.492700652874689
554b70884881a3347357e874,0.560033432550766,0.5097967038538518,0.4515783420537642
974a8718652200a8a86f7f6c,0.5267077193550787,0.4389443135626367,0.4080907410839411
127a8eb175e1df2a5376f537,0.5190501462621508,0.5570254681391049,0.546391618624662
a3f20f4ab2d54df19f352242,0.5233502983423888,0.5825636861606336,0.5459424541386912
e052a097fa351681799110c8,0.5038739658443979,0.4564857742192067,0.4461409882431015
ce34c7240f9afcefb15f655b,0.5042351596029708,0.4386709534904174,0.4550691190152449
eacc05eceeb820802d1af7d5,0.5139262817350488,0.5291158069359034,0.5516287790560559
9ba67b8c3365c08c1415747c,0.49394179693378,0.4742770908321664,0.4624193588807627
f069be37ebf44643d117dddd,0.5110440159947496,0.4320964820175472,0.419271565712812
071e1421ae4d0fa99f3be10f,0.5431666413419076,0.4921905424670393,0.4887558466825362
ac40c1aff012fd04e3acb950,0.4505163223386305,0.3852843662825456,0.4203649711378227
44bd085ce3ec334967392385,0.5140627514649007,0.594824088153034,0.5664277967930598
830acff5033a437eaa9d8d3e,0.5280613514949758,0.523262066445691,0.4933869767309461
edd8b80c9d81878d5cd17086,0.4970462098232495,0.43672283169204,0.4390908124287123
fa5535151aac218cc6c87203,0.5204343762935855,0.4363482907714113,0.4044270958363958
f87b4695283fd7e70e13d8bb,0.5095300687120838,0.5890833218424065,0.5884040111594954
788010c147983fc7973edc90,0.5282398436747899,0.6001359591715313,0.5993758373859571
e8c1ffb0339a8b6a24ba23f2,0.5380189536663745,0.5947658797517679,0.5859740847267108
bed3337a3727dc0ea67e2d92,0.5396323599365348,0.5328035720795093,0.5223582887071704
cc1883dce2ff5b5a0f064f53,0.4904784368884447,0.4308443020853004,0.4292999326867822
5633ddc4aa83f43ce83def02,0.5407268632573545,0.5744541512521812,0.560216365457503
75fb47356ef977fb9d4abbfe,0.521662619575233,0.5642300582666949,0.5512368441180097
10613f0489da61bc093ffe1a,0.5474765600754836,0.5345670308851913,0.4753137112631788
d81aeb5af0474d6efb0631f3,0.4636807444764354,0.4278611468900281,0.4644565972200441
b664211dcc1a939fe7eb9659,0.4787651313787174,0.5452073738924401,0.5809634225171241
40895f6c9cc3f6e2316e8786,0.4886979135915721,0.481138177228285,0.5125727535840314
89eb54d6c9633a8d369ca2cb,0.4687283496878084,0.4402514199279029,0.475988296257651
6abac9108ffb0450dba1c56b,0.5224803427578627,0.5404894427324322,0.5210195381582123
03a6b666ed661b19e6510e92,0.51758144273558,0.5258965004285248,0.5464726571411214
ef7a982bc4eeff289c4c9fd7,0.5810034917757847,0.5194901182544407,0.4629931581526947
9ed247ed2eafdf91a9a847c6,0.5215797985391728,0.433339839364922,0.4282512755851518
29b41f6bfcd60f4f5c741d7c,0.5112589704537251,0.4488422543192759,0.4204262509137961
d575f7b979216873a3f5e026,0.4963557151866111,0.4661815888803332,0.46652585449692
4de02db5849414ae0e07589c,0.4311702315059015,0.3920326454968482,0.4173661118112457
b102b879a56cd447d7840f24,0.4692315244512481,0.395866564104987,0.4110970578158052
57a5725e36044902f38f6db0,0.4986466945589036,0.462572534608932,0.4579023207897261
d06b78b7c209924d71b9b96e,0.4383896426175665,0.3699966724299706,0.4002561746321045
cfbc950f4ce6657391bf53e1,0.4987472072255835,0.5189689497801603,0.5312926934320501
e212b75d6ab2796870763a60,0.514792593403751,0.4316031850536353,0.4176562895465851
a25f0c30d94b157d439fc00b,0.5241069284224483,0.5604718909200935,0.542974751796
0d651bf64d9cd8bac1941451,0.5502632553032969,0.4574848438587196,0.4174486672520062
cb6456b35c7d62ad71c24fd1,0.5151451982343663,0.5628492179886057,0.5765016268098255
16ec2eb6185c62f74fe92c15,0.454013927608884,0.4353211006824512,0.4658333179340959
9d2a84b28e966d724df38728,0.5147923222339866,0.5896798031158925,0.5923964059818251
cb3e10a5dccae7a2ee40dd89,0.506411793401592,0.5043667760486956,0.4810537678512066
75ef8f55172bbc8955c44e49,0.5002332236805702,0.4274839903833419,0.4098969048325016
952bad2c8a782e9af6383280,0.4793861283512435,0.409877137566044,0.4153123407357055
991881beba69eee606972765,0.5458996749928059,0.5549406317352863,0.5308505375332101
9344c920e5e03c5418818b2e,0.483455248612205,0.4845621326005058,0.5101971460794108
11e890a00f5c2b240fc83c9d,0.5847582923210782,0.6177183093498347,0.5533827270055052
5f1e7706de5130734ee71895,0.4902793425981457,0.444482032119561,0.4325584999936058
6b3407f2f4a9911681fd25e0,0.5561826260098887,0.5999731776631951,0.5722976912497635
e196ce9907ad3f7cccbc16e0,0.4237267397661618,0.3383481543376929,0.4143919609200059
bb72392616c1c6a9a07a1054,0.4786886046154733,0.4076857348061968,0.3993278230689598
77da3e37ab7fad80418bdcf0,0.4604167004626764,0.4007261359173913,0.4235131515665158
276bd6db3ee4ff0358ba18e5,0.4931485689137035,0.4340175405588359,0.4534438348685037
3324a20978be2df6f52fbac2,0.5130503706474541,0.4206803465754777,0.4113722295275378
8c6645e54b82a9ada5612d89,0.38447504300176,0.3352000523551439,0.4181661737928928
d080d5988ce7cdf6cb997209,0.4642830600314792,0.3792926684904527,0.40089011141041
fdbec14c86c9d6c175c7aa01,0.5371737283622835,0.5627576140703616,0.539756527764039
06368022a61c64b81132c2ad,0.495425518554799,0.4925319157073871,0.4901553275052603
8e8e93c4781380ab3e33034c,0.4943530553611733,0.4159122529042872,0.4108294519364545
0f002d5d366be28ae3ad0466,0.5551489266322794,0.4886548545866778,0.423080455743676
98f4518c98d7bd3ecfedc6ba,0.4805737415339622,0.4565689173301395,0.4691218377290092
99eafeb9e73db3d33c2f20aa,0.5148513591240846,0.5056962475514823,0.5272338111995454
245d3800dba05008fdeddacb,0.5430079497504975,0.466601266707874,0.4318948065819293
74751e8d5cf42dbe9f99f7fd,0.4663496801100468,0.3882075529595724,0.4366378404630936
ae6bc4532498bc4393cdbc9d,0.4396354399853482,0.3685570188569134,0.3993693378804221
b586fe5d532810f59d4529ca,0.4640815629193909,0.404920321281051,0.4047727612879273
35010b195ef24e1752ce448c,0.5303870491484376,0.5432845818133943,0.5025106828735271
b9cab9cfa10b3b3761170af9,0.4764574079604785,0.4124929650872552,0.4055181143138643
d7c71c06883af04cea8ce8fb,0.5204599476755774,0.6031533313364852,0.5751840695523807
281fc8de01234ce83fd1cef9,0.5676381512949693,0.4753382293190629,0.4003023113105295
57e6aaeb5b231afe31b3dd05,0.4123850322192812,0.313289578496594,0.4029620143571535
dc45ad1dbaf726d22e40a6e4,0.5438664574319836,0.4841319997913941,0.4245110905363769
5083aa6fb2bbe5a913bffb10,0.4872827830965822,0.4380674199086444,0.4428176514750245
5561a13ffed41535da1278ad,0.5190458264740457,0.440317776970653,0.4073052000867754
c07099eb3f7679dc9d06c08e,0.4569824672643717,0.3894505062147445,0.4398644487863677
3474ceb23c1946f87877a2f2,0.4828865718652597,0.3983287666525854,0.4268291022701429
84ce55c73c791072eadd80f4,0.459712027771175,0.4019912629433152,0.4170050754389545
7eacc4b3537b7ac4fe6d647a,0.4567437039713711,0.3722571927925108,0.4027197450390077
97427b4abdd03d49cb523efd,0.5176922300578364,0.4670029278131223,0.4270603733130275
d4f18d713831c485befd059c,0.5091422712743346,0.52571883510654,0.5346226771581182
2ba540ae4f507aadb6c60ee9,0.4992834367416989,0.4101812780056222,0.4267098440244373
7ed6f282ab234af4c72c5797,0.4777681906469754,0.4232284779319815,0.4217690961798266
f0ce69db05efba0b634debd9,0.5011256338563279,0.5934869401664864,0.6074518068467594
3ae94c969fe7aa9741637f83,0.5475191262452018,0.52425341491617,0.4873524423841728
83e33d9786d7f401731722fb,0.4910782795872375,0.520370739578516,0.5494704772953595
b2546b76cb216cb5ff91cbf5,0.4690790572721595,0.5162856210323952,0.5807109619301721
ebd53dcbe2a2b407e0e3159b,0.4541220036595832,0.383064843858808,0.3981936651657122
0554fe07ae966a2d4b533ac0,0.5045677534248958,0.3996344134394792,0.4114777275819991
3da7c354d60b520d7ab839b8,0.4237724366317943,0.3733029327518433,0.4054461590246977
5c53715ef7184fa59ea1ed42,0.5594083581728657,0.569817425637593,0.5322047758117794
2a4e7e4b659fd209168c4071,0.5089953511391317,0.4852301181895682,0.4915691604814938
02bdd7927ebe713600bfa3ae,0.431545092848334,0.3850039127663271,0.4098509080063823
b0d6db69e2030f4c548e1e74,0.480300102905827,0.5221211197831658,0.5595023424784104
43e01a1c7dd88d904a4cf913,0.5084266046101816,0.5048288588025511,0.5318114752055231
8d4b1bf20106af5bf804ce55,0.5589156915302964,0.456754856667581,0.4245276533898103
f67950247a303bca71072547,0.540205368832507,0.5864548692245057,0.5793850054999061
3df7fae8dcdd29dfbc1a3724,0.4894906267233041,0.510815015197827,0.5188744698251802
0272e0a24b844daed4e29488,0.5046262507908779,0.5914783416876571,0.5965905287188079
c9e6d4b9ba000c8dd3248f2e,0.5215904275768345,0.5878865264271846,0.5974313803883728
51ff205d38a8bf6e6dc497b5,0.5563762504500419,0.5571696512731837,0.5218024148883355
2c82f2bb6ea695982024b674,0.5383280745327754,0.5231685978354552,0.4883305376535211
af4c26b634b61391cbf7e37a,0.4942733480943646,0.58552813809572,0.6204624926203233
8b126d3746fcfd68e2964c4b,0.540555800755022,0.4890077585297975,0.4587437247475966
dc5d143d63133e6c9a166b3b,0.5572803153810195,0.4639190894534128,0.4217078394802328
eea1ef30f06c308ae2e93d51,0.5316291769811438,0.5639330178516838,0.5712247898233178
e918586e9abedfecd06ca5c7,0.5479568139885653,0.5867655634365206,0.5610247629246252
ffeca837925da513575798a5,0.5824105927859279,0.6120169747015954,0.5798958515197015
997034eda744815b140937e1,0.4760685521228108,0.3909511377779244,0.4291793533092348
e98c935f7ee18e9f55e3ab9e,0.422301549368161,0.3917638626743656,0.4546250450872477
e7256dea807087d85cf7b0ef,0.5054883934477711,0.5552841651646985,0.5629460418336887
985bdf463f82fe7cbf9f9f7f,0.523976838069829,0.5900470598022945,0.607151055747142
8fbd89cbe49f32c35f12580a,0.5302951943573493,0.5650436471495258,0.5253298251296032
ecdd8714892e2ac68bbd71b1,0.5191095757212524,0.5217903832723225,0.5042530504762917
3d5baa4154295f7f928d0b10,0.4233023113445372,0.3675231690831249,0.4118435840409623
c36cda4a15f4b42c5db72b1e,0.448540614786833,0.3869535814897861,0.4486375686699171
ff6d46731b4410ebf8884287,0.4769102488036616,0.4231884751461796,0.4310339113473792
66573132792b075ab304d623,0.4511944365731904,0.3802834203087531,0.4207178752897497
b61d568f7077ad6f3121a40e,0.5528399231769809,0.5752015345157935,0.5561896203654408
d796853103046c3c66102188,0.502376214149976,0.4716276759701188,0.4591030623430004
33dcb8d942b596b268507abf,0.5410979664139627,0.5751836642506281,0.5752710811031327
f62c2e115e503ed22b8d3726,0.5006273321651887,0.5350292763016884,0.5306478671441299
d98dd881f359da9f99795002,0.4122196120099817,0.4328741223413516,0.4938986334427453
7555734695449976197e9963,0.5499700133703409,0.6340266699966705,0.6208615772330357
0cdfd1c55e9cf2789e9b35d3,0.5638224550472156,0.6004010252546483,0.5844718132433474
6d783484fe5c8751f0656dad,0.4919892364758741,0.4657743682547772,0.4897957173030047
801a7d5e2fda04c7f70ce935,0.5029956728320465,0.4756064719970394,0.5000089070435997
4414da26517b37357d8c9689,0.4448703497514691,0.3827304281814935,0.4164221857093406
7f1f48bd2dfa88097b57667a,0.5755712693608537,0.6586030411781012,0.6020883749161858
46463c3156b82e4be7202afe,0.5265200392538254,0.5992113319493295,0.5785482943689234
cfe3f87a07bc10e2ee3e72a8,0.4700177131774808,0.4540454328351576,0.4509448996634267
dc2b36a84988cde36fd18f6d,0.4997373891580211,0.4393999459410924,0.4662517270616375
3734822abdfc9aa2299e2438,0.4971726406041404,0.4074482795913464,0.4321028170697525
ab082cdd3ac0a48595a33cde,0.4872440668548217,0.5140975890789736,0.5379773443851856
284638bc7f0ebd93ed4c00e5,0.474494384618557,0.5774259462322052,0.6045574077377796
4cc3544ecf8d982d4c210cf5,0.4734288944738491,0.5102173048347836,0.5269399191479642
aba6b6d959c9a4ef03343158,0.451956897598362,0.5019796373476628,0.5580789949421842
399c3789d615411a3f90448e,0.5565977171332633,0.6527608386733046,0.6038091598988591
165fdb7d0aac76e197e3270a,0.4661045985809801,0.589642824512154,0.6183883768162262
ee074a06b08b9dc18b1b96f9,0.5610181833983169,0.5218875465012586,0.4577276829438769
1eb7fa58ebe63a29d6cb95c6,0.5026086919469435,0.5282284288200195,0.5402982237273297
1bffd06b0d8f842e9ed32fec,0.5247632723374923,0.5925879769373923,0.5732554520453341
bd707f46a7cee11a1950ba3b,0.5327756721063183,0.6118977037975339,0.6031723920495982
caeb0196abfc5126ffc79ed5,0.4756830514725453,0.4077115054047432,0.397480613643267
172c7a50e194422f9e944422,0.5164982502289962,0.5893231109707576,0.6010752215183564
e7b4276f69e435049b48bf8f,0.5235827135994652,0.5720276167717842,0.5936660140935832
1c9eaaf075c035076a327619,0.5094711847012422,0.4759691230778212,0.5064233731237345
f854c02af4ded15d8fb66620,0.5456465913902749,0.5902014161253656,0.5733114328279795
44649dd5547835bb2de1fd98,0.5251450714499312,0.5789117956972973,0.576152251832774
164d50bf618d47698b8262f8,0.4860494029310235,0.5514933051941423,0.5950336571512751
4bb8d102d4452adaaa4250f7,0.5123762775009523,0.5247787839001965,0.5340954545335008
cedb8f91f4db0eee82c39567,0.530290280196844,0.6001387530614198,0.5960797813677841
c62fb4743e05d5df43a83f2f,0.5555837521669984,0.5892650502680693,0.5599112826085102
8171770bcd59e031f63c331b,0.5422712703474806,0.4204621898910337,0.4076768573375435
22af9d93c817d8bdfc337488,0.5435433282470222,0.613443872153542,0.6076995973354713
c1ec3181f7475fe8d1e32c91,0.4338728854571848,0.4263345237294813,0.5001868565431369
9bf2f5c735e649aab502cc4f,0.5104891097004757,0.5646970527498665,0.580490334909731
00bb6ce182374d021a676ad7,0.5513600445294391,0.5512801251810299,0.5436004503326226
f2e982d12c3bbc039f506422,0.4956227005792708,0.4936721210943984,0.5229515289068561
e5fdecc56f1c03d8eba19635,0.5616226867881831,0.5455384257473664,0.5201061055503614
845d6dff1c2ab190445f78f5,0.4755168931492877,0.4578775328139625,0.5144620076275717
89bd98f20e0d64b16636fdf4,0.5237453888542434,0.4122286852458471,0.4178726909786801
0b0c06cf49ba87ab02aae016,0.5424765275644132,0.6619325908772805,0.6197794473572784
91a2afd80af9a3ab15488497,0.4800438680249448,0.5462945938678898,0.5668137297740119
d39123304df6df45eaf48535,0.5543959968803591,0.581972426666803,0.5438849311101159
4c98b6230db9d797224ea97c,0.514194468434208,0.5618087281546809,0.5801421321212333
5019b085963c54ebfb10672b,0.5365929853447363,0.6024996775286371,0.5744700282208263
244db4a17bb0252390531021,0.5640594500650493,0.5000087191554766,0.4724293558634796
097a6adba76ba2fe23f12264,0.528785043882854,0.4865285536301765,0.4721853939131702
59f55d3a210efb02a064a584,0.4760889507705882,0.5416952038678032,0.5561437880292006
598186aef265a212246d47dd,0.5428773851140415,0.5401264917712049,0.5302830668316932
551d721c3009ef3ef9b6ec0c,0.4321804468238023,0.3859422626716789,0.4333237300683093
0ea1dec6a521b34d56afa7d0,0.5319452584955978,0.5614459795612334,0.5413592469512087
3b261901a9975aaa357b3b67,0.5312985978136765,0.5113770389606299,0.5133341362464703
ad84e4a69e26f27b84133c88,0.5412396987221515,0.617668066449846,0.5736970391548482
111f98c1e43eb94f34fdd93d,0.4647026836409868,0.4467785669481692,0.4853407217491211
a314685078874015ad232a0d,0.4997623463367159,0.4350223615374453,0.4730858996071988
9873ce9036debed5c3fc8a7e,0.5056378000254567,0.599093435200605,0.610543405770051
30cbc56392b2c60e0edfecb1,0.4496497014334137,0.3743342013253612,0.4168441232993924
cce8be8b27591fe114beae1f,0.5223148484625741,0.5730269992950096,0.5840074417552689
b47960b56b6608b480916c51,0.5133019279675315,0.4732634130363397,0.4721000439949933
5b32de9f371d266947f09099,0.4740209338005473,0.4292813733265269,0.4594714320496303
4f8c4e1267b36773bc8d6172,0.4927499983986706,0.48369694223003,0.4855408369547191
07a9c4aae6b1eb0f6aba2ba2,0.5172352099844453,0.5536709781745287,0.5488385289848705
6a3e770068db1685482a90fe,0.5130691828402963,0.5165013168102188,0.5282297542343094
b8c7e8be30016fb49832c15c,0.5226804335844624,0.5761820842140327,0.5849085810423355
6a883fde66a3bf177852d66e,0.5014336243369726,0.5801721255618887,0.5639502496804452
e2085495215f671516a0264d,0.5426639513691046,0.4874901954495469,0.4569564944385504
605b46f414a0fa583cdfa8ce,0.4659698642984836,0.4653890449906243,0.4785032582257028
a341f03008289f6b9035d501,0.5099939722600223,0.5724300805912772,0.5510964481708709
c759fbe2d1a1c7d97b612bb6,0.4620060749536211,0.3920612253468273,0.4386570557666613
33bc3d8b4b0eabc662906fa6,0.5149160226990597,0.5984674357221546,0.6148299892426983
3ddc9d0b74e7f276f091e129,0.514168394525301,0.4548687417336994,0.4510758141753285
d414b08534cc63a384989544,0.4633643111658146,0.5577026533120237,0.5986318429855467
8bf2520bc0f56c8cea6e4814,0.5119658026450613,0.5589823465764457,0.561326409724346
2e6c7519ecfe9090956efb04,0.4901439100042871,0.4710477036933802,0.4954752666173971
fa9060914d6142978d8dd175,0.492086655813541,0.4790228114790784,0.4762407595888595
9dc4e4fffdd9e2d8e5511716,0.5452979550189953,0.5648881509811924,0.5632730316619516
b65e46fc7d1c510b61f0c1f1,0.5372950045330438,0.5808815810212896,0.5609864582369994
49bd487778b5ca2728762eb2,0.4902655064145776,0.5869533592960714,0.6147598418029459
cc8f86c0afe7a385c5a2546a,0.5428259405738265,0.5285243557051664,0.4838038174733363
b2fe376205821759b1312c99,0.5207878468327446,0.4997898024641393,0.4795372281248041
8fd9cebdf7cc5a039f0ba9e2,0.510684723182425,0.5748523118729465,0.6027375569047468
220606606bf9b8102f568d85,0.4725164454254809,0.4547463582377561,0.5066646504315184
f04d82689001311554e6eb08,0.5506333884547715,0.609664461189321,0.5691265414618407
2b48a024df38e7e9a9801452,0.5652116076007448,0.5708547088450753,0.5075016932217256
76ee41adcd6ff860889e67bc,0.5473342473747617,0.6033555226083505,0.6067637177048399
e18f72ca7220903dc4245891,0.4619578223305192,0.4547369277604685,0.4762444805754212
377d9101a8416c553700bfeb,0.5317329084169047,0.5463715880671144,0.5442962304883219
6b19a5805cee055a0b8f91eb,0.4618174300676295,0.4320719357344371,0.4443206101821315
d14af20784d4240070c7f6f5,0.5480545083257571,0.5023981001173046,0.4894767575666508
8d6f2153ac71fe9f76a99811,0.5179846457437488,0.5215601384276286,0.5197191120802672
66795683ee478995de0326e9,0.5655728296085292,0.5030711589489039,0.4377657030084277
59051910ea787756cb0dc187,0.5128630355600862,0.5288003988978126,0.5486611276744255
aae937ae50c4396d2f4e6718,0.5151828706329691,0.515007429205778,0.5101068414704241
c4975d32695eac29a65b25b0,0.5651863143765882,0.5013380023604684,0.4607322735396812
4688929a124be9d8d9dc522a,0.5468054910011779,0.6317538194395924,0.5971133228982944
44dcea27ed1cec5125e13e8a,0.5345944376435153,0.4608897416023048,0.450299034725129
9d21c218203dcea564d706f2,0.5367396728829065,0.4666725786541849,0.4345027560035447
0cc36cab176aed4bce761a01,0.5227624859386075,0.4621415288025745,0.4671595069897044
b233ae2139038ced0c738d08,0.5087953068122906,0.5094068473916765,0.4729461231511046
fbf196641bcf979516e6edae,0.4730126643822857,0.4221610873023251,0.4249017842412597
ab23995d17566f6bac18fb81,0.5181156884852794,0.5828450080428157,0.57153321666159
36f9c058b8b0dfe4b41d76d3,0.4559257110104857,0.3771700829884122,0.4197081815780111
0d3418647e01f9a685ddd609,0.4960937023620507,0.480484487363831,0.4837011503556286
071183782ef2a11cb39e5ca3,0.5145316147312576,0.5476576720309012,0.5527139442485808
bc183fb5574beaab5bd078cc,0.4683016280547973,0.5192826182394098,0.544924812172327
110a841e848ecd04c72da4f8,0.5450923694848068,0.4595825674827581,0.4180918849899169
859012a8881c457993b657ae,0.5256618138317554,0.5053064989739284,0.4886368565159276
cac32d61b97c89abbdaceb84,0.4733552653537164,0.4793356200580575,0.5095099366938933
2fdfb60d99acfe2fde9a08d5,0.5029904711567603,0.4405093039367577,0.4172901437671938
0c35a3d3e1ffcab714c70c5f,0.4956716181490903,0.4307981737122499,0.4699224516018571
74a0cd2c163fdea6974c91ca,0.5530277643138986,0.6424275015762444,0.6021149168729129
4ebff0f6cacdaa47ea307d0f,0.5147323206138184,0.5055875735711555,0.4899477454411256
2887ffb4aa6e9cf4877d3391,0.5643023857457035,0.5290514390254281,0.5002376839926918
abd958dd2403b6d8435f1333,0.6078657960781954,0.590681445307121,0.5127164904831689
11a29a0535c48138b6321f04,0.4848375219657076,0.5233032564522525,0.5288158902375844
19af73b0d57cfa604294f9e1,0.5517186600395324,0.5140098559902074,0.4701317100612863
b5389b791f11ab6f2b415cf7,0.5788269613680669,0.4873570450470195,0.4106790804916547
a9be9fb98502ea6f70145f3d,0.4799588989022728,0.4302249040645185,0.4190128158471747
85352aef4b7937eaa8162e06,0.5247985161984717,0.4434748309241531,0.4327463587622235
adf3fa90dd25942cf172854a,0.4363809468274364,0.3619470732512376,0.4051710443971154
2e44598ba6790d3eccb99386,0.5178478191303084,0.4936795871689319,0.5203413509142312
26a5e8580886fed8d51514e0,0.5010214456845267,0.4504329238678666,0.4697991733812477
15a9376dd1a270d883676e79,0.5102035084628205,0.397257346443317,0.4017900528008186
6f3e5cd5a315f0b4ef2dfbe7,0.5575784743810778,0.476841028831594,0.4417015775015104
d1f0019ce79f82e66980cb7a,0.4438570717784439,0.3642132220691895,0.4105977969570966
3f2b7c66ec164a4ca6ebb268,0.5032166405345465,0.4429575371242373,0.4501476489081763
e8c24799027f464101e76704,0.4897202261047713,0.4111244041099884,0.4012431555253327
ebc4cc322e1e05bfc9b55eda,0.46418280026617,0.427171225365119,0.4416017742374283
dc23e113f157b71caffb1036,0.5336994390559764,0.4497061833718616,0.4191964367321709
39ab210645ff704075b62909,0.4668531370838343,0.4726413890129302,0.5016280807237352
fca5f72587e35cfbf20814be,0.4992564232790133,0.3737268417736332,0.3992089105674138
7655134f1f50344121105752,0.5051651080238706,0.5504310239026622,0.57113558220025
2f98614e1930a792e4ac7a89,0.4859028038131895,0.3975504661334149,0.412204038383115
8079d4d178e2610b86e1d3ce,0.553939186126977,0.5029325794378346,0.4737030396234852
703d66a9a9fb2d75a833fef2,0.5288691228983496,0.4700105729807664,0.4308912652078022
4a4d9046954c2215c7b6b89b,0.4702004421066649,0.4033906962660993,0.4035332184572243
6752112e03ac089b9bf681ce,0.4369346866250686,0.3887313924763251,0.4205019591039269
c3b38bd222ddc80098abf947,0.517902287156919,0.5758572423192143,0.604066871086981
3a5306c7653dcdba6c4053ff,0.5422019834250026,0.5140100222699278,0.4603772494348067
260614b990de9625e9210320,0.4675236224659563,0.4271935156279705,0.4330048387374935
a71373d8b63ee526119abbb4,0.5287979932708653,0.5006792695747193,0.519167009348838
24be3130ded51715ed881a4e,0.4762982924734636,0.4379170963686524,0.4360643573334931
55f487322e682e359b83fe29,0.5312507456647366,0.5682022968984347,0.530231181659301
fd678cbb9aa606012353366a,0.5150793659478178,0.5452862338491968,0.5258279858728507
2ff6fccae8df2a5a737a04e7,0.5862866819426761,0.5555603501185528,0.4912489084917051
3f5d42b3967f9b395fa30c3a,0.5665563755400993,0.6321093883691424,0.596027356918938
e03e391ae56dc3b06483bc67,0.5304801823834404,0.6038811461593923,0.603726239540866
ab86c5293dc491595226c1e6,0.5536562588530592,0.4866168139922168,0.4292145993581699
96bc53f988041194c1b17854,0.5043779547922016,0.5888313382085797,0.6176470393459712
b94c3e8610ec356c8a5f5f67,0.5193694079774391,0.5594379780520504,0.5794117834373997
147b261136c37335becb77d0,0.5153311059126557,0.6140342594133411,0.5946399826102499
f63e657a5d76d8c64f534687,0.5527232048880685,0.6393581248431509,0.6255780317469103
992f0329cbe7a814503a673c,0.4755540578202319,0.5266705483999795,0.5370618179005415
b0c086d05fbb881594a978b6,0.5253328358126311,0.4700591927641929,0.4400668080886986
e8eb2fd95a1982a6d8dba0b9,0.5081734012931046,0.3890263554153392,0.412943361157208
8593d28e8ff66fc6c1b69f6a,0.486148221147181,0.5803421280391015,0.6013228446754892
c7802efd6fff7e0ed400b1e3,0.4452021289835873,0.4432081138257625,0.497889639295432
f834a158568cb0e88e2d0108,0.4954621007154159,0.501149814112956,0.511991257366237
ad29b0d9d125887f61be0dd0,0.5312782745097536,0.4469526321305664,0.4461880257469265
ed571f34c3c4303481a0ecdc,0.5223826829226362,0.5074909943672237,0.4946817239747743
ca4630201288a044255aacc1,0.5536899934217089,0.4829582762733204,0.4449576930228165
c5adb2dcdaaad216794e339e,0.4936056563867773,0.4766148820591104,0.4957318902390605
4a8444c2c1b27558f103edf5,0.4668413307386825,0.3788197384155677,0.4061749684137219
640ac7df5448baa7c1b98524,0.5266361270080063,0.5477572341262399,0.5137274405656487
c40edff3804ced36be55b138,0.4327603290406424,0.3767765295324675,0.4497186796907904
5b591cd4314d155474d02a5b,0.4871622234870283,0.5118096863543938,0.5502645632233323
a957f91c69eacb8f28b69e10,0.4910043459084861,0.4787677650641899,0.4911768324709559
4d22e9df780d6e090ce92c58,0.5417418789298841,0.6099725081255797,0.5954129472800358
8fa975b6eb0a31c1b9e50f70,0.5121228427913664,0.4321627176385401,0.4250885963271305
8da6c576571dfac4cb1e37cc,0.5385337162219811,0.4475528034201432,0.4171854187444575
252d3ae619106e24dbb53191,0.4973363068367986,0.4409012781985658,0.4479297152200058
a8527d0b65eadac0a8ed2e05,0.4982770558747575,0.4253378268531539,0.4260304321431803
b2b68424b3e9cc7df73cc849,0.506561975068814,0.5714024430218014,0.5707397575024924
dcf20dd6a00ad98b4193107e,0.4809371642136282,0.5673618845362914,0.6071837012651364
f7b256c27513944ff46f3eed,0.4874468649298342,0.4295516483212089,0.4345635078761081
b5667d931927b6d780c32faf,0.5166189556759668,0.4393974582183112,0.4115285648669601
2b5f531ddd3085361b07359f,0.5523842793230977,0.5073997517241402,0.4550482313305105
7663411b54c748793c77e4fa,0.5157619673314026,0.5288101651389856,0.531207638095363
5bd04e5892593c3253ab082c,0.4675930501924078,0.5362807710114814,0.5817713675349206
33b8527718af0d361839689a,0.5663606878082842,0.6591527681610925,0.6093268429774616
a6bbb32cd7cffe70233027de,0.5690637816612661,0.5663498993164577,0.5295170070698518
f1da9839c10f71cc30932256,0.5262839687868638,0.4604402942395956,0.4373736328478438
afab1e1b2487561e5284d121,0.4986160541176003,0.5721636003410768,0.6004473464979339
6c2136313d25e49b4296e203,0.5111943983365892,0.571531156870366,0.565922654045808
657cb22abc1467fc1a13fc1a,0.5464711766110616,0.5018915388765248,0.4953975124364931
89a224041b11671df61e85d8,0.5082073321114844,0.4586271428804835,0.4666423814454989
7154d15cbd2a07dfcf969f6e,0.5184934291546834,0.489961806291047,0.4990826085811657
ceec29e14e96ab02df1ab823,0.4867963450746788,0.5802754254459264,0.627320601289024
b8e7ea52fe9f4c4da642bd95,0.5229999486897469,0.6261438024817638,0.5892710789882254
2069e7f8fd998b7b00fbc71c,0.4920807366215363,0.4722708636722107,0.5046988732307398
aadef6e8ed6ae2ce84fb753b,0.5646528633904051,0.5973396597433986,0.5663845682418593
4ca972d93d66c165ed1c5e1f,0.5263462484972228,0.6320798855615712,0.6188227921465852
5d3dcc55e77a6be6026f41ec,0.5197594642645172,0.5463497186706926,0.5313472860231385
7334b90b6f37e9045d288959,0.5197594642645172,0.5337596017783427,0.5109215450509035
ba62d18ec6018d09569f9108,0.536464336120798,0.4402101862491696,0.391851045851965
03d13cb3af79208f026bbc29,0.4846708271910183,0.4107342633163315,0.4532303700814612
c785221d306991e803347e82,0.4691765035395753,0.5494972158797908,0.5895503255882415
a4e91bab5b4d2b8e330a7e17,0.4937314584732633,0.5848032094507871,0.5814695357137588
d85d82f71d2ffc9f5efb83b2,0.5020899955288289,0.5036363353507295,0.5333956179109705
229e7c48b4435033a8430705,0.5090097682012096,0.5015610888427113,0.5005858302479844
12938535d70a01bc40e37b33,0.5039742006394715,0.436853418491247,0.4171481892407179
148bb55982203ad63109bed1,0.4525462183527865,0.4019350091522395,0.4230674968073419
787bee83c447b45370b0eafb,0.4847864263433153,0.5217325012486413,0.5640695568836452
fbfb28f195055303de8ae963,0.5394678260629823,0.5798070476001065,0.5510397672799862
4d48c684072c0cded36102a9,0.4732332867022588,0.454136048602403,0.4946729617583091
6557eed0f080a71f0f708999,0.5054200702428006,0.4462251505151326,0.4436115488121738
6b753652fde8e82cce33382e,0.5503906384219305,0.5406449256492603,0.5175543176432269
7910c32a3d1baa44f4c97898,0.5544808667297355,0.4782640119142928,0.433235071671629
626e405303002f7d6fa2c1cb,0.512275200798993,0.568974384673373,0.5689686852594834
2d07544a1d459aee5e395fd9,0.507154022801018,0.5901728929672599,0.5793414514257343
89e7a62334097d2e70d3ee7d,0.5100772596180707,0.5220653199406073,0.5109582000873107
db30b5b80a2c457290876f14,0.5142826613829823,0.4949325284410987,0.4880266648035425
9838c3c2dc278dbfd5129fcf,0.5250769156111975,0.6326706866434951,0.6209453815832566
98c950c4e54ac46a284184bf,0.537081283622954,0.4665777420000981,0.4329569140960878
4e29ca52a385ae85b46e7d61,0.4875369520951765,0.4298066652896556,0.4273821592730525
2f73f9bcaee0eaa92e6253de,0.485845464286884,0.5109357085077726,0.5476169441863725
590b01c16a40ef1a51382f6c,0.5281503493506188,0.5187639415563131,0.4892253246985064
2905b0cb55d1ac4337024298,0.5269335853916127,0.5521099257191401,0.5738109724540703
f6526a14bffe2e4ce323cbba,0.5239053064482272,0.5405775275956732,0.5528995781097421
16336787561ebaf323f96fef,0.5053266003078791,0.4294181386245485,0.4562918621161336
b7261af7f8da8b9c45843c96,0.5207438278023893,0.520324096444945,0.5158478076936333
c56303de4cde320088cc36a4,0.5233237716721367,0.5942221449114322,0.6059041659455687
25e4a5636c65f785f034003e,0.5421633923634649,0.4954024852829552,0.4551773229862198
b83fa544e9c9aafb0a8f0594,0.5215543850548285,0.4862064456004684,0.4887351258494109
303a835e1b7dc6f3f24c07a7,0.5058505436063593,0.4906749543435529,0.4962667121174341
b95962a16f994693bd0694d4,0.5617016131248843,0.5355280940461312,0.5142539839098074
c9e434d0007e0d3dfc93d62f,0.5590055836263471,0.4948817980966464,0.466478821863333
9b28617777c611c1a45c9900,0.4647446954733413,0.4545227895856066,0.4783898308554217
99395481ec5f8b0abf917828,0.4706148645919519,0.5366609238391081,0.5961668292999395
a7f0cfdbebb9d4e7ca55995a,0.5379366566415682,0.5668768197413463,0.5714459799842324
b1a20add277c1fbb7b370c70,0.5219133949353094,0.5758936004446418,0.5640941482668393
ab5b7f512208059fb6ce2e38,0.5144434040576378,0.440664661584906,0.4203699757767652
69c1981f00cd9b34a91052c7,0.5027195898088508,0.571401658321175,0.5873687989612646
8de228b12a766cde1c288cc9,0.5495712216913321,0.5192184702707267,0.4897480958938011
b1f9f3220b51ac3a83c948e5,0.4959754420128967,0.587147756697124,0.6153806109150106
0d4c12483e1d21f35d40e89d,0.556941873149714,0.6577822123746911,0.6414963216015387
b8a9c36169b3a6b1a7a1c80c,0.5108817045730143,0.4768279428802854,0.5010143623174028
f6d60b19ac5db32a9212487a,0.554450797251723,0.5227479386482047,0.47988116011882
b0d69ff5f3f92153c63656ac,0.5104606428790311,0.5646651397358088,0.565507409407161
be0bb656e2cc4cda06cd0e83,0.4935640455203688,0.5668668638006054,0.5767271577251458
203bd23957fa790ca65ccb61,0.5273128503776605,0.5890331435813136,0.5848853568235346
e8465400e61ce46d6cb29624,0.4899734544327688,0.4150405863446587,0.4223180695051747
e1331caaa3d0afd320cf91e5,0.5544847922300876,0.6057573458857246,0.5853902087398177
7e3b772ff81ffc108442df93,0.4639552856792396,0.50558932880803,0.5638300532360623
b743cff4b1d50b12ae95e2ce,0.5167451770372031,0.5792528839772114,0.5924694421060289
6abc83835583c01d0ced14d7,0.5278935188789128,0.5835171473626178,0.5904954573745268
d80d2b812f6cf1f165ff9908,0.5161098659643479,0.461352055197932,0.4262823858898492
11a238bc73195c4c010edcb7,0.5459464356004906,0.654350629923708,0.621703681678718
c4c0d61fb9be3e76ed709f9f,0.4976437598908602,0.5802739665429665,0.5955241527684159
33c9dac99c394d282d46274e,0.5051546397276768,0.519256125087237,0.5274234894515981
5688d9ac962807e4b805f083,0.5310564424251197,0.5428028245810228,0.5445943084977173
a97e167360cfa9a55b0126a3,0.5151032558342513,0.504393854254051,0.5277679870773491
3be328655281d5027133ebb0,0.529527865386837,0.5866378383011124,0.5888536684095461
d2065f696ff76019f2467e3e,0.5208042164628127,0.6180434883203756,0.6035767546816662
6335337acf019ce7e08332f6,0.4803397870811129,0.4513521321744234,0.472039418899516
adf96a1716ff456bfbf22507,0.5301578240724428,0.5110151460996428,0.5098752260042186
45858134d6049861926cde66,0.5286045645117543,0.4690009043494066,0.4493969270900683
7d499f022039835d4638c6ad,0.5500970490442083,0.5157651273393072,0.4797835625061102
0e00127f8dc8fd7a9dec8f53,0.5232753524423057,0.6251214007865376,0.6099629524036527
f957612c8fcd951d2300d8de,0.5095194295524916,0.5873178316510836,0.604198111461113
61305bdeb500835c9e0593a0,0.5193024898663718,0.58357926735451,0.5941155005333825
20a5a22cf2e8f99802e9e527,0.5054779338608326,0.5741606869720304,0.6076853745797328
2c55522ab3e51503876409ff,0.4720020859599278,0.5569345673337709,0.615148548649028
e64a14e7722d49c34ad91e8c,0.5273115309512092,0.57488753139247,0.5554479176778256
402b76a27c51159cc7d31523,0.5154483839397721,0.6002202763238693,0.6025684484456477
ade9672c5d4a0114d08c5210,0.5309621088935534,0.4527893016860047,0.4559187001206495
5719eb0b1569ae5b6b327131,0.524510160376563,0.5860673497164544,0.5969083450802964
5d0cf7ce924017ede37f3c14,0.5341107365312429,0.44418246953357,0.4411969711473202
b3638a5010a136ed0c9a9561,0.5384795767682031,0.6383159518528638,0.6042168239268935
fc32d788fd207246a2e89713,0.5537714318692315,0.4961804814790749,0.4687049711345951
3142499bfae2bd186569c88d,0.4985033735276603,0.5950293910424547,0.6145339192363579
6e9c876b9a2b8ed5144d524d,0.5318271440654522,0.4732493185160816,0.4495729314684136
984e927c3ccb4fbd983bfebd,0.5816266557582694,0.4826912680741264,0.4033536708717146
2b22697f72662e7692f1b394,0.5195088672216939,0.5745541675355785,0.5710884515418305
bb7c070258d9ae2d0a0e5016,0.4948617717068665,0.4476819614447251,0.4816791166379999
32007edfee59ebd3b23edaa0,0.586663298977257,0.7056493074411943,0.6302365429028192
d84df619bf62503ddf203099,0.5378780682711565,0.4767621470147872,0.4356232862518092
81b08d43a81efa5a6642f8d1,0.4466518156169372,0.5305718177482048,0.6000592857091772
992b552a67bf17dd45c84495,0.520654305571112,0.4387908089540837,0.4548401204377614
0d751495df880beaabceca22,0.4862792861354478,0.4592473469231906,0.4975501740426417
c1f36f43f08e4d55dea23188,0.5104475440543795,0.5161718379875617,0.5364028069225579
a95a364d6eb5589308d25204,0.4921327222377001,0.4775280033499655,0.4945796439086314
c1c0597dc3add38ece7d7241,0.51195871526297,0.5009882004836983,0.4948020080142447
a27fe65fb0bbe8a5f9dafaa9,0.4948992088298372,0.5463313168333577,0.5656044458185621
f5cd1f5edff5a45e2cc5c4db,0.4388030479516968,0.483493360886375,0.5414797674934773
731e9ad36312742907819c46,0.5103832313062213,0.5661293401566001,0.5744220527987592
6454cf4f893469f9aaa7cec8,0.4909031309288943,0.5082838727599037,0.5499448274731233
02a2e368350bc0db3dd86091,0.5571016404258214,0.5424203860704109,0.5057574505616893
2a819f102e651e74f8b6249e,0.5310409674490384,0.5812801938430093,0.5536319785554235
e517ef2925ddeaf6db05fb6a,0.520743753224655,0.4842420410011608,0.5032879254786842
d97ca32f2347f2ecd16480e5,0.5673762607284215,0.5419985033711109,0.5070730263320867
ccebbf6d464c6f4568c2d35e,0.5124339423034767,0.6102311538845121,0.6043723084092198
3184cabd920bd8487b1f38e9,0.5308264790946503,0.4555185175195915,0.4234237566041919
ed7435e8a54580a6734f0e00,0.499170117827629,0.4428564865101757,0.4743236486864871
9dfab408ac14bb3c2936c63e,0.5176075420659637,0.5781275108815942,0.6033447349846632
4d0bd45a07bef520092c9877,0.4540724477088446,0.3997068432578172,0.432435654194829
59fbd743b628f95355cf857e,0.4589162593782075,0.5447750160913777,0.5769380721193226
477d83754d87001429b6f5fc,0.5179438749029881,0.5451735062934189,0.5594979772564377
f6ddef10a35261701e5c837c,0.5196863313744369,0.5060477713624858,0.5057773725431802
68d1f90d6ce5d7d4694092e3,0.5325681130431634,0.5824987119682851,0.569389801471699
295284258aeef79ac936ffa6,0.5347267642209224,0.5034637186322304,0.5078968017235803
d5b289d0cfc930b2cc4f5c05,0.4874404805173458,0.589161126674026,0.5949854006931391
2d84c9600718283ad50fd3c9,0.5377700295039157,0.483124269514757,0.4457357632709589
ef83f1a225b826c9618234b5,0.5221505934512587,0.5876003761916571,0.5816511242908804
9f0bea76058b763dec79593a,0.5209904699767555,0.4914382353205671,0.4979651192770292
9ebe0b1314215154bf1e9a0e,0.5388681234868552,0.4782761757208801,0.4665988844816728
850b0523441ddaa443c67172,0.5462517920686937,0.4865350968293653,0.4357828183782218
22d85c0ef6a27836e30af7e4,0.5606742133700346,0.6470401471550625,0.6034114093192977
42d7d56624716d40d30b452d,0.5435469232519119,0.4287458366244869,0.4183203177085537
0370189968ba477fbda5a510,0.3860846358524702,0.3470983328578287,0.4160985660790539
08446ac0ed5efb7262d77f18,0.4828830463413904,0.559543790613577,0.5922596719778388
1c6bae51b666cb336c7655dc,0.494368072851973,0.5500368243470108,0.5865333194038224
a853a3549076f32d365d497c,0.5503086779318234,0.5560477582387278,0.5169219410827662
27c96fff6677867f6a03c394,0.5568021942806443,0.6497074876385379,0.6228684253960668
310a9f15d8c86fc94bb212fa,0.4743874368582708,0.5259809685631824,0.5712189166193535
b841f11240621573fac8f650,0.5100981429067496,0.5304893873928861,0.5310711622859037
cbaa25eadf556ebbe9f70ba3,0.544813113672049,0.5415254782731467,0.5335415726824607
9d190c94f3a75bbf2969cfa3,0.5350179217351371,0.5109636035672978,0.5169842928071023
9195f8098e21b2d14a11b7c7,0.4820456065107044,0.4872883948849957,0.5205040156468628
2f61067addd10d6709593b09,0.4852661903729927,0.444260248600257,0.4866666654519078
347a90c147420779792e35a1,0.5020435925580696,0.4978031450950421,0.5067694919195525
6d0074ad175d2fce6d1dc30f,0.4546988995749285,0.4796701859187113,0.536960249798935
0862442a5a1369feb6e5d85c,0.5014211207271824,0.5793675014584831,0.5799374536227827
dda6288b9063937688b3eea0,0.5016942241647078,0.4554061268604558,0.4827425295228623
ea0599a268a57e2a48fb7f9b,0.5186834814866624,0.5110918890490351,0.5222665160753461
84a5414d2e0d93f5df84dfc6,0.511126740074657,0.5691780094006824,0.5597995549963765
fe92a0602fb7b8ba580f963e,0.4625190903612156,0.4393601103816049,0.4823755731224018
43f27851d86b4cee7a3cc1c0,0.5297453380586089,0.4746094613788217,0.4855289334206115
f6469a776b9c578e179ef56c,0.5173484580340726,0.4755972650155433,0.4624756317447352
8cc7605fa40783f0b91f70f3,0.5190425323949541,0.6519771259563842,0.6244143310404178
43bfeb3e5ed90047966e43b1,0.5129539883046073,0.4814836444480449,0.4690642974177576
65495222500e92f700609a73,0.5233046270766206,0.582119526352859,0.5936587050575763
f0ce2545104c7d87f920b03c,0.4986178201422108,0.6175004253745991,0.6157827952963268
2dae868d8851c88d80b77063,0.5422637999426013,0.508227923629032,0.5145634261128578
ae8812f85d77b434826d6fd2,0.553125440121402,0.5047428608334068,0.4836919959367737
a005597a9472d77b4a309dea,0.5542745920340683,0.5208289656101304,0.4836756772103217
3b08f5e434a6614e20ee9e8f,0.5018916022750071,0.4547215314227655,0.4631153289057248
371986b4e382d730835ca8d3,0.5114632159363398,0.5009211459338542,0.5156147258619694
2751069810c12bb2ed4a4c1a,0.4573235202658617,0.4411362005401664,0.4790176083490761
be80bca544931fed04544ab4,0.5041340800181522,0.5624791373966845,0.580317610009789
1c94ba9a8f66979e0e55d35d,0.5259368848332012,0.4663185271168994,0.4484978462184367
0f5cbb6c86c6b348322c0824,0.521595039827103,0.5497974492032784,0.5620063387683311
a5e27a263c0031bb22728ba9,0.5356060358667292,0.5531538049918164,0.5455794813670133
510d50a6178c1b68a092a7c4,0.5482255075417758,0.4708146924370117,0.4309143292111314
7a22a09f51011beacbe28962,0.5016345851393692,0.4430376142043389,0.465662485994078
6dddfa38ca8f4a20963cc531,0.5529061440187143,0.6041725527752814,0.5818807442654778
d1ece1489c5f23709d062366,0.478551532735046,0.5171457284660856,0.5463909555800156
8bea96da720745611b608898,0.4892373623342996,0.5296237503963797,0.5547989289699303
7f2c07535d652883a2349249,0.5148809511016368,0.4402754007916079,0.4271729190361797
37b9ddc5d034166511a85d65,0.5178071957540644,0.4961784757883107,0.4785003392534548
434e055eda46df2191f080ad,0.46952464073274,0.52671299046927,0.5737471756281685
d1653eb5582d53dc7750bc0d,0.4912166736364464,0.5006058512299343,0.5277769025470223
042a4b890f74aaca79f0ee10,0.5145223507038168,0.5894206845479493,0.6123320526440967
f56d2d59c371bc36fd20a97f,0.468895171261653,0.5955669278346298,0.6031082315924844
ee01b094f7a39bb09708963d,0.485290036514417,0.5275464265440798,0.5447038284264674
a12f08c41423cecdc0a536f5,0.5255139368727075,0.5189010480647841,0.5246220045146278
48feab5dcf2c8711aa2ff353,0.541750923209906,0.5424144780255103,0.5048363706608796
bd1f86e735bf5be964fd59ef,0.4908701635376669,0.60012902014868,0.5966476964208396
efa28bbc5458b933871c9281,0.5068512104145996,0.5153582324887929,0.5348929211014974
de17739d6ab2199e0c444602,0.5564461270630721,0.524377859121779,0.4550513202344979
25f5b7760f58323ded6da501,0.4955567804820455,0.5280878998399203,0.5619522988524275
913f160d2434559e74f3e5ee,0.5119356552983096,0.508453827953476,0.5210051662624524
7aee2f50b3a1c61c71bf1f8b,0.5252993659788593,0.6065006335627556,0.6120844518427216
e8294d86abf5bc604b4331dd,0.4706622158673711,0.4372957929532258,0.453716171303776
2f4453cad49b3bdae93c49b9,0.5345488410185489,0.5756817173369452,0.5834002543821009
db9798ba637a7ecff17aeb9b,0.4837407484405571,0.4984105739083157,0.5369139608389717
79b58d108f7b1d83517b4aa5,0.5353564659534029,0.6347754542795871,0.6024502375799466
2ab83d027b46e873a4e7b34a,0.4921737317377623,0.5097238093689571,0.5166324411216594
4d110e02ff4eee82cbba3bb5,0.512009083895486,0.4047816733527113,0.4238330724629606
cdbae7861857a2a020c02a9d,0.5150177846514067,0.5811857752295779,0.5759830262495839
db8a30976eb555e548b35758,0.5248039451688628,0.491260521791727,0.4762981040802694
78da1a0c9e8e04d1ef134146,0.542065286511714,0.6014788996110205,0.5675502822715229
55f0411620536ebbe7c5225b,0.4685727080855651,0.4396996331060792,0.4700413632583308
67b823cbc46671c1c722aff8,0.5106892466318962,0.4874045512259574,0.4945720395171055
b2d49830f510e76b3ad136f2,0.5650391318525886,0.5573073547920304,0.5104953604795811
afd9ed7bd857b909663e7d40,0.5452233766171201,0.4714905321887326,0.444453556859697
b3d3c434aa30f287f7194e3b,0.4824370586249815,0.5675049716583707,0.5947190584335154
f1cddad09a94e78774197870,0.4088562710644061,0.3588017695468835,0.4139675703162235
56424519085aa0dd6583517e,0.5203525528230486,0.5223861484756256,0.527367127651958
d69c7694c53b7ef9311b5887,0.4806569463401927,0.424967377844844,0.414261699715397
61905b8cd4bb0e114a9a182a,0.528785047416933,0.4415411955799972,0.4428391427280225
b3f864ee5f59eb89b408093e,0.5611409490337612,0.6467055470330194,0.6185292909744103
3a90ed43a3446ff5eef9fb2e,0.5103401104648326,0.498227850189793,0.4872369374686889
0f03231fe0fcb9f5d32ebf40,0.5224057281490091,0.5717515867326627,0.5697145560730679
7dbfc4b2fdd549e55f63237e,0.5385514416575774,0.5002691367640788,0.4772751997489545
c88339af70393cdaf9662817,0.4988590091940462,0.499329056752088,0.5084700842207179
c44e3ac5e5e8b85112503b88,0.5400372717776405,0.5923246800766462,0.58085832841809
a6b93aef2bcf4b5cdd3d3760,0.4493400912143297,0.4214687030491776,0.4732872587020976
88d439a8a1e96d1b76ef9bde,0.5290447659671751,0.4925690958169146,0.4621476403387258
7b94149b65946ec61e743335,0.575835877931648,0.5781616343128544,0.5187727154647155
60c4ffd39527eeaf5fa2df83,0.52107142959025,0.5012444994386867,0.4731737950426872
e8040f800eb20c669e5dc5cc,0.4933580910730781,0.4355870924572198,0.4233002890583552
04e8fd0e111053fa99a82020,0.5612210816706493,0.5103926428885276,0.4444016922135401
3c7433435c0a5d1b44dbeba8,0.4968433916528065,0.594613231012138,0.6196341055402987
09a25ce29b9bba7d4890b59f,0.5148439390179771,0.5471706157622345,0.5487783557393195
d3820f6e1042731695294e4b,0.517555086630058,0.5240384137343501,0.5348911376527224
278540662fb145465198f808,0.4944595988368161,0.4506713505218693,0.4950257547579949
b7ab64a6c3fb638d042874fb,0.5189947017315537,0.5654797968208501,0.5634251550143937
7c2313a167650483c2c4bcd3,0.5179966807008767,0.6000050957968378,0.597204902262358
54a1f76c82edc0b543d04d00,0.519932016793859,0.5117567259064411,0.527649459088273
4c3df2317a6c3382750095ed,0.5855702495717304,0.5320163806419713,0.4581344989818407
69f633531c8575e89e5c8bb0,0.4801075990943438,0.390489000801332,0.3986445972160457
27572cd3f1d5229cc7e7d24f,0.5115173373858358,0.4669352275118106,0.4644778033549487
2ad464b514c00e223d9495b3,0.5556498468329315,0.5838720467959106,0.5773834329384447
baefe8771967cf8e5c5f355c,0.5025525750781478,0.5185324775880441,0.53439228747027
c5922a7ad9a7d925366012a4,0.5017750077400528,0.47877900284807,0.4585233768551563
442a0a3dfd604c51ba780592,0.5370330974284178,0.5665150255219087,0.5304954926667841
c7f2478fda131c807f8c4620,0.4990384254647129,0.50125737858733,0.5229373207553374
d78769559ecdb0763478ee5e,0.5305453036195668,0.4706187300010225,0.4729852096445309
96fe84ba1d7cac7e974ff92f,0.516690829180179,0.6128831279662861,0.6221766573896573
69f154d0ef887d93a91887c2,0.5500382308126256,0.5644482844070766,0.5540652974449998
6b7376926a2e996559ad6b1a,0.5051851526070132,0.5777847253315843,0.6000176853647963
fe457efb9305f752d4f3f9f2,0.5350319838573341,0.647004630246502,0.6182703814971618
636f0eff37035fe73558f607,0.5555341777170433,0.5004506148878061,0.4541877684647539
c6e8bb3245fe03d07927d3d3,0.5488470616997769,0.5509225764943251,0.4966981910282636
47c931f2a04ce70ce9db5c0c,0.5131910093765717,0.5173176754355051,0.5377791840678626
c462ca568cad9c4a14bd4a27,0.5320413389808467,0.5903296728089213,0.5864602288609335
408d7cd47671857490056f59,0.4218742999023018,0.341723403263433,0.3955023150779102
e6df272dfd1d6eeaa77a78aa,0.4851428093012776,0.4202514899103626,0.4435486659632244
31ef20d76bca2a2b92de22b3,0.5291529928052021,0.522988075063745,0.535485647576146
50c1a76721cbff0d6be8e4d0,0.4539378870342492,0.515245110991025,0.5568025124727566
bf1093a47e2f4da973d0f44b,0.5387674330927109,0.4672926675076396,0.4439722875047986
e0318eca13bfaf95afdcad90,0.5006851323526578,0.4805496628627225,0.4883462250496218
81edb618977e8be8beed3e34,0.5254262614854998,0.5296095379261997,0.5316794098426527
e4c11bbba982b9d2005ca3f8,0.5074143395223949,0.5893748835933761,0.603209923551996
cb0fadf991fa69c581ad5b3f,0.5228283623087316,0.474543409363733,0.4611194181387962
057e6efd698e9eb5b7ff501a,0.5274728853051904,0.4874474999973606,0.4604479220283838
d9006834da19525ef73d7d1a,0.5487244915209664,0.4999556708398493,0.4633091792929892
4a5d8be9467093e28365220e,0.5528776041199108,0.475650897694474,0.4214693440780046
45c0511967e456e9029410f9,0.5180554737490988,0.4421349540275772,0.4162517597296868
6d7684f5e802aa96f74d6b2c,0.4919449046552083,0.4050678586646066,0.4293238801170277
e0dea7f19c2895b410c92521,0.5236105764329789,0.4733858431837512,0.4506484515737939
ae94b9f9747dbea77e34c9b1,0.5287643773699425,0.4412664062225838,0.4180513705654411
362a8007d6ece72a8a96ee53,0.5214607186071881,0.4574526792531335,0.4417454124479278
2a2fceae9541ac0744b834b9,0.4446760452369644,0.3872013617462585,0.4259637254159464
d7068a0a16a3440db9733f54,0.5632818133516141,0.5135394324764914,0.4550381274671793
e33e177554d5bf6d63bcf471,0.4982114862130694,0.4281782379035931,0.4233573273156283
7c0f04662a0e3f6268bf9d8e,0.4793888727697333,0.5183881659422588,0.5243462525930036
96ae07eed83e9c0a69fb8299,0.4675561911469977,0.4495987702233476,0.4901264048409952
12f9df318e45739e6e379a82,0.5421566203527529,0.4821275141123034,0.4587578149671139
d587e5e6234cd504be10ee28,0.4091954828889478,0.4027487921454723,0.4746481280749615
011fa738253ee8909212728a,0.5454049906247975,0.5974741124938242,0.5645888468279951
7745552c5cc95cceba94f43a,0.5442897922389428,0.5359237291836721,0.4985047571412066
270a7c4016ebd15717427d72,0.5474721625342139,0.4526423337834209,0.4140183974719499
ed5cacfdb356f31beaf30069,0.5302578425466593,0.5658689271476944,0.5582178171687262
00a408e816be08c57690f43e,0.4804841249476312,0.5689861700390321,0.5994871559305494
a735162cc090928e5ebb2465,0.5034781709604967,0.5183655984496522,0.5083727203639073
771ec8247360708ca1d4c47a,0.5179348763555863,0.4523643169552675,0.4527783954285647
d7a44400cf1afce4cc2835d6,0.486251397072858,0.4634294184871412,0.4836361174482521
6524b74a8b746bc2a350b582,0.5016345050652661,0.5931698124814855,0.5853955137999177
6e7a454094fb6215b7c5df82,0.5168163334227168,0.4230858016712798,0.4329460955097143
2269f4495ee85631441d53f0,0.527065756711897,0.5045503030425911,0.5031697926074661
20f19616ef98e806670805bb,0.5210912480891093,0.5043028036359634,0.5174677373214938
fe6a7c96bddb3687a3c40d98,0.545908589537702,0.5536290753098311,0.5044611971076882
df5d0c0f0246a2f6f9f7b1eb,0.5369208518770421,0.4026002446853846,0.4015815371206008
db719ea2c6784e1229958f5b,0.4672857163962599,0.5583303204465968,0.601162275573524
18ae0d1077d33f056aec51bf,0.5575429570945691,0.5046433800678685,0.4540141712646589
ed1bc63612bb97f21cda5e7e,0.4611269317149339,0.507802619607107,0.5513693754149364
fd3b8f203cfcf6cea9817ea8,0.5406578824487599,0.4518373171960211,0.4356245033609541
e3f42b6546c5f4cdc2c30885,0.5083052948743729,0.4567577345212297,0.4432951332633376
2cbe6dd7094f08f86b62fde2,0.5048002610153958,0.457731709864521,0.4376457918604131
da9c94e5dc2f90e3d7654aca,0.5412708090957149,0.4706116540951683,0.4163246212168376
8b73054cd99ce533ecb21c50,0.502115843519968,0.5654083352135529,0.5531552245649508
0efc6a5947ed01f76f06c98b,0.5400301401491934,0.5266497356498702,0.526794794848734
098900aad080d5ede0a06a3f,0.4821598007893491,0.4400664876063827,0.465920670021531
0ab632da5040a85d43fa75a0,0.4803611429228889,0.537247767917511,0.5763260401089061
85245bef67355fcee32da6e9,0.4994715759418386,0.4839964874184256,0.4976670265835913
d4bb02ebf6a4741e7977e525,0.4293658958801644,0.3667709778862217,0.414477611476071
85eaf973817f2ade1bd96182,0.4754779354816656,0.4834985364967313,0.4871062169967173
ab900761ac63c25526363189,0.5227958386097615,0.4439435112060755,0.4389512380121574
94048b48f3840d0e607a3e81,0.5361398262848929,0.5839735706958089,0.5849449857372371
b283a1f087717cc591a17e7d,0.4931929871203264,0.561520673518465,0.5814617346996103
083bf7b34d7bc10b3aca04d6,0.4558731332125358,0.3934285631907883,0.4107078300498973
ec973190bde83820dd5de980,0.5676919170666644,0.6192234097005227,0.5722163530025505
0cc7d4fdcf510eff2eb4550f,0.5235999764172835,0.4006879459886605,0.424675669136357
5ea2e4b30a67262d6a5fa899,0.5299112683163287,0.4796995868219633,0.4434551461494137
c3e137f25eb95121c65551e5,0.5344066870931733,0.5344453949500826,0.5164670600039798
37493a4e4ad2b353ebcea3f3,0.5355079467790583,0.4570099641497621,0.43277330226971
9613924313e96019e1e5a56d,0.5408769788494476,0.555089254786848,0.5394601931022082
080d7d92aa47fc18a4f99f37,0.4990283139868543,0.4887774774043498,0.5153674577596312
79161f6d910f3e192fb0a4ee,0.5314744513012267,0.4794194346775987,0.4757694893597226
c9c67a11a03b758b55706c63,0.5541517128866071,0.537202260474436,0.4789626840726845
2f5b7a2fa1202418a3c7f21b,0.5531798774556521,0.5715786927065978,0.5248843510721752
25d6016d01b9b63032669525,0.5834081355558264,0.4873300712394269,0.4131392567534491
d2494c1e3796904a40204265,0.512162550046472,0.4218933440910787,0.435338972350488
79d7012573e7e402b60d81ee,0.5450923849264424,0.6113157218187615,0.5823335574519544
b0d6b02e3c808b4f4e65963f,0.5325555304896505,0.4555905892588303,0.4101375602405545
f398dfc1a2f81ad8b5c433c1,0.5634815967077589,0.4458952755213011,0.3997027123904588
67fc1d2e56e696985babd75a,0.5726214412442863,0.6201825871688107,0.5437195075170143
0ad66b150d50e4db800c78ec,0.5080449738336275,0.5274031325343207,0.5119211871552173
4749ea1e64bae6bba18b50bb,0.504157459778722,0.4331882611760661,0.444486930240201
303c7e3846f2b4ffc4ad124e,0.5389798264978026,0.5197907046972184,0.4920225178019977
0b20bb5c073cee9c1ffcbdb7,0.5237482854763926,0.4437755434906991,0.4131372425978179
e1de0f7fc5738df7b8b86f4c,0.4985186494599652,0.4529217894712503,0.4494938088021649
1c3d04bb7f25eff78b1e931a,0.5895702891573812,0.4914520209950196,0.4076276725490667
5999e184f2265613444355cb,0.5337417912422586,0.6547523895257654,0.620975359844303
8825a96322dbe0a78b20e82d,0.5390651455889021,0.5829654894964728,0.5452010270269062
99d905d06958cfc59e9dd420,0.5281415672884555,0.456938336742694,0.4530717367254024
4bc6afec0fc0b03b983d74a8,0.4824270694647212,0.5284240268382012,0.566864856394968
8124fd72cf36f4722be1320f,0.5379971046942512,0.6025447766279035,0.5684023520020817
6e7672e83cf037d597aea935,0.4975339457626119,0.5249342178446985,0.5282647646268226
dcb7721b25919ddc0d88ab84,0.5177935667538054,0.3982466936257142,0.4095485631516082
c0d38a3db1aa99b0b343462c,0.4837329768800823,0.5976065802426886,0.5934181815810988
5986de05efc08fd7e743c989,0.4812396296989806,0.5413222622513794,0.5501752730010532
65a7c212e96674bab0b5bad9,0.5646091180613134,0.6144675390069294,0.5448639126491719
09eb944647866fc16fbd3fa5,0.5582208243110042,0.4953761772102771,0.4341464112194108
c5a1542bdae5c845ab6248e2,0.4976300268445079,0.4505438601560648,0.4848859484346837
8d28f46666be075507b3e2ef,0.5040088554023123,0.5958262229848245,0.5990191387793422
895aa95bdb15da913d67bed0,0.4358634341560381,0.3695259950862157,0.4012380275966711
5e94f882b35dea45574edde7,0.5365097983223467,0.480893445106984,0.4487505008433842
7738e458945a99744db6f1c6,0.522239007610446,0.6095923411224754,0.5909387712397204
c44673f824caf2a90945c373,0.5315548761046418,0.5522553079055,0.5343667988267993
8fb00cdcb7744c32aae106d8,0.5593697397733735,0.4818718798955801,0.4405919024023249
07445b8f7e4f3c833c7a30ba,0.4240832945839566,0.3638862539090338,0.4156056795888253
474db1e0e1d1678f979a6fa6,0.5371085130599323,0.6263344825244594,0.616308387195247
dd9924c0bb27edbec434d267,0.4599436991483023,0.4098986847786537,0.4112869391775136
ab377d7ff0940fc06711c9b8,0.4790806034256012,0.4334742335449678,0.4390079329358228
64647946f00e10548d2cc3b9,0.4506917207363287,0.3959603491197096,0.4099559210013982
21523208c8cfe6d71f776fa4,0.4537951095095603,0.3871777748687433,0.403917384919372
42e38d61407040a6591b0a75,0.5074713168685523,0.439060687382751,0.4089303094352644
94c5440815bda4837fdb84c0,0.5159855448875451,0.5858543787534862,0.5855688401816569
ddceaeed16f87c7baec81132,0.4781334120882493,0.413745192209951,0.4031663934534856
7cd81cc4d1536c559b314f91,0.510093007190242,0.4649258393145407,0.4677699106625874
66792603ce9d8cb267c42dec,0.4899285078684524,0.4253298560957098,0.4124389979311383
d5965567add48744f368b466,0.5188384300486591,0.5357780416526043,0.5239927103075996
e3ef0c3234543779077d6fd4,0.5165678908438236,0.4544434024805037,0.431792024697643
37f1abe84809997aa7fa22f3,0.4490482582987587,0.5272923604010351,0.5561037028524058
544bf34bc35d7acb718f4f21,0.5305783606247438,0.489641616070087,0.4740108895780161
8861ed08c5241d7562946cdb,0.4149365126164011,0.3448027938088385,0.3992758028590201
0a6fac7dc3aafa7b4daa82c9,0.5295760067704848,0.4559459018108776,0.4080673199848194
649e47c3fb4f6982099df2eb,0.4302500967519561,0.3799631289528797,0.408452118214947
bbe9618d5ea4cd8c130ca130,0.5436902252601832,0.5010355594277944,0.4562532081953417
7cbcf779cd82c0776464cac7,0.5181001437458842,0.5658206219273209,0.5353102259920985
560c219ad8b5f700778eddeb,0.5036600242646408,0.5169189585414893,0.5350319354590979
6a7ff4f1a7686f603d27fb10,0.4993082775527339,0.4244336667539538,0.4446262355787881
c9c72c7f58c50b4925512f09,0.5039170191216229,0.5895474139875334,0.6140504613032145
1a660893a408e70adeefd649,0.4900127230813069,0.4174687284349857,0.4067749366100127
5b1f3064b31575a1c091a164,0.4726636621928143,0.4278315383085768,0.4496797500450359
39c83a753ebc21c2ee126f12,0.4702062882421174,0.3900082173411885,0.4156768966434442
be262bb1e632f9426f4dcb3e,0.5735943191947092,0.5291729887213017,0.4523132891803072
9edc21e9bcc3ef32b3089be2,0.4825764949106571,0.4122313289982,0.4026571658506258
e42d5f1ddfcc1018a7c18671,0.4896510929589303,0.4202865188120055,0.4019795059483153
09208641b6da0766ea6fa502,0.4922266629475623,0.4103401610609107,0.3976994911041061
91be9272dea98d70eaa3da0e,0.4245060413595025,0.3783879332618964,0.4125867440627481
622637ede68a88d79fd314cc,0.4317426407111024,0.3738542727152259,0.4069504724882083
287a89b6618abc71d88c5c76,0.5422740854941419,0.5586805920407142,0.5206399874096987
a03022b6cde5fa3e939f5560,0.4915576485184851,0.5249010896660062,0.5420470536376837
da1f30222b07d750d5a5c9aa,0.4597287649217698,0.3971811608488786,0.4127736516020637
480ccfa293ed81b19ea660cc,0.5394566868979257,0.5315941109705915,0.5177825403063083
519d8db80fab972fa3e1aeb0,0.5151596971118891,0.6054859450012513,0.6055873252160907
cadf28e229777580216a720f,0.4694188013136725,0.5518814277326167,0.6149498309067254
cf0423a269c05e9067a8fe41,0.5034712570826775,0.5218295734159216,0.5428574182656798
17305195b650bdb74b0a9f63,0.5212488040803526,0.483669752266978,0.4877358309404145
5fc9c6e7637991a4e8a703f3,0.4903429568227462,0.440764421336757,0.4679112809141869
cb66afb7d4d4e333831dc26a,0.4885646273303095,0.4640744151263912,0.480694446333004
0787902e00d2716f8bee7b43,0.4942008846627949,0.4919594749552797,0.5159463827383506
9e86367bb04640e52ea2b107,0.4687824163705363,0.476103661447855,0.4966373056868541
2b72f5a71943e39547a40cbf,0.4863355567442304,0.4073197950559558,0.4261928759168035
61c5ab12f48db91ce43b7fa6,0.5238261352924021,0.5773128682080323,0.5688528097727605
7b4d822bc41d6b3c4ae30223,0.5683904260656021,0.6198004579765835,0.6021452874995585
e10bdff74070d608b0d30959,0.4802928921501898,0.6050006975664037,0.6193912655019899
ef93a011de15519281e0b26c,0.4981793548369011,0.4687282265881457,0.4850423220877931
4f2b251f158ab23e38bba493,0.5184561657313479,0.54622752574451,0.5286586215342896
8bb373442920139001541ebf,0.4852642828137471,0.5476382128527907,0.5896578026117816
0e7822381e5d9a01662125e1,0.4752171409739386,0.5077231472960794,0.5537817578439206
ee9a6cd47c09886ba158878b,0.5126571320309827,0.4453108055125744,0.4523492459223499
5e764cd44eb649a81a144384,0.4858404830246638,0.5767303668256251,0.6129408298763509
c3e39e1ee67ac25874720b3e,0.5704282422018359,0.553930000741426,0.4971494000535298
826915eb707d36b2967d0470,0.4874636393888802,0.487141037787137,0.5392551136942607
8ecb4e2060a61002e539acce,0.5246891758247691,0.4750677528414407,0.4484802205161587
7ae0c246ceb321d905b6c585,0.4922747599347528,0.5017582134315818,0.5166540803503629
96b1b69f630de4a8cf1143af,0.5296232101727832,0.5697764539606045,0.5473431335169989
b12af6257d7e3b07f6fcc2a3,0.5242598906977451,0.4542296648812262,0.4214542801800046
29498c27f02f1a20b59b9cbb,0.5075615578470976,0.4408157389800974,0.412665937628394
3c5906a1edceec63361926a8,0.499020922444542,0.4376295976555807,0.4565822084592293
5ea42c015e9faf4ab3143942,0.5081129285612954,0.532482034957066,0.5247895961280984
ecee6a4794bab351efff11b2,0.5287475175687854,0.5690171320650207,0.5781798241652273
be119ff66531da943db0163e,0.4366282622641374,0.5830865368885106,0.6372147333875746
02e839a393ca0a461ece020c,0.5411128119482449,0.4309347224382641,0.4291039145407866
0d7eb803342de79d03517498,0.476056492211702,0.5262376800019526,0.5501510061226259
f3ce281de83297a4eafab433,0.5524777193365527,0.5913165796608046,0.5379205164128713
677edbdc2bacb4420ddb04d1,0.4604711885223739,0.4382520647216688,0.4538625955930023
a79745617812d01a75963858,0.4356320800699516,0.4730754652573492,0.5145605763149522
c6941b401669da3a87dab91f,0.4850604708910584,0.4254099005890954,0.4601038529379085
d15b2fe7d6f3bd8a1083ea7c,0.5606925739812896,0.477464632130847,0.4125090749971286
e5dc93a777a1f3870d7c05c9,0.4375548011360578,0.5099533401656243,0.5470722249633986
63315cfa9a58e0378640e75a,0.5670768242764075,0.4922121026557455,0.4486103325897586
5172914401e07000b3ecb60c,0.4937965237282951,0.5889435403064747,0.615657135914115
d368cb759258731703a02cc1,0.4555939029214441,0.4865111693335385,0.5022175095200443
888f82c3a2e4d274c49cc922,0.507537253189197,0.5430160793340904,0.5610055878797042
132edf65ef5f35262db22de1,0.4618387906986394,0.3743080310250258,0.4217134951272743
0a96ee4fa7c1d26c10bf67aa,0.5480893165893468,0.4436315745062679,0.4035940939085075
26f0678560b3b050caafc666,0.4747075506670949,0.4083478227557992,0.4088417498524314
517a91be06b4a6f6de9662ac,0.5004234411448927,0.5629998164905499,0.5925049691727076
1d806b785480b32b7a96531d,0.5059168475661082,0.6379667056726127,0.6192068521804973
2812ac597a3a0c76e7715aed,0.5032700016304009,0.4315230054434051,0.3971065261851077
593a52053ed6f56c7f09d3a4,0.531279054231648,0.4881652484854306,0.4907339526736017
a3c80e2e0bf2faf6e1b73cff,0.5272769457637856,0.6151024913205225,0.5992206618343723
ce64d5fe700c8d55f188817c,0.5728984920629221,0.5733318855118483,0.5254633663285088
af5a8d0248797ae277303044,0.5027291610210758,0.4912215501832437,0.4901596688845456
7091f1178ed83af8d151f27a,0.4987893755447948,0.5405728270406301,0.5743755999681892
05de09cf2d022e6b50b39191,0.52156055491454,0.4624668920093972,0.4616857800691721
7064c002cd3593ad2d61a5f8,0.580560040407888,0.6577614262386371,0.6310193591837991
37dd6cf0223a7c1e070d2ae9,0.5279555012065194,0.4416263098432194,0.4285941013512553
3b0bfe93ad078efb9215756e,0.5352680038026235,0.4928235267747256,0.4545252246383969
bfd38068fba35def4ca36cb3,0.5336180868042473,0.5618751259514887,0.5447423042487095
0d37405b18d6f8892265c234,0.611245720562129,0.6896597642112414,0.6265367025346402
ed06cba8d93c4aedaab2422e,0.4810072688163158,0.3795374441061541,0.4001165129903355
d9b6e74e7bf2a53eb74c22ab,0.5462741110965865,0.507395779731769,0.4983872649738363
608b86d89be4b67fe28cfb76,0.4982695943048915,0.5726330438823896,0.575523365728315
a164c2da11741159d17cb0ca,0.4418283841753,0.3876029172196598,0.4184627828877416
51155bb6abc5a0f89b785690,0.4734624138520067,0.5691933033274228,0.6185645630901014
40ee467d411a0c2baee0decb,0.4983722904108236,0.5307491052333823,0.5468177062384685
0a01e088ef09000bdeb6c331,0.485903952095822,0.5064244890514366,0.5045118848652855
98775153119696aee4d6a608,0.4838776423369013,0.5920914529022059,0.6267831148231271
9788a05a87a0f68fbe825387,0.5270283227180913,0.5058327235365188,0.504188960351581
49fe9cb0a763425b493995f9,0.4934436253196602,0.5197828445120398,0.529002341672193
3e2d12045eeb467e35934ac3,0.5305160483959422,0.5796689382027711,0.5715703480497225
3f30d52717207e5e7ab80bb9,0.5344475792250546,0.4961570039065743,0.4529960017942605
f55e3e2dcd02e2fd71572f94,0.5545924829042623,0.5304170125487803,0.5002606659600908
d903721437c4121a1a7f4ba0,0.5908855005591478,0.5086131392656147,0.4618392760649432
afa744e5adfe3dfe621f8458,0.4351729750809362,0.3847377505369411,0.4391116139060158
b1c8e5bd72dd8219845715c4,0.5397826390408982,0.6497174742390022,0.6149438732731354
13763d0d39a47479cbe7eb16,0.5392285090405082,0.5836607833371961,0.576397048409039
4bf9bb219e1338f0a29ab9ad,0.4974841740381077,0.4103632920709964,0.4024251628272401
c474507c3bbc56baaaed67a6,0.4626669667863937,0.4647899591737692,0.4908375936227139
3ea24a288bd39d1b29cfa59f,0.5092522198617573,0.4425775337878108,0.4130309935834851
feec4f64433d1ce912fcbe88,0.5742137063940531,0.577343755217553,0.5538045806053254
2090a4bdd181a48a59ded2af,0.4657408908530948,0.5044237102909218,0.5480111262408509
978b64280489b32c06ff4f25,0.5856571630713808,0.486611292512371,0.3987985935756153
a27b0f378433a4b7e25d423d,0.5725657359914706,0.6503562170409226,0.6217094699145944
2dd0ade454b1204962460b96,0.4895411398655134,0.5121805753504961,0.5565519485594103
10d7d41ae4bb5a6acc486735,0.4680728781152499,0.4676991724003462,0.5082568857027018
45e0f301e13e0b646adc6df1,0.5504414080546476,0.4599207597282576,0.4104621472861455
e6c1e593aa465d1010b5d41b,0.5328599071730088,0.4841019343490251,0.4714227154652066
1d314b094a84082f79a1c0e8,0.506055616059786,0.5539106430932372,0.5798934344980461
7a4aa3328561f1a9711d5adc,0.4788872495039901,0.5089585329466594,0.5291998972537809
75f87e039cf927038a5c9dce,0.470804811571329,0.507356649493948,0.5122794844198281
809ba7cc2c6c2aa0fc4c289c,0.4786645148764983,0.3827361350094296,0.4385736132378063
74410a40e98617015f186491,0.5432677285155211,0.53950587090417,0.5473022404768784
ea13ba393867cdb817029d75,0.4544698109229128,0.4059279570467412,0.4751300692503966
378bb48bb53c7877f6783efa,0.519205263773434,0.4702145267377788,0.4565213590874441
432c29c407fe8e6c25c31e73,0.4676616203992251,0.6011304279747751,0.633354030357857
97e06417f550bf7b6304771e,0.4980769661801542,0.4967696901412198,0.4915029067751127
9d414c2a9a2d4a3437cc2b79,0.597082647998969,0.6020963725510156,0.535988414685295
b273eb87620aeeddf30f6947,0.4755047144247267,0.5485607000435431,0.5800257670649425
f750997d20ce2a2b7728ddbe,0.5906443725276348,0.6458509227741248,0.5699693987378383
cc1754e11e9d4fbd7272c1de,0.4900324420257065,0.4327609399312005,0.4427447365157621
13d65a5d40e8f3a1eed8c19a,0.5660795317585267,0.6401259536843642,0.6266028404454824
b02051dfd84bd212be6147c8,0.5250441629493057,0.5017964039916613,0.5027767029707291
886b62b12efe2fa6bc54b19b,0.4849686020709987,0.3946805974392192,0.3947280126855634
56a9d38f52ee55c464bdfc3d,0.4381840425107512,0.4105509296492688,0.480007705555495
3b8a176a802b635dd5dfc20b,0.5351003203548146,0.5680973112980938,0.5591232149834613
0c425c7eb8d38009c5cc1fa7,0.4732495413739012,0.5493148926346533,0.5847425133053564
b3e8c171fd395ff610a938d1,0.5334007747754068,0.622282607405783,0.6068153532420193
c67f8885091e6071d8865ac4,0.4493453400287777,0.3749552470876101,0.3931246784504829
4b9b2ac733656b6ef821cc0f,0.4899350734465553,0.4610704212396582,0.495670661242102
2b9ef1d070d51dac9887528c,0.4974799663906783,0.4504249009238055,0.4590324207968776
99f51195b243925cc41ce064,0.4555540102368173,0.4260393624829764,0.4483873853641071
4ceff89f1630ed05231e221a,0.4661180943449081,0.3768556371564312,0.395670266967504
c8378cb8231f33a7a6e42d74,0.5351828237665514,0.5244295024481117,0.512066513684613
52cd95b69a5376463f2ac145,0.5417025343111885,0.5025907079274883,0.4758705696851106
193f4ab2b980259776463956,0.5094168294601539,0.5459012420164487,0.566127066859506
419068a702af06ba3e711e3e,0.4895718946307773,0.6091902648070455,0.6327555239093544
226bf030f1e042c1aa17bba0,0.4983175730786153,0.5162786263617964,0.5368760938810964
7a5775208785d860d8b90e20,0.5504780238917559,0.5040744452371275,0.481362670020253
b1c9333b2bee1da008e50ff4,0.5482446184486477,0.6259023296436564,0.599290728610802
5cdd241d3487886f7ae9c3b3,0.505715620650698,0.5032991166822294,0.531057661255194
3b2deaeeccf24cbbd785a7fe,0.4716561757857024,0.5281399720557668,0.5453975130610891
a1193b70a8d38dca133e7ecd,0.5017658592830037,0.4723614269269836,0.5038396447108063
04d7781a6b02e3493310f204,0.5661082932014181,0.6129307365176246,0.6002442498026522
285217aa5a543ad3c0ca363b,0.4180214576573027,0.456931023729531,0.5372145613306544
5e014854edc282c3a49f0817,0.5479877387459351,0.6464153077824889,0.6141803471431437
feaff9aa7e6fc65695f01be3,0.5187243419653599,0.568288798636622,0.5764941855601189
01f0dc596a0dd0b9c4f2ec6b,0.5328117531114303,0.5425483011230126,0.5530310475103999
5ca4d7839ce1483826e445cc,0.4980314190441472,0.4432802481648225,0.4938194874267034
a374b9f563c465246ea983db,0.5654237183813872,0.6103249846198309,0.5993889863293672
562e1b862c2fcfc81da89eb4,0.5569701269184487,0.5473199568400032,0.4910701456831429
6bb5d5188c56faaede6dd2d5,0.5884625537721059,0.5756530631633501,0.50571338984288
a11ac6117dec23b88afe1240,0.5300444690522982,0.545335497853938,0.5231942806619632
7c01aed8f127d875ffe60791,0.485025264099286,0.4274688982567538,0.4334882087009011
580db71060dc7f41591cd56e,0.5545377963076024,0.6018828078357834,0.5836283329189512
96c6da7cfb9ff8b2ce854be7,0.5500586105460061,0.5358688224600852,0.5082267541701652
2a845d8af93518ca7695aa9d,0.5447401894179306,0.6338048511351906,0.6122858630067509
f868be8bced94d8351086548,0.4247321616138408,0.4472954309039072,0.4929684102546297
7b6c23af9567b2bdcc2ab091,0.5443527337461262,0.6387982418146464,0.6340170844998901
1170fbdcf9010cb9b28424e6,0.4876642981560076,0.4658175590935778,0.4625235608341029
5b12998b9b29221b90249be8,0.4620532247953472,0.4842411724417612,0.5125401274024219
a8e37cd51347a0a69f68f19c,0.5670562670375929,0.5136424922198455,0.4433552688912859
694106e8a76ef4f6a6bde5c7,0.513084731134586,0.5107769621582282,0.5264456319051328
ce756ca92616e9241257ba07,0.4986955840074898,0.5822321149892797,0.59491808398294
ac1332dd83e8f54171005713,0.5187767644890449,0.5901649963869973,0.5831112868592923
84abb6e1c83a1de76dcad17c,0.5624516751293587,0.6023988748424614,0.5915458301577206
3d0fc093e6cb1b4cfc478024,0.5492824470225326,0.6134841982301026,0.5782519478679358
9e3b04a20685a0bb81c07a4b,0.4740612895615878,0.4399721089031895,0.4344561673492118
d23ba9fbfeb87469b7791326,0.5080000806682395,0.4262685606561067,0.4504061018031167
3844c4deb088c2f164f36739,0.5372292576688775,0.5239626673024306,0.5260761028631367
8fc7b84c9de465cfc4d84d29,0.5029976936478255,0.4148898043554551,0.3858998586249824
5c81dce75a218a9886bca263,0.5312869979275678,0.4971886394216593,0.4748012512112262
d7d39e461823f2647b893b30,0.5771511607239187,0.5828099447123459,0.5251003406874217
8584627cbfd969772158a144,0.4627118024278682,0.4189614528722223,0.427810306944354
8d890b2fbe64f6b94e70d555,0.4667124142754253,0.5427388960677246,0.5699693987378383
42c0247455e4b56124f358db,0.4940778451871164,0.5292313145404884,0.559104051697734
a5f5ad3ea72d31fba733fb37,0.5093412963149924,0.6150862277753822,0.6239124398574314
cfe73c9fc545c15a3565b761,0.427153884227902,0.362938671073318,0.3968564701347719
b44a033f40f9ceb6b40c49fc,0.5838557642276762,0.6721870882701314,0.6202988980356845
2af201a790f6f37f8696d8af,0.5746142946013323,0.5330406197675165,0.4578480485877776
4ca702cdbf54baba79437525,0.4778210811436479,0.5081308911875054,0.5245370760627338
6c2d1a3ce1f1efdd7e019c27,0.5334138164783345,0.4703889239407969,0.4328874406234316
f29ec72a54c85475803c9c97,0.5615650341792929,0.5210013504527529,0.4860723983519345
6ca07b458e23e10149312d96,0.460236198417413,0.4223638407977618,0.450909909146281
c9b55255e686de79057c2f2f,0.4594422788772203,0.4122223379754121,0.4167254912567879
3dec11e25fa60b62eb14ec1d,0.5563572571459153,0.5660090570840476,0.5552252902499116
7092258ea61f8050852990d5,0.5590823413314082,0.4860060184660853,0.4426764716512428
a36dee432b114b55cd327940,0.5715121063786475,0.626802034992658,0.5574494777439434
cd9a8f809837cc5fc815f614,0.4676166999497821,0.585746995401766,0.6172954873873933
b307e21c6193207de5ff35c3,0.4936340150545593,0.4638381624615257,0.4921604879207231
66b9e9bcee3f8dc9ffaecfd7,0.5305078665013445,0.4654680920966521,0.4641200048281689
7fa7b822ff38acd39a6a4895,0.4860444794569819,0.5503007756866864,0.5603438584434057
0e628b440a9eb784293faeba,0.4511920540767807,0.3868937518878755,0.4136533023023225
172b7958e85ed3a1bcf843fd,0.5291052703050179,0.628461961354355,0.6149369673130181
1cbddb41560772030a12b7aa,0.4736217917272757,0.4548501147722378,0.4718724898873354
4390a12436f1462dbec424da,0.5142790686732717,0.5904261166264433,0.6182560085405598
a4745e99b03da37b08e2c14a,0.4989498840842591,0.4142772586133671,0.4091801470811225
aaf1e73316a201939584d670,0.4702970660502207,0.4693719548521365,0.5188155914305101
297e7e6d55fd5c4c02834f05,0.545070178597063,0.6175496900648116,0.5868876225165601
41f707bface738ed5f309d4c,0.5604337229403914,0.5289786999023829,0.4713111175010407
31909b57774e0381c9f2ef61,0.48646546431465,0.4106494724464085,0.4103091501651379
43fe776668b1ffa998eae5ab,0.5055475038869998,0.4443493539444345,0.4429581386731919
89c455677205fef492149544,0.535663152439856,0.4952845198292114,0.4862220090116094
77c3466115248ec0a7078803,0.4289681706244024,0.3518911030419175,0.4128580790641408
09eedb28ce3584be3023f83d,0.5072465948046931,0.530386471234663,0.5535910188389946
d3bd16589583df13ceda031b,0.5028930609800071,0.5799584794568153,0.5897811415281112
08c1666417e8b85e17ed2ac2,0.4899203297970443,0.4224785093679356,0.4189212057310209
18bbc06f92f3c3edba1b4cb4,0.5592466477709206,0.506478644457455,0.4759561459048633
ea381ecf00df2234128888b4,0.5152905846263371,0.4688815138594463,0.4393244337996552
05a25d821a1c67d4ea6da35a,0.4678773975496332,0.3584727928021849,0.4049128715581356
e7b0c7d91edcbeeceeb7eb58,0.4515977816530447,0.3908286556831515,0.4145892383536075
d12d8a5c260d6e457697cc77,0.5551403621056906,0.5056339141025368,0.4615821591906361
ad1c4852f2002fa043f5fa04,0.4795171580661522,0.4321788835528003,0.4474238366575712
2cbf5151fe7544ed38ea3df8,0.5338322454378869,0.5037788823768421,0.4653946302648838
d1683dc593aec7dc3394b0ce,0.4375407311468658,0.377766484015505,0.4023236902945994
39b57ae3546a0ff07432a20e,0.4527550674129228,0.3758319811039987,0.4240518567010661
2310668218c7872c27762cae,0.5235268287629944,0.5256968454406203,0.5267865280591146
d49eeb7c1f854b0b3a86153b,0.4918909024810633,0.4370832214119545,0.4272237896772374
90b553869953cef3974c7469,0.5171150347756682,0.4611604395418677,0.4847904986112976
dc6b2c6f7275c25a4c26140c,0.4626811515709785,0.3843237230584795,0.3871697118954497
2d3f7a04377961b4001b675a,0.4998804106643309,0.4150614350684671,0.4151587394721973
df16f5ee3fb42f839e3d4842,0.5216788776148353,0.4690332143654322,0.4319266329977811
0cc0eacc087737607d5c8c1a,0.4992177232382737,0.546255632533018,0.570281983017867
7e4339b84aa1430f8ffddbda,0.522554966524443,0.4999622276839012,0.4825961643189859
9cb6af1f1bf8c064cc256c36,0.474238489837348,0.4159417838723773,0.4183352074186559
4fee9e43618d2414ccff97f7,0.4524252120257386,0.5246257855217079,0.560263875894767
3f1a3ac8b9f5fc7b861bcbd9,0.4378323160163986,0.4367272131143506,0.4957628255139948
4d65e858bfec222170023bc8,0.5027930685823141,0.4755414701118075,0.4607087425587426
401084d63532f41294ed0b30,0.5199497876802536,0.5495143683189304,0.5586677292104765
e1d678acde4808caa6d96f2a,0.5230822429740856,0.5312314923234668,0.5343149037987251
21f5bbcdfe36945b8b81801b,0.5373389776367326,0.6099868997870006,0.5706007542323562
9e3d34286797e400238ea9bd,0.5025627673806706,0.49677502041529,0.529919310140436
f94c65a593898edd30507fef,0.5076550061809679,0.5477477474726181,0.5406915883758984
0b4f79fa7e6b61bebdc20ae3,0.5917994216550608,0.5229337082349821,0.4557464881147525
5cbda668b7917b3ea9f04aaa,0.5743050580720078,0.671334762715266,0.6128477913303682
f2ed9ed9adf65fa024c47c4c,0.4732325688645987,0.446019728460194,0.4456727015153014
e9a273a221155a1655d5bc61,0.4346626931986032,0.3712363776751318,0.4220194966725042
426627dd305440d917218097,0.5258259461744923,0.6262542627656255,0.623014000111069
e6ccca1a346e743f902ecc64,0.4436360246975867,0.3729066016984055,0.4051188429830055
1b6c96af05f40705648e4dac,0.5425112344383354,0.4342694236723297,0.3965428972711381
a57181ae0642f655129f4f80,0.5923239573958098,0.5157644435927374,0.4529147037356393
dfb72bf8e4af563e5b44bdf1,0.573897414271479,0.6893026182762171,0.6370085058529571
0027ff3755f266318ec7019e,0.4666806304466053,0.4028379722588915,0.4009626596764294
53bdb9a41ce56fd0518fe66d,0.4596849259865678,0.3897559824611149,0.3989989789344107
a16d6c7d18077a95e486c129,0.5377218594266449,0.604169666150685,0.5887092463936314
c8eb2d89d1c632a09e17e311,0.5002430589074307,0.4349564416226431,0.4093918915093449
52f6b0e0645d6686b31b6459,0.5363568757396979,0.5904896354549352,0.5928372499747001
fa9e2847fe43e6f6a8cf6888,0.5141575294481469,0.4955130122172184,0.493089023517672
bae5c5f9a4e1dfbb9b240768,0.4736506258740174,0.4482320143069237,0.4572211881274706
e590ed130b19dd1e13f9e520,0.5820947210417337,0.6417927168470375,0.6049592477740631
5296f9a0d2b5b83bb71b28ee,0.5370037807707426,0.6148473415129672,0.611268343445847
348646d4ca69a27cffad66bd,0.5530091601166137,0.534602502548592,0.5220795745568443
8ec93d05566e8a375c41b4e2,0.4969778976109973,0.4751282024667989,0.5245165957094411
2d369ad9bcea65a8decf6da6,0.4885405047104585,0.5083836408642998,0.5224353900862436
10ac7c7b7c281ee77b5c386c,0.4927687346042348,0.5213908701767569,0.5483944331563929
cb8bd7b8696aad263296322d,0.5314435989706107,0.6109599165144093,0.6119481686597159
59e1c4d827537903a8a0748d,0.5344712206506731,0.5247301202588708,0.4896616627167295
ce63c87562421422d8f5f9b5,0.5048423128396545,0.5517154407090245,0.5726716098588369
6c025767a671918eacf50ea0,0.4909072474196442,0.4812604210925566,0.5123536286507092
c0aa192bba0ea1c3c5af9184,0.5698320888463905,0.5105601184015537,0.4427337203614455
b9eddbaf04fa5d32ec1e8b78,0.53520418305837,0.5859721269251952,0.5843183121497344
28e2ad1ad69afb761225eab6,0.5303840735376314,0.5786746870434952,0.5934869159679941
5e6d7e2612b34e6fe3b976b7,0.5352960748999763,0.5500256418160376,0.5330584961693938
8452679a83778e641a83ab3c,0.538769361322969,0.6070053151783807,0.6066334744005968
dfe7288283fc22776d17d851,0.5451186632429421,0.5934990172301144,0.5998180998309062
dc083b1e9aee28f5d2feb0fb,0.5470240614452485,0.553696663069556,0.5366059930377068
bcb3ec8cdddce04110680485,0.5093478445818502,0.5320887622329389,0.5497232215687442
ae7bca3636a570863516a1cd,0.5433191696655769,0.6080772084875803,0.6022054152359622
e7f4a18ea6c65a38ed75b73f,0.5506576866816436,0.6648449157975097,0.6321386040681873
7fff513ad162acad4fccfbff,0.3957140895183043,0.3837285179472999,0.4581060735407162
959d74af86475498cdd96c9f,0.4568010623191532,0.4466462533189752,0.4687724562352171
f53192055ac705da3ec7a439,0.5085052549140493,0.4761203687855285,0.4941587758808191
ad06966ea466ea0d34eacfb5,0.500472135508621,0.5213314770056483,0.543926560705757
032de7420386bbc296e4663a,0.4855234901293865,0.500746589822994,0.4982993333846115
8b2dd57502013776dfbe2f21,0.4835525046425751,0.5438664497318724,0.5762002517694671
46c2e09b75aca7032d0e95b2,0.4706577261159971,0.4040193022248431,0.4073756195420821
268eeda91a15d313a206b19e,0.4871962619476255,0.4748481698675529,0.5111499623744784
b3feb145602f4a1a3118bb21,0.5308579881309564,0.5009138140610119,0.4904647205532849
465034b4f2a6840c17359e31,0.4557125320724038,0.4385109374885161,0.4398398401723525
8ff4497fa2a95df4adecffa4,0.5288848084433643,0.5349768529993859,0.5279612691949283
304839922162a22ec67a20c4,0.5865509471395586,0.5314271587469388,0.4837216766279665
4893b5bf776dd65910a4f48b,0.5865509471395586,0.4928109217758779,0.443855825417379
563e2e52fe651f9289ed2965,0.5261711198169672,0.5318754699696033,0.5169826251643004
a17738918eea4b8e00c7664f,0.46398070030075,0.4170651782809303,0.4659928548912962
60847a99d51a9eaf2aa0b136,0.4213031701174803,0.400298410867336,0.4409251783589527
08bc894cae3428a4fab7dbe9,0.4437446563270525,0.3987974299675633,0.4112562156754992
0d7f6787057db85a190104f1,0.497286030190338,0.4237784343571747,0.4456568454153314
5c20cc58cedb24d715f7393a,0.5086114591359212,0.4944647096348422,0.4676658181110326
cb2f67ac3b548a9df77b4a5f,0.4884661357549574,0.4943200471083239,0.5118938610785574
d4a7129f5f719fa2633b1967,0.4797442026271023,0.4035994796511195,0.4223265428259183
184c34252aec8eeeea02ed5e,0.5009675916653361,0.5909735067099261,0.6167844530023703
94f90b9c7323220e78f25df9,0.5317205467707656,0.5818162267837697,0.5801930288182133
778afcb097c9e4ac583f5925,0.4746587636560638,0.5039527661002638,0.5309215436255937
3da644616107d375b131cf81,0.5037161681690123,0.5613427417713439,0.5607160077821199
de1e98119210419047972600,0.4850677263149868,0.5252557168783449,0.5279988230854511
c09b1d67fee4381bacdf0073,0.4731397814546226,0.5106368612892161,0.5193355236750997
cf2b59671ef58ee837f3c710,0.5333935063101913,0.4936789987349783,0.4996950650380151
903d33d2d10e3fffe05aa1aa,0.5401539973122638,0.6125004285621132,0.5850627572543556
a58c0c6eea9e93e5326c8ecb,0.5175589505107687,0.5930557761561406,0.6096279053833711
8bfb8b6b2ac66cb7740e6efa,0.54622238100319,0.5077270737637991,0.4958526255905336
5479a497874388610c7936ae,0.5836341887346594,0.5285355856435165,0.4696295067478713
2c623547e1a2828ab56d8fe3,0.5332157083045475,0.4826164168021514,0.4534993466339287
bfcb71cafd37265429ba5918,0.5645116164666691,0.4794107771693495,0.4389150457568341
23076a2bc1c65b3d278f0996,0.5257290631776418,0.4871399941565169,0.4911802301436361
b27fc8b8da782c7f69a479ed,0.5875709368845905,0.5127413751718293,0.4459274299285983
c9925e8a97e09acf8a72a2dc,0.5287622743222762,0.5937944913059505,0.5877418596610903
43df5f5c3fd9a4a96e04f4a0,0.55707344967476,0.5110626760291292,0.4910600482779255
9faa6f70ace5f701d07bd583,0.5990109236885748,0.6999805594633196,0.6228381518263192
46b2957c84f20da5110f52bb,0.5215158825985471,0.5944465783710882,0.6023116510952269
0ec218bf2c16fab7b026029a,0.5561712571804054,0.5886483016078583,0.5734335236539306
348f446727f2ca9aea4de8f7,0.5491899396342786,0.595958020658294,0.5886757384763684
591e33ba5d92a8bdac785b70,0.5556518979134605,0.5011361650396812,0.48887871619975
58214b4d9d19bd72392b28aa,0.5139954734657893,0.5559475364297509,0.5774231108838102
291b7a0092d8ab57ea5d35c3,0.4915868899651502,0.5402183409266379,0.5671217346894819
94ac5abf51b649701d8a78c0,0.4836751282040555,0.5734389474167713,0.6012048472601021
a257243e9ce738934ba75ca8,0.5497626395051245,0.6077788534716154,0.6076522371904933
e6b703a1d4a0481ca342e44e,0.5030122261600255,0.5002441565516439,0.5333059525267317
2a2a9314accbbec18969d392,0.4986644313747517,0.4942029559228194,0.5189815609381027
61f3ae003607131b648dce67,0.515187797485911,0.5088654635149619,0.520714329137068
37dcba561c706bbe2abd56d8,0.5340990780432557,0.5373132344662951,0.528556851648361
70924500a6a2f20da6dec873,0.4808006278829233,0.4517769624293548,0.4574710219390502
f5cd42890b2f9527be6b7bfe,0.5490212415465093,0.5710658322623345,0.5445976927457812
30f8e4f15580de73e4369c1e,0.4941111661248454,0.4426369004182168,0.4559318155040581
389b67fb22e1498b2aae53cc,0.5593937468565313,0.645796832939668,0.624602545980192
2c3703fbd4b9e9aa1e51afe9,0.4756578297621191,0.5316210892241117,0.5683640386766375
b821b2b98dad2b251c4af713,0.5315297503239662,0.4729361626016647,0.4779982351381061
e932e22660f4688f766deb8a,0.5030035823628864,0.5772826351784295,0.5955939782554128
f661f725e6d5df26b838e3e5,0.515244766578793,0.6378073357996414,0.6229736988399444
0a471917b70887c3b73d8795,0.558140111605027,0.5803624740801963,0.5507588552202012
ad90ad57b34c1e839e413358,0.5312672104814711,0.6100507930750059,0.5783383707449629
e8e1d92aae2713fed604bc5a,0.4665665338088346,0.4075536144538961,0.4288958343543247
a958f4dd4f7117a2a33b5f07,0.4843016541959852,0.4566019761132268,0.4609903575880599
4e8b1583e80974478368f36e,0.486057580265178,0.4736662202530048,0.4819194231857383
8945e0115c774f176342a5a3,0.5593680566286194,0.5092533838233929,0.4914659981819747
448ed02d283264b4d5caa987,0.56777417904698,0.5819734927728331,0.5412312827561803
3dedba78e62dae414f67b73b,0.5515672330950675,0.5809307643235366,0.5825418464078473
ea7d9b0f84bd1322c2f0ca54,0.5224933388072981,0.5952071488920117,0.5968944908928775
a3a5b047e48f4f4d023470ec,0.5229696970843977,0.5839281501869362,0.6028335883631732
9a1930c1cfd72dcc2bfc8d46,0.5502330424576088,0.5262323396308075,0.4917611735870769
37f457d67e56c0126023e8cb,0.5122163288159083,0.5774902235466589,0.6079317103149988
eb4b35d540cc977559bcc0ab,0.5279846349937687,0.4935788887552236,0.482819840920397
c545ef9dd1363695c583d51d,0.5029915056059405,0.5363544203797529,0.5460179915176167
2989f290ddc93c735b0eb9c1,0.5681678634150964,0.610133983509857,0.5435582090779221
1492cce752be67d73d39c5e8,0.5548759314047014,0.6021186312580912,0.5980202612270662
2297f361edbdfeada2b5e766,0.4951097959043681,0.4837680444829862,0.5188790957061319
004de304a4c13d2d6976bd2b,0.5139120530225759,0.5799128850968139,0.6016402700409833
c52b1e3309c698fc83fc1e60,0.5745192843101684,0.5338785345452697,0.480980149745791
7c7625f34ce6effd6fb87589,0.4833534807580115,0.5366857118951762,0.570986275085147
c4ffc80f1cdcc159001e90de,0.556867984498889,0.5601893393645274,0.4895186004020321
1b0ee5d0d38c1f5949f435bd,0.4805787570797557,0.3879869128784727,0.4042695077884987
73117dae09a8a6856083b6e0,0.5463555258032824,0.4937970385585576,0.4636909832892841
0ab7858f6de9d9081d1a5caa,0.4647920366278443,0.5384948723281499,0.5739844269499431
4e0419c6d0fadd7d7d94f73c,0.5503849961805982,0.510624234753811,0.4879889709509059
8ace3a2b62ab670ff9812fda,0.4684342598947454,0.5368906566705359,0.5691680734346867
6f072911acc7192a4edb5dc1,0.5344887785415038,0.5943848877782447,0.585965459948814
990ce76c8f69f2637e9f5d8a,0.5445610192427605,0.5311515599435026,0.4953945872585003
aa692bf2614e3cd772d03fb6,0.5065111703554569,0.5630194932169618,0.5979896315841885
446476605e60adbb362c7329,0.5639769824803686,0.6193672301177762,0.5721275559962031
953cfb074581dc6f6fb39f6b,0.4994997524279336,0.5883495817533256,0.6121365453453765
9adc47c8e763da3d24b01588,0.5000207264420405,0.4711499709722892,0.4709892466818171
6316cc27214aac1c246d483a,0.4535712278326924,0.4065324041036471,0.4458313200089757
dbee5d48fb3723209f5b3671,0.5329866082920336,0.5340981368505947,0.5114561201248667
df503088d9afab932527971b,0.4482882788974759,0.4075738940411527,0.4171203743202038
4370db04e30d2821ac66a5ba,0.5638095256846651,0.5047587327005517,0.446691880650338
96497a0f8cfb1cdb3df8b0ed,0.4557784875847638,0.3781918518381903,0.388599537516393
f46fcd1f4d43af8cfdb4d2e1,0.5123852175241009,0.6231212474885051,0.6032561771826533
a0154efd18a087a3b155db06,0.5458022607851025,0.5466382175799643,0.4933684196682163
54a8d1ebb8fb9fba03cc7dc5,0.4797236413634155,0.509254226616656,0.5468444780701203
206ae8f42244c1960b45074d,0.5819858500376003,0.5669507322624832,0.50756576340241
895c2c2722eaf0b26269f924,0.5127883545042198,0.4846172124823809,0.4983042021097771
869d2b2ed96709a61ab4df4c,0.5433750243153677,0.6186931954262966,0.592456959030176
1587fee74024f07d1e12a6ec,0.5171026887647178,0.5190305295837339,0.5188564228188249
ec9b411fc5927235e3ce3fdb,0.5537611365204202,0.6288618234654444,0.617471742447714
9f6f0e26b58aeb2cffa19ea3,0.5175095370108631,0.5180610568814373,0.5467623129366278
ba8df010c4f77d96963d0567,0.4854016677442828,0.5646855655825171,0.6032409242331811
00b1fa6753fa4f4d47bf9b98,0.4943876990651762,0.6208764949171455,0.6236460832187076
4f592201d3a079bd6c585d2b,0.4953780876778182,0.4607286180201889,0.4722029937849733
102097522147c016401691ea,0.5456716703225343,0.5317151390514995,0.519922725325213
931ebf063ef3f09e918a4dc6,0.5446639136297169,0.4640016673284928,0.4364281007657761
5213e3b5676fbafe8e202820,0.4635228783697739,0.408164664954834,0.4277743572383891
43c9a3b2ce4e19100a3bd4a5,0.5049208066246456,0.5442243571391069,0.5594030010122097
5c4cd436752be520fd8b7760,0.4417455266132463,0.3781438914539954,0.3931748766629788
6d3495992b303211eb21395e,0.5397944508729051,0.5219022312768419,0.5043131954796178
b728e010581074db64bd6573,0.5407619562007546,0.4649841544935444,0.4389070304748034
02d56773eb301fc77b9434ad,0.4955986194191841,0.5374587485288898,0.5324785050817473
b069300d26498c055a58062f,0.4483237705895605,0.4254357364897635,0.4827987716682725
2b0577d946d4e7b993caca2c,0.5365872542248561,0.4759505951320169,0.4713562830162472
c209796f5b5ae95b35a17eba,0.5492902730321235,0.5584913620003638,0.5528639741638642
e84f35bc9e2b5353cb9bba8d,0.4980103625699014,0.5896509860134721,0.5938816035388114
aed63a44578cec8039338134,0.57153444291175,0.6374098748776893,0.5977690000981031
49279990da1566ff89689418,0.5232587931689756,0.4588675838154639,0.4562754470033875
a47486613bf5a4be0baaaaa5,0.5360838948321951,0.5568870975940481,0.5466046538468649
1f0fd46bba6bc8e664948ff1,0.5906454577403484,0.5221625183262486,0.4774121629534295
306bdf2c5e675e96ca95728f,0.4981196133809529,0.4853329591946046,0.4959930539241038
fea1cdd63c44b8c8d7b45775,0.5270991039356935,0.5149883320118155,0.5270219501819142
3fcca47ae11c379b552c5772,0.5345627071791289,0.4342793423993607,0.4151717281779833
a3c26be6c7e9eb8a0c53deff,0.5358548941689457,0.5319235975258229,0.542415771064439
c1b9504609c6ffa7fd116603,0.5209414061475012,0.4771606745547759,0.4438016481318549
f95050d048dafda5ec7e46af,0.4551855582308985,0.4032197657511827,0.4482592075363112
3fa8c488b964dcc2e7cc47d3,0.4551037002136833,0.3652299346333721,0.4230270403333538
891d2d3a0345ca14128622df,0.5145557192105574,0.6398392078719085,0.6213155919697201
387758ce6c3229b745a5ba99,0.5550004472721756,0.6063990981273593,0.5581477219153966
fe8141148705a8b4f46aaff1,0.5595237373447628,0.5657635021545091,0.5314931297031091
0c533282a8c8d52f58ff1e7c,0.4814993739761806,0.5953366808256141,0.6097693941089382
a140c46dc65b347232f08e1a,0.5603694308651402,0.6317028074859516,0.5978856727221675
9efed803d2d1cbd2d999533b,0.5560586508192958,0.5524675176136071,0.5449754952478509
69bdceeb0428f410598ca414,0.4947526432848907,0.5236562314295076,0.5421048815178083
861da105187f02cf9c61a0cc,0.5258954119559349,0.5272613882102851,0.5198168085138246
356462b07619db6001cf00f6,0.5141115359084083,0.6240005130440124,0.6338305297587017
6b518d2db62e567ab42af00b,0.5422513622566445,0.6220967372223902,0.6158443958277096
5ccb7a732e1b9504952397a9,0.534846077774199,0.5069549815773916,0.4810985403158572
df8ba9162435e0336edbfea9,0.4952838358872896,0.5274996054786931,0.5247529988691333
a1bad1b0df10c7a822154cde,0.4993892677075011,0.5941802903289217,0.5911131168609893
b6c52de5d469e11b4daa9b2c,0.5624101994910673,0.6029605831923699,0.5598933232202673
39a3f3c1c24d5a79a3a7fd7d,0.5247182252482283,0.479300598216608,0.466373552787533
18c208ab76dd233166c3b9c6,0.4892490051319497,0.5288258978441498,0.5691680734346867
a54304d13a7c741b5d6026f9,0.5097526656243581,0.4295869859022341,0.4546989400670729
6d23f0b12d29ec110e05940b,0.511738572649374,0.6094685589544745,0.5963376936786746
96bbfb3f969d32942b36c829,0.5150026536863196,0.5661587585349809,0.585399742965447
d39f36ef664a96687a61ab56,0.507077614892896,0.5300792473785291,0.5222308884411744
a699a19d38ae81cb861bf897,0.3985075699504279,0.4075455067908913,0.4725265066479287
cdf3af17eff5e451cb2e62d6,0.548473490176799,0.6050893619522961,0.5814491912349045
cc975fad2d4fe3132d374ee9,0.6087386182649104,0.5810453074641332,0.4786504715073013
d1acf282bbcdef5d36f51a54,0.5937679799497542,0.4995074629875323,0.4253325528362129
10987d39c6f74b37b430575a,0.5338537992141515,0.4725117753925528,0.4438229723164515
0cc8c45d721ef250386ba8bd,0.4632096315950673,0.449073113877365,0.466401827397088
358c4028bb54d845eeaccce3,0.5277985552310872,0.4350837828077903,0.4420202062665233
7db5f7bb8b176a4ff9b8163b,0.5243083311142971,0.4679869919097368,0.491476512302288
88f491eb8cc5ea06ceb2cdb2,0.4388068053822159,0.4043735805674992,0.4358516983942165
2fecdfa13db3cd7a31758111,0.4294802059149758,0.373831193748545,0.4207257873727882
e526e35a738d59cca264e226,0.5248513187549596,0.5273715382301511,0.5365997845048851
9199e817c09b0db74811f606,0.5646832073767094,0.6019049001219942,0.5884282337656453
0830e00ad8cc86e2e3659ad7,0.4975374136362736,0.6171004887965341,0.6187560833683672
6beb2d78876df324b6f4b5eb,0.5060170773787848,0.6063390688154785,0.5966642456581475
ba6cc9f39f9f9d222e2350b1,0.5263706543105748,0.4955275027166576,0.5041420601446521
6d8441e678706ac693e9e3ee,0.5076447221347488,0.4550384588981135,0.4657940017399943
a07ec2b19b4eeea744de962a,0.446532763697694,0.4423473028528339,0.4536141704240923
537a5a8f9be891d4b9d69c07,0.495429240311786,0.508397042175117,0.5440885668337163
c1a38a5ac8367bc0ebdf1792,0.5165746168639845,0.5599213689364193,0.5876837798850632
aeda072a8408da1eef3648fc,0.5070332760550836,0.5513101345088054,0.5547543900519109
0d71814058db60f39020077f,0.5020200192119447,0.5332576352364954,0.5425949967627884
fc0de06e792aee57132cfc3e,0.5334886273171505,0.5466691075510598,0.5283190234889454
4475374cd165d1cff54144ef,0.507988420188927,0.4639496340658252,0.4328328083752807
7c3bc058b79c88dd18fac77c,0.5237667237350668,0.486234747121548,0.4654841241397868
20fc363b0fc13698cf6f4217,0.497133055871909,0.4791310820572166,0.4643236021725553
9968a5ea57d091fc692990e7,0.5587684396032477,0.6637667018293024,0.6339803590038798
effb40aad49195631f7765fa,0.4271312735723399,0.3893263507844562,0.4366740934123369
f50e65178076913d9b7aecbb,0.4757568903369593,0.5279037332886951,0.5548579803638262
dbd0ab48be5af2c00190dea7,0.4931723094496949,0.5799776556573263,0.618382058100832
57f521cf11563d5391c4a722,0.5159727571013598,0.6007759440618262,0.5861151739523657
6fe607d21c0efb39fb2b7544,0.4731410315601978,0.3795035782918459,0.3952538777703906
675f7f26a81387bdc4530ea8,0.5316777909336051,0.4302058438110326,0.4351625337172581
85f3a34262a12412aa09298e,0.5498812382044062,0.4979527147375793,0.4651543939649817
dad02f85ff9a46e8e03d8f42,0.5960247083004719,0.5027013788451556,0.4498030342811437
cdd76669b06792e9608b545f,0.559548264389248,0.5278774977019419,0.481615765985978
5508550243578e7aeafcd63a,0.4938208462256319,0.5811292219694428,0.5969232110335332
7000492582dc38427cd5d87f,0.5708336966534829,0.4717035111882923,0.3997856519310409
dbc64dd73f97679b5bb76ddb,0.4966410056298906,0.4601606291928237,0.4978526318283676
e275fea90803ca6ffb91e555,0.4836069952492551,0.4153059520993352,0.4169788217194715
3b40ae2f6e57686c1ace7f27,0.5562277479878152,0.447604048037008,0.4129753915453689
b8efb459114a8b7ba715fcbf,0.506586344027341,0.4756021799300953,0.4700768678549374
f8bcd518b5e4211c1fe4b60e,0.4860024543977747,0.5072700730241422,0.5172885985216933
1d1f289e13df30ea2d729507,0.4612548595589267,0.3879177087697019,0.3898844239149052
9f9d41827e0ef64a08312af9,0.4978170878957794,0.5815625656203229,0.6213097852919759
58a2fda8e3b69d420aee923d,0.5931240063036476,0.6419154908520088,0.5949976377079289
dfb950e58246a5c0b5889fd6,0.5931240063036476,0.477413598052015,0.4296819536371969
2081cb745cb094f402c87b40,0.4292266244082322,0.3935664862094704,0.4256582097630162
a7c92fe69d75b31e9b6a7561,0.4922117092060311,0.4203820529541963,0.3984639387849872
0e9db5784a21775f50dcb201,0.5000151795520988,0.4036100513571599,0.4035768206458176
49feadfb01aadf7205428871,0.5083869710322322,0.4532879585053482,0.4282816425978033
97a584549cf4264ff3255a63,0.4634344529443147,0.3927459921781304,0.4019357321138581
337673f045177febbb32648e,0.5241006194349787,0.5125079858790548,0.5257979508490356
f2ac5b8743a4e2385cca9c0d,0.5264225988462347,0.4935749185386495,0.5007936045853952
af03b24064fd0c63f4661bda,0.403901223073961,0.3545072586454081,0.4195882700678829
4b42dc669948db08c383e676,0.4686806395120144,0.4705706896072662,0.5111722315677836
7eedb761eb5e54011d633b36,0.5152825796934134,0.4578726511197765,0.4214215800927862
78bd89f4e6a031ec3f721d75,0.5224632793239758,0.451102947890532,0.41768016349274
8cfce3c7922d749869389e8a,0.5249595273078284,0.4468051051228935,0.4036810636646459
8ac8ac5a829b95a5f5aec4e9,0.5049531410895961,0.4452654460596372,0.4676436126257968
e5b905e4885703fc6c652018,0.4102357420197011,0.3428278886880737,0.3922253928587306
1e1707dcfbf4e926a7e472e0,0.5312414110108775,0.5757485156658309,0.5506237294402385
cc400b1bb9e88ab4bf27a417,0.4218260655846848,0.3604393513747403,0.3888526559696841
df5079c473d1a734ef699dc5,0.5422021474151756,0.6861689499347579,0.6531452124098314
fae418d940ac402f7a97e2eb,0.4546047816736022,0.4246943469905021,0.4427701894107265
1a5509d9b735c2551488d5fa,0.5555400551911378,0.5182898288840848,0.4828656093123447
17d4976a8c5bcfa4315e9078,0.3705491845794283,0.3119558372521736,0.4021922965959818
4f2330d6c29452a9d90f118a,0.4496321679123062,0.3797502362962687,0.3942831104020693
bff7da52ab5dde1a4b90116b,0.5483549505291673,0.5098133165756625,0.4582954288440543
93bd9fb1d09315cdff9846ed,0.5031924175793256,0.4753303220217241,0.4483527650857918
02ae9884a603536a8a91e106,0.4939708735725095,0.5503157362762412,0.5493603406079288
6195a7877455e7033b132019,0.512601020021878,0.4386051598867224,0.4317028790840462
9396487536622681db7acc12,0.5343475321226586,0.4515846829196836,0.4530266855392433
62899556d296157232caa164,0.553169169465206,0.5070165165871631,0.4638741503197411
8262a70bea484eab3ad04b99,0.5594671257030687,0.5515558804397022,0.5058011940954292
57a41d2fa61d6955bfa7fc6f,0.4829436852727155,0.4925889564821315,0.5016385513606576
2d85d44045e15ebce4d84d9b,0.5014635067908203,0.4291331993196797,0.4142552833826973
b0b6743c7e74a609cba4ebf9,0.5117644306072491,0.4813629918971347,0.4670745694723018
c70da612873d31b56be6ce84,0.3870418927138289,0.3398346703663177,0.4270264374597417
69b4984eb8b8dcef9e1f1c37,0.3958792959635055,0.3554213656717661,0.4051293012911821
196a4d5a562f67954ca50a7d,0.4640916393360744,0.430621774348535,0.4420020204295045
8f6baf3e24619eb2af0daea3,0.4233693074179057,0.3715246921413447,0.4028855567885083
36967cb43456cbaffe59b7a9,0.4455813316272325,0.4092420376303948,0.41987234494447
1df6cbd25b9a64362203cdc6,0.4349611199319305,0.3872073359091526,0.4143063945153103
a68a7b46a540bc87013fea9d,0.4405913051474966,0.4939450410332612,0.5258206757164061
7c9ba863558b461c15c377f0,0.5278260061219914,0.52646906959136,0.4928722445845219
b4e7c54ca1f123ffe77fdfd2,0.5094900800345665,0.4241347315079697,0.3982447574246326
b3c50098960f7414318394a1,0.5579045041536173,0.6350445628172876,0.627090167976951
ae88cb5a3f5bafec756060ad,0.4187165386167006,0.3518534599069653,0.3952297080564968
df2c5f2e36a05110edd01199,0.449892165705108,0.4007907729525108,0.4132780574661419
c68327c79124bcd2391d7e5a,0.41317054145039,0.3396386200604698,0.388835554468218
780df17d984e122b54d22fd5,0.50110671033129,0.5113338286650332,0.5508378065735803
7d98fda06f8d0aba396bfda9,0.4393188103118012,0.3908505312616132,0.4347213962737516
e31d3a002d43703e673985d4,0.535297516068238,0.5565605673728369,0.5599721970262559
3d8f4223c30f93e9c7d82adc,0.5197013670725369,0.4517028338907735,0.433691995989932
05eb9917e9b595548f98ffeb,0.5021869382257238,0.6274391329726233,0.625442929349431
574111b23f7292f3bd802ab0,0.5617617741055349,0.6140856546952969,0.5912297513146385
a1dfecffe2a48a4b7a34dce9,0.544503160411192,0.5734384172461542,0.5612444134105092
3ceb9eaead713c120af5ebb2,0.5397476814923368,0.487685595018117,0.4966105789295969
638fa5f5a362fbc4833b5ccb,0.5756156311824938,0.6524966295510517,0.6103581587809959
a1168395cda4db22115eb07f,0.5358816411536304,0.5247804043314899,0.5381059580278356
8125641df8694d55269c6d0f,0.5018234753677399,0.4933820098964806,0.5118960968583706
56805b246a8b0def59114c55,0.5154797863364992,0.4757981563476627,0.4820553432298646
768e8b9dc989f9c3f724e886,0.4832582278807711,0.4918843699229028,0.5082008017040247
536a25d89fcda0c7d7903f70,0.4327536540862449,0.3738653113532247,0.4023819306012622
f0704dc703137aced712463f,0.5354065018232816,0.5272272763065298,0.5103774628292581
0af7c4e01a0dd8a30303ddc1,0.5002355309051806,0.6070137160874529,0.6304979548160685
42809308e8b5cf3c65a3fc0f,0.5313842766191936,0.5824675333317035,0.573432954787222
81d0b9987793e1846f259360,0.5011824043135059,0.4299789755373692,0.4366669691754128
8c00610709a466acaff68f8e,0.5348560127680182,0.6227694771762939,0.6031464142868215
180aa188fc53b9bbc64e5cbd,0.4751932345522301,0.4943804637862975,0.5572831643670333
046dfb322fdaf80fb342dc51,0.4132045919461722,0.5211339973403754,0.5802235343320504
b1b836fdbe77307116a58d85,0.5205831779296546,0.4131228649905131,0.4274429312752464
35b8d92fad9a992408cd6e8b,0.5487622264332574,0.5092587380419106,0.476534185739029
ccadfe90edd5d3bb54e1dcf4,0.5347472394443078,0.554088619129544,0.5179105226512911
d4edbd4fb26916f10e24050f,0.4412739570486985,0.4044000384045956,0.4437439496881448
2064cd8996c97adafa8158bd,0.5024521997029066,0.4266062376331039,0.4017612527678215
801c7af3ded030d48844e066,0.5471481568622113,0.5333377504496296,0.4821497537822546
e305fc21fab42c42817d3702,0.5593393050169194,0.5759206495495994,0.5625430589416006
0695cb39073b0709b8a54331,0.574652861308874,0.6550236351179495,0.6244556803964423
a0473b82e0c508dd16aa687f,0.424448466328806,0.3967462112188145,0.4357133736382692
c029cf826d77d6ce77a6bc5e,0.5629586331017774,0.6934796039714681,0.6206249927372329
80be25bc262d21ec99dda68b,0.537189715514969,0.4709887865655729,0.4329329013169024
1c2a4c51f85a1d284a657ca0,0.4399934909824807,0.3978953340176512,0.4209505029373805
9f6a625b949c665051134039,0.4752601006097537,0.4526055070727677,0.470279700855609
6d1b156a60f5c5c0260aec5a,0.429627619088841,0.4678105761950953,0.5512795187682095
0d65db32237f30e2ff4418fe,0.4840239499334057,0.4617227772592476,0.4832152482770823
ceca0cfb7d5f2fb8055546c4,0.6035887341268374,0.6333877661582992,0.6017395671117645
d24954fde86bdd60c8baa78e,0.5418536142816972,0.5527125314520286,0.5589456962237617
d60632a1b384dab342e1e421,0.5317112316366531,0.4440665941070778,0.3962883909062105
6cc897e55cb66fb78e95408f,0.3953044228907745,0.3555046885870033,0.4122759743789662
ac24d13942c40435e337872e,0.4370300346391358,0.4041262400465897,0.4458233072777012
605bc155193a45cbebd5be1d,0.4890651816552935,0.4216275116793364,0.441756226775685
a05cfb963bd1a9a92e5bb253,0.5105870542551295,0.5109598802171857,0.5056786011510241
586059a7685eee5bbe815f1a,0.545408402419506,0.6347188315988066,0.6137723981645841
c37f7358d534dbf3b38c9a32,0.5075853977140462,0.4690959605069107,0.4749592155611738
25ea1954eaa361ab5a204c46,0.5341711015033161,0.4893252501597745,0.4715154043876025
e1e8eb625bae11819642c475,0.5060780755393989,0.5636354548380424,0.5867190389817662
31b39e7205b72c373fd4125f,0.502437021997899,0.5288434541186943,0.5514656236686108
94bc5e666bf24f36f7ee113f,0.5559234480443092,0.5602170567164102,0.5404061252669885
384dadb778a165d9c04756a9,0.5043867565387479,0.4622563304341156,0.4934912057569556
468ab46c6716a95a0701b625,0.512494281903785,0.6364742351150414,0.628978566924177
8a98d59c67eb4c46f74a4655,0.549589872905033,0.6096440768186112,0.6009976923927997
4212aa16b56fdd7e48838de3,0.5160427616684184,0.5794406365605718,0.5613178998789332
c9bfc9089a0c76b1b482eddd,0.5403869310613585,0.4825225362093862,0.4650489834707659
b535a528ac92ebfbab621bd2,0.509626715551645,0.5727866225051876,0.6077620619844339
c916e85e7745b1364f099350,0.4934120666373079,0.5530410466898031,0.55416478759507
847768a3024f9ceb5c9e877e,0.5596409037269643,0.6072314618662147,0.5932655991079974
ce00f17ff22cb2bfa4009926,0.495235422940981,0.4828385637007654,0.4796572430285141
1c6162fbebd72895bb21ff74,0.4968167720707643,0.4639197805328751,0.4693592220996194
3d44da4ae14461b02d1e3d07,0.4751020235031363,0.4759500539207978,0.5163737651520113
c16d777edaa9070fa23f0cc6,0.5562871836959826,0.5440243814065894,0.5243503635649576
81fb43f40d341cec337b1345,0.5328692341656326,0.4340393892971182,0.4467470749411229
dca43015100c1b21b3487905,0.5138041737819495,0.5921192330565617,0.5826620906570487
a008f7de52565f9d6faabd40,0.513453594193559,0.4938195419408873,0.4969299869138971
f9366bcc515dc600a1744a69,0.453424202796324,0.5002539485182379,0.553361160281579
e3ff4fde5cc3cb55b708cf6c,0.5042903119585158,0.5784982114688211,0.5874529829293527
682ed457ea483c8712669e7b,0.5192944995278994,0.4151073516420169,0.4287998759771905
6ddff7ada649659ec9516e01,0.4994644678895865,0.5811342757764142,0.5889795334985493
e338043233bfd9de795af336,0.5247770870479531,0.4223348174810862,0.4162033243512945
1ca9bf06f90f402adcc3fe0b,0.4959100249393484,0.5171896590334997,0.5459136134615893
0d681d496403956b27e56aab,0.5637660090239622,0.5754076498786311,0.5122284917173556
fa8c30d965085d492f0bd2d2,0.5343444734640085,0.5402188883750694,0.5203000417063395
f054b7defc1eec6dac534094,0.5794442053441119,0.5956960152278258,0.5716295591281552
4bca748819f65b272d89bdf5,0.4880636909360742,0.5028300649521495,0.5059674771177995
ddbf547405bba7a617f0503e,0.5271260783667341,0.5915489726194549,0.5717098894705435
ceaf176f787dd3d29455374b,0.5304750514421787,0.5018652483421548,0.494839565012443
3658c889bff745fb2bc4cbb3,0.5337812548800173,0.4727509981787529,0.4233438641205418
c77e4f73aef262278d742e94,0.5088561362277765,0.4473065592315748,0.4432044738725495
05fa3c05c6ecd7ac0f91064c,0.4651930700145746,0.5682837577671169,0.6270972288281602
aa88aaeae6ad3febd74781d7,0.5290790942406802,0.6067034773919588,0.6080808560610428
17cc013fd4655bb553ab785e,0.4721151747754722,0.4052986754676198,0.4138374439807883
c161614df2adb97d624f30c1,0.4901494321648695,0.4430873495831325,0.4488059661098907
7de448eb7c562ba7b5118e30,0.4041867879835192,0.3594903669574574,0.4285654713555823
f9b2aaf5e0375f11b5ac99c7,0.5745828663928066,0.5701633697560156,0.5198105120397889
4b7ec34d47376ba624fc53ba,0.5088723758410696,0.5040495309985963,0.5175771263869913
ffa8ee763830ef12f1cd8e47,0.5478220879862247,0.5192369457407295,0.4706439448348435
cfba7f32f9da64debdb1a48b,0.5492932863413488,0.5592908083354227,0.5331938708915633
c3de41848da9f2dd2427e623,0.5392611798507321,0.5163517953828144,0.4983969580411057
a1ec5afea2789a911130448e,0.5123284593134493,0.4635732011748942,0.4444172363091239
3c44e00f443175f093eebab1,0.4702427321705986,0.5588752126152843,0.6051863769172865
943a67bc7ac6cdfcce414971,0.5262599102299447,0.5324603581865679,0.5324079593558175
3f6ddb12734ef417611ada60,0.5240107838381951,0.558864729852723,0.5611363304474154
07a98d2afe3cb1bc7dd25d6c,0.5407123200351673,0.5930951717121737,0.5571251439111123
a9813843c13dca84a2249b47,0.4786636028914091,0.5295459289196907,0.5778918856559716
df4242b189949d43b9d83fa4,0.5108384867306202,0.6173341371428317,0.6272803882719301
d9be9f3c856deb75ee644345,0.4881558561490661,0.6084077449209593,0.6016488184223361
b72af709277f2bf8114054a8,0.5166868590291235,0.4596567158251332,0.4776430148595496
3a1ae051a8b1df1539e4b93f,0.492152995531935,0.4678308354874883,0.4851008860595068
4b09001f57850ab1b6362a78,0.4349702706781225,0.4785182956655963,0.5571371704832532
f24f1e4c3d3f7a337608cebc,0.5379209099855567,0.5018325490001578,0.45697168194663
f1659cdc1268d679892eb556,0.5268159455598294,0.4288951512247689,0.4394116350813526
1192d4981697d76d84564207,0.4935511235647151,0.514572154996755,0.54612112306176
5d600d65533a208f8cc1eee9,0.4988439013067186,0.5352265231090195,0.5647089220576988
25f8d8f4fc18f3a3c6ad225f,0.5383569900482094,0.4852952558075731,0.4853008418070195
10d785b7985ca0f792e8d001,0.4696009745909469,0.3854928997456068,0.3918969003136264
eca70a31ad44887aad1424f5,0.4952265204939594,0.4424416828059382,0.4767785893450599
1906fd7e3b4eeb651ec2e448,0.5179563316550209,0.5254749769122269,0.5491216448358931
48f7cde244a746d2be1cae4c,0.5382473030858451,0.5539792536033706,0.5433478254320404
242fbafcfe718f5017503158,0.5186962538172726,0.4328448108346265,0.4520209049457141
c6c675dc6a36d7269b2f95ca,0.5072688681890629,0.6035293888370552,0.5980472319554107
6d29abf10cf04fc521975fce,0.4488659135485679,0.5030407146363985,0.5397575501367402
ca752c1b5a1c59a6a69a100b,0.5640567476711894,0.6586090432302268,0.6189238165668207
db4f07dbe01fedae8fab4612,0.5567403935231018,0.6287861018507106,0.5826791524523542
bc36da93e078cb269034bd9a,0.5324651100091414,0.4767989505717452,0.4810349388758431
21c64be94d356c7d4bd918b5,0.5349942207477956,0.5065070833179893,0.5140527400184625
03ca16322e436b93aed8d295,0.5321469194126575,0.5941662503312419,0.5920937539101838
97fbedb1a52b3dfd87df25a4,0.5747742359259571,0.5871741827627698,0.5242638232118493
8788a7ebabe88b20ef3dc6a6,0.483847814912019,0.4904626851128205,0.523679333274299
d58b61f04494976e1cf025d4,0.5767263703477997,0.6519654859542083,0.6244788308705742
bd92613b290fde9e5f9c469b,0.5387153719665791,0.4844380291582921,0.469460073017098
c9d461dcfc87891a4ea0b79c,0.5335591730471729,0.5530119563986035,0.5447652404354084
d4a20360d15fea7603b83361,0.5089654461899896,0.5751449481765039,0.6131864197194699
68f5daf77a9f72afd353c815,0.4668007655961523,0.4537150154060786,0.5093310585040979
cddc955867688701123b6219,0.415397006953612,0.3931589276398363,0.4443390040942048
efd0ca5d106be76fb4aba87d,0.5493925492637575,0.471924035359389,0.4755168947577028
073bccf56e4cae68604da30e,0.5289633730764858,0.6258807077073236,0.6006462146269902
57022d14e9e78f878d2c9d6f,0.5139263905838738,0.4825360338401839,0.4881024757472615
1170f147bd6233e6c887859e,0.4892512506794845,0.5885409482411648,0.623274369078358
a381d6b32a571605cfe30c70,0.521083485060881,0.4155040647134037,0.4375811589361439
0908ebf30990e6c433d86d2b,0.4843689266478327,0.4570179791054059,0.458921251053963
4567fbc73c4e20dce899e51c,0.5215358868160281,0.518754277954222,0.4901271192524578
1d6831d1319ec39f4342999c,0.5043303861949986,0.5403580260739579,0.5395996874697925
1fe7b08b5da9be11efb2627a,0.5275223045375762,0.5323963829670229,0.5572379916181918
e292ccb528560c31163c203c,0.5411078066932161,0.5838046193938405,0.5513358898464014
d363b9636eb91f6b6f1654b3,0.5345956459543433,0.5965926590186261,0.5669033348924741
d938a78996f764321292f4ec,0.4978067806514698,0.4699986054436671,0.4904473230763098
7c1b367854d34381c6bc31fb,0.5119936991153486,0.5852387986906414,0.5876344930812263
4917f5d30500fb3255973d82,0.5377821148481335,0.6276003978960059,0.622708440486281
e9416f41df8695945e2ee500,0.5385337388551531,0.5270664790185203,0.4730188844420626
b524bf699181d0000938156f,0.504763431956058,0.589265286036111,0.598921303352
1edebdc26a2a0d91d3320721,0.4875211362955226,0.4656045850895544,0.5126486584768468
372fd49fbe264ba9f2310d86,0.5084315880870431,0.4116417944217418,0.4176977600759391
53fbadeea5828b50a7cae854,0.4975270811434524,0.5941997075485789,0.6023673369439683
23a44f8fdc61f88367b483b4,0.4870755873664784,0.5264035129595178,0.531010273590591
d4342f421f7a8c701fa5d89d,0.4461498907296543,0.4003848113765927,0.4180569956839494
e34eadc63edc4b78f9a8add4,0.5140856941853106,0.5684210450706693,0.5896775923616928
ad44586d720c2dccda84f6eb,0.5162448992373259,0.4840948536115232,0.4995803634332846
a3c5d6ea4b64552363801f2f,0.4851929981795959,0.5048297228714698,0.5138098486114822
672cc9bebc102132cf431fb0,0.5832968864862375,0.4703955095216766,0.4408659301927764
5595e09513595597171a2943,0.5197423249757909,0.4819717540332047,0.506571265585064
821e26beb74ecc6228b41d36,0.4979098972619079,0.5890506649610568,0.5909909043932939
6adc965929e5785b1fb733ca,0.5190527256871186,0.4314048363961506,0.4271007330280613
e4e0dea918938324b4bf25bc,0.5098028371173859,0.5292285479029097,0.5488152950982375
3870a07108b29f056432f296,0.5260626992044041,0.5434340137574617,0.5213440583460998
6868e5f154746a9507c75e87,0.4825197906203757,0.594817369603271,0.5966929535726111
525fc77ed535f73155df2f8f,0.5122487881849818,0.6110893184790466,0.6070027219937337
cb8c2a5901df8207bcf711be,0.5382993962208371,0.5416934177686058,0.5518471781275386
4d645ef2f7eeec678dc90d92,0.5250722758450298,0.6044003200123977,0.6226345103424766
651adcbf2096fb74d1b489f8,0.4965879392893362,0.5082528965936596,0.5039946671097733
921e894b010cc1497a6c6b55,0.4601838584745663,0.4261517463852725,0.4579358079612105
0d22e0c268cbeaf075977373,0.5520038996543456,0.6665476363173409,0.609930195492252
e0233ea4e26d5f2cb6b567e3,0.538910569432068,0.5424385543353745,0.5394779847941599
cbaa8db862cc9f91e32a82b1,0.519185832651913,0.5511235144839708,0.5579198404951586
c7ab77907fad7b510c8c2e5e,0.5393148379057242,0.5152863909848971,0.495277430023099
96bacf1bd4c3cf7e8b4468b4,0.5145925127163429,0.5357346203371661,0.5301225395621011
1bf0179f01d997ea1a28fe9b,0.5371774277867115,0.5023512485787911,0.4569983092514064
e6d69270833a1e8bf7d1c657,0.5145771457255609,0.5780174268650383,0.560293583453025
24c5704928c3abd5d661f61c,0.5195602253502678,0.477289907916568,0.5004143974801771
5003b9f203cc416f5a49987c,0.5259932441087178,0.6250286018670754,0.6194922439054525
3c912559cc47450a10486fdd,0.5639567873078193,0.5794788541728756,0.5151682479324837
3ef344ed6659ec761b4b227a,0.4608576092856639,0.5455033024491526,0.569163299990041
5798c50d06003560e9f9ea7d,0.5137914407705293,0.4515347298650736,0.4396119392475968
b7e2394e9fdc9a64db72ab54,0.5038609523427178,0.5356159389970097,0.5377172457059599
06e70d6d43e8dd89aeb2d2e6,0.5282684962833242,0.6056553803529854,0.5990891228468468
20ad536c6293454a3087dfe7,0.4693965898729316,0.3842285263709632,0.4210114361594471
ec18e9faece5df0ed924e5e4,0.5859581125329434,0.5623777639335423,0.5125956849808748
bf910f7928cb3c8f723dd5d0,0.5046036330202578,0.4334570328972087,0.434022244474497
18664989bd57acf54b43382f,0.5717608979833552,0.4723943217336068,0.4321488091783601
365353951c4eaa664c632286,0.4862662788518022,0.457855956610853,0.4505800949082771
b9e79d46e86a231c392440cf,0.4372530433329771,0.4302125512497764,0.4535316658500863
2bd10e2a14112c118f34ab57,0.5418427694772897,0.5527297530081958,0.5145262016721011
12ea5fc04391d2ea066edcc8,0.6053981429102797,0.6624850348670921,0.5910990479290128
0cfe41e5852f9fea234c80f6,0.5014120629185026,0.5631501167411748,0.6048115210758005
d2847a452a4150fcdb9535dd,0.4710975343948488,0.3920914118881018,0.3924411785611209
edc30d16eb366492f531b03d,0.5789412534714314,0.5762428648257218,0.4997241980970794
6d7fd0326d33be28a8527008,0.5160230213458651,0.5447571420936317,0.522904062657098
b032be0e99da1d07bde903a4,0.4521263689241283,0.3989964707796793,0.4519355541731508
23b51230664ef9af549e6199,0.5604879927807617,0.4793258937749012,0.4090448328206466
94b0dba1f12ca15828ab15c6,0.5549128063402692,0.4646426309170779,0.4376288757401437
ae9a17dfd8cbb54179100bf1,0.545703897623608,0.5468906452410032,0.4997073457395756
a32960ca00d21794bbfb81bf,0.5795188572389118,0.4993724266126604,0.4249943490098311
13a89bc13cca0e008dd1dc4c,0.5003006748833922,0.4546378638780554,0.4665895112379686
056d0b6337a250cd34cb7eed,0.5307356018985429,0.5701227220885479,0.556337866523128
e991ab3984eee0331a36e737,0.535827924921218,0.516254560543556,0.4978219871348219
50c6e2c97d94001d9d0ee265,0.4856138952228199,0.4677776362512099,0.4698261005652564
2b50a66a66b15937744de6a6,0.475149145800788,0.42854329896396,0.4248129875757183
096b6851cb8ff148d544e90c,0.5118356264181831,0.4812844069809276,0.4682077813549594
4eb50a7eca334fa74ad871c5,0.5113009181195528,0.5059282015779331,0.5295119755260413
cfe36208e4302b11004c68c0,0.4780573422713839,0.4173931183396856,0.431108289650626
61c7f08885ab30f0a68b8caa,0.4838020581558706,0.4252322704151137,0.4137814816438048
fa8efc1b992ca00de7d6ade8,0.5774320411339052,0.5047347029956205,0.4345692933308818
b892b75dbd6b07f026c0f435,0.5322472420885814,0.6150436411548286,0.6183378624066296
629dd2bf528231624861d4cd,0.4865683658978083,0.4779475500458902,0.5100339703041536
d8ca598146c6a60bbac0449b,0.4550970918658653,0.5780602318503555,0.6037201999864803
a1543dcfd92d39b1fe93bf4e,0.4880776842293085,0.4126010553436552,0.404756160715245
de8791811a84810da81d010f,0.4604376028812457,0.3944184080045115,0.4039828643474923
ae8bdcaf77115d4af3f163e8,0.5749140837674722,0.4769279309468533,0.3990782604463931
93c0f7dad20889c8b7f92a5c,0.4511412745956599,0.4031356679608179,0.4266654676217141
867277b56f14412020f05084,0.4493567399262824,0.3990610356209773,0.4279524295273983
6713067165cf691dea7724ce,0.4974237422263498,0.620681777531044,0.6283506382160142
7efa82b08064aad9a9b5936e,0.5629288680163708,0.4821468430715813,0.4186318224415492
5bd9ad801a01c7a7e95bb7b8,0.4854489882367907,0.397669836754041,0.4197094787216612
c276e5bd239f182fafe4e9e9,0.5071628527549961,0.5643690719747879,0.558405493353126
bfab2d7055230c6b7b194ae1,0.5399558517444218,0.5056257504539016,0.5032203673859582
1624b08009b83eaec2cfd58e,0.4486950959922589,0.4022321500231111,0.4092337112525608
f5d5dc610e5f872c10c230a3,0.4755715831055923,0.4182860791075374,0.4112300793657242
ae2a1dbf7092a045ce95c63e,0.5414433954265918,0.4665486423208928,0.4632732294556333
598e87da42b65fd974f82cde,0.4661621749463537,0.4151145958395388,0.4274351720342461
2048917cc47d206bc92e11b2,0.481252471885633,0.4012243835792331,0.3943503803992734
cefa504e559f0cc8fd813e90,0.5354372151822824,0.5142504663165163,0.485290576212516
c3475c308c41a19c9dd821a7,0.569684872405259,0.4892104373765109,0.4674376003885299
1c19ae375e4e18d25cf190f1,0.5045759007035564,0.4604006077353138,0.4445711988070208
9e086023648d3a9b11551b20,0.5195551242743731,0.5476743990443216,0.538349339624318
87a8900405ea108176b0907d,0.522626232670226,0.5709015500025885,0.546814349717468
d10bd70fb4bbfa5bcbbc53d7,0.537618314476134,0.6651488220687275,0.6122542779075264
3c7e111e2e5dd600eca3812b,0.3998999050759151,0.3425990934720274,0.4123832507527072
99330d953c5e5dd77ba990f1,0.4661683322004664,0.4098354111245877,0.406746002556986
ae21ee22fa330c0b7ef60dad,0.562022190584922,0.5765704753881385,0.5276865619807671
e68ea2a8fe1ae5ee38b3773c,0.4776457451501584,0.4141026452676623,0.4018864832613754
0ecb4231b305e51824f2e7b6,0.4496726524562455,0.3745270401479998,0.3888388326709244
9d454a018de8bbcd70b9cf22,0.4598858955408417,0.3665705150079049,0.4114382344445365
66310aabf70e485925148b46,0.5200315215582144,0.4226020563325043,0.3946990730373602
cf76c8941d4eedbc357583ab,0.5236709822307786,0.5776380981027587,0.5670083436011236
9374f693a668166c3ebc3153,0.5512300393275882,0.4733550413339807,0.4195501185860045
9978f7b6d65323028389e5d6,0.5396846164333142,0.4750297780052771,0.4647445982270885
216b91fdb9e2d4737d0c4085,0.5185692918157772,0.5826414829884935,0.6115448212074281
becbe3eb9b7d15e3863e9a99,0.4579580594465231,0.3898776873709239,0.3957704845830331
bce415cb9b11c43f562a0715,0.5456024201371826,0.6730032965184444,0.6296092083792657
17d74502e71d3b1a7362f5e3,0.5132263760941937,0.4089022190668475,0.4420239308286504
16dcc213ca75aed3c711df05,0.4921734493416667,0.3899288584268428,0.3938798050565686
aebb33855a3c721fa0d64220,0.4904713991523336,0.5484492656953118,0.5599486442488627
f7b6e718af81ef016d96f65e,0.5353711433080655,0.5732052235046194,0.5656721710636881
602b3c5d27461985c2514ef3,0.5519669097008537,0.4895354129318894,0.4696969775386008
0438a76b633263170ff78ebc,0.4807996281225165,0.5792268001003458,0.5952649664173448
6aec28bbc6c5e553e6e8686a,0.5012656818282106,0.6025057764056851,0.6255437977220932
47974598bc87191c277adde4,0.4050584627973833,0.3366426611141977,0.389976688250689
4a43bdea10e8ce89375125f7,0.4453696314435308,0.3807724033300487,0.3906945004936788
1e01d9a8fa6444b3972d168a,0.4877097389891612,0.5407662823649719,0.5846473325687511
4a8e963d5e72cf54afddbf4d,0.5391486577420951,0.5758917322118304,0.5677182758802848
f94795db1f3c3f4707874047,0.5466361737564387,0.6130393768163876,0.6066958962394484
7b62007803c867f9112df8f5,0.5290090952485718,0.523789096811751,0.5286665220183486
3874093670246ceb2e976f64,0.5132024539913161,0.4900900163748644,0.4772633423552781
6af9ae7cb1fc5baf35003cbb,0.5025833522677028,0.5016816228414229,0.519097835500096
b7a2324167988c83739594b5,0.4850103692188223,0.5827719725081506,0.6362644064879518
460a31793cb3a76a85078d52,0.5038956627917897,0.5155167354140643,0.5163839725249677
6713f47e3a1e8503c186ab90,0.5095945251017346,0.533089976946591,0.558860314264504
6934dfdb6fd4ca57268ca76f,0.4899035639710327,0.5827123517006658,0.5995672278417489
a7f89c243f9dc14b8e924f6c,0.4797227894823341,0.4402945517800683,0.4586936844107188
47e1764ff5d0810b70503561,0.5537613991404847,0.5143854354598886,0.4565562525082841
2170ef7dcf89909324d8c694,0.5141422053855316,0.4550141631801361,0.4296361877128844
a812d3929ba410962b633570,0.4195035734038791,0.3592025364033004,0.4003615477017516
c5e6985df1548a9958571d79,0.5092345969506734,0.4772799756735268,0.4952004120295579
a1f3d7b866189e97f52be445,0.5224606180380026,0.4897787069825392,0.4742837318441443
e601bf4363beb50c4a0f1dbc,0.4998197537311273,0.5626397141527588,0.5836853198679537
e214fe378fa97f997d481023,0.5573247301428175,0.4897187222453845,0.4789171772645362
844512054459554596b0321a,0.483976113245154,0.4654757141170458,0.4839779417678007
b3215b714fff51e65675924b,0.5155080366613823,0.4222403976376028,0.4381836632291304
8de7e07a3eaae59b9186b0fe,0.509215454067013,0.5411783485198952,0.5570241105840229
000dbc23a98d55c42b7f287e,0.5198990074113705,0.5511727466000699,0.5478734419339769
b5f2e4a86be47cbac895e281,0.5267530829030345,0.5614569793390123,0.5679577510146583
f5ce70eec021d6b222f19cfb,0.4023351234631951,0.3420262270442172,0.3927853588295337
38b26437a24eebed94ba3dd4,0.4453104025938242,0.3942578518423776,0.3999248472990295
7c02dc12e5695acd522b8e3c,0.5371473211989634,0.5284182590341517,0.5298092429948857
12d2e212142583a36d920d74,0.5683832891942722,0.4962972946732686,0.45491379883838
ab287a01345f50e67ce9b2b8,0.5291762038971785,0.4912734417762787,0.5007688226547419
a142c037231e1866338a1072,0.4858489842163338,0.4440317113019291,0.4352828976503409
2f585953ca9aa01e2015e6aa,0.5323917861365993,0.4808842882497122,0.4553159675678417
de513346c0a508e2b9892c26,0.4634289585445366,0.3977040585929203,0.4240928055550571
246458e5d6370173d8fd85b0,0.5141611563431139,0.4552989104584949,0.4651940450075833
27d25277e5fa54fe1a431af5,0.5256156263240065,0.5033581729998341,0.4823936806713979
479136879b179187af719a96,0.4969262303828334,0.573361010509728,0.587608490424949
e8d6d48cb5601417bf8e5d53,0.5370110561386168,0.4919903166345437,0.4940506934451729
ba577b9c555fc34a5fb36e08,0.4609831787922285,0.6081748966197088,0.6284763616520186
67a5f64845254e642427e461,0.5279587588668914,0.451851029547365,0.4414156253805305
a10cec50f330f104f3975cb0,0.5148033812751044,0.5831819159347393,0.5572103460889521
a1f6af2297edb7e8f7942214,0.5335223386192265,0.6179037547862491,0.6141179049007255
55c70430ee3f6bc973d201e7,0.5203853424610405,0.6032007301042104,0.5947621899119448
ae5ee371d3a28ef92cd808aa,0.5170305062418548,0.4840167722607472,0.4742480706126807
e754c76ab17f85dfc0d77416,0.4808548026214845,0.5482548839010437,0.5938766987257422
925fa5919873d866df196653,0.5381084061966623,0.6231902587763252,0.6196996184667469
4f2a5e977aa5d07218bdb58f,0.5192096162869956,0.6135068792542465,0.5822420427003754
e5c1ae6e504a4e95c0cefa9f,0.5034255909823987,0.4309954229615065,0.4074833003488263
44bfb607652f27693f467d8a,0.5378903773191904,0.5744100310433651,0.5765734383547598
026d37cf1917295e3071e367,0.5242179677136043,0.5512975634976162,0.5250585896165098
51b64997d738c7aa7c4f0b7c,0.5105274228259669,0.4337351714837471,0.4448409259300434
4f3ff8ea9dc5a711c70760a3,0.5078526226125822,0.6201728990258054,0.6209039382782998
ffb72fe1b22790904a026f53,0.5261208236749716,0.5519080582049517,0.5328616176120335
94a6a008e803602f80482ee3,0.4201880182521895,0.3567668203861328,0.4016279169617275
682911646458f84e88b983b3,0.5910369303400702,0.6347085644108289,0.6095179892587466
02c36122f017b6c08e206a31,0.4768935547328643,0.518969734355509,0.5446336208922613
4c1cbf6d53951f4d4d196ecc,0.4864202183574885,0.4341666381924826,0.4262938620722846
356954879fc5dad0d8388311,0.5289702817724458,0.5305244639339664,0.5008158341443049
2c16abc6ff7d9b55da156043,0.5028444513924131,0.4878483464936026,0.500891310872351
08d570d26515376c62131b76,0.5033726792747348,0.5065864039187247,0.5191634774345133
b6851df69ea4dffdc2201f0f,0.4863161652689478,0.5251814552100693,0.55371810449934
4ecbe4f21e91b47e64b72a0f,0.4908769032165856,0.4888680284921467,0.5115398411019396
ad47590572be9eb3e364b39e,0.5466622748656221,0.5559840632182014,0.5356573282942244
8e53f2dba0173dcdf168f768,0.5201922151895503,0.5677579310358585,0.5694143039396462
3c47a2ebf789f6cc637c08e8,0.5240962748254068,0.488705793224635,0.4841806000719456
69bf0e2a0250795cdc068dd1,0.4674839088327265,0.5061645815716523,0.5364430039999112
942b8866772ff5c4c603598d,0.5517825419262238,0.4960374546482062,0.4918645677409092
a4e05ed59772cbcc7b70c925,0.5168876085625314,0.5933555819618478,0.5965409184748125
246899544aaafc5b23a3018a,0.5648233540365304,0.6076258916610973,0.5548862022748955
eed4f435a965283ccf625fa9,0.5440360540771683,0.5506371994857282,0.5108306953336923
ec773b937ecf7595dd257f4e,0.5422118285967363,0.6012234559731972,0.5994722053834738
cfa16fdf46e963da209f29e6,0.4812138076299469,0.479067735357031,0.528709006409958
0b49aba0aa5c9b5d32687c9a,0.5310397649013693,0.560706766177741,0.5505247642264518
9c28547ed494f128237edfea,0.5309559092819416,0.458683650373989,0.4437342017504593
28295ff4cf569bf852dc3be4,0.506865172014535,0.4777948861335362,0.4850981842284785
cd39af1d49188e776636ef63,0.5364325333890441,0.6111497046445846,0.5954208550488393
c3dc9a26eb5ca685cbd56169,0.5752095813573035,0.6982040872333233,0.6442287977344356
fc668d02073ddc5e2223b7b4,0.4948255991401973,0.5096292730653392,0.5464463467690097
a0d3a36410495d0c5ed1004d,0.5688717080936838,0.5603339301519783,0.5349541051978759
6780a958bdfc1bedbda84a03,0.5169374291827062,0.5997845123070451,0.6250588773965631
850b79263f3f338b7af2ba23,0.5796996398141402,0.6304031387136462,0.602916649040662
4a71f187207a08837f2e6c4c,0.5244789770846454,0.5813891960569045,0.5939767307093587
9d9928f4cc9f98d776090d25,0.5204681374780146,0.5227883799032673,0.5289964516816308
a91414245581333517770b67,0.5445829597233061,0.5341742293282189,0.4768294209530768
b42024cf07ea61e6735905ca,0.5240624214535592,0.6061261029709683,0.5908192946495572
93d7841e24c3e52ab43ad30f,0.4625518241394369,0.5538545176764744,0.61876011928429
fadae60251733cb5c211a255,0.4919046869186933,0.4903906880952063,0.5229775217722078
d75d94d99250746c24cebf91,0.5428646690369046,0.4521435265117861,0.4426856632572924
4f60e8b7035bb8f8c396e45e,0.4442529611218851,0.4186495379654181,0.4506436073051256
d9bb4f5024958bf8324de515,0.5498341068453787,0.5926948196904789,0.5852070298068375
f9e5375602498be0fcec6ece,0.534368708451614,0.6061323161560713,0.6087658416278254
99af1c2bec12bfb9f667c5ce,0.5917831785794486,0.635233478468688,0.595698669964239
b40f49dd2960099f0fbaa595,0.5337768254723778,0.6325604861562026,0.6094816882447397
4a6d14b7154e19449e7d9dde,0.4993159533067188,0.4981991677305951,0.4971707099763055
b90a977bb0994e00210c6c3a,0.5276114854464553,0.4956496522599286,0.4857815618812767
3725cee9d23cd7ccfabc1d22,0.5362513380067594,0.5704475990417899,0.5613366340362843
f72bec2578587e607a071e8e,0.5469473230168257,0.6125871272618144,0.6097599679810122
86b7e2406ddde02f2b5800b9,0.528183909648515,0.5188913786866862,0.5120142430578646
613170c1c74598a8cc81e3c2,0.5363604997327008,0.54984314431187,0.5373140225421112
b58986bcafd3c43ad57b37fb,0.5236085767620557,0.6023303379221899,0.6078974668816214
a6a3972e36d6ff42c70b4a60,0.5355004195613513,0.5977980535490129,0.5810941173706244
822dde7aad9312e7c80ecf2b,0.5647574171762278,0.6140539008577879,0.5696400970799964
1570e7f70274bc48cd92ab5b,0.526628664769094,0.6613378709064379,0.6319540915593382
9bdc6658a874cba1fb24326c,0.5132138324234994,0.6036112808058449,0.6187176669760727
e3c2cce263f3cebacab1278f,0.5265059946308422,0.550709039253057,0.5664786687339407
a3e4d9717bbf0f7f6d542be0,0.4920531690729758,0.4583336459819179,0.4574113749641639
168735c82d6278ff948f02a8,0.4671207160156661,0.5740231767038072,0.5989484471852928
e33ffba9289b78b76273f725,0.5238981253199685,0.5145714064991573,0.4754706232963239
8fd2527f66eb5efe3e25adb9,0.4044513601919185,0.3520617529647319,0.3996392566323368
18c5378a2617107c4b24105a,0.5494253688022024,0.5670807801832309,0.5448097541011716
7a0e9c85938f3ceda0c7b5dc,0.5694557825204111,0.5260952007279603,0.4774688381079629
445701952ca11019f69b85d8,0.5267513725309961,0.4913656634324062,0.4788479935288302
6bbe94e2fb965e69ece9c6e1,0.5066461731743231,0.5401537074568028,0.5586769419931317
3c6095d9e41b3324aa2cf4ce,0.4814125862280632,0.5510516984126478,0.5879272278047658
166634e61821b482aadd57a6,0.5052671870166843,0.4681351390692928,0.4878105600625055
3e8e4d2521099086ad5c614d,0.5035005516594928,0.6378106366177868,0.6279335416985683
9e0cb1dab21e2049154b95e6,0.5014940592235533,0.5478171766853777,0.5726203253542475
3e70a44b70bb0ad2c7f471c3,0.5117509082688645,0.5759795232946131,0.5943636133615797
511d28344da0729f0b719163,0.5060670623168315,0.562161590512351,0.5841965888702225
d27408d152b73f36670b90ef,0.5071407640218363,0.5972635224386038,0.5982473869578491
024e574b99b41a322814a8c8,0.5306804174535409,0.5907191479790026,0.5973580167950565
86d6346634325f5be268159c,0.558553285785834,0.5170715273388387,0.5020092813760206
5bc5bb1d2e112a7b0fbe4dea,0.518834218637986,0.4668952622899088,0.4527724621801957
fb33b584c8823e239912a922,0.5499348678442078,0.4528456654113728,0.4350012839169265
e4aeb0a92d7c37a04fabdbfd,0.524701149068995,0.5474419855126438,0.5258248493933168
1dfb18678799bf7d03e1b6aa,0.4274574944203311,0.3921182271564191,0.4445055069852279
874e4ccdffa01df7f41a84e6,0.5384606386309411,0.4848970712034405,0.4747863611378449
6044f7d6c491a138340be1af,0.5333251109818249,0.4726626984064065,0.4495536264220808
9bbf88e796d6dc5c6c539183,0.4981181043137598,0.4315537521909936,0.4283273972284401
d55ce3dd6bc90f1949fa8136,0.5299509654899403,0.5501277160851415,0.5387326846557663
90840ced771e5742052b9580,0.5448630565370716,0.6183228770457277,0.5624402590741271
81bec5f81b2d596fcb032a75,0.5484961231215447,0.5148240450448592,0.493870678653833
d69698956b672611b75c8244,0.5359372603220952,0.5000150550832037,0.5079563795794149
81bd937d8d7b8901c0a8fd5d,0.4424433232417937,0.5982315046462066,0.6326891212513991
7141bdf623576b3029e903d1,0.5709190958709176,0.5192638512874611,0.4804554680679725
66aa31b1c458e073f7da0326,0.5177837395050283,0.453937133843978,0.4671184259599669
f481a9d77543ffcee75186ab,0.5351965290522412,0.6239255973108987,0.6213449337756409
f07c3867ed0e1c850cf7901c,0.4714200313020792,0.4935693544882559,0.5275158175785697
be0e20cc3be3b9d9613f2c26,0.5518289619014433,0.5119001781193884,0.5007528262138357
fb6055431c5a8992d8ae3f19,0.4569758395172862,0.4472074901313914,0.4963765544042819
8a9c7b902c81c3c5303553cf,0.5485833993228046,0.5027956300173008,0.4568337185088247
d1773eb502994876a22ec4de,0.5011756340447022,0.4773315753179493,0.4970698714258873
40e0686aab401dfdd44135d5,0.5421427207747228,0.595328467117302,0.5996148329705197
21600131a4cd6740a6e85bd0,0.5137809661990573,0.5480682310669514,0.5684117598794499
2ae0a5fb482433fa7e484f97,0.5145466479030173,0.5312553117139764,0.5468137489207885
e89608850f4cec54c5355cbe,0.4246986379998928,0.3853470429825819,0.4409307750282489
8bdab534b43652926aca0465,0.4885460412649153,0.4391380374166317,0.4279815379246343
2d86d96fc28077720d001b50,0.5523583119669743,0.5596321211164035,0.5484151552292007
9ccba1b92e6b05d4c6ae7416,0.5463380718231127,0.5489213797659701,0.5139598231563048
014d49d309beae95edb0f54f,0.5132020420180995,0.4856303214233269,0.4998619737156391
fd31ee0d6e818d244de6d8d5,0.4721559443313574,0.4185565251499556,0.4419416349571547
0426dd2105e6c90478341a9f,0.5016446812053575,0.5489359219571215,0.5473931903974962
df2de0efc1cb884ce231c99a,0.5442293180943439,0.4574304305016908,0.452990031861197
b27e12447bb0c28a8e7e1fea,0.5406941100388886,0.6042719192275441,0.5984066390421745
fc6371cb1b528e7e433d5195,0.4857085891552615,0.5222478789328913,0.5627137078786233
e86296ad0f0fcdb1c1a6a4f5,0.5113486769042223,0.4798751268601008,0.5105785229757
4307be6e5bb2febc7a5267ab,0.5395056059896987,0.4466379634401907,0.457703681370607
9f0dd31afc74291da5d7a385,0.4634537378985782,0.4503219019159598,0.4650620030826189
472de0cf7fa6841b8df548af,0.5394068027932915,0.5956913509696535,0.5626321786838822
5297d805549e7816c13247f6,0.5182602061414974,0.6121033692237344,0.6105150677615689
5e864ee67fd6c15125a3b683,0.5109853243100593,0.4435812458321412,0.4349812075999411
1add59c5b1f0d36270a7575b,0.5130714929882008,0.4718134466531819,0.4895008785573875
e739d6c2602a1862e9dbabf3,0.4083400877071219,0.388658778552308,0.4428341692517815
432c8e9858f9294b47766896,0.5752184278954224,0.6423027239564949,0.5985961132400235
bed8463f9293dc7e68436d73,0.5558861748531634,0.4913893261115968,0.4293329515426945
772f8a246bbbdf72bc1d1df1,0.5060929973133614,0.4309375097130362,0.4641408108123326
e6b67215abb2b9b51182727e,0.5067185479868836,0.4070415645116539,0.432529431857501
514608d84b83c0d4a4139835,0.494970640810198,0.5026561487547613,0.5280792462423747
c267c7a00ed885f04effe82b,0.439185221322328,0.4235987250845164,0.4686167352203099
4b522ca7fbd7681c7ddfea8d,0.5469263106047485,0.5259028694370498,0.5085486015757701
0c3885b832200ef2b4f4e04e,0.5497057378796139,0.4923481948786911,0.4427033696292188
86ae1839769df0fd70fcb796,0.360626839832493,0.3249311420278341,0.40989863431937
c67e6ab2e3856c16e408e6e0,0.5601102734344178,0.6668010998810925,0.6140613381980202
7df104655df6f49d6cfc26f5,0.5125783173964986,0.503299126416154,0.4824412648237707
c4a8487fe7f8862bf683c098,0.5187664159937383,0.5709947296889314,0.59296406868665
a1597d0b79bbdcde60a64de3,0.5635846562009932,0.5870938776772675,0.5290068918329356
fe3aace9d0568c8efd4cabb3,0.5050966560219156,0.4939638044384895,0.5016669837313726
3482e0025d2470655ccc699f,0.562706241083859,0.6609604371593827,0.6257562681733635
d071366615ab568d40751ede,0.4042335122242497,0.4139252548094969,0.4698795387415594
adb5604e3fb6c2ef43e4c297,0.5099719120778318,0.4897512008443742,0.5073147992821891
dc2aeac57f705d4fcada828a,0.4919593667363612,0.4297201983531944,0.4301589782018075
361ee1ea62fefb92400fc8eb,0.5846347228276517,0.6142400716326085,0.5672832272875701
ca2dac70fe7ceaf61b6121d3,0.4336800340480619,0.3940974087708155,0.4272412275110753
cc8755fc7dd95e4a727a6426,0.5713822673456345,0.5470419465469725,0.4958420546068777
e228433428bd319393d5132e,0.5052799439900019,0.4609065868643755,0.4481205642781226
b1f8493192a30055461b1ef6,0.6013226428274085,0.5342927068983451,0.4684688437561997
8d40dc94a2d914d438a7fcdd,0.5352963005491265,0.5311243189424418,0.5116088364514116
8c154456987f1e6abe99a707,0.4947596465421476,0.5380720631357289,0.5504911813155572
c5f2e1d18a560f54c11bb7b0,0.5024289889207301,0.5519215448940699,0.5664386769460555
b2397c584bac384045e55fb7,0.5009685089327669,0.5039870332349795,0.5309010025241685
65e95b4b6a576030b35e4c0e,0.5342609139475025,0.5122751634239697,0.489177425640494
9c518fc65cda1b98d3e265a8,0.5329264797061045,0.5018888779947219,0.4732384401298392
b8b57db683a61b9077063cdc,0.5609580053166978,0.5103740474960996,0.4583085015279894
cf6b7920bc4aa3704a195369,0.5243773662121243,0.4768568110091014,0.4849685051983975
5ad9ec3aef798b975a7a0d04,0.5448734930572628,0.4703014152770816,0.4192201976551091
f69f6367df27719c0b7107ce,0.5016031903813073,0.4698275109641242,0.456860911014319
d43dbad219e4958a3eee9f14,0.5384769514118886,0.4583768960959074,0.4306113739057609
bbbf77828755189539112901,0.5323048620511319,0.6566056244523196,0.6229490326177866
48de2d82caf721af0d851f18,0.4366871440243305,0.3861600906622558,0.4203130328857934
95e0acc59b3b77bbcb457795,0.4526497282749021,0.4009090357340882,0.4115108623755473
f7e2aa44097c05c515f8e413,0.4370151470289144,0.3913263384033607,0.4061612512360513
7e25480e465455d2cfc801df,0.539257174364247,0.5663919270378561,0.5275567300283156
9e259f01dd7d9b3670fc179d,0.4176178593145478,0.334597294231659,0.3918181018007356
a196c6e8b51fdf50c8126d3f,0.49931967459696,0.5258474520447547,0.5589397673863857
9101e5dff9c14414e6c7d35d,0.5132795878132828,0.5153861903528142,0.5141620426681104
ae108a5fd0ac29be69fd4d40,0.5512408230057797,0.6256216673660973,0.5775544915769625
912341e9cba50f85e2c7c887,0.4835550584495076,0.4028664684757939,0.4432184047762958
78085e07e2e75491de19b2fb,0.5186693933540341,0.5320924680684429,0.5140494604192439
e3a58c00f2c431b5719b079e,0.5828803680578255,0.67749247502497,0.6105153320098167
e2556a85bcb09c6a407e10e2,0.5040010918998366,0.4267358907652722,0.4299429979551788
580c86b699698abeecbda65f,0.4477770406344551,0.3785494964884161,0.4043748529211519
17cf5dc035336f1a8985a185,0.4705272159916007,0.508720338094346,0.533564504686037
7b0cb9ac80b68ebab6899e3d,0.5566795035675368,0.623247372101633,0.6058437024439147
926a8c1ba7e0921a7a00b9f3,0.5566795035675368,0.5630748899737895,0.5443338469296056
3b00c2f9ae74003c1409a46f,0.5211939059700702,0.4667628025351795,0.4716261914276586
383b750f9d7c0d62409ef3cd,0.4893912913694067,0.4453529470482831,0.4450374465774857
1a7e0df9a401631fe67f2572,0.4107602090019788,0.4005407023974393,0.4653417061954175
1cfc33bac327bb5a2dbd797b,0.4766777415894105,0.4867552658890471,0.4921544646513726
32be41e8da4cc6b2901d5e5a,0.4339749037867146,0.3799761526971883,0.4145681892577219
24516caa1356cc39e72afcdb,0.4813061361711344,0.4099326305201485,0.4157478955186134
8f9143dda443cd254c291b3c,0.5713112708100181,0.4670130417611325,0.3894427561166293
fa9b48e64653ecfb80888528,0.5434387287007784,0.6288483180612823,0.5895338243893237
fdf1f8c19c2e99dcef83bc94,0.5241733394382493,0.4783513249709356,0.4369749577590377
b181aecc606299c6de35f337,0.4626892100777595,0.3969735316675826,0.3973859865061701
386b7dbd6e256c2fc8ea963d,0.4666152866580388,0.4000587146063315,0.395869085822691
e106166924a0c15e133e33b3,0.5286672312539411,0.4945329414085039,0.4733333767981402
dac6cf6e1ebef54aad489da6,0.4151678706834061,0.3391746778365694,0.408761570368811
24494183d43e1090852e49cf,0.4749831286439254,0.396748941234782,0.3961380557025141
aa222b1f5e0952795ac528cc,0.5469203185944576,0.4860140860873953,0.4450525351565635
f5a9a3eaa0fa8595cb449893,0.4403545692529467,0.3459055883043368,0.4217600114275303
b12095c005f2bfe835876b89,0.539663990598215,0.5138559824761741,0.4869171657519959
5de83151daef48eeeb3589e0,0.5460406457913202,0.4983807471399818,0.4559773833257118
2f40eda5a93f3f98787564d5,0.5316049704379237,0.4531107910917517,0.4196558724629807
3b78612c37ad3d59b10c8506,0.47822505221061,0.6122932255041238,0.6243399587853453
64ab0347a847c71735c7026e,0.5592505822606836,0.5242442877835192,0.4526047713745522
52e6c6a2dde9f61b5a16827c,0.4845660053159146,0.4220534444005608,0.4088655075600253
c5670d3683976cd65b6d690a,0.5347089572034093,0.4585572450328576,0.4124060595988238
a6b51c368f445a70dbc5d2fd,0.4837242128594028,0.4434691496693894,0.44012697706366
b3a518bff94b9600c6a06050,0.4007765688625565,0.3460113669322876,0.4036968928916687
0913a9cdb7e3973e0ec157cf,0.4774088646746729,0.423652854313054,0.4191259257383018
9e0e83e832766e44a2554f48,0.4588733934861904,0.3888060226870166,0.4006541777805788
80cacb10fd8b2bcd0e3727df,0.4794178922171654,0.4086062004555694,0.3954827373750834
73483a72087746e224464e51,0.5257830626959178,0.4214838499747116,0.3945237372824785
38795ec557414f3a02af350c,0.5145783499581542,0.6181746993710032,0.6013191120362389
e5de4578fc51ebe6010dba09,0.533404196831019,0.5101031268295745,0.5213429622153862
be5cea9ca4d8de50538758e6,0.4163682563508377,0.3451959944937128,0.3986093192662848
383b246daf0b2f1fbc4e1348,0.4381051261532622,0.3780035164171405,0.4046838660795979
573ab0ea434063b815b9955c,0.4904083866486387,0.501499307958892,0.536197226280224
adba7c7043cba58182b152f6,0.423991685050917,0.3502600487121002,0.3896853429315427
42d83df09b8cdb8b38e0ddda,0.5202196937339465,0.561365657764157,0.559618505124647
8cbd84a540b985baf7b5494d,0.5020594025300126,0.5287601675840228,0.5599202580964058
1cb26b5465430e69f099cc9b,0.5498801893674635,0.4395588690887231,0.3891737691643719
5c908980e7ba74758d6a4994,0.506431198605855,0.5981740482438782,0.6246212868939955
c3a5e8ebf84916e10b7d9ae8,0.5272420507605315,0.631889273423837,0.6222887731524271
89074f1ec4ce358ce747f42e,0.5258140526049648,0.6265992344045499,0.6196959572383136
695770db780b07b83c6c5c98,0.5560205877028586,0.5505007696246584,0.5320805303916748
fca81d5054a4b99878eca417,0.4711645217595871,0.4270031462419931,0.468408701819372
5dc3c68ec98ef5e2ff9fa5e7,0.5134992422121966,0.4246749085850558,0.4120626645628242
b5de80d0b304afc0725291c3,0.4785042394266142,0.4773680166177589,0.5018046781319464
1d69ca708af2a8e0475c1a71,0.4904318681075792,0.5548286965275971,0.5936452699365109
f2101708cad2c41100174b61,0.4810625858165442,0.5001751513359126,0.5496426146185577
6621b0f1b09db1583b98a7d5,0.4953802688117838,0.5908892247658931,0.6264784830254645
257297a79cd8c4c53e4bf6cf,0.5231779009542005,0.6057804255950124,0.5893561802969534
d76975e4e395006bafa119e0,0.515645662776792,0.4987111472314663,0.5037505095990624
68e3399c9ba5ef14c760ac60,0.5381829612486388,0.5729790647836293,0.5875107987482131
c6abd9ca2470c0d39c8b772e,0.5121835276563582,0.5062819747131655,0.5230803639350384
242c19a6450a1d90096ae92c,0.524284980694788,0.5832011348637304,0.556710158385789
ea39eb4dc661d7f1ff08a54b,0.4258738841529246,0.3662247497154699,0.4045851043402987
906f0509e5c87d212761d693,0.520708649433064,0.4655428751685299,0.4269437685881898
7284dbb5c6cf7b02bd1ac7e6,0.535839240839989,0.5128488957527247,0.4834403366960241
5a18e9dc7aeaba84c11ce904,0.5819871529295593,0.5304577099372881,0.4587817223533135
c4d09855b9a05f9b8788d9a4,0.4538906818782148,0.436858829837671,0.4517409490176389
a5c7d6b1b20088099cecc0e4,0.5104683049464982,0.5936920697473324,0.6334104749409997
9b3bc4bfc20638a3fd587a64,0.488132433108578,0.4566059641738182,0.4855270504964296
715d3da777170f1230be4d21,0.5684409742543955,0.54672318777896,0.497639617605317
0e33882a93f8ec535996f1c7,0.5684777474903518,0.6020101947912466,0.5475652160262621
76de8bdb74127a298f81038d,0.5162873620057038,0.5784985650229809,0.5777320128221555
2fb3329c18f4158cc6d34210,0.4807908410174895,0.4041596085014547,0.4075340311961145
46d1194bed53083ad524a1c3,0.4551438346300882,0.388850746028601,0.3989328400153005
ddd496e62726ddc065e74ba7,0.5125698023169587,0.5873189890397554,0.6106813016991599
4257ae1d2895398cff184b31,0.5008673597367306,0.4505195992145776,0.4582077719514311
c684a8e4941c4e2aeeaf04bc,0.5084659175056346,0.4815749711660602,0.4599724886691236
6f2272192511acab6eb1e7c6,0.4022637267863471,0.477119180150731,0.5696709486653371
939ef4705f5f6f4462435f99,0.5506198977030247,0.5969508528762715,0.5933131531458953
d35bea797eb71779cb0f5783,0.5044427894429698,0.5789930485841867,0.6058940350372266
3dea09fc76997b953d0e6f4d,0.4874448544283398,0.4028353622730226,0.4078623437475341
c22a5727a12c6801d484a048,0.5015595093907635,0.5109401728154881,0.5193627936994285
d91b94d483ef5b93470437fa,0.517160665410285,0.5374393825925878,0.5560627220471954
528835df5975b9e113bbe3ad,0.5193139920336386,0.5751845682811451,0.604497000485644
87fc8c7c3f7f3f26dc14106d,0.4788513623985406,0.4762218691815444,0.5074877348014345
62474e125b30ad4e6c06a929,0.5198919602679823,0.4204716089269888,0.4050808528971354
c730ce5b102d3609ce2515b8,0.5143295901772803,0.5787825810678453,0.6066463091904531
59406a97a35a60e6be24f2d0,0.4171545598845466,0.3599928109603058,0.401807299940205
95eee2d52a51efb6292dbc58,0.4896176532897388,0.4408239783754566,0.4868337990037156
8a341d3b563c6c5c37c25915,0.5226945951661217,0.5153508383613516,0.5278245944115609
3176b8fdc87421202429cf67,0.5269187478535735,0.3993370708301379,0.3878536945468862
0c468f97d47c41cac5640a2e,0.5002265939059314,0.417832438510553,0.4221727058093905
726a7f1bbd1dc743aaaab813,0.4802912302149191,0.4974958687432252,0.5272632737401332
7af623c8823b67f5093e3c2e,0.5304918133134195,0.5516509150234822,0.5428738056298488
023c8f62edddaf3d553a6f08,0.5162279574752668,0.4320990638420237,0.4458178205641888
e38bdb9497a492fabf005fee,0.560715245234285,0.496193033605508,0.4364712143119994
a8846818da13c682047ace17,0.4986605818640759,0.60003334584508,0.6072308745535304
c17a861addf751e41db0850f,0.4981965888978309,0.5706631679612455,0.5727699685459371
038a6edf316d5f6878748578,0.4734828774385029,0.4566511096009448,0.467515880081135
c33ba378fb0ba219ed4d439a,0.4662592035341835,0.5427703091669802,0.5708716710360271
3ee15cf2b6a68efd862555da,0.3414952662091253,0.2922799802870719,0.3935292177052965
452abd0587eabe8314182fcd,0.5020282963881685,0.4556861163926832,0.4882543103043731
a9cbdba4290da6e94976577e,0.5241369548098965,0.5665694061313541,0.5751456097581225
ca5c60293f0ff44875ddb5db,0.4913049548543894,0.4173952224890112,0.4480741331970926
a581b4ed2934873d30e1b3a1,0.4788830523339504,0.5767527270906488,0.613145581201495
4efee218daebd93e5312eb42,0.3950875782564504,0.3428917972120937,0.3866546952658102
6f2add75caf993c4ff4f0082,0.5286620872635828,0.6219518323331966,0.6365745497095385
2657707e8520c4b4698c54bf,0.5244037689310946,0.5547943945796374,0.5581790158377787
5e8fe4fe3d4babdea676dfb2,0.5083758038488483,0.6098618606932648,0.6249455992532864
b64665b35edbb74e1cba3f96,0.4941712973409219,0.4356905099754402,0.4545632881079243
6b4372666c24b09d36573ec5,0.395018060380151,0.3425361501510022,0.3954238397264827
2c6c8c8e70df1283a87430e6,0.4552648070433347,0.4465873555767739,0.479241723074828
9dea10fb42e31ae92092a86e,0.5321050568211931,0.4683434466382774,0.4231873556293257
e4ccf3e790a01adfc8793918,0.5044814037414964,0.4254790841222287,0.3939045408548612
8b09bac719acc90ff6375d89,0.4649676960560536,0.3696362171372798,0.3963986573135944
abedb7945203a92e2fa392b2,0.4856655593603428,0.4648473251265304,0.4783173226532516
871158ec2dac369cfce03191,0.4937630868654592,0.3917402655983967,0.4002129844080214
f43a5174c2e4060760f81e33,0.516415349802533,0.4336958007425367,0.4155949395037106
faddb9eddf85fdd596115fcd,0.5124819032489943,0.4351710062195911,0.396836869913672
ac89d79388cc0fa041245842,0.4734998872292508,0.3924755830711068,0.3842207974279142
e09fc6727bee2f0483d11728,0.5025813922029123,0.4928201895777528,0.5064966772925654
4573c8f2798b680a427b7d54,0.5213328916822337,0.4114774140182449,0.4010894016998125
ade66cc70dc9d1a84883f477,0.5131651105793122,0.5594164268151864,0.5458775624534784
808c2dd3b04f96cf03f5c501,0.4443001017130176,0.4536412133643596,0.484020521053646
121d20e8dc928bcec046b3a3,0.5228228177144896,0.5391999122960156,0.512271518750085
749ea15b36ee7417803c164e,0.5243075763893736,0.5249481836946602,0.5108703750675404
484e2d3e5b5785e554674554,0.4927812059686824,0.5202825625684756,0.5354030661963637
80769cdf6fc069e91642966c,0.560475227807319,0.5766531994648928,0.5486362055294046
6c4ad1c13c22f8cefd17ce80,0.501663467660147,0.5582133954057492,0.5965083175754133
934c16f76b7e378c5906d535,0.5161134390358639,0.5655450799643122,0.5744450397308888
e924a3b468ded780ddb78cc3,0.5161134390358639,0.4812904683336027,0.4855626813027131
cce0061539aeb9eb6e955f70,0.5562243325397829,0.4900652070544052,0.4806383068154286
6879ed57406e28bc8ce0513b,0.5398664004205119,0.5934501944269303,0.6015646804904901
37bfe87d444c95e38fbed1fe,0.481937745370262,0.4226676668005231,0.3974132813991234
0a2008cdb66f96aed13f15ef,0.5498877328881664,0.6226797648202171,0.5768639906904773
54d92c8eab3a4c88a4efd6e5,0.5591747842531617,0.5880789399390187,0.5604004961517168
78cee762fb809645dcac630c,0.4691998594167553,0.440216789725569,0.4892455768629858
352c3e9124b04cf630ecd3ea,0.5623708709895284,0.5178471744631431,0.4799173302831294
ec72043d61bd198e3e7fec07,0.5623708709895284,0.4532460118693256,0.4053240839817417
a27fc32379b56ccd9472f7d1,0.5330651640984403,0.5942345416177717,0.5720270639061266
99c7f77bdb4405e503cf44f4,0.4914240406588074,0.4847666088503355,0.5125422760041901
66deb8ade02923138aa20beb,0.5169884375538581,0.4844996234206342,0.4957580008601769
9895dd581b750e31d9b22fbc,0.533025043684866,0.6253776934483628,0.6159590709502373
ec7d4104d411e83be805f10a,0.5149318136826172,0.462475220364868,0.4402572925232612
9039b3c68d2fd3bf307147e3,0.4860158340328844,0.4923281823018552,0.5400915900359712
f1ca3efe5080f5afcd99bf16,0.5157273063076229,0.5237808636914173,0.5511832223703164
d470f6c4f1a63b0d3309b0fc,0.4658391095975441,0.4579183929882167,0.5034885614417258
07b561dbcd143352fdcd65da,0.4911748787601752,0.489643700523926,0.5059576032919426
2a9e1a00dafc5a62e2c7cf49,0.5169845420883775,0.5899383517051242,0.5963119391280147
13d4becfc5f80c3c9706a213,0.5336532043845409,0.5066936926322182,0.4900757986515704
5366567dabd16d89385ff38f,0.5628734042952344,0.5206397831134567,0.4577822798554263
62be8f1fb523f7e9df33de38,0.483907454684775,0.4130397220905852,0.3954238397264827
d13838efdd84fa137a1c3354,0.5698495485194933,0.6828971489178232,0.6408082197180696
f31e9dcdc83b813563dcd101,0.4935880670554559,0.4665477211032766,0.4793184922650952
6ae64a9e5d942630dd5dad66,0.5479700983886269,0.5029020774420048,0.4621024255498011
4784fb030b198b6c9e588f8c,0.5071454732316578,0.6504935193305423,0.6309212197587539
fad27ad8750ab4ab4d07b007,0.5049379379658078,0.6059302202025921,0.6043613254862711
313f3aed3851b45898e6860b,0.5381148921758502,0.4917115906958785,0.492070882940202
b70af9726f73e8d11fdce579,0.5437767165526399,0.5337024188810551,0.5105323576976445
7c1a7152bb907acf4828f956,0.5036213055992249,0.5683202451136784,0.5825640126946698
9e344a80aaab5baa4b9661f3,0.5365392590286494,0.4794086211233983,0.4433235554064063
a74aad61a4c699d1f0c55448,0.5482630021090729,0.5863517733550163,0.5585046717713154
a50d6655a995ad8718415833,0.4963355294546919,0.4207948727120808,0.4164665940985046
ed1e9d797b6521df161fc745,0.4509538995992973,0.3814994151366824,0.4161502618696288
68e8eac30961a5f6bb13b5c1,0.5099267580106661,0.4689024286026709,0.4627130078525249
8620dd36183238aa90c6cf04,0.5463584291343254,0.5664168335646187,0.5175225359966548
98875fc01ff6fbe42befad3b,0.518025472327207,0.5639446065843629,0.5514129078066989
1e95740d9efebabf3d737265,0.4929949034509586,0.4715805217240113,0.4877866877164069
35e88a1d8087d7f1db590aa7,0.4822694722984587,0.5314865999323631,0.5563432335232058
a92c1977ac2ec8e142e1db5a,0.5438791904527213,0.5346127437416162,0.4830943581624816
4cffce0dd7b4e7b0fdad54ef,0.5469346464841682,0.4498108876403718,0.4266813938626652
89bbea07d7ab64fa06e371e7,0.4651722465823373,0.5016964055136375,0.5191448133972212
aa0ab92c2fea64b36c367e5c,0.5114491830713064,0.4127227367425946,0.4374731223347412
2f01663d48559fecc94676bd,0.501247428595692,0.4484134279283762,0.4144104970068333
fad41b32bfc7acc8a3aa91dc,0.5525813094002844,0.6420181229620491,0.6332579864331158
1c6677a550f880f1505ccc72,0.5263269506305004,0.4490298610456794,0.4270249806195523
2ebd26ec15d0295266ec757a,0.4809930829681137,0.5122892828003245,0.5239786573153644
41be19f20370d506edd70a8d,0.4972930730480442,0.5961037913927651,0.6325616383520738
d0c3e5d034f6aebef216d9f2,0.5066661423143956,0.6633941297327004,0.6497916402723588
44975b9153d8fd877e318167,0.5115908478149338,0.6476860745566235,0.629536753564464
d3a8d6d3a3433d4f6a9e01bf,0.5125009759587789,0.5013095415496853,0.4768837923187633
4fdc8e3e27297faa1027773c,0.5580475102959682,0.6920330485452533,0.6290161850667981
d96e019e355658f6b890254e,0.5318613434394007,0.6267883182164017,0.5871227419178772
2270ba079168fb86b87d5734,0.5416049950833655,0.6286890699093675,0.6251952248209645
938e81cedd073e273887f7f6,0.5007049372046783,0.4375934652324706,0.44385383710276
a6b7800b06dca2b52bdde51e,0.5000554258173475,0.4610231594627177,0.4383407537441404
1b328c1fa769512c71f7333b,0.5602392057509771,0.4888584488029783,0.4273466108278343
1217f791c4cb8f67074ffa2a,0.4924845375853325,0.5714284511903223,0.5923017487293416
c01d7f5902eead8de201bd6e,0.5518907704813744,0.4719795448790442,0.4509878562830163
be84dc63f20f5f46cc048941,0.6039497540967385,0.6162090580903083,0.516072362190118
dd93b6cc54b5dd49d132b802,0.5305286231327804,0.4409598579115947,0.4431431435261449
75713bbcaf435c3c1874797e,0.4855060778503766,0.5020844978972328,0.544555660124449
d6381054ddf87651f57e9412,0.4946418012696554,0.4998440877287048,0.4964385242577807
a16ef22d5a0d0ac868b8da9e,0.555125886085402,0.4725380590202215,0.4034791914670561
42452f223801e9906156e236,0.5684404329491829,0.4922527587925033,0.4316946446486227
c65ba90264a1856592978864,0.463749820375102,0.5133502534067397,0.5666343885862681
af5c77216ea6f812e3bf6587,0.5483894764336266,0.5486930733107871,0.4896340798619166
f91986699446ac180a2f5ec8,0.5359574255081996,0.5806173011266714,0.5944647680765698
1ff0dfdc80c88a8eaf10e168,0.4383721215791843,0.3773406947686591,0.4223828795050791
f2e2dfafcfe60dfb017a2545,0.4859881789472339,0.4892532572930361,0.481854124768918
a8e59a98747d3bfbf8a50adf,0.4946572078862921,0.5662131048666295,0.5856532611401035
94a4878979027bd78ab73ece,0.5083375211536104,0.5244990032245392,0.5492913564969973
34e9f9ec4d5f56f171056f80,0.5409531198912803,0.4878450638534504,0.4559912302136198
bbc32c193b0e78767ec7f28b,0.5429541699734249,0.4789356492241098,0.4667593661156001
7ba943beda8f19ac6720b023,0.5127645790004536,0.5483712081303543,0.5132461211571293
0b30dbc21f7d8b8d259cdd54,0.5299024239709429,0.5995482982664246,0.6015316518188106
cbbab1ff97afbaa93859de8a,0.5095095862966798,0.5572413969139476,0.5727236358822901
b48b6bcbbec388d197c0e7b2,0.492163458653898,0.4746892302432415,0.4642809718956119
4065fa9169e296b787732d0d,0.5701794673488261,0.5693377784862316,0.5537681747895982
e0abd44e5a756388c4c1caad,0.467052875391952,0.3731302745958971,0.3932701087753439
3e20bda141bb2c92f9fbfe81,0.4906839394084361,0.59615574522603,0.6202342912467098
36793ef535a41f7e3c5b9231,0.5292737487669921,0.5513865657141225,0.5455708171318414
f3d7969fc35f787a7fd25fa7,0.5484047933172642,0.5081884152071416,0.4890847013520309
2389d5aa09e84cbc58d0cf8c,0.4834224583670304,0.5052113822783099,0.5472458679885044
419e4cda0b3f2c5e0acfca32,0.5149622594067503,0.5392333893687813,0.5638115852149099
cc8fc10968163a2582fac2d6,0.4798171228951684,0.4312915207354729,0.4372948508372442
a04c2b97796005ceb01d8593,0.5063716812371204,0.6014675181591016,0.6035712361697396
6f0406f38778731092e25c9b,0.5046598867691102,0.386788747535403,0.3989052587089652
7e6171d69a774e8b38827a5d,0.5647642695953081,0.4380442006741394,0.4266494638707931
9ad7e25e5e57ad41eeffedd9,0.5046375386615537,0.482416219386368,0.5217567211010069
8c7f66df3a791da80977c8e6,0.5047391344989267,0.4494325564487714,0.4530297185706231
afa1545eb99e2abb2e350785,0.5300833126206423,0.563484431722703,0.544776496952252
9c04a1504f2b4916b34c5be1,0.5221912372509018,0.6542765696526387,0.6106735231231983
c174727cd0c040888a56ed19,0.5420238693087462,0.5536784034665334,0.5508964155790814
9472556930c32bc4a8fb1e69,0.512371733339405,0.4436351763886956,0.4222893708399845
fae93ec5fa05beddb07bab4a,0.4758805647025314,0.5081286270713798,0.5192601578672901
d1023cc52db7767e34b1d4e8,0.5245737690028967,0.4708766098161021,0.4862079614433555
855ff4f553eac4cd3ceb3d61,0.4915626862722757,0.4289540332904586,0.4012471939288821
47338b250f4595bd5522b81c,0.531478770639117,0.6088005042075021,0.5680652032631006
7eb021fe9695c56aa7f14fcf,0.5276183259321454,0.4959521690412773,0.4616325133943462
6e74c867063e2304bfb812ff,0.5149700511591407,0.5793058845845641,0.5586293678565933
f87805f4688807295ff024dd,0.552264377187345,0.5347941088031333,0.501719152753115
af65b80a8670976e8d2e404a,0.523205563789634,0.6226172126721417,0.6192721116851816
cbf7e2eb80031cee239c92c0,0.5272741819556742,0.4964176344830988,0.5035223967782724
c740747d05f2a4eb037e079e,0.5151540188041517,0.5880939718794261,0.6155388998377245
851858bd030241e0a1853f46,0.4983616332772503,0.5753026614334968,0.5956768584651837
85e456e85933164b311d2971,0.5356632876859534,0.6112259883061693,0.6094424272938531
38aa29ef56bd4cf9fe6027ff,0.5763796885889286,0.6073267176566813,0.5367474456269445
96288405d58bc794e5fcffbc,0.5060409013715617,0.5383424966536985,0.5532212968434174
084d5f32981d30891c3fe0e7,0.5140694757136143,0.5422428287863632,0.557438326757
a63fcc88b0243e0c7daaeed9,0.4742612076677136,0.6114073316902497,0.6301551714939526
db47b2eef223c40081003372,0.5766883966474976,0.545924702521571,0.4646198919827408
a14842c9ca163e4e83b10d9f,0.5030279373824321,0.5376103690716719,0.5580718710752058
f1e412300ecc36120fe3758d,0.5113836531574167,0.4420553508265211,0.4335255090264639
8a9987f5c32fccb55c586e51,0.560891528519797,0.4623699012828316,0.4153145351024699
f6b823cf4a20c8eda2ceba9e,0.5167789339205896,0.6007609380570638,0.596130033063643
ca5f041ab264711f35d2d7fa,0.5246660894116841,0.6224142198096922,0.6219402226971126
bc4c7cc52a547f7c9d084900,0.5500529043870364,0.4998192718501636,0.437249657102072
da3d7f1c9528e77df5a0cb4d,0.4971159544604781,0.5488437457518909,0.5849034140069298
ed76d84c3183b939da718338,0.5792489921071466,0.5958301272914636,0.5126568084947551
270ce428a156f478b3c6dcce,0.5634972163405834,0.5189901059579167,0.4620138413272099
139dbfe1d8a83c52ea24cf55,0.5110005772805285,0.4122718159146495,0.4274018247812273
7d2823ded44d422be52cc41e,0.4929893955705527,0.4932255574402058,0.5116934162519676
e5f14e9e22c85535e3771009,0.5380401854113571,0.6013541306394139,0.5913364587761836
ff7eaeb7935a91fb3b3c95bb,0.4123599772047522,0.3540096687785002,0.3984928441161343
2b013d33a507d3032dd18f3e,0.496158795846137,0.4532239440283838,0.4484866487626454
3e46eb6814cb7f226f5551f7,0.4818058701088338,0.371451114558325,0.3867881470573692
438ef9b65645d92cb8cbb4a1,0.5432802429325921,0.6149063629094214,0.5971600405656825
ec86ae8176eb3f6af9e572d9,0.5509733765689984,0.6238403065773465,0.6015289477544571
f2ee4370ad36957768ff8702,0.583748403576111,0.6496802567113156,0.6234178728536772
8ae0d6d3cdf357782d4990e3,0.4821760258118529,0.4135230178116655,0.4167440687617847
afe09d220f4a7d931f501507,0.5615162651025613,0.5911649740155352,0.5703293498482394
97ccf2cf6c5e62d411fd08a6,0.5024152074544814,0.5191391348433843,0.511670864217729
ed26a34541943253cb297aef,0.5468900759934778,0.5457457270023981,0.5360443197677425
38c27c47f680b3a06b15cabe,0.5415326757931788,0.463755558723741,0.4370277283241549
6eb19e89dd005a3425f0a60f,0.5363066597110602,0.605238302591627,0.6083772214987582
8147c462229bd6427aca49e7,0.4340621744148076,0.3762469839525832,0.3950036114802046
b4dbd13f8c42c5f475f424b1,0.6209233815618218,0.6563766057055371,0.5955142944876677
84794bceffd83772dfc67c6a,0.4750295127130967,0.4098643787971163,0.4282217800197984
1deb9382ab9d7cb712fbb6ed,0.5143629867608668,0.5631413306537371,0.5732477361804643
f7ade67fd659598f5083f420,0.5386697436728581,0.5912980360640583,0.5972497822828748
7ae8867ed72cad96550127a1,0.4749044523398035,0.4489245405030371,0.4816448365843132
d85ec4676e12c108a1bfc97b,0.5833524292617107,0.4677320710681464,0.4288952186047895
454b9111e44efa6634126148,0.5446193239867185,0.5429456202719926,0.5090330049760772
23c7ebc08c83798ae0d7373d,0.5316616937273163,0.629459223293949,0.6165684356183692
4bb563a32e6f96f22ca0fd42,0.5396440245991072,0.6002781786828362,0.5893715850991446
b8e6744d0264f3a14bb1e795,0.444917136560725,0.4572509449858352,0.4878943498905538
0d9e2973cde179c9a4711b26,0.5022743125848281,0.4891437477874948,0.4602425785731733
6c90d3fc85cf58b04b180781,0.4520110440392538,0.460597085980389,0.4937852229341622
89b7278cb24f6cedb766b816,0.5202754324798903,0.4773787831610642,0.50183303534228
888695b5c5add898e2000bb0,0.5381851866750116,0.444273217445676,0.386914883491648
c6a5868d9c0e4cb0ba812f60,0.5111555618809669,0.5572356356577108,0.5698836562514854
16c3c0f01963d41e415756c0,0.5741754482399752,0.5094627104552568,0.4392502610527801
441670378c211968e55860a4,0.4215203078382083,0.5170159306297254,0.5621593409291115
1c867f3e1aa908083ab064d7,0.5125578136913393,0.4621013312011707,0.4392066177735939
b8522206a8bf5bce8c3fa20f,0.5059455187309116,0.5902711985893206,0.5732506808048335
66bfffa9ecbc9517ff8d2d65,0.5108363795613999,0.5459529767943125,0.538653982904801
00c37b3ec36561365afe1d4e,0.4977117046633367,0.5695094973704117,0.5726802678475048
e2e4b15bcbd914c284f2934d,0.4895039638613007,0.4727127581307898,0.5170814544374136
7eb8ef9a79acf631d6f53fec,0.5315198330528149,0.5710912906801846,0.5646983090377556
7bce4a33372a747a7e0394e7,0.5297958431107197,0.5308140207831333,0.5322286052984639
cb3254c9641efe853e35dd31,0.5312642719126129,0.6244950144242571,0.609667636523167
2c0c38547db00790c38bae8a,0.4776377768521037,0.4664048471623994,0.4736019502549732
f4f599a67870313f53437ab9,0.571722294762743,0.5627869177563549,0.4954063844795766
695016786742e51ad5b67744,0.4992181453744974,0.4804842281148057,0.4800043386310837
2497f66a352584a80d279558,0.5392801261432661,0.5644051112738732,0.5408751524977872
c1ebe023129aba972774e4db,0.5174898203451446,0.4689272255463406,0.4646556730131435
ac0ba9020f4df53706fa8dae,0.5128703088336365,0.6122151294944622,0.6224412092645748
52fb1e81ec8496d0ffcecd09,0.5208634906139553,0.4369137709474727,0.4490498265504893
795b5db3780d7d0870ce9d87,0.4799945036343904,0.4478334322001974,0.4539509781917769
f8b2e169e73dbf55afb66c79,0.484051551924166,0.5843517315979354,0.5768504138105313
30e88c52b445637643c90d8c,0.4916481308249709,0.604915487463785,0.6272837319352531
227bac0320b961a84bdb39d9,0.5405938688979876,0.43084690815396,0.4411079322914544
0ff691beb787086d0b5cc6ad,0.5166055698721208,0.4822062041011125,0.4877661080310839
a883a1aee3562a97eb079b03,0.5067969588344977,0.5880483450312286,0.6108926393301225
abdf80b9facb49b80f324ba1,0.5400481713303483,0.580679930187576,0.5938267948040947
55181198b53a1eae905d1750,0.5142571877735205,0.5249130398093608,0.5127155845088136
6415ede6d9e81567a0cc02d7,0.5184031285772523,0.4275783591790832,0.4167288986654587
9a7ef17f091666934a1188bd,0.5144012340159634,0.4545574201163662,0.4209288850669791
adac787664b9c3f6ff9f9500,0.5195439329565935,0.5017714655398398,0.5132626447833952
0ec6f95296c2ccda284b5332,0.5664909630139713,0.5457965105812048,0.4787592242429979
fb74f6ffff551bfc57d181b0,0.4910772970631139,0.5387891105909131,0.5796284294366151
8ca89f2404738f0f72902f9e,0.5143338740437506,0.6074927004996615,0.5929652896310253
4cd3f0f3e1b0343aed2e1e3a,0.5095560776445337,0.4686262882769525,0.4786330448054443
70401bde6c0f5b32b9878c6f,0.5328555759381502,0.4719703780764904,0.4774729238845309
0e335ad22074bfb71de99614,0.5002081809016506,0.5847421987011469,0.5630295178159913
89780f5fb151d93059b143a4,0.5049669540837323,0.4302808139812347,0.4308066406108047
d4a2c3a95a4e72af7ee0bd60,0.5119982895486044,0.6046306224720663,0.6079710398547793
30e51bf3e584961f06d63178,0.5207620075266812,0.470558968990263,0.457342244272663
05e6928662f8a9168fbeec33,0.5263483010841492,0.5606880285248218,0.5328445380901239
c3487f4fbfe64f1aebe42248,0.4940395815307096,0.4877099943355585,0.4877661080310839
9004324b7215d8757ef32fc0,0.4447580637251309,0.375791233184271,0.4431067150992424
b1aef8d67561fc7dea536e06,0.4618205164998741,0.5440594700592348,0.5592265371221232
faaa1f93076376b7852c3cba,0.4951551739848983,0.6225077488585031,0.6251589903923191
5af76ca797f4341b8106264c,0.5068797839923771,0.599616046411894,0.6121305317179465
8fcde221d5dc17cc08d6caa5,0.5247074257455041,0.5687743994814927,0.5903595128209
f0e4a6d0797d93cbf26da2f3,0.5126898774034214,0.5319291602436566,0.5553498566551354
40826806137c0a2fd93d1b88,0.5049685231165602,0.4409908704760577,0.4770992928878792
52c7c74ec121856e52356c24,0.5250299415188731,0.5579979685187461,0.571537259271738
5bcfd7403aff9cafd463286f,0.5120859559764805,0.5787617938800622,0.5638707659006743
b79d77d6026a6f146238a299,0.5718032070647582,0.6236021688718645,0.607023386400696
5a36565851964a1d4a639441,0.5277584789844277,0.4763764403228194,0.4554903246317149
89b3d01fc93f11006db92f5d,0.5652582144461031,0.5627614741146825,0.5276676117282781
5eebbffe5425b95485658c34,0.5703894679297729,0.6138487628332487,0.5644788440684692
ca8061eb38cd134378881378,0.5030281538301664,0.4530271428802316,0.4796303228846017
f9802e2083d918b09495aa4c,0.5430617891761881,0.558661164104354,0.5577618255458452
3eaed0508313c6798c8fadd0,0.5641844017148482,0.555047194917039,0.5212668916163443
6722c807ff3f5951edce9320,0.5633987146450721,0.5771103406458273,0.5463186298514043
2519f72fb7fe41cc8df7ea41,0.4658377317298196,0.3959425535724853,0.3945699205353238
de1978dd7d4b41c0d75fcb16,0.5589139772391851,0.6021934082126305,0.5534806545261443
66a2b5d51d1d522d0de44de7,0.4897304814917847,0.4872259448783921,0.4781675057801556
b82474cea5be9376f2b67ee9,0.5073739274485771,0.4877563030294658,0.4829154596308306
d2cebb7274ed95baf58f7609,0.4520295173496743,0.3965477248649413,0.4217024723955641
167d4b6ab068dbf6c88307fd,0.5176583152270063,0.5150810862839506,0.4994630816428455
1189f02592def6a619e55b4f,0.4694335782109268,0.4617990841080781,0.462860891410946
0a42fd4d93335a775520de79,0.5076649026233211,0.6208015762216573,0.6227603230840586
f6d85dbf263fb3dbc0ddbecd,0.4924442790748168,0.5754177638742709,0.5914323187456548
4b144955dacc2bc269b8c996,0.4960231604226336,0.4492772639499141,0.4367147651908499
32468e41ffae0b4c52cb2246,0.520880893072996,0.5866759207181705,0.6167106470226011
46704d688ff520cd12ed20ff,0.5546157359931996,0.4557939382899717,0.4080501449591667
8a66f659b9b8fa5022b182ba,0.5696136014395671,0.6708827361788408,0.6294933162302787
41a2aa96d413c37ddac66121,0.5010652764028666,0.488573805226274,0.5363724179493387
9ac2b69145de8db0d971b30a,0.5264620903685104,0.4994597641738885,0.4962325134507432
8328ec27f5cfd25dd781fd90,0.5146678413928609,0.4954562914271792,0.5178718408851306
531253f9948ba6635536bb5f,0.4361703153639233,0.3969360487744771,0.4547696629596636
87fede9c34023ec93b9cb0fa,0.4466651440317314,0.3830859186009325,0.3964716949693317
ee1b80c3b21e37e9314f3097,0.4956041645870197,0.4274795381734877,0.4027995925950426
d97548b136e6b74d03a8cd10,0.5387141029915947,0.477882852271453,0.4711532452887321
4d7338764dc0e8a8e62d7eed,0.5011441592055021,0.5688121916947936,0.5967017219392343
393199823a3871d6285c18ad,0.4955306755124042,0.4696677892765803,0.4644726297767086
98e86aea8921a1812cf61de5,0.5587138746014488,0.5730247104584711,0.5261252699990095
fd5654c7580ecf3f25ca85cc,0.4605426630330769,0.4406555480343771,0.4639367563590149
93513ff3c6a4c4de7429e008,0.4872028700085556,0.5029228207957723,0.5405434620426637
586ef3728cba6ff77c46a90a,0.5295013488801291,0.5394733275567364,0.4967166883807046
77ffc1abd860ac9a5f7e6b6d,0.4602671551821424,0.460559395810684,0.4894959875395349
dacfdf4df0579340430aa439,0.5252683158437667,0.4417611708225952,0.4107377191535286
5576f8c4858eabe44d56f225,0.4520951614838125,0.486292651540659,0.5398242076221267
9677e4da6f1d139c88918efe,0.569006155516018,0.4522348818117111,0.4049450975292924
c8094f89a4fae008834677f3,0.5206585646650127,0.5742406633192509,0.5847154491720725
4a197d220123b1de21e09131,0.4419460649720816,0.5045436587004817,0.5340882590691737
19eca8e9cd5be2517fab02c4,0.5079187717371475,0.5339304454930766,0.5616559999276837
0d35a49fbee15826fb28055b,0.5437179885041541,0.4968396239414592,0.4399846069648145
810a3d427a4f4c82e0f3ea8e,0.5491261042453858,0.4509445407287584,0.443571670149893
e5f536f5046dfb8166903488,0.5334491720691201,0.546043136214845,0.5036230611545824
073af7bee6c3542a9e87a4ce,0.3914702118071965,0.3150927854709845,0.3810581754139404
c9b58c846c8e32094cd41665,0.5878744308010374,0.5602748601418528,0.5199165997347033
5f2ffc3cf13eefaa7f5c13ab,0.5232678017097128,0.6070854888117585,0.6079370948023584
84fd89a2dd4eb29b11ce859c,0.417282773350719,0.3649606539284114,0.4137796897237364
7beadcb2c692f45851282b5c,0.4973206973331496,0.5148147121928786,0.5027639865370018
923fa07590c028385258a9ad,0.4956821441629453,0.5667868973276151,0.5850131732026251
e1dd6ae24a5ec3f9d568927b,0.5018428211027252,0.5714367049372447,0.6143014823431514
f1a6cc2ac07db40fa0894201,0.5578092654577985,0.5170886043123235,0.4924594075584466
1c879ec90ce4e60995f86554,0.4941468468090345,0.5881676123842261,0.6257725998123382
811176bc785dcb9050f8043f,0.4932364484083814,0.4220289355979733,0.4055896180559882
6c587500860d23c665415514,0.4932247427527851,0.5375556676362411,0.5674478406062483
eb694ff5f78044c468418b24,0.5453604858746457,0.6145364589388096,0.5989456592274349
c889eb41fb69740bf8b0dc01,0.5103316569282145,0.5142381504916343,0.4785048517007044
6cc1d269331a7778050ca24c,0.5480631729315449,0.5093228888914291,0.4532489722326852
e9774e5eae8aa7401d88afca,0.547736557518379,0.5635102615911066,0.5318241426617181
093aeaf5d941f72b4d4010cc,0.492871661982696,0.4599390065540936,0.4771669854812372
01d32f05e7707c24e4bf198a,0.5106189544711988,0.4850052236377298,0.4758346668822901
984aa567e4b8de5f939379ac,0.5372089162880015,0.6041380324161928,0.5512632156701913
f8b0ae8d7f5acc1f95261b9b,0.478115522412595,0.394775444672144,0.4095603285280549
060cb4311121df1109d29147,0.4591717526444705,0.4123403890416898,0.4414958200601909
17d0534b802dbb8b3b9920c5,0.4766867151276518,0.3757475384574734,0.416768621110442
19cef968ba3e8528be471d68,0.4900139701894443,0.4292599364342322,0.4174059142673924
9f75de24f1abe16d354823df,0.4860050151617467,0.5442160380143022,0.5500845432862072
992e02ecb8e1b1e949968b94,0.4553852250934861,0.4004682463454314,0.4142748281891087
28fc208bb1758c2059e89e03,0.5145114727701172,0.5621920035145676,0.5715132233581148
ec9c947fff91098563f1fbf1,0.5243241971956648,0.5269805034977002,0.5111862155938742
df8a32b6dfd3593d1da183ca,0.4851132487943181,0.5053079214272291,0.5488981934187033
4a990f81fe69327cf148d264,0.4917423815330799,0.4931068700905671,0.5229046630451794
af865676b556f46d294c2970,0.5152802908901235,0.4487797017051794,0.4650836267994161
1931b72a86c0c98a7269f48b,0.504740435561386,0.5075827366652886,0.5251121674146969
c322667b3856cef258bee1bd,0.4797939110487983,0.4044716090651206,0.4223314584198869
297450da9632b928e06989ea,0.5280530816659292,0.594195117868672,0.6081773657391686
16dd6c779ae693a3582cf9c1,0.5443800237778691,0.5746739338555031,0.5148256977721963
70c0fb9ec22ead582ea59e5e,0.4861934516357822,0.5972992670625211,0.6483944073677665
db7700a8c2f8c317cf12cb1e,0.53687383488802,0.4695149781707504,0.4590353480292305
f35c5d5a8761989ab42c8dcd,0.5894117261238228,0.5719834258941816,0.5056712005158747
704c52554de867823635481a,0.5346379685261223,0.632888690885225,0.6165565941603643
9c05ed8dd6ca4e266e5b592c,0.512495830724329,0.4542958608244922,0.445407778555405
0bc4cdce451e4197a0403e6a,0.5064111221616664,0.5093787540044392,0.545235749773206
1a2212c204c36220daa02a36,0.525813921102823,0.4850706016696334,0.4727665426509361
430ed6da20ee72aeea6ef9c4,0.5301907569937905,0.4305215182794515,0.4368475099929211
e5b56bdefe572a0058962d11,0.4787364173584842,0.495004602363898,0.5122761917898204
b6edb3ccdc1aadaf6f0198a2,0.5163780728348614,0.5128959118396936,0.5194751373770168
c25bed0806eb2420dd26bb19,0.4618125801125017,0.4736255611475696,0.5309731133652866
dde4f0308b90ed3a9f607f0a,0.5323601109315776,0.4971203647761179,0.4464659050307796
18dc6f79b942311a4f5cb5bd,0.4958807800223355,0.5927111980568538,0.6313832784361553
7983fdfab8439bec14f38c6a,0.5030419137096707,0.4912278550558597,0.5104150100864737
170b3329e5f0a594f0882d12,0.559893330910167,0.6181070846840201,0.5813189444066188
d710a1ec2b85e1206f4016b0,0.4752102788053635,0.4411269503026593,0.4523026049070638
4d7f170e01e74ba1686ff0e5,0.5015235698452976,0.6053684026237136,0.6250247198519024
173fbf548477c84601653f41,0.5002271804621486,0.3970119687990872,0.3976398287862179
d57b3069b0c2a51faaca298d,0.485231555344392,0.536961448447761,0.5613694510125801
e733ea0a8d28653d1d787a05,0.4109291815394809,0.3605446617768184,0.4370277283241549
7122de7ce7dace488959d4c6,0.5586847676279331,0.5470682160054184,0.5358363440509342
6a9b13717c58ecb004c7bc4b,0.509994545929283,0.5227213828793755,0.5583378484519992
7223a1baf82786f948ce2afb,0.427460344674218,0.3604874441787952,0.3933626125271171
dd334cc79114153e491cbc33,0.4830629932905815,0.5799062607855986,0.613237872775122
a12e77c0182af4e022eec1f4,0.522943995259119,0.5432296185857329,0.5185086566276106
15afbf5e61b6cf09da8c25c5,0.5483885925796235,0.5801088388371928,0.5561705399527701
860af9d9f3a44b070635dccd,0.491324914093156,0.4428375822082244,0.4321525666823116
6bea065c9503069e09df878e,0.4851709108535522,0.5252151523065904,0.5586563276948215
a615b59345ed27d8968c880a,0.5417797297613962,0.6124561141131851,0.5966270227551538
60cf3febdca2b921fe9a6874,0.4903507252868486,0.4392550958631028,0.4526965845028146
a8530b0d34ea0bf46c58bcaa,0.5125620366109013,0.4768947056016179,0.5003168020856094
9663f4aa172b35c8f3c62791,0.5189218547640301,0.529334749078732,0.5404659177980973
7e09a71b8c155a0c80add5ba,0.5958967947295656,0.5094414457062985,0.426254474713118
e12fa02d98d2eacefa7b287c,0.5445125014397619,0.495213704923649,0.4951666266292668
f97ab3baf54ba1e282257a19,0.4121519837667827,0.3273724889806164,0.3908520620106125
c1e2393b0e682ec1d9c49110,0.3874546516970856,0.3232299672307613,0.3823513174402564
d85fa0c57c0dbd4e9390fd3c,0.469121869305887,0.393515653333516,0.3872629430782645
07fec5e514548812a30c4127,0.5291595286097439,0.6395494347841555,0.6288005385569448
d147ddd09de7f8b2fe70c0c8,0.5112654884420874,0.512560546057826,0.5477536333438582
866ef3ddfa1284a8aa3d6c27,0.5213399388776794,0.4615779070408047,0.4148042149403654
b8c03840ab635d6e72618cb7,0.5160437924263555,0.6302441078386679,0.6336869569887884
1d8063c0aefe8c5f0e3bcf73,0.5005043400667463,0.4405772541134902,0.4610265735145965
ef15dd3143e37c80bc351aa6,0.4686160549811532,0.4653641984226295,0.4663248317838379
f60ffdbaf6dab03ca5c38108,0.5219873930274109,0.5533990144758542,0.5295124751384348
ad048c950b95051b69702c23,0.5440385877006018,0.4721644103957181,0.4150278518507845
8113768e61232d3d6ab85068,0.5199298869525976,0.4386732926235181,0.4163482979635053
ee23f636fda35013499e2987,0.4663126897533912,0.6184452177201056,0.6598000883305428
d6f2cce90f940de6b6418f08,0.4660987695334319,0.3863936899579873,0.3774052386485499
00fc2429713b1afa791ad96f,0.407534308125657,0.3581764246975683,0.4002053270691232
83f4265b157c27c1b787d873,0.5636511844671039,0.4468671360668404,0.4018293500634302
fcbabe0397f768a919fc8466,0.4930337856561562,0.4037011778477639,0.3932234711484859
6596345ad473e0ced7cff06a,0.4501481295935542,0.3995668639033686,0.4131727833329245
fd1add36a53b5b6727c378dd,0.5510314334538007,0.546286808161696,0.5291384799227552
085f5e7f4f318886ab8bc7e8,0.498868447265704,0.4526026593814798,0.4867638257306758
86c3ee4e7db87578e87c97bd,0.5152402623015978,0.4105334048906119,0.4088794792172076
83fc4a71d674173653eaeff4,0.5149354636558089,0.4461881598749454,0.3976537272083573
520da7168a4f40e43e3e10dc,0.4750209087290953,0.3948446563048017,0.3898395657300885
cedbb7fd90f2529d972d9ae6,0.5484998312427048,0.5325581427656959,0.5237197568994312
6db8102ccde0c9f2325143e4,0.5435551285289175,0.4302031474871097,0.3812326953621074
c1b0e04078e5bb68911e5e3d,0.4958591305918136,0.4463356097300195,0.4470769286960606
a9a110a01c9c51fcb03237ce,0.4746426511609083,0.4213084544101132,0.4381031570193424
0c65574cf99a3deefb06c455,0.4974827006270386,0.4736557350792361,0.4870032032350074
ef4f8fc2efd9e582f2d1fc0c,0.5364568667872011,0.4539416357744625,0.3946700337640541
d23c924a23265fdc27d88e95,0.5335797592079756,0.5747013841797538,0.5731411114886064
e0acab922ded7a884bb79987,0.494926934835461,0.3735420873451905,0.4040853876654861
cc2992bcf64831a9f342b422,0.4867658913438178,0.5213842980897059,0.5554685577403203
a18fae4420a09878e2d7e35f,0.5447475825939788,0.4727172393248213,0.4321449324090366
66fd0f64292a39579ecf7ba6,0.5287481996041928,0.5626713214079123,0.5820182714681148
33b1a50a4b12239014439de9,0.3759335038154041,0.3331606887250607,0.4046834504289011
3be4ab04a62c902960dd02fd,0.5416292130916647,0.6106246391138093,0.6049613558342917
ed336ec3b8e5c22f1c366ca2,0.5062677790152611,0.4977036247086214,0.4839307669600937
ee9410693feed459efd36aa8,0.4934903774860697,0.4442957260497088,0.4419018985454209
4f39f1530f4149a947eba5a7,0.6195005305725245,0.5597785245685598,0.4758283046479265
24b413c45b903fe20777df2d,0.5404020360331129,0.5773996428224889,0.5298534184673277
ae7e81d983d03a49a29f5111,0.5703479075071177,0.5015298495224294,0.4321783101906987
1b2d034fc65d7dd99495842d,0.5364680719855904,0.4585960959653775,0.4021224589676047
e5da813a476aa996fa5dd786,0.5069689034512256,0.5166641900792425,0.5551597141060943
eabe0d21af1643f0d764b31f,0.5103572942552761,0.564543157128719,0.5935931980031853
75754448c15da4966e528054,0.5281601818705641,0.519521885171767,0.5424701747363165
d9b451e7c68497432455871a,0.5789548095909066,0.5460678471615074,0.4735945487388348
52c42f7b10f575702468134a,0.5336626730856499,0.4483551218862462,0.4175304801054089
c79431646494106283fdce2e,0.4892679570284418,0.4515723546462483,0.448652902973128
a5a67fc139603b95a0276ec1,0.4766057960194969,0.6081048179300216,0.6348517781464462
8c9239e49e4980989cfbe55d,0.4678808142811214,0.4730372983492035,0.4915224141295085
29627498786e86d11d4c2d37,0.4258785691119951,0.3611933413441245,0.3892696551820158
0596f31001eb86d21a2abc92,0.4774294852477852,0.4729321713552981,0.4985019457522309
0e0b9a9d853a4988217013b9,0.5590460126230328,0.6158946346644911,0.594137325728987
9e6cdcaa4dc5a5c886223ab9,0.5353798776228522,0.5550454586425606,0.5233791822885331
5aec8e24e41929191a28deeb,0.5290638067614666,0.4428678246373407,0.3906520095323147
5db1d4cad7f789b9c59113b3,0.4914231364335294,0.4424788180500291,0.4329019051879008
d7de9a2225e1d36f6ea0b3ee,0.53676427208366,0.5363755011042002,0.5383416361814299
ce31400cd2128ac25766d006,0.3975982101253381,0.3440618566017046,0.4000105576621513
44d440e992f51b32809b0b2a,0.4509854460309698,0.3834539580542982,0.3873311207355393
5bf43c511f73b202abbbf477,0.4811584777480281,0.4355574709565355,0.4356898404153614
966d90a132d106c470fa57c0,0.5256328811458274,0.4309671333847215,0.3832262981528138
42597fb68d734f77459d4f17,0.5254129700102933,0.4408147587225934,0.3888823562843905
25d76b27f1515477af021693,0.494373349590372,0.5244342491812966,0.526869741985619
0f3b48be026b367f7120b021,0.5183418570935711,0.4530247038181864,0.4457214625066998
03455b31ded049bbeb8f0c80,0.4937564772111436,0.583549518560511,0.6176060276729696
d0e4dfa84141671f30f04cce,0.5365930360432185,0.5302568466057047,0.5123280342900343
b76f7dfa36ebebe2dc12db2a,0.5237383902562043,0.4820229283305569,0.4437474355259211
ed644d9fcc250cd9ff35b577,0.5420526827417742,0.4762628428031067,0.4672076754252973
037b4a2fcf60ad8ad4a2b808,0.5129750772687012,0.4506828215666231,0.4314468427121506
3c6c42fbd02cbf98c4600c66,0.5507105950490934,0.6591270358282254,0.6205297083437253
4395349dc169af2ea36c13c3,0.5340334114052765,0.5972076705655004,0.5616087017632864
562c4c408156751653e33863,0.4847372126640443,0.5548839922524001,0.5783916614545912
4647dcfb092a92e3a0f96a60,0.5318341482757644,0.466227586053934,0.4092927273898455
c364466ab1c78482ae7d372e,0.479638719024488,0.5087678067619855,0.5179258228111697
aaa062243381213a82f9e227,0.4266996275974274,0.3696829137836465,0.3962461640494925
012935536d7cd5b86a566e04,0.4936162785114679,0.5719370363505378,0.6193673060350344
d61d427bfdc9d0943d666e2b,0.5360382440178394,0.4603360106426012,0.4049781450941853
0740173aa5417542a6f34e15,0.5010288414147167,0.5109344739074126,0.5027610784404672
6430c01d794e7df8afa7a1c8,0.4823538890597531,0.5795609419218493,0.6101841306726163
9409200467e4306778461331,0.5441644094359098,0.6325777374876833,0.6297749812202967
9ea1095ff872a9d1830bc7b7,0.4482367240193705,0.485920625864242,0.5460723308861852
befa64693c451664f982eb5b,0.5541465852941739,0.5794890225974082,0.5657795308323259
53961c355bf1fd9f024194ac,0.4847194051398507,0.6027229277878519,0.6345879269384012
c1c79e1ad6e763c4338b8495,0.5664910643265997,0.5130613661567175,0.4807901657940364
02dc0d9cc85e31ad9495a2df,0.4831265737762746,0.5311592489138566,0.5598468360962011
209ca35dc205acd123c7bc2e,0.5109938226084287,0.4856962325698389,0.5048667931438321
c420fd93615a3cf841415315,0.5144585392371169,0.5731795643035862,0.5569434817885109
752e91222b7d5508817d75a5,0.4778919919351473,0.4709380829801083,0.5213243891691357
4f0f3e8c6bb1f148c59b80d7,0.4899793746032733,0.5241474084037006,0.5512082460777996
9385946729ab739cb91a2474,0.5291561940323578,0.6098299467079227,0.6198741701720867
a64d6c2f4dd896bed9c7f1eb,0.5004642614304059,0.5086148052645804,0.5060657388547267
b06751d1b5f3e850b84fb5c7,0.560027394351627,0.6474094917974891,0.6150529725410606
064dad71584bfb76cdd6179d,0.5118871650227869,0.4415316958658881,0.4725874963022584
8d0e76e277e3027c039a6d5b,0.5502423293977095,0.5909685888223156,0.5892914833065857
c06129697170ebfe991def9b,0.5008059668745659,0.441096563823929,0.4571795989254267
1426f5ed9341b8a78866b85b,0.5375284306774407,0.5654281208382611,0.5591095261340726
ce3c602a5be461001532481b,0.5444100749067222,0.5136069400134106,0.5126596421868166
11293862ae11be950a6fef19,0.4891393301605956,0.4538031216202515,0.4274121008624555
078582c7fac8ab93484bb721,0.483636789533666,0.5464868191036342,0.591422004754363
016cc60a0cd13173fa1aa6c1,0.4769452364589327,0.5131983929572526,0.5230799111176512
b3f12c480006402bf97622ea,0.5387217584896047,0.5798946053361538,0.550516525661825
c2bd06952985593e01def4ba,0.5099943754582129,0.4979550107619475,0.496063724150397
0070e07b678919efefc04957,0.4767735285084724,0.5583953072338861,0.5915585094422988
94242011aecdc84ad43ac08e,0.4397846273277192,0.3919053922179471,0.4241697411637039
ded567c2e179edb822d62119,0.4994633165930542,0.4765823966847151,0.4785726344259855
26adcd3f6dc3fcf68487bb7c,0.508075398296554,0.4067139394647254,0.4086806405525702
8a76f967c57c57a9a993a246,0.4595349254855631,0.488349448039943,0.5406093231915219
d8acbb5e73816edb4a5d3b13,0.4819555045980614,0.5626554816157865,0.6131552080942602
59185a1881f53e43645ae2ae,0.5525029790153786,0.5971603790371838,0.5935080768340314
a48f51a5b2c2056f4bfe76fe,0.520115032041927,0.4540663186365499,0.4506890178369678
349942b411021736e6c38f17,0.5609441334785334,0.4854718830825206,0.4433850259047579
381e2affaec62489e98b686b,0.5933743060743842,0.536980328770217,0.4771424811190553
83940fb6753a74af9d7e6ea7,0.4990462552874114,0.5418451036542784,0.5633445319757906
1d09e444f5cf6937f3b17625,0.541846702564858,0.5569161435414759,0.5100576980470212
a13465f6d1e1f773d7580917,0.5528567361724529,0.5143930837662595,0.5037413156170628
de5feac26c345e16cd469466,0.5675252343016637,0.5336447260502054,0.5018205324908459
995902b2809ec6c6ab13a4fa,0.6055502993351675,0.5561818135432064,0.4708318459466787
9f9bf872ae3bee47865f9ac9,0.5443173820507674,0.6320005308071646,0.6127165041668448
0c79853c13bfbf90c94e6276,0.4746482345382667,0.5116738124406246,0.5172441345157192
2796e037d9089c2a6263a76f,0.4963785911047699,0.429900231539975,0.398549694435679
e6bef9e943d70bfb3068f36d,0.4980544259118588,0.5759540843081686,0.622363110935152
09b9841106a951bb115dfd2f,0.4889283880691917,0.5799875876376273,0.6004897727708348
42170ee9af133fbbf3e2b1e6,0.4983867303662361,0.4916241677695014,0.4950906625178936
c0116cfde07ad47e98bcc300,0.4913550077259133,0.4083388637491046,0.4203202344203319
031ae22a277ff88366ebf696,0.5233536785927335,0.436637464028893,0.4401265002887386
ab424cfa11c71e3753262950,0.5746021674922946,0.5863418991765091,0.5572463956347773
d47bb841c060a93d1efb50af,0.4991484390486412,0.5923769946833781,0.6279470875558895
f611ba4097fe34d3b1123414,0.4902855724277261,0.5844880195823181,0.6136028136788674
af099ff65bcbd1931339df3d,0.497708139998804,0.4702167426988521,0.4944320158504703
6dfe1ff6828cd3658027acf4,0.4935856851581416,0.48809739480697,0.501454488865725
f576af0fa5b4b51182adc51d,0.4548876565876213,0.4062720712080387,0.4057774064938697
1174e01d2009c6ec5bbbed06,0.5236574766710542,0.5925339299180052,0.6048561225433107
9ac08c21aa449a88142752c0,0.5539256094759359,0.4593469358981836,0.423139148261379
bc51e245352141b65c3b9287,0.4757034917861628,0.528809123778289,0.5680559218780141
85c9a2e74ed251dedbfba409,0.4958282752619122,0.4595903093465365,0.4812648789468681
85fb17c61d126f9474956c46,0.4725864991950043,0.5722410345045181,0.5999502582984887
179dbed788c8dc4f47a0587c,0.4720480971471196,0.5443363531621642,0.6019872282111443
ddb99dc28b92cc4c230cd9ff,0.5327246258651014,0.5821109485425503,0.586102277731937
6e23448b741775368c298875,0.508021959253014,0.476070091374615,0.442533413435662
a1907f89521eef9ad858e95e,0.4342899919751882,0.4173527039746256,0.4488751220539059
bcd1804b94e5397f00c4c21e,0.5312825848554772,0.5698818128044111,0.5761536664379379
c2627de7bb294a3a9735f575,0.4961913298479092,0.4674948346786368,0.4583535379926789
919793d3252d0cb74d8a39e1,0.5411161605064152,0.5322360760184875,0.5206670685122602
ff0c906d82d5f56f0ce49a1a,0.5659195820383532,0.5275200731155711,0.4668096464814176
02a461e4ca18fc054963eb05,0.4833313068330232,0.5298854446043217,0.5913996257129998
c783948c83dea84cb7b4b24c,0.5466064076644671,0.5184477404907974,0.4635910130160926
bf46cb87655ddb1e5f85a051,0.5594235967435275,0.6397793711902406,0.6185060708567663
cd953fb2bdd0df892611b0c4,0.4383840806947105,0.4037053027493759,0.4198333812249084
683a1e8a30e82af4dafb18ae,0.5369212911534695,0.5107616939201303,0.4961079799683075
263fcaed8b7f6314d73d9631,0.5808109273375804,0.6154196849398181,0.5799516024408657
7d2f279291fcce53896d93ac,0.5371430713879753,0.5028662764719438,0.5214668797469834
c99ec2b0b272e2208c3a0a6a,0.5264072812725273,0.4991733266542951,0.4978307319724778
c48095dd317d25bf67159543,0.5625246014778037,0.5946688405742551,0.5625395745109896
ee4b3e4815f4ee863ca2b7ae,0.5339762073297022,0.6208158480633503,0.6197109316190992
b9b0a3b0d91daa4363fae215,0.5613823483863414,0.502208424401459,0.4728346161305888
e8f527c29b0f1bbcc2e779cf,0.5409118649584116,0.480258070180065,0.4754037348556035
9fe3a6165957b647594796f4,0.5106810014061743,0.5916252160109109,0.616717099063746
fa862e042f046bee48189aef,0.5087880654766208,0.6080217985725308,0.6124039249446767
adfb504c5654c3e6a510435a,0.5349960887504408,0.4749418221370648,0.4848741031817514
980a0f7fbac2fea9119c231c,0.5372385238560782,0.5952688074814017,0.5978681521341189
01ebc9ccbdfa8bb1bb2dd1f4,0.509060160623973,0.5822580600245378,0.6115262546810613
0cd9c709f1232046d0109357,0.5087540845380548,0.5139089029702539,0.5304468953797177
ccf02242010b320a43871b25,0.5499551387803506,0.5410514334756146,0.4959417330586045
e085958c7536fb3f7e81f676,0.5079708550469247,0.4791301870908181,0.4698898546956432
1e95fc1d04488c3324214d9d,0.5349065482731542,0.521110765159036,0.5156022447472444
61efeff00357f3ce85732a2e,0.5068975934368984,0.5697383950955388,0.6040187835685762
8415b378efff5b2ada2b8719,0.5375541798867767,0.6069174392757837,0.5764065336147445
24a5cf7dc57f24c80f405137,0.5727659875775498,0.5103880963196454,0.4871138182744159
b5bc34e4e88573b1d8a63188,0.5633003828405088,0.5862219302840996,0.5378655169738403
5bfb0d077b11d0617e00d4bd,0.549861246615969,0.5028118429159782,0.4926958439351341
5688ee1ed75d93fbb9f70260,0.5685153599723485,0.5060905745799512,0.4654834413500524
5c1360e3ea7f7d29fb65708a,0.5140288682776492,0.4164810254984079,0.4328508068890102
e8d06bf85a672fda2d2107ef,0.5822441275642168,0.5553823757149418,0.4816589546890179
40d5eb876a5d7058288aea36,0.4814199519982167,0.5544864261168638,0.6093967322814432
d6207950587ab2ce535fd9b5,0.5225164902681739,0.5727534961291442,0.595015354527387
0e71fe76d524a963d32c5431,0.5573225826253319,0.589428652570904,0.5844168458702286
c3b4abe131e8e5fa744adad5,0.537631805961569,0.5749531169534771,0.5540411062490433
568811a481ec19c102bc8829,0.5115250267632961,0.5950179827522545,0.5853960983569054
dc777ec698a68324f5a6d31d,0.5062305506729349,0.5012824850368974,0.4989476504801828
5eced9b24f5a36953c44c195,0.5839808873495788,0.5562060537359873,0.5180815261246245
bcd9bf042ed6d683da02856d,0.5555006091977216,0.4773167689486641,0.4027159674778695
b8b41604a571a8b0c482a6b6,0.5414698684754629,0.5370936402651427,0.4852243225328913
cbcd2c52e4326298541e82c2,0.5397680365068912,0.4651347937612193,0.4694364206736375
a68b39605478387144cf59fa,0.5696164925776797,0.5510030020695642,0.5004861077047309
aa35916031479e44693a22c7,0.4759469681653014,0.4914294298743547,0.5081009446364153
aeb8fb9cc81e95421e959950,0.5327897002118057,0.5808859648270431,0.5860887869648691
c5195df080450858d91450a8,0.4657191221940326,0.5781309871212071,0.6314765439874255
ad243cd61caa6e6247f3e5b1,0.5594790475407077,0.5175346163362399,0.5122668826938369
b9effc0a3294e497676d50a2,0.5412686456599962,0.5644284235624002,0.5443219958726355
1229cd0a7e05227ae03a79c2,0.530076359770502,0.6090263103661648,0.5798945322607233
64d7aefd263edba570238d0d,0.5153377775256828,0.6102974076722985,0.6122042396084229
84ecc0c1aab4cc989930f328,0.5317848948593743,0.4847786847655599,0.489649062192809
ebe51aa9a28744524b0fb1fb,0.5307817029445967,0.5145794931163254,0.5235058499836238
f341281474651dbe47444eea,0.4903820324608754,0.5060537490654307,0.5284096835497766
9bfdc84736011f8ba27f5fff,0.4321028600282777,0.3875441074222092,0.4285133255593603
40261011a7757f5baec38a44,0.5639071304298653,0.5799185024994296,0.5459260156663702
50c6954099b07b013b9eb4fd,0.5382721035083905,0.4776564477911307,0.4704710333026248
913f5ba0efd671e86ad4a586,0.5020714182212316,0.5606333414639574,0.5957428220427758
9b3aeb75053357c605cd6b80,0.4980973618840502,0.5878133109105169,0.6056662263504813
d24865a6af6e83182460036d,0.4690307162346825,0.5654720027988975,0.6329178879054301
d31fc4db7e6f5a79112ae796,0.5310440134476748,0.4448972520243001,0.4192948161635806
1f6cb13a909b5eab5edf1ee6,0.549662721822541,0.5308757326981173,0.5303926545511839
47710e4dca54a3965454df45,0.4928248169412083,0.4929873115296552,0.4968085565014444
57dacfb42a37d6525ac13176,0.5303715461483992,0.5533491334063763,0.5590547670958612
04a5d053ebf681df726dc599,0.5135554903665114,0.523924655759851,0.5034973864467567
168fa329b3e3e7ca711489ae,0.5493134270310329,0.4477306144662222,0.4271512236240732
e064c8f55ce62a3e1ed3c523,0.5299743241586312,0.6030328198885646,0.6089076812015926
e3f5f4f8dcf33bab798d563b,0.5283764694972922,0.489413206708695,0.4509577298585344
b223a46cfc618d4ac2d4cede,0.4653982143362099,0.483618708944603,0.511765036379029
701e88f58d9bf9c26f45a2b6,0.5524102554621647,0.5240213502709422,0.4997039521270665
1ceb9ae45597046090c616da,0.4549909156340636,0.368817561515274,0.4357155797463152
f60a7358158227cca34b8ff9,0.5150370714587624,0.536711765817565,0.5200794919369275
bb5e5d77d82cfdfdda6c46ae,0.4714165757739026,0.5154126922382951,0.5739321148334284
1e41d879003783e5443b407a,0.4965635193704486,0.5353229908626391,0.571307683162082
ebbed846f5abff50ad0f57b6,0.5108760133423508,0.5585527845072449,0.5288945606323969
ed1de7a0773f564a8685aac5,0.5569860773024257,0.4873504804972319,0.4515841293291045
babc76c1f4be4de6e9023cec,0.5194661958492223,0.4721962144188197,0.4655603096671671
2b26d9a78fe6bfc1381dae0e,0.5451374305542814,0.4938333866940443,0.4577756771782196
35f6f4b067459906025a39b4,0.5464903400057854,0.623871307614301,0.5939546683891198
8aec955c9b20cbb6397605d2,0.4777048887422376,0.6111678307218502,0.6079742044329985
e338e320e9dfa89d5323039c,0.5299451915239951,0.56695605085122,0.5737314657620127
68125a23d8b2da91a2f674fb,0.4652405489859239,0.5261703987980947,0.5760063215620936
adee07c6024c6b5977566719,0.5217730506657348,0.5987758120422559,0.6226792272312092
f55845b35ee17372fda442ce,0.4602734622120827,0.5720535223437269,0.6123903707912794
f9d9c979575e113730e9e665,0.5184144406744015,0.4184734066618481,0.4298011327016579
bb031dbc1d84928b402a6d1a,0.5002785465289113,0.6085003469883425,0.612620652504819
ba5949397cd7e03455819946,0.494185278247778,0.5034758221810852,0.543612762834433
120721543b018c9f0737790d,0.545031773448231,0.5727381960761552,0.5524362091616059
a97078ec38c1307a4d9c41cb,0.5297833421629959,0.4788963663210032,0.4597161779758142
7d0a72bc81a1d141e340e725,0.5075251248639656,0.4770008053772109,0.4743353874193191
deed4931e6877351579b9a17,0.543959999772032,0.5702576583928367,0.5665604085675477
d9084e08f19a2eccbe2d8b3a,0.5174047285342784,0.5906604763703456,0.5942837332257873
2ccb62bb583f9b1b8f9472cf,0.4541325340188126,0.3942784030908962,0.4299625952101945
6ab03137a03bf6ec015d6f13,0.5118763779736835,0.4547909155851403,0.4399226718323933
8aaa1901c816c603fcf9f637,0.4906696547363422,0.5515193537633043,0.5484214988227267
3b7877af97e7f65fcaaa8fe3,0.4738636696761403,0.4939615608707265,0.4968796962847099
77ff36dd28eeb343694c2148,0.4658482603610379,0.5602463535836633,0.6239041150156567
6c6e0e081df2459bd11e5b44,0.4825273114946626,0.4771010885959828,0.5199649727704796
a537b0dd7a14c5d6db7836af,0.5933032263009808,0.5719300513444342,0.508034732352401
adfb9c1dc4b1846d4570cdcd,0.5384027143287453,0.6501705352956278,0.6416381048145858
58ed3dc229e983e95a003e2a,0.4335091945107071,0.4008349518060132,0.4174794516277474
54c93d6c9c10508a38cdfe45,0.517419513542777,0.446116368587992,0.4219664380581696
4eb1e0a73f1215d771d68c50,0.5599777238820519,0.5632033007408561,0.5407235874976374
321236954b5247a8cd9ad652,0.4593835087585354,0.5771545365703161,0.632765731516798
bd0ab1725245bc4c959f12cd,0.4648706025275688,0.5586396715418598,0.6014240289786892
15231eedfbca4de12b17f99a,0.5938415423555928,0.4918701223106502,0.4249983520611019
5d7357af9a935c258d67a011,0.4546286478594802,0.5561632047657975,0.6327852709152804
fb4b9ee6dd0283349289c170,0.5122192643270959,0.500546129301607,0.5257942221307003
2df1102c67ca9e55437b7b8a,0.53763676211378,0.5410109126792683,0.4906717929617106
352ec3fe6f53b5267280a3b4,0.4191395329591815,0.3662339609693431,0.3999182426000305
fc022370df39cee09af16962,0.5429167102454949,0.471792609559952,0.4183823013229721
c32585183e8a88c53e6f6c01,0.5874707949960744,0.5552081887334094,0.493110892671221
6c838696ddc6d28b1bbf307b,0.5854339172431151,0.5387029200528055,0.4762409819947957
34591da2bd0070ad45e460b8,0.4769921444678873,0.5898302855866338,0.6232311517515474
fefb9234edb15c6908e447f2,0.5224272028247534,0.6102124709809673,0.6162319063398246
a08e55d92180af4a5a714701,0.5062364522033436,0.4655765233514158,0.4732773654386748
dafbef834aff317f7dddc263,0.5549939716325207,0.5947909892496044,0.5780849369859166
5b9121c43cdb9cd388d99d25,0.483875685308112,0.5412110275362905,0.5823222635875609
7f96ecfec743015bf987437e,0.548419583074138,0.4950752929436876,0.4882004738294918
417a739d2517df050338d010,0.5093475701632193,0.5606272231601209,0.5634401536233048
75542428d579ec8a3049ab14,0.5279597580446587,0.4997810259649595,0.5004071773920856
997f31472e5750f949514b2a,0.5038110904597076,0.5274226495498809,0.5318831740614907
c8934c0ad46739973770dc47,0.5394432021193513,0.6068099674016927,0.6037892324395058
cd2b965c287ae05dcdb133b4,0.543490957111879,0.4770446020311056,0.464638309855112
3bfc1caec42290346475a75e,0.4837680770783101,0.5241892111732485,0.5439896387051129
3d7090d63300e91373a2ef0c,0.5212064090670455,0.5202716995945879,0.5122988355923904
3128d0e3989b96ae4c358c25,0.5698202637208525,0.5496072322219314,0.5138045423002425
6f54965b849d65ea9d877819,0.5250267508445763,0.5695686711627813,0.5766478155824817
e3aaf0308252081a525b38ed,0.5104972941932628,0.586707396875036,0.6172316805408564
52079c451c10d539b177dc0d,0.4945769691113811,0.519405791178013,0.5431265869164319
7cc9fd2265ca63d5dc7dcd34,0.5352853096653345,0.6422575143648024,0.6324094565179066
921f632b3c248982008973d2,0.5231573098289932,0.4955977438670849,0.4841206248191182
ee59ce32700452a345b3eec4,0.5420933727722657,0.6373937076397765,0.6167513027274522
526d6eabf7470f02b1c1c3c8,0.5252640761846143,0.4788949712004735,0.4572267679795177
46371e11f75633be74874851,0.5455821912830101,0.4611435413759825,0.4318776937549325
e11a4748fd47427487ccddf0,0.5105194139441883,0.5295707763581828,0.5047991585431122
507a84cd820e3817c98e3687,0.5079265864019334,0.4657947692879657,0.4625799299967834
f2cd7b18dbf4ebcc5d218b15,0.492948629169412,0.5885229476799532,0.6257999034423996
4d1759e8d62ee56d821f6a3a,0.5221962192150833,0.511141551295644,0.5384691382268705
1abe36c38a9a23a1b399e7f1,0.5468944923355371,0.5438343221925013,0.5078637081842187
0631464543707b2bf8bcd303,0.5459308411987042,0.5017208080397745,0.4664283134746342
93a207d621907bc087f36588,0.5605808453216848,0.5283194008760359,0.4818884300019975
681183434de66ba02432924a,0.5459606610072592,0.5899698683594703,0.576654860839554
440836cc0b97affe9b344d28,0.5277874505957657,0.5511207351441779,0.5608706778263468
6dfb3ae19485d9bbd9c7bab3,0.4825556201786471,0.5587937281004092,0.6034868703688467
8777205b5c420b4c95918d7c,0.5387490373466298,0.5083738755360047,0.4890107639806255
0ae3065b0d9a09ebcae30ead,0.5389443969736258,0.4935144598118055,0.4998302010733406
2869fb97b1e1c34cb8d0166c,0.4772948914085638,0.4325805894016419,0.4515076969894425
966b04a9cc808b6eb9dce4a8,0.4800160640895814,0.4862964854273148,0.5326362705462846
e556f446755daef0f2786e56,0.4711760514905369,0.5471028662677732,0.5814628034717926
132c461040772f0e053e042f,0.5250112590101639,0.5334709353346524,0.5515099789676364
fbcb0cd4b13a89185f0a265a,0.522752988124133,0.5933195440851465,0.5889837278018162
f7ef056348ed483371082780,0.516514836775436,0.5122115880466172,0.5278203554306804
a750d3db3ac6fce860ac7917,0.5529329267731187,0.4488994290920479,0.430015953567865
8e166f8026cfaaadc2f50b78,0.5595269437424205,0.5728747565390541,0.5407672476421665
01f29abf9c939aa212db1d51,0.5607194544800422,0.6412967130266087,0.605185866788462
341b52d8efb62eac1400c471,0.4871376619880662,0.4817759942753353,0.533263458762373
1f5009562505c4261131305e,0.4734497152330179,0.4813859815345436,0.4977427232389497
2401996633d2fc0845ea8a16,0.5079410086351626,0.5405893429316376,0.5420059416963703
71513f3407c921d23bb942e8,0.5096519677405128,0.5094778254482905,0.525771435141339
95c94b265bbcc949c4897f01,0.5286419533842697,0.522589639118409,0.4658821448987358
4eabbe872d6a6dd56b1511ee,0.4742253149579454,0.4932893008928132,0.5378444529719046
3fa363ff1adcf36ee65f4528,0.5403794314800624,0.5444783482361363,0.5218972729248039
613c2bd07ead50727d5fdbf1,0.4901761759731503,0.5228236248092896,0.5471415717549664
3cf97d50cd977bd5fcf4fdbb,0.4765451564895104,0.559888185911176,0.5915305224395342
abb7a5083d41699f82aaf49d,0.4864710672983036,0.5158584662676657,0.5523023969429941
62f5a5034ec9f23d46a1196c,0.4753678702375762,0.5195053278586141,0.5504253841818614
43060a10d0b19029967cecf1,0.5592094832171911,0.5211907137020712,0.4801460020079489
b1f734e98fd22e3912cbd736,0.5381800004945582,0.4787310054133173,0.4502034802746817
40a4245c887ab1359af864bf,0.4951001275424371,0.6465534527842571,0.656560108088034
c3d4032859a70bcf475b6fee,0.5082064534450005,0.5018578981636093,0.4944295005148413
f4998092a231ee3d1f6cef43,0.4711385669190264,0.5285616188682335,0.5985399039705115
f43c7156042c6af57f40db2c,0.5367650154858495,0.5713898411564307,0.5501117628796155
6dfcc3ab09970614376b5bda,0.5450383036795952,0.4639437098406859,0.4203873794614925
72c504618e0412f7d42043bf,0.4817327059903842,0.5749749212327389,0.6014806845150495
252a79ee7709bb9b15808769,0.4861155863106084,0.5412018257663247,0.599817270341165
e2e524737fad1d52fcdaee29,0.5021258415856594,0.5181405890194788,0.5128213853488373
c8bf71ad9b0a0fe78e7e77b8,0.544751948822694,0.6347183357741419,0.5940146831472752
b01a853a58db89f363a385b3,0.5418470568093957,0.4761277357508352,0.4259621764415267
1e9aefc741226744482d9443,0.5125353633179216,0.4810901190817502,0.5044905447235911
c1d5fe65b137df2ca1546994,0.5321571853878447,0.5749261546037532,0.558366025448001
5b0c2384c341daa2ea26b552,0.5301304926650814,0.5825516255175905,0.5661186937965252
c15507d537c7d220ec6405ee,0.5615064490294931,0.5118869864260652,0.4465348822331786
51508634368e4fa93e7b9aee,0.5272612556441547,0.5696092820614662,0.5879727466270341
eedbda97abd088aa89c55fcb,0.4700316099206096,0.5765822759386388,0.6239859270196468
6a7f54a4643cdc055f2e96b1,0.49685351034465,0.5285146518214553,0.549960948132756
45ef66f11ae23431b029d55f,0.5434276396425213,0.5599145319106154,0.530786028662658
065237a2a8c9703d366404f6,0.5119332515217457,0.5768453338433919,0.5612027390941775
c4d4ea12cd75aab0d3b9cdff,0.4084014735547591,0.4328067884855182,0.4779479948332645
907d6de3224e93beddc976fd,0.4703948094204074,0.5741432042421679,0.6252353419805583
99e545aeb7c500b814e14dff,0.4703016201658728,0.401259685329419,0.391134993929629
9ac8e2be3daa3fb2697d0a62,0.4438369720792345,0.5492463139592993,0.6292648517919206
ead0db5fd8e7fe1f58b7aef8,0.5414277933467457,0.5288485270294705,0.5260785102124906
7d77e02c6e9de9991cad6fd0,0.5373073373935844,0.5646719951678635,0.5639241888314961
f15adc46f6f37e960fbdec60,0.5057108831736397,0.4954737617938969,0.4786104983376966
aad2faaa7695e9b482b41cd9,0.4798184275883213,0.4751163488468917,0.4693706387813389
9a29a0dd0403ce54ab579def,0.4818033076870675,0.5791096500026159,0.5877261350807487
7695d1dc6a2be6df500d480a,0.4499534738052023,0.3707961078436101,0.4276365464125308
23cfee6cd54e4f46186e8eaa,0.5036664297638928,0.4901995202567861,0.484911104774931
46dd887c2f2b46d231db3fa0,0.4282402038824979,0.4165714963985142,0.442244693021482
ee3f61bf2ac9e8b7c2db640d,0.5431195656065239,0.5985325948186069,0.5847879205552802
84d3819d896ace060ceba727,0.4916929193716499,0.397711918291008,0.4453660552280661
597915af58eb2d3a4e7ae8f7,0.5034385569275293,0.4909845013172464,0.5082414008965231
e8e5e6059fdc3c1e72a231b3,0.4707178779935118,0.4987916596327575,0.5592304636540425
b18a2340c917612657615999,0.5406724024493214,0.5784483754493362,0.5850481925793702
e50e93ea4dd04824d0ee0b37,0.4971783958197477,0.6275763181900336,0.632618152561526
7d67165279a05ff4a3e9d701,0.47796176085858,0.5114354506169005,0.5225594003525516
4a1515a379bfc34e999b398d,0.4991926427143642,0.5562264032640135,0.5986657929621739
a1e16614e06f1718284afe25,0.5539112050526077,0.6082827267577404,0.5655253185197293
2d0eb2b29cbc0537d0542351,0.5060174664444848,0.6092695299516553,0.6159841656743358
28df2aa424afba7c03c357a2,0.5002313769130622,0.4041074985316135,0.4216624396947224
259c68bc524d7bd91ca6bcf9,0.5160197979337989,0.5537517281080976,0.5748628782484704
f5fda7cdd806fbd2d5b0b83e,0.527429083367952,0.4585594900563677,0.4326067485965175
66d527aa9d3233c02378d357,0.5173572356297863,0.5829743979139315,0.5688742622450605
283fa824eb29bcbafa1e9461,0.5463794303006955,0.4931349567568358,0.501264932639002
022469e1a2f1677b96662d50,0.5217495233971139,0.5774637394652207,0.5648385864098054
27f8309e4ebfeaac2bb4005c,0.4629342447247797,0.5401482287407964,0.5854167931609291
5f646f01380442978ddd32e6,0.4923812915490921,0.4087689771532057,0.4386848191204321
d777aa4d25e39e0db929c8a6,0.5230402653404571,0.4506624369681632,0.4476968137004004
33bdce5cd22ff0f5a2942508,0.4817934668235673,0.5306223921425564,0.5442141399560722
8adb93e669e6f33b832979db,0.4755486162061087,0.4433522790434172,0.4746944513359294
55c503852f978b4eb5e74e8b,0.5521043586002645,0.4568472714948643,0.4586795727759875
4768754b7ecddc4dea0af982,0.5489503713924461,0.5559861526832358,0.527073246328811
806dec9f098a82cdac6dfb21,0.5215749641550851,0.5584048765880945,0.5650827230446469
0ed851992835d1f2acb7b437,0.4843405129415192,0.5001415136732618,0.5468298197940038
48a144395e81cd16ca02c516,0.5166771976575502,0.501564583542559,0.4934006443921999
c5deb8e8f1266a9e8642babc,0.4868755000124168,0.5191521933236036,0.5633713822085552
39e7e27947d55c76d9d0fa47,0.516228210401684,0.5841427972812656,0.584064031812067
1b6ae609091e22b138f4017c,0.5757111138154385,0.6343586356068748,0.5827694789985112
87cf7e90e8295d68914f1eb0,0.5695869815080321,0.5946701906969241,0.570702498892037
d418b767a8c9979fbf7b9cac,0.5108749895588749,0.5649401528378372,0.5717416842739385
8fb6e76f9a42c1f0132c96cf,0.5075729390593882,0.4447464806480971,0.4538444249224219
b54d1199cecb3cc413f07e12,0.5653110862106631,0.581850912880043,0.5222530225388348
5ae6f0fc264aebd12ace0825,0.4978208902983874,0.498688651861111,0.5015473594870066
727d506050b8e7eb63d09e6a,0.5291639698943319,0.5606566337191725,0.5585088478760091
b1a1430d1dedc31fc89ca93f,0.5137074269125279,0.5405991515684686,0.528086959959446
4725ebfdb25e58027ac3c2a0,0.4519588336521017,0.4036391216587346,0.4175510245509708
befb1db913c761c901027953,0.5004892294700787,0.4246372706586019,0.4492750263398004
af6a9e4f896bed0a0c1b401f,0.5339193866020698,0.681084369380578,0.6481421226825347
74f88461ee113e2a0613454e,0.4933728034747632,0.4809021703760374,0.4830973889670224
eee14f87e787f6686443fbfa,0.499756895282886,0.4507885073655113,0.4552295833331442
d50bd8deb0905a1b2a51b4f7,0.4989534175318598,0.430720721324759,0.4578259733722563
587bbe64b9f39de03e50e95c,0.5184503279647052,0.4645717670000597,0.432121809424364
79a750c2b32141e3e0bc68ad,0.5475578687958493,0.5166225447735215,0.4882473786620738
5cefd4ba1f34bb04f60ff519,0.5452585156033259,0.4673479572174727,0.4130114760121978
3e6183ec8124165cae3276fc,0.4747740876699605,0.6103403627006745,0.6356832143621478
7916aef37ccd04006349d74e,0.4054640999271363,0.3422806859916626,0.3819157545886882
07b4d4cbce9b59aadc40e42f,0.5006877257132458,0.5247135816541498,0.5520390670688498
2b78da5073d19284d979fab1,0.5105475998720973,0.5459692210614125,0.5457650405316109
1ec67a93f5fc026a5f0057f5,0.5041336068424576,0.5284355308500783,0.500346707711049
a6329f563fe72693b7e042ff,0.5409244374174645,0.5191537024786321,0.4741593533513442
0cb493072a2827db2b951e77,0.5682048585191549,0.481643057637348,0.4653449739178579
066fe6b8acf30e8df25223a2,0.5133257716512662,0.4472604816512338,0.4121977623336799
459148cf146c3f74335fb023,0.4964421751279508,0.4166196362404366,0.4049058844483273
f9e8a337d1f39dc866e01f4d,0.59973432815309,0.5250278562618426,0.4437304327006234
b0d66920dbc3e8f6ff5571e6,0.5346265474036107,0.4580154996182125,0.446918299351451
172d098a5d5fc4d6cdf3c5b1,0.5630447986951937,0.4900115449188149,0.431603658935471
73232811a1922adc02f9d15c,0.566280803889229,0.4937526775973286,0.4355636596739421
9d420dc036d33591479ff7db,0.538923131912362,0.5871736408579453,0.6011976705564142
b3e7cd12c190bcf5271b3f1a,0.4944574394810659,0.428105127757492,0.4529414669076837
2dad227e7734b1c74c176183,0.5387900577745408,0.4830627765358223,0.4473461956031385
e88c76142a4e27a4f01ede21,0.5506069553373271,0.4587086113685391,0.4036325000611395
dabf1eaf23a7fc163330b749,0.4942699789632625,0.4509238174846365,0.4304543758727918
f3745ef95782235fcefacdfa,0.5028463157086802,0.4325957810324081,0.4175734896428716
195de3dbd3c6be21b7178923,0.5183231226519069,0.4303284166905304,0.3847120122506088
9eb59c880945224880713d7b,0.5133274516468251,0.4574204505719998,0.4159707309267528
49833f7ca0f4a7350138ecdd,0.5480126612787941,0.5437383981468047,0.4828358909637918
b2fe297377a16f0af9549859,0.550295229081545,0.4770228690976099,0.4321966496668306
3622e05c5ef7ce236be38701,0.536397772761371,0.4952900584372965,0.4474333748448478
d30818a455b43b96ff0798b9,0.4661448576728092,0.3870460204925336,0.3972624714071483
40b6c327b2cd23f7e00e9647,0.5186025200797698,0.4507589963067319,0.4128194395496409
c91d32add1e9a657bf48f25d,0.5030908538442862,0.5925194939566156,0.5942226766263843
5851aac4bf321c69cf13330a,0.5284599158126274,0.4744519556480479,0.4196362392635088
360a43d9bda87bd7e6cf5dbe,0.5075922888793601,0.4452321904394118,0.4301699686037575
5206e78e4cf8a939a6478ce4,0.4808474052095091,0.4066993519692409,0.3944057495608957
4675171e6676be9f7c9bc420,0.4617880169260002,0.5071937308575007,0.5109379390439386
238b39da1ce7033da854fff0,0.3882236661856737,0.3453041391543848,0.3963221265979979
f3d2f1283f813429a0c73a2f,0.5397854763723405,0.6173577460977246,0.5556042831925434
bd31d3b6ee6034506d02da84,0.5334276893911412,0.4984874298712035,0.456345854768963
3208e5a6013686e77d001be8,0.5463576838001508,0.574050731015669,0.5294929333547254
6e165a9e7c8c98c3c1244fae,0.5228558574083653,0.4438926937263138,0.4154747328151268
916926b70986f0b6a2ddf95e,0.4906427814313303,0.6163717182256507,0.6311416857693514
28ad537ee4a1753d0a3d6b99,0.4246098241478854,0.381778029672069,0.4033617393352074
ccf6c3ac2931ae4bd4a9fe5d,0.4696879952199199,0.4033853048725674,0.4006551802704934
3fcc963eed9f6ddb14fb864a,0.475268712414585,0.3951488039134852,0.3965693655153164
dde9a2a40c177c6eddd037c4,0.5201080240420672,0.417797319756273,0.4009956415684175
eb34b2cb426b00030dd157ab,0.5141884107464865,0.5030982520061581,0.4687002946118692
679ec62a962aa29cf9a833a5,0.489343062975653,0.4591758488053857,0.4571731082586336
fcb33aff6f7733b1418e9e20,0.5064106168279103,0.4094821561699077,0.413058673412551
fc2dbe761eba9d3091c530d0,0.5068713463447977,0.4122526394217806,0.3957620155244901
d98c3aea8a12a83e8bb83223,0.4038039475412732,0.3494332005623509,0.3894785176415592
0c88103183e530b9adf4792f,0.5435372079973468,0.5265115130856769,0.5145156373756845
584bce6f01fccb4512bb8863,0.5435372079973468,0.4952475917968023,0.4842274204423973
9b70b70d0bf7d53bce553693,0.5441137280926154,0.5382453633981229,0.4776809569757399
cec150dd34774daf39a17a35,0.507197356688129,0.442149142576656,0.4088930614778112
d636e3ee25d093203c496e84,0.4446438464653236,0.3718833056258428,0.3814839728035012
e8548168fbbecb29dcb8df0a,0.4320228502084357,0.3594431289168995,0.4522444293486776
5216a88e0bf84349b3911be2,0.5385070867376609,0.529452526586235,0.4912942968817469
58adbdd012e2eae684b08802,0.4584100065818034,0.3886636821159807,0.3921815109170808
51b946b02ec64ebfe02af45c,0.4662138895994844,0.4146499923718523,0.4047023281417683
bba0e1a830131e4a32a2eca8,0.4796093888134329,0.4322999635296901,0.4279725367440956
625990cef3f28f6f36c09808,0.3830467611896496,0.3422971671762035,0.4110232172524776
38c114e069050359c3862016,0.4418691729583648,0.390096290333412,0.3938675797819921
af4298079f27ea544e3adee6,0.440347067615417,0.3662337935597672,0.3869914204453534
df9c327c4f1dd8876a38a072,0.4196687528632268,0.3623275894582242,0.4055657034390948
c872d38352ac0b77051a4ac4,0.473644447149517,0.4083887984330636,0.4101654496905714
588c3862914426f73a5f94a9,0.3783362120479974,0.3393542626552117,0.3994655265825554
9981523038799f671f98fe11,0.4615790295893658,0.3968705420481138,0.4179102108238545
53cbe7895c5bb164881c918a,0.4907119610745332,0.418390710650914,0.3872657370410033
7e4afce92f2fe1d938c1f93a,0.4874939321391354,0.388382462053333,0.4301950669138015
4a3ca2853f5195e864999da1,0.499963054470965,0.4110112858355261,0.3844111027886749
cd0096de5dfe89c9b937e85d,0.5168691436517688,0.4319009304284074,0.4052191068143956
3a097c123f4ebfff1ee9409e,0.5403943463233207,0.444995880208787,0.3908629925593048
b088d47ba203c5ec184912fa,0.478584119275065,0.6031409464912587,0.6126201565683997
c1c23dc0322f035470b206f2,0.4887492919324401,0.4219654896349259,0.4153789814790934
bdade3cba5d98ad7c6a2f0d5,0.5063249042846106,0.433667031199104,0.3984960066148577
f1fac94eb036273fc7712761,0.477105400490465,0.3949532658753785,0.3854735695503632
a8d0e0944ae74092c39be135,0.5300383970713208,0.4589427429820905,0.4297264661215823
baebcd051c815b55a0afb522,0.4661916622113508,0.3890541129145339,0.3840859917216488
a0c387f32e22a91d0739aac5,0.4098184261354988,0.3506757453078536,0.4057900475882524
508fecfcd5455b4dad5c6e48,0.4703387837793937,0.4273269629340733,0.422424670268593
8b8eda6a40d78d1a9980eb9e,0.443551729453232,0.3557763964175975,0.3882802593226914
5216541afeb76099e9efb9ab,0.5344502299331133,0.4437723284214531,0.3819694341379252
d42a687320c5537aba65b092,0.4655878252926846,0.386621573258235,0.452608538542424
29bb02d9c37a07e76555c0bd,0.5650781182564145,0.5274556571819002,0.4774038376168412
9ed9571c0b2bbbda93707920,0.5454228887448506,0.5864722366290478,0.5790801835625692
45775891a87371443b427732,0.5246529394866001,0.5069731702555468,0.5172466392169375
351a445353f8ceebe68fb51a,0.5294466047784521,0.6213395046446597,0.6074646486579897
f2f351ff9cc4db476027a2b9,0.4966048897251085,0.5480687189211535,0.5839574333143017
872016374c2b05c3e6e129da,0.5053546294885052,0.5022819062054973,0.491754856060798
f72f58f91c8272f45e7515fd,0.510061807348331,0.4817665123950775,0.4993915317697623
ef5455e7bfacbdb9e48adbd3,0.518903440657479,0.4860943558163425,0.4485328382042234
f94fd49d9c60f82e72ead192,0.4550184739853888,0.5711018185583501,0.6180753653076971
7e10c6c7392e1180cc0ab7af,0.4959620118634604,0.5552341329578566,0.5703972574695587
c53ea31ce5720ddd82807c42,0.4187547187392201,0.3535651123708121,0.3812154856274619
092eae87da8a45b1bb158973,0.4148905995887648,0.3630405978515604,0.4041273075651224
6d7d90f57182eecad9331055,0.5680348371086126,0.6414929227011377,0.635465687912659
acc41800644e8edf94626150,0.4932217987069783,0.4443921084358123,0.4376037613581954
a45ab01081b18d55f7e0a898,0.4532385021833971,0.4656700559333633,0.5029689193682921
8b088c66cb27f23cc07352d0,0.4933146895521961,0.4952523765824649,0.5093362479560829
089e4a9a8fafddabe57a5e3d,0.504229535624093,0.5588280355006385,0.576061170390811
ec813794f777004f3bf9ca1e,0.481748636608326,0.4943825541740619,0.5401832977645534
b62716bcec55b9dfa9fe381d,0.5698973174158704,0.5077634459539778,0.4745689687843332
07075f721e3a79e0e421bf31,0.5282579682040509,0.5910890338319028,0.5822034694616728
4d1014737f4dfc66c2a91fb8,0.5910924491407401,0.6823667563111094,0.6222750604342413
0f2138b042f7b560e11f2ea5,0.4534985222292234,0.4112187297561627,0.4487987753044035
f9d89f45867457bf5f7a9282,0.5300831297137883,0.4523526549584863,0.4213558228408898
b26dcfa3f8219b4e5320ce9f,0.3602082032839539,0.3115530410223706,0.3960311985492449
b07be628036742a1c9bb429a,0.5123601553490582,0.4927515975535265,0.508851207829899
c8374f108958622c789492c6,0.5424995244482639,0.5446072472163945,0.5163050897661093
b113440dd110bdcf50362482,0.5177847424980683,0.5025516690954481,0.5218142644322132
e32aa5b0496fa510b865bc1b,0.5226646125445434,0.51551486232311,0.4873974747274548
e86ecbb9258d51a34f61a1ce,0.5089759499101938,0.5307533826850132,0.5577957468682957
3d9f9b0a2536931584d3c041,0.4581692550913546,0.5361576433588687,0.5846933959577255
9101c6fe40b9b0619d47191d,0.4899710920558263,0.5859220519827634,0.6097176846680046
cf3cd89523f0b9fb51bce766,0.5521540911688337,0.6189970187065774,0.6240196173447894
8dc029b71abef890bdecc0d3,0.5159446307923681,0.5687893538131858,0.5414328380779339
d51aa3ca7bc6cda5ba9d141c,0.5611202367807524,0.4723047120382924,0.4546843641698748
6c01a7e648e5ac103b177169,0.4865966964158768,0.5330631028862987,0.5867943863693208
673f0fd92b7a4eb46fdcc68a,0.4859525334239085,0.4890035998972994,0.4792887610345101
4e57731290e0d7ec0f680e24,0.5111614739247728,0.564882285559065,0.5641973243280674
bc070964e7c5e50ec69c0507,0.487323844946393,0.4303636903904546,0.4090874670922712
607b84adc3425d415c6f596e,0.5474881888218905,0.4671094584903628,0.4348059455623384
93ae72ffbf298045d1891768,0.5199767038160048,0.6166934274591028,0.6318532746098435
01260c77c4942b3db07c8304,0.529816552492785,0.4903443092723559,0.4562207295368546
95c9ebc3cbc742c59a06d33b,0.5648705487919877,0.5711199852000092,0.5634950408496651
a1a3c3bb54810ec5a07b0310,0.5492958297866669,0.6151765533418319,0.6080125915968537
632df742029d6069819b5f94,0.5044701137529334,0.5286112438190748,0.5257663484355362
4886e3ef761779c160d96d47,0.5144528975418892,0.4928255586073855,0.5262209105948782
e695ada613d00b8fd44c5170,0.4695971318588359,0.545257543780506,0.59615613869753
0cf9e8ea1563be1b32f011c0,0.469595165438915,0.4700913464337335,0.5298843607054501
595f7d0386dddb4bc87b8637,0.5138305311158844,0.5497499433399246,0.5677410703122476
7cafabadca2bbba0bbf76909,0.5531713491626177,0.5618853189825985,0.5363363794917874
a96debfd90bbc6bd5602ff5a,0.5219322112978022,0.5568519584299901,0.5764194863146994
0944531d02bf4d4e3cfe8a3c,0.5366891542973488,0.4969272848392352,0.4494304249674744
0e920c523d5354b0524ec12a,0.5124740507222327,0.5877132881900435,0.5752818828288959
e262e4327c14f8766c3d6a93,0.5043601699493082,0.5418457531964329,0.5477163805164555
d177c3210f0375ac9f688e6e,0.4871367019294996,0.586493555248119,0.6219552316745558
b9eb37c49c3624a7b4d3a791,0.4956744303305757,0.4711093966318698,0.5168565931009992
645ee60152f47c8974ea9127,0.5494983838225997,0.5696775474885606,0.5730622449062469
351b2c8aa4ac12540ce89e3c,0.48875253167505,0.5143845879303844,0.5555387129710622
20b22529b64970e137c9c179,0.4496872240675056,0.5895537495396337,0.6170455473808214
bcc97fe7c6ab107ddefea09f,0.4955805138554121,0.581808801079891,0.6328245637926515
6a7b548bce91a3ccbac047c0,0.5126451987216054,0.5030247171965018,0.5101452540151369
846a1047ce9e6470cba5b764,0.5263877806217307,0.5507621547181163,0.5579788436455325
80f0f9514a00afedfec497d3,0.5333756865956161,0.4857200521286077,0.4838911372024652
517f540153d58271eb38595b,0.4950707853441514,0.582691929741016,0.6152712295678155
6751b303ef256e1eaeb4156c,0.5061232904677707,0.5067108953380253,0.5442067865574272
8d048a76fbc1475ddbe64e5e,0.5100766135448799,0.6202949936945115,0.6242799579210636
7a083cdd8b5e1dffcdc7a84e,0.5239492814631251,0.5832393134352195,0.5912024041115473
e5c125ea1b9a973be24c7e3a,0.5350685457470743,0.6294700425026242,0.6399907757705603
f712d5f7caf9ec04fa20298f,0.5275811393571707,0.5738265807202194,0.5613277785946016
ef6ecbb9d1ead181c00dfffb,0.5166092518376552,0.543858363404327,0.5348975841888797
e933d91c8af1993d5a062fba,0.5034461444230814,0.5388214260930294,0.5676879735944785
6e298cb29c1f4b9d023483ca,0.5203092552186054,0.4340302930074233,0.4223817598760221
70293de701d1b98f591edd2d,0.5328702273176276,0.5438092288391565,0.5365941821603356
bbfdde88681de5db77fb4a97,0.5278982866679308,0.5227811835205597,0.5121909979136099
00f9658cb15ab4cd787fb753,0.517080435598413,0.5221142996108263,0.5446644774597217
ee1d647aa28232597de07944,0.4375541228571791,0.3743519960459271,0.4422578697611922
b6f0adbcf788138622555e4f,0.5449427183981104,0.5287902782113899,0.5202569154103904
dbf772b57d5e8745526606d6,0.5354984240651184,0.6419425077645226,0.6386219773328339
dabcac095eb287ab18f6344f,0.4911603425583434,0.4824420860538643,0.4635974928024599
1d039bf5a34d06e0883122fa,0.4890147988198424,0.5183479501606791,0.5131278696206347
cb6709cabaa1f9b04a645324,0.5441644676937063,0.5225376367612462,0.4951942797399926
76d82b53ef8d8efc33d754b7,0.5148522702238824,0.5885252649155359,0.6140616452638414
1420e5e06bdcdccd3cb09232,0.4853295444850246,0.5243893618580022,0.5761070337362552
9a6eccf941e0b06209c9e3a6,0.544415604344471,0.6307837306533395,0.6161365204776372
15294632af0c21cd8fc67c97,0.499127702665276,0.5703425328177045,0.5792956173924166
49e340774f2005dca001a5e3,0.4228652923337962,0.4443335298400763,0.4974117100775392
9d9de15218686875323fb262,0.5470079326311852,0.4389127107112416,0.4214622523864841
0427b2fa2f79987b285d814d,0.4530272475191264,0.4853881158212176,0.5440478596589831
b64e2444823ee83f89d47c16,0.5403710974615594,0.4927827853107238,0.4499519664959643
ec23c3ff8a1f1fd12100a2cb,0.5323279321531124,0.5143046793185447,0.5238436932344921
767c5d4c9b6d004fbb50e681,0.5374934732356181,0.5684810209364994,0.5746500563374992
e32311fac85debafd32e86ca,0.4945074894033799,0.6023706764161106,0.6333642673352885
9994e0a230284d8c80dcfd51,0.4755332228744745,0.4660985986814725,0.4885305139125661
f019353eccd3f92d4ac568b5,0.5281730939059509,0.5238561700625296,0.5269797350194454
c68ae1547382a1739de343c6,0.5657003144742628,0.5462664405559341,0.4979716832729686
1bd1e14ff54038e77f5d7c60,0.5298364856249659,0.6005828942533908,0.6175299233155664
3812c772525c13ffa7357130,0.5001999102126811,0.4715558865059904,0.485887470245007
12cb17311c1355f6cddf0ebe,0.529524611055553,0.4816962016362867,0.4518130044848062
849472a1b1e767318c76e955,0.4864010451435464,0.4496857840094206,0.4283673922098409
fec09ca37abfa6dd498fc5bd,0.5181159532421021,0.6013228900591225,0.6249247287548636
5bdb942418ce66ab8937dad3,0.5173868572384479,0.5154743825301535,0.4796428842340922
1fa91ee14352f1386082d099,0.4855398727749259,0.4090511406558567,0.399373861476894
ed4f8e9cc0c1f3dbada22e93,0.5682770590688871,0.5588913443420075,0.5259607460528626
e7a48c3108845f281c9afc37,0.5406693187723355,0.5882098245591706,0.5807546262777499
8f0ba719e78fb81d36b57ae4,0.5350200876520199,0.5909176083510927,0.5815916420233338
75f9fb93c64ad3445a34c824,0.4839966244074359,0.5376279921482445,0.5444679438850988
e53b42c65d055acc84b00cb6,0.5388152114485206,0.5183979824243568,0.4952937994964242
cc105d06119adf0762112507,0.5350092174227389,0.5413828462287333,0.4888294313384402
54fa95330b16f508130807d3,0.5220745874295082,0.5310457706534801,0.5527856242092097
36121bd6eb8c1dfee0e32584,0.5404984290685485,0.6093873740283429,0.5998328396767502
83858b7a2bd599739dc12ebe,0.4274910155753965,0.4070339114686504,0.4734878665798081
e2fa24d3d1d71d66990b87f7,0.5265232700883713,0.5749227104141692,0.5959428007609389
e2e6b9ab6b57a56a59024494,0.5437924973826841,0.6198429566618581,0.5964337729700626
dc58cd525b8e63e7935fe50f,0.5499531999192281,0.5824142441260526,0.5660657223996739
73e076169c6125ed08d234cc,0.5615115689919931,0.5107301070299337,0.4619868243496294
ac43caf3a2b3759c6180611a,0.4756701130709255,0.4061012277806713,0.4081790966600209
cedd69ad7d521a5df0988197,0.6128985479072669,0.5864185029200766,0.512456919055232
f4b4bcf0f1af4421034d2b32,0.5189642304861837,0.5784845330371192,0.5819021267367929
8d7e2ace8db13f60c74d04b1,0.4982452656985789,0.5379517915117485,0.5300430359113395
e4d73f631189b9eb850dce2d,0.57102620825091,0.5190863055741279,0.4435929404828951
026b43cb43cecfea8f234ea5,0.5175662483822758,0.5366935274421242,0.5052778462505101
7fc4fbe8cac7dadade8db47a,0.5670042929931071,0.5169763869809523,0.4888310691527345
05f313b3c593dcd34a970a75,0.51020538800713,0.5651787780228832,0.5807455356767329
e9341c75626bfbbd1ade3105,0.4929125651343898,0.4352085330347505,0.4240765396894155
e2d272d2f27ce9c298d1b732,0.5655033834007821,0.5771483226211185,0.5556377426729453
287eb72c084128f6a156a206,0.4525658448698653,0.3732383021308302,0.3917389622891173
6eb0252276e9a345cb5739e7,0.5383997010827323,0.4588331253006954,0.3985400184166092
0ae5c80acc438f1a2b5fb275,0.505545517395917,0.5146140209376381,0.5519746399765287
472d29df9b6376505a5296ac,0.5666596246225913,0.6236529442083113,0.6113470711931601
bacdbe176766599b70a2d379,0.4873906754075371,0.5507791191854484,0.5707932147007582
7d0f46519073095bc079f021,0.5353737208834821,0.4616389664427605,0.4297349534302522
7aafda158fcabf94c60d8100,0.5146668096137783,0.4697952642757965,0.4576720182303121
012f4c741dd54a3ca595b0c7,0.5053876723859575,0.4585176084051758,0.4510153483335489
99f3432d93147d7b25a442ee,0.5181534818627722,0.5782694777490223,0.5781352833645043
e8120a4ecbd19e0dfe998283,0.4784057919562896,0.4955890392737987,0.529481416838222
af5a7a2e109dcec424f678a4,0.5072417117434468,0.5890255033256949,0.5958551927548615
428166e080c28a818719372a,0.5178354120440755,0.5231897222866452,0.5251092014180578
0d82aa45c85e1a4a2b29c32f,0.5607437463261056,0.5448403955966596,0.4875859031803747
e5f27254f8a2ffda9debc654,0.4379833305049857,0.4627877393642832,0.5006189741210475
1ba957fd788dc3b180503dc7,0.5803625492138977,0.5036646205795202,0.4634358098006503
6a0da80d6c00c3b936a947a8,0.563423930288695,0.5567250386523286,0.5295237083554198
04887334f36bc25882fcfde8,0.4893307312772506,0.5701147177482865,0.5999021873134964
f76eeb1402ff871923cd6008,0.5135028154892476,0.5929583975089021,0.619283887642387
dacc5b005f427a116bb0cf8e,0.51475241334794,0.6052344001557457,0.6065134274031654
5ea9c43944a72c8adf0c1bcf,0.561833468535823,0.6054627889813946,0.5590245438872488
245a1f1c6435b547546723d8,0.4892864875641941,0.5769029624639825,0.609597793234365
e7f20fa19896407dc058c671,0.5064796522401568,0.4583411318059798,0.4264135175283977
ca0beffb2b52d1c68c20805e,0.553676742825934,0.4477142587914341,0.3749792857828505
9b46aa23727f07b99aa1eaf0,0.4457654732228656,0.4610939542552025,0.4880349649181439
8cf6ea75985ef860543b7745,0.5065979682230325,0.6222468808364153,0.613173337218871
e8ed33053156924e0112ce97,0.5102645128538023,0.4985151070803715,0.4824495303864903
887a01265bc05dde0be8d0e0,0.5002827676406325,0.5247944636315116,0.536856921977253
626660ea96ae049e73e65504,0.561980244291933,0.5463981310050275,0.5044437987526624
0bb411a02bbb5b1b41de3606,0.5682642148881851,0.5756149225016025,0.5218158347546552
b0e726fd29c343e367be1c8d,0.5541774464953344,0.4598243073454535,0.4321831857652841
16b6ebd3c56d57faa7675533,0.5541556881033971,0.6085421585990174,0.58836217517424
9304659bf5e09961a87a8867,0.479908068066934,0.5707541600613086,0.5697057913795884
1c2a06951034e4e8a6bf8174,0.4588317003470722,0.3997698476752886,0.4041520996370601
c194ca6a28e75c4c0dcec114,0.5155968651416022,0.4396731139986932,0.400212807953437
5e3f1bb8115690f0b4ac5d47,0.4338552159113639,0.4499714347008839,0.5005406250230511
1763f992a270d9ea7b8c5866,0.5266554682926821,0.6043669467768062,0.6258207442304975
60a9bef540e2372341568001,0.4684110110995567,0.5505115788386673,0.595911537351917
c8877db7c714f69589efb9f3,0.5009638874092252,0.4697187931619195,0.4555412408165618
55ef6f7af84d3b42360d05f9,0.4651087698608882,0.4161871975977176,0.4211028119049008
0664696441a3b7ebc6200fd9,0.5123133026932609,0.5680724288651886,0.5381069029852021
683c3dea245a2d58c82789e7,0.4714198724374215,0.4305494562403903,0.4807796938965458
46e3e91b13e066678b690468,0.508269844342763,0.4354768046111401,0.4019683851915957
0c59c61a7441e6cec1074a95,0.4467601174397714,0.3858200861527919,0.4403376012590048
79a88562bcb8f7e1eb001553,0.4149462845135571,0.3845185011049616,0.4546693662404046
03a3f2b60723f8eb7bcc9866,0.490438476728882,0.4719283130247269,0.4550939221663045
6741a0da730d703bd028e27c,0.4041685253054102,0.3563215341738774,0.4241597387897429
1461d554342596993a8588e1,0.4034896759830045,0.3314728673028422,0.3863652048078897
ec14d6e0ed3f11e914a78ee5,0.5231864585051731,0.5252186989569426,0.4731196269507092
11b8d61fd9443d3f173c34c3,0.479908068066934,0.41149407340848,0.4093511551764862
fb9128cd849980cacd1742ed,0.5119743030697372,0.440287479265559,0.4389988292461345
d375c0e58179ccee814f2a21,0.4829182564143843,0.4423289951662756,0.4559116458235125
e1b3aa4668c0792a7837daa5,0.3874765138099278,0.4135294009449949,0.4741569828353009
82ec0f1f8115fa187b1a5374,0.4200504543100093,0.4251244298629343,0.4696550053539904
fb5c168a0130c2d95970f8f2,0.4387332882416504,0.3866774715729524,0.4216259253925519
50eec6eccffd0ddb2851ce41,0.5729881545394024,0.4647095238228378,0.3865658351316016
ded9e384a3b3b666abcaa25d,0.5690797706021956,0.4403657758750831,0.3921483625336271
7eabf462ac9b911be861160e,0.4850011114050223,0.5188469972779441,0.5450783536884655
f0f9f8658d37b11e224abc0d,0.5064339765832235,0.434989514727547,0.4028396605513299
c65ae82534a725fb81e0569a,0.4609333189271206,0.4561748056882861,0.4676740475282047
de4e83ab8161e7664f53d729,0.5588541125278459,0.5266084209666717,0.4850043927176456
255c9a93c85fc5c21c77a850,0.520096848542539,0.4282698649561792,0.3829080165768572
f8dc5cb64d49fb010739d7f6,0.4936006177570491,0.4504933472819522,0.4473182567157207
e42f09083e90a24ea2515866,0.484858208075932,0.4436011378760491,0.449494213860343
873ce62bd451d3ca544d4f56,0.5045181973530922,0.40488989506464,0.3899398247286057
ad477389510c4074a7fc7224,0.5255807208199985,0.4364464635878557,0.3988668290282798
758ec5f85add77fbf756f316,0.5434460339420486,0.486378810137357,0.4367606526439341
498d69885cb9043a2fae1023,0.4722732338192597,0.3884658143288285,0.3849402742807276
91ca42b7368c498853e78c69,0.4965781008447736,0.4394053492000974,0.4365591465082883
5a3410fe0c9922325e4a8c3f,0.5604948276651858,0.539618750876961,0.4995897102356876
e1ceb6048de2f0ceb66fedf7,0.5177628553389163,0.4176583327630437,0.4336714358731325
a18571d036f8b38f8f4e364e,0.4382047170962642,0.3790913824693701,0.4000859776666656
e400ddc148a1656182c67923,0.5213371931210741,0.4947126534978376,0.4766924508592988
fdc96f2a14f82ce70cc587c5,0.5352579004902297,0.4537805841558784,0.411801862158911
a3ea58389a9ff86f9943b934,0.5008070748315717,0.4694386878414022,0.4761268159833653
bf57c43c99d1715478fb6dfd,0.5416003060198331,0.5388880415319117,0.4960828002859198
ecfc2a2930f4a935dafaa34c,0.5555293268045696,0.4846592717808002,0.4170989333624425
c2998228bfd680e3b7e23bbd,0.4796527775773509,0.4994656637278905,0.5055755378167115
32591eec41d1d411ca00b64a,0.5095639000420236,0.4163146641476981,0.3832050119111779
e33eb339b075868d02c1fcc9,0.5316741344255925,0.5795405352873074,0.5868575296825991
cbec204bea541dd960d4e4e7,0.4832897020655552,0.4021867594084541,0.3955577586315228
b584141aaca4f5f0938e12d1,0.5367470518054888,0.4962845574817974,0.4941929102955026
bcc719147167d9c37fc160f6,0.4483161638923768,0.3850439573006636,0.418213802721559
7d761ceb991bd7f3f3efdf7e,0.4603882888184203,0.368701018913673,0.3831998720215586
dbbbe847cdea75f654c7f993,0.5279504939541353,0.5728709862007739,0.5876215800821163
f359ddbbe635137f34aec365,0.6019644832860612,0.5896522640007533,0.5458069500326932
10b7124747ca8dc3a7d5b462,0.5402241392054427,0.4888058544380655,0.4829924951001911
7d377e27aea3935dc5c20cc4,0.5458278566652002,0.6136597326605717,0.6283719140149311
3d909f5a2cef816f905e2c9b,0.5279888843736987,0.4842452234635725,0.461902479805337
22c6f3e1642538effd82cb09,0.5116995545674342,0.5670750841061196,0.5799541159469928
8063824b24b07e3f699315cc,0.497355881481518,0.5899477638053681,0.6191579060992041
a9e2c9e16a9e4210f4b87ea1,0.5274505362430486,0.5394002846890681,0.5517973756361598
c574d75a88bfa940f5e68f05,0.5036162136574214,0.5985448706512109,0.6348645298584401
f738dd33a10d15c1f71b1ed3,0.5322892558487564,0.4913875796736677,0.4731248013140732
e0857f8b79f60714f5402740,0.4738034252178834,0.3972961380614124,0.4393423676509992
a94bc15f03d65745527ed5f0,0.5221784979141125,0.4951725609319353,0.4757423429350719
d11ca9e9e9d226bd7bff4ee1,0.4718690388616557,0.4855108379240933,0.5291417224638235
7fba3a8442d35f06d263c295,0.5322782113049959,0.5957091931626219,0.551455615245861
9a25616c658666bf126e0308,0.409981695952505,0.3917616477652423,0.4307100277348192
9b3899fc4846b08995f35806,0.5088746003598539,0.4508060879946018,0.4165462077817252
36f56011dec4e3350d184545,0.5205488253605474,0.5003453434921341,0.4936307360870904
d82dcfed03dfe279c34aa4d0,0.5385439292438037,0.581024981451564,0.5751384091615501
8b4a4f1bc50cacc322ac38e4,0.5508971364428618,0.5408003426625385,0.4967307462727357
8ca20ce67e1e13b201d20099,0.52495037328216,0.5715221317081298,0.6027816397931082
1dd9b424bcfdbb3a514f548b,0.4806044063214347,0.4018283262504738,0.3964453269845087
b5900877944061444dce99e6,0.5867225052845474,0.5258487898656762,0.5026652618225715
880fd155160d655eb6fc9422,0.5287216520348738,0.591290829365144,0.6008639940625513
0f943e2723e6df6ed50993c1,0.5206144901637173,0.4705187135975708,0.4641636538266824
1346d565f08cb39e1f19282f,0.3431108325693103,0.3159305270487346,0.4083621413115649
aabdcf7bf307676ba16dc091,0.5291015531683547,0.5016696058036194,0.4673512901279972
b9f911852beadc761b080e21,0.4671590501603155,0.439359838131616,0.4534077853072902
cd494b626f874c4c711e7d12,0.4866152442637081,0.3997222673516954,0.3947405995601691
8343d31db4551e57579e30b9,0.5370604317562853,0.446980956032865,0.3838588058575461
6e519869f75ffa0048380901,0.5015550803427673,0.4103459162461164,0.4429620632290967
6171ee37137fe0481f13d4b1,0.3842564770650621,0.3522330680002068,0.4147397915447687
bae4f3d6b0ec021d86913288,0.5087884482336174,0.4119272938358467,0.4307071765485289
0a61b9fca96443d082144950,0.5217290233668349,0.5949728417122486,0.6207655401839477
526400909c32a07bf6f8d348,0.4770764321581829,0.6059259693907768,0.6324358651584991
5b14145914360056cd1e045f,0.4558881925889175,0.438275771581928,0.5052265593504331
b4ee48e06e27dbe19ecb5a44,0.4993732933810289,0.5356823183000449,0.5699257895384149
8625b9b60bd7a44c70b4023d,0.4484685357555581,0.4312057545662081,0.4624762986023241
5c1889ba74150775b6fc34e2,0.5125787842139119,0.5708700687511732,0.591599704061919
0afd229505038edfc3620eb5,0.5001140731116587,0.4523635475481846,0.4169097398817695
24a6360e51b668a9c1c09a6f,0.5145749022062253,0.4841490103833068,0.5017863269721258
b43db5e42fe03ab942a5d26c,0.5211412321159703,0.5421252070793,0.5436376703611077
5aa07442b0c6ff917fb75225,0.4841587217150411,0.421512031158747,0.3980897181659803
ca87b3a96d5543b8f34f928e,0.4770017702776762,0.5003633893939271,0.5247529108911362
bc2c6de3098970dce954b8aa,0.526400288606692,0.4177491857553037,0.3936906811541196
6cb3e5aa94b179ea28f28be9,0.5615438489875103,0.621313595552359,0.5828807450342244
adcf1fd9a3e7904513438000,0.5072744702821479,0.5406073916877531,0.5367648268565011
9707a2573bd2d39c84ce8d79,0.4455295210694082,0.5305936176074427,0.5997524199843061
3f1e06d45e6674bc39db52ad,0.5824203751429539,0.5073078811849675,0.4773878738809185
19e82268b7659f050b237884,0.481638563446407,0.5149105297900574,0.5432710428959023
51f5ee24fd43745dc60c03a2,0.4979238819010272,0.5194872663576476,0.536811385430449
8cfa9acc2d7f00ac0f8e48a0,0.5214144695688347,0.554368076250894,0.571343827713621
30bf86e36dc5087da5d4e5c3,0.5344188143685229,0.4682502853401776,0.4099560381983107
5dddbb5130c3d73979ad2637,0.5670793034246554,0.5896898100980837,0.5537747615094698
5a92ebfb670218433afd1a4e,0.5096916064318677,0.4437921025624751,0.4419325850776504
1e5fabd4fe6c3e98902e8b3b,0.4914488319681602,0.6044302941935873,0.6197954469679039
79a1ad2c1ec43ca2a8f0b6dc,0.498655714371401,0.4809331331218709,0.4797910834839126
7f98392f35192caa452b3c36,0.545226404576921,0.6082781358461842,0.6123798170599173
018a5e53cde2c36afc264e5b,0.4766611926655848,0.4962629452958438,0.4879759914891541
8a866c57d7b07769a099f03b,0.518642532741457,0.5368206169188809,0.5485118608431951
5ba628e8e6a1a7f46d975f78,0.5352389071650221,0.5330417785452245,0.5056240143823542
5b8e13d4f82e09f7964cbf91,0.5221178124677561,0.5154138062300359,0.4808912597823216
8931c92c3bf6d80b8591390e,0.5520657128318338,0.4714931670146108,0.4336437078507661
ecd42f9fcc28254229883795,0.5206546425261322,0.5899331196961514,0.589334030823896
fb87066382afdd06d53bdc29,0.5348350921748226,0.6390113058103166,0.5949948258731643
05d4d2db0f648344d40015ae,0.4821792269058847,0.4954808568410312,0.514491308127406
53e119695c4aedfc07aa900b,0.5099095237175091,0.4487788140126288,0.4191871749536145
f6fe944f345ab54a83c6e01c,0.5268519110404986,0.5809238880213572,0.5984510154613983
b29148673452161f0a37c871,0.5723406776655691,0.5940410982042847,0.5457691042447221
ba2aa9932108e08c7d3c7c45,0.5547505193492296,0.6413557954985791,0.5987761768257547
9bd8b181a2b3882051cf9d80,0.5059627338073263,0.5527010358896689,0.5529451570827528
83c535555387efa5a408ac2b,0.5150315152642628,0.4775440872321859,0.455856339873701
1ffe30fd42042af0676f0a28,0.4721146338510604,0.6052572267094233,0.612626125147493
711e856f051783056197ef87,0.4605476532322176,0.501569003079901,0.5377471385747602
44e9effcdf2bf90bf0044ca6,0.4938254920290087,0.5995943446501867,0.6170890621273621
73437edcdeda2fdbad1653f7,0.5264981578920879,0.4823124050584022,0.4840748004380711
c1fc173f45a5eca5d3155a57,0.5250550057491382,0.6086555018579132,0.613438046990433
e9e4a93cb6d46700bf352f6f,0.5200727368099741,0.5434851342411803,0.5245768503099351
fdb68a5b9f6b7200543bbb11,0.5286140917091338,0.5911546433300519,0.5749149935231289
27ccac4a81f95d241905ed31,0.5289286085519932,0.4769779830908854,0.4347153126486438
1469e6b152988f4306157bbf,0.5110429387922205,0.4465482139125588,0.4257978034963872
2a8979c158093b9b62495d95,0.5488496262549386,0.5875986009057352,0.5763068010857896
3e69ae06555023262be11f93,0.5019009904451136,0.4122824383442047,0.426592688392395
58835a653272a52c80af451d,0.5406866517629471,0.6196921198029345,0.6279107717365935
6c13930866ec84282e8e11c2,0.4647457403415852,0.5824756033035148,0.628905263344661
617f66277c3ee64dba6f0c58,0.4955269404255683,0.4624330428044397,0.4732681275858482
f19557b26ca39277f31f8412,0.5467332234960537,0.4311545608215175,0.4172185752854626
ab3bdc6c749a86517b30f188,0.5401025171483993,0.5648829171890156,0.5316118430463705
c867f38861f39f27e6c7e927,0.5377574675729094,0.5072693649229693,0.5120864363387287
f1c9354c204cd960ce447c27,0.4437938266374119,0.4968469985914465,0.5720796882892105
500a3ffa374ad6d6ccc86833,0.5802714122898437,0.553510362599438,0.4716570635557748
dba48275c65cf024b38a0080,0.4305806402897114,0.3602160074054379,0.3893640827193388
90b91a7c2d70e872f8d07587,0.5514905564778964,0.5087097723620515,0.460990393932411
d5e4607af3c710a9555b04a2,0.5430790447106844,0.3945578502702083,0.3972578673355031
b6eb424fe8fe1d4a843a1c1e,0.5387776617509701,0.5030009877975964,0.4982860903140438
128c2e884d981b312c316e7c,0.5162211615299428,0.4347448202313127,0.4231008296432206
1946be7cc7b934b88bfa0c30,0.4801308103065469,0.4393521792205172,0.4288301538148936
a7964a6cfbd1f38520f290d9,0.5322592966409818,0.6079426037805179,0.6151767770284902
e42661f8951d865452269f46,0.4712821580139005,0.4019211393708967,0.4140917208027608
9f6630109158386d7b5fbf79,0.5474986529679696,0.6204061387849641,0.6324530878646137
01a217ba9970f60971a7454c,0.5041156807410414,0.5504876962125703,0.577795703475078
85aef1761d480ce8e41280f7,0.5325522844788666,0.5908599002777271,0.6124166247472125
16f2b1ca826c25cd6c6f7900,0.5163696554175989,0.5806116499623285,0.5900338375727777
0567e7bf00a17b1eb7e8b416,0.5155941057464384,0.494202130017823,0.4921937488342444
328fdbb8198a484744f403a8,0.5184419261949366,0.4834227040906763,0.4836694085093612
e8ba2a6265c7a624d01fb154,0.4370514707186401,0.5460755980572963,0.5982460642756815
9e11f6afa26478390b3c32ff,0.494311417101695,0.4543999166934475,0.4404275229321096
728e2075d6d1676dd0a2d231,0.5119016754909642,0.5421575689341982,0.5563530412317315
fecb4342fe2ef5f74f72dae9,0.5543534374854632,0.4922294647616581,0.4228481301376859
f5927d766fb03ee33d33bed8,0.5117266659561349,0.5796643217160125,0.6093140012560361
01db82b7031ea2441339c383,0.4977593338251194,0.5707061073342489,0.5867420960464017
842447b27c4ba49967496c85,0.52371415808974,0.4997118455515548,0.4951937372258186
c13bf82f0c60c9268b9b6a3e,0.4624936969782249,0.5156477426885975,0.5563980617433824
4708180ebe22ff9748e5f4a7,0.4948451059577682,0.6025831330301116,0.6082728799011842
39841d039788740936bcd92c,0.5103677163110856,0.6021984944188988,0.6307055569382253
3d3d0e2199d1cf9dadccde62,0.5466695018804367,0.4696668117392075,0.4578489886787855
e3feba73b61292e68b98b865,0.524460509613144,0.5719947009370631,0.6005518086661168
a850be42affa1f78f71be481,0.5208765285861345,0.5300435029773137,0.5432826457597343
27f6d82a9c34122896bce7b5,0.5801454474246065,0.5830479039982355,0.5428720229845234
0a4565e9324a69c14753edbc,0.5497131311828984,0.5546948982925637,0.5603935123774875
45335c2699e4286ca52e4462,0.5826086796122183,0.5142976363733563,0.4919370452831239
9d09cdc36263c0ec7945b3bb,0.5111788642528011,0.5758599759985756,0.6134059786285285
6fa6db2655977ecc64a74bc2,0.5406787859334807,0.4358493111867194,0.4091554644230512
27abc58388d586e47f170bcb,0.5612454227234143,0.6698976290820338,0.631515062375918
bad0c3c9d8f161d6e1eb744c,0.4700330937887047,0.4764298319000701,0.5117202285628668
778dbae88c83c2683dd269d7,0.5074140483477075,0.5455580747755062,0.5618532971521822
ec95e543f6c72ed94695609b,0.5698306071672073,0.4721397945152223,0.4185281641382528
0ca7bc1b138c16b1aa478e24,0.4929381208568728,0.5431293916992972,0.5761047020605673
1ae28252bbcbc3a9ba978421,0.5487978753679166,0.5704706776575719,0.5513860842860581
14c60269e8eb10ce8e021149,0.5140279887539364,0.5399294192068229,0.5127523639790852
d09f1a2a089dc441e8cdf2d5,0.4786647988169755,0.4565652467937611,0.4786009792554108
348a1ab96a2ceb4797de51a0,0.4722416344062464,0.4547030257798493,0.4750642781345963
667e1dff5a4517bc27f34ef6,0.5429737250187748,0.5317373595079594,0.486050798085404
0acd2315b09b2950f60c6baf,0.4657095518290274,0.5341695586571753,0.5739788919186763
e1972891b49abdeab779ce50,0.5756330399554518,0.5413727423490626,0.4856408268995779
db51302f48bd1b3c0ada3fe8,0.4991126215575286,0.5821976043031345,0.6103486008969443
f1ffd567a7caf1e49b594dec,0.4923685510078296,0.465069374783409,0.4938360323134652
1ef90b17350ae95058c7bb87,0.5465357074893368,0.5216254673500144,0.501999799226777
36953d6380cbb7023fbf91a6,0.5072642339237492,0.6037516787831847,0.634737796233306
e2637df99ef1aa9791a60a89,0.5032196399559856,0.4980072861255701,0.5396558817571588
6eec47c188d89bba516a30a9,0.5222730211420089,0.5224259775074352,0.5247851114024301
e0ca440d63ddb59f18943bb4,0.4608403102290498,0.4040625379151165,0.4416013933952287
b41b0de425a9ee5cfa396ad5,0.542663745833314,0.6036947237494854,0.6182136806628846
f6b9d545b6e92db44848c1bb,0.5057570056518532,0.5015965907207505,0.5357009253812319
997c0e62a94f66243ffc0046,0.5923586762673703,0.4895687152409478,0.4417490268472736
0f39fbca95a80173e210905c,0.4784686670753975,0.5206051276614587,0.5752533021936518
03a16af28e03b4ef02842e15,0.5148468189658507,0.5097580000523185,0.5281559659075112
900655bc16a56b40b99d5d15,0.4900775884484275,0.5737382697508226,0.5882269899477925
fa7e49b99462db25bf5ead63,0.4708212697312285,0.4224108281896473,0.4382811083399147
c34d5cfe150b75417a386c97,0.5249463955625728,0.5743697358275478,0.5975522980123169
1f7bec2b53e06f22ae213508,0.4903434066772388,0.5380431600482883,0.5495571512309986
7aa450d19cd0b75e65de38a2,0.5597384610227335,0.5427402335392755,0.5130412504901866
3c888e3099530fcc364076da,0.514983870263786,0.5140579648159216,0.5259875634255939
854a6e0f2be66e50fb0cdaf5,0.5027865211633148,0.5128135444685009,0.4978350617612545
090f84ab806269a1dc88dae0,0.5485498538821562,0.6230505833827061,0.6255520090358744
46fc9be2b4a1fe6cbfab6274,0.5088697884238231,0.5770083940262138,0.5911581502195432
6e1d300969b7c320d589cf61,0.4998367637602979,0.5255166135455605,0.5624109936895882
72aeac39f094dc9796511bc5,0.5664259177288227,0.6422491350084136,0.5979885486195073
8aec0904fce269a2a26914d8,0.5064557495742735,0.5883474452328659,0.6258948296500415
144dba6b498d2b293aa2e6e2,0.5676484814669235,0.5655178384018273,0.5209385873391995
a3dc5a8ce10c4ed798973e1f,0.5000621673188496,0.5084624237018699,0.5488593781196928
83d29696e13e9d7c790c3b61,0.4607340692968363,0.6078613357317555,0.6352462817802791
fabd20ee1595efb8d34b2448,0.5089924812793407,0.5835417876227792,0.6099438618323795
7f409d15412d3ea876e4007b,0.5431715862452275,0.4492541508030115,0.4381704402232669
a17ac85f5e737ce8932e0e59,0.5121673798882679,0.5583965412014962,0.5561934717610024
429b29b6d6b102b0c0830bc5,0.5233556965919034,0.5667912000893686,0.5389655079675827
493fde73a4056ff4cc83156f,0.4885802202464202,0.5328741496415019,0.5803096132160711
9b71aa65bb959fa51581a538,0.4641612224597081,0.541011735519265,0.5917231155010293
7be00d79aac32c903382854e,0.4880029488860439,0.5488318716735096,0.5460363702808891
e8666d363d30a7b50c28fe82,0.5037763982320377,0.5450147608345876,0.574282673326993
c1bc0fbfdae92252e13fcdc0,0.5185027084971323,0.5493552000689417,0.5867872451675743
3a34e7384fa9d671270f454f,0.5368392314709889,0.6267610386135425,0.6334360953416209
be92796a93754d467721b644,0.5598498699115593,0.4890014740170902,0.4717716555351121
1cb23bfeb385f7f65887a2e3,0.499343573883554,0.5594492303869186,0.5928405976786161
47f6ddb1115471fe872e37b2,0.4968932762456794,0.6174238683743839,0.6240313208519037
b5427ea0ee344b4f5b5a1d44,0.5285984323642738,0.4791786018862317,0.4667646411884971
ded7cc9e410d63170871274d,0.5171716290546662,0.6033635327491248,0.6302653858699885
939e6bf3e7cb959fac340073,0.5379356944384561,0.6116751156936178,0.6307127702323476
aef5354a68753b1bfb2276cd,0.4861069379545389,0.4902809364534335,0.5269282692788572
2e1f731642b791661ecd82ea,0.4986448067129591,0.5459346769057744,0.55637202727627
dc7fbb6f1ac0a1257b047be5,0.5401054161157018,0.469490983912736,0.4570391590087012
e82886ae2c200e041910034a,0.4877812393714098,0.5728556245209863,0.5676326455782322
49e5097e6b43aeaa94192bee,0.5409375057840953,0.5729376822559468,0.551166756706503
ef6b4228e4d01d9133ac1a11,0.4959081725111606,0.5242301266272906,0.5514520852833361
79d64cfe0969ff86be0f5aac,0.4442758905908409,0.4585001151534361,0.5112011879243461
461ec37720587b537f517704,0.5188952991222687,0.4870910463684666,0.4597955826439994
dfad0205353284a6e7319fa7,0.5243860053352488,0.4466411978765142,0.429934779512949
7ed2e8f82bd102ef58eae564,0.4979577195807099,0.5300736367842955,0.545999831281418
73f67a926d4597ab0868d142,0.5080349992886145,0.5607616169076325,0.578111896435166
4d8a17c5359a36d2cec15339,0.5086406311745014,0.5245192871221394,0.5303679478743576
ab2bcd8008c5159fad312274,0.4658012257373572,0.5103667648441585,0.564501104336652
9465fdd83ce0c6c7e76f6513,0.5072727748680946,0.523762947012769,0.5174640374510189
563f8e14766dcd39060686cd,0.51934475746991,0.5490650704734998,0.5464518093783634
40128cc391552dffc4441cda,0.5000003411807094,0.5136840320638231,0.5242173435200356
4437c9299980f1c55a129db8,0.5383268125414629,0.5629642528643201,0.5179325604813371
140781042096ed2b420df367,0.5073817686171448,0.5481048575841573,0.5476302214313052
7922d51a50c98021727e7137,0.5324353686227606,0.5715565815992831,0.5824067219280289
d63dd0dd78e29935b6d05c89,0.5673877170448819,0.5523522194024434,0.4869797433477278
37aa76de661b5fd601ca9228,0.4787770158056971,0.5520869827951074,0.5820547375867132
5b2fcbeddd9b466cadd2d33a,0.4739208903242687,0.5468646017555215,0.5641177292074636
b2556d00d009504928a0c91d,0.5302680156788788,0.4782475435530228,0.4394286743126682
cb9a8545e51bd1a7b655568c,0.5093222025118138,0.4322119926530204,0.3970214271693792
a1ceda73c6c0dc9111383c4a,0.4350635190888177,0.4926891362487641,0.5318209222890053
6ca91ed90628b3ccafd2886e,0.513001882507688,0.4641510433245979,0.4795358459776777
ed12074e1d1b68c1c6abf16a,0.5331946493703718,0.5868249579777711,0.5737235459741417
b4e0810e40e98aa249947e75,0.505140380781643,0.5786165599304925,0.6029707608148545
035012b26921a91f27cb9776,0.5378017451740829,0.4936319103113616,0.4943512315388509
f1cfdd80a49f2b9f8ba6d4e3,0.4912467039650988,0.432204152924604,0.4348994131603004
d573574ad939c96724442136,0.4773968906502351,0.5860954601526154,0.6104993872307649
f2a06a27cbfa52d4ae1c5a66,0.5255710123257769,0.5173161499077037,0.5170879142114919
298a86baa81901ced44a4d07,0.4874932059490551,0.4469627643796389,0.4567696961794503
ac0383e0013bedfccab89a64,0.5013947097197993,0.4592150849255593,0.4930367328636889
0e98b13472c116d7a7e8ac31,0.5091973647577,0.5422762160007413,0.5785932418597914
4043104807eed30e8c9f353e,0.5292277178528939,0.5311622797998712,0.5106343592487917
70aed34b23fa2ec12428c46d,0.4953283421720741,0.5763316176813207,0.6176807911553162
adc1c1c5bdfe82d4bb6b8d48,0.5116120595669165,0.4796939431802415,0.474185951703828
9e4ec4c70f6afe89a03cfb6a,0.5167704926589392,0.6098999842085767,0.6222222762190158
9285f4de5b0fcccab3c67e4c,0.4858526155656619,0.4596637255416036,0.4716208699216317
67d50f1f8c6cc6fb4973eb07,0.4598647830429477,0.5275276610795017,0.5765937208738782
08cd2ba966447056e646bd96,0.5089381001278547,0.5940897482219438,0.6138846263703142
20cdd2f266ab47a951398e8e,0.5585251452167214,0.5397145416428283,0.5246130749893564
fa8dbb2692c41d310795ef68,0.5142511258924003,0.474787160065216,0.4526806147849552
bc71901ab95a4812d0c79679,0.5274944241832887,0.583484938897496,0.5985103272788883
0397a4f631e52e1f29d5d42c,0.5363305680283112,0.6001694812963702,0.5929257148058602
ae31fb8fda43a3d3357b921f,0.4837270826312681,0.4878741935233752,0.5212699321019294
072dd6e03c410d92b42fb65d,0.5279073465475678,0.5739303367879341,0.5693588515697364
e8563c027118c8a30b369b61,0.5302381336559727,0.6252970178239436,0.6374551690557076
a0c33b979e82e8eb552358cb,0.5167365327701203,0.5363322630532017,0.5473918848434398
ec71a6084f48cbb2b10c0301,0.5049802747981895,0.5682857212415142,0.5990914149734058
2f20549ce988f6727c46120e,0.4425116492790513,0.3550361877560501,0.3804621655257746
baa868640631069ec0c2d39d,0.5131409732685744,0.525664643155636,0.5354413847003928
afc8c73458e87d14780c4f89,0.5706309838144059,0.5151308192545138,0.4437723444667358
028e83f8ed0e3ceec729f881,0.5486140249127861,0.5077832530367954,0.4533866236666719
a643c6830004c669531b4011,0.5039601326857989,0.5582916290654599,0.5808339938439964
0aceec9b8100e16e67d378fb,0.4627206108670442,0.5278130842344583,0.5764392484156943
5af15feaba6cce170cc2c7a0,0.5214803571956969,0.4917293090326704,0.4694862940899296
da12112a1374deb68cb8f21c,0.4785230914168542,0.5167295338889063,0.5555218039874624
42cc1288d256dc9891e50bfa,0.5013526690463811,0.5147996277446065,0.5399441451998894
d2fdc519e58a43c60484de75,0.5582982845892929,0.5109738832235291,0.4476817291677465
f13bf5045c1323fa9846f441,0.4629219949712783,0.4523059538483123,0.471297790192593
9753208fa4d559f52d011c3c,0.4628307494522086,0.4107249914806267,0.419492031048715
a7e5ef0ce00e34e4ac6a9f66,0.5151161943474041,0.577400505100159,0.5788047729672539
b78b7f8ab3bc0e6cde10c8b1,0.5141665066551399,0.6121423558049351,0.617148482274803
7c13eee9369dc1d24aa8e42b,0.4707026669142867,0.3951958249396885,0.3974320105577865
f6182dc5c1e6d9496de8e98f,0.4933285013188682,0.5616462146709263,0.540798660759671
6e707a60248985a30e3bf2fe,0.4275981219457893,0.3776462659664333,0.4162297863427677
ef2efef8882e9075cddebc75,0.4933136142389136,0.4448074539816288,0.48593882970711
a120498bace6bcc55bc1e24e,0.5312268302069537,0.5658760065985301,0.5311112269297293
ed263d232797d56672bacb06,0.5645315323328854,0.5000761686033353,0.4435228814339658
612eb959685c8582fd014cd6,0.4825950797603103,0.4521597287210587,0.4476988864372195
b71959d13b8110311879a7e0,0.5154306281331387,0.5894839219294505,0.5847069664618716
876d661261e8790cf1356544,0.4773009540921876,0.4428142946745,0.4365784302043838
4bf15cf428b019502bf57ad4,0.5515295029695296,0.5831015824913304,0.5514209605178564
bd1d37384d5446ada5beb6db,0.4345462726402934,0.4612524024232786,0.5013948581281168
d69554bf843f5f13e5b02e71,0.5758354743356855,0.6266782663600396,0.6115413525285407
3bf80477fd80f0554ee7fd65,0.4748609965117168,0.4879589979898682,0.5331830108777109
fa7cac84ae8e89eba4a361a6,0.5298541099181491,0.6211462745331109,0.5976416694284263
274414e82ccb4b34ae42ccad,0.510510809701746,0.5615445481765919,0.5408980265409269
2f0f2ff2b6217467c8426f1c,0.5575523881125395,0.6168597444557922,0.6076688254943582
61ead614b97c8c5f1441a458,0.4194705701592942,0.3688949558048501,0.4087754303206637
0131d0cf14c7732ea7a83514,0.4336668130408224,0.5549647650992244,0.6016105940320754
c4a7d470e4cacc9020009907,0.499653317569504,0.5608879405615723,0.6090901374782547
46bc8c990e5adfc624de0ff3,0.5148242496376075,0.5223453089549175,0.5146351301874016
b79d3e923841daeafe898878,0.4598302493640195,0.531691372625665,0.5556245250894712
d99ae91642f0918e21311fa1,0.5499995976981865,0.5163816130786135,0.4701795195590144
fa5a847ab66934b72ac394fc,0.5082326279501505,0.5865996761165524,0.5865462172255598
baf51e5c8d3c925b480d41d0,0.5693555324158063,0.5319233307747985,0.4972888174666057
bfea18a10b42e28a8cafaecf,0.5535925710846404,0.5049138991335542,0.4513590128391522
285a320bd882a5d477f417ef,0.4710553594786871,0.5049408258936559,0.5118020554864912
dfffdb996aedde04f6f5afd3,0.5057262739485104,0.4609977314364807,0.4662115064009889
f2db58dc8487959b576500a8,0.5040774365711436,0.4347608591863389,0.4037265038183908
0bce28a0cf09875a7a65ef61,0.5428269238544852,0.4464496827958997,0.4207046271020375
71d9e359dc068e1af048c713,0.5349470066530533,0.5596346586493348,0.5577002258409328
4042f852d35714003c71e65a,0.5286145814086357,0.6137534925605885,0.6202374202093502
81b71f4e785a62f79572b7f4,0.5270788002810056,0.4670957259029389,0.480411808537192
4a99a90d8025b8449a785d5f,0.5234320524852993,0.6141287360822035,0.6313772478194317
62e595fb12eb6f1d8564add1,0.4859275577757086,0.5615272374414925,0.5900366678142425
11e21b726abbbda6a5d2eb91,0.5176070343284019,0.544804022510104,0.546057942455013
dc52770e610aa489b407b7d0,0.4907799221866167,0.5697576138536687,0.5813783099934771
39582aa8503be5f7531bcad5,0.5098658353564428,0.5403343961099726,0.5340500933365857
557b12c70e57df266d0de07f,0.5044685354792022,0.5733924067923042,0.5908829656868274
c20b8f1c140e6d10f11e88b4,0.4721710304188952,0.4756932283915173,0.4942705279354132
a5b497d62f374a08bd0b7db4,0.5564880758987734,0.5075702558373257,0.4781785289696982
a4a75de5b03b0830a71740ec,0.5280218472638107,0.6008013125345634,0.5934778676557857
1009e459cbc7676dddc1cfee,0.552674845593643,0.5669524162732497,0.5329956431373298
b96f7acc001838619717192f,0.5372417330939149,0.6008862227979398,0.6051791724473625
ca3ad35ac763b9f5e157c18e,0.5354325650534701,0.6072101122085659,0.6013702555166605
8867c5b09dc638d32a6f300f,0.4178856817487985,0.3605277544365473,0.4022420683341482
890c85b048f311a1f2990ebf,0.55687873462653,0.5353739696801691,0.4856697572405364
4d1488831e8de5cb59716784,0.5197915472956489,0.4889959324971827,0.4824388490269898
c9b62afd69dc616f724920f9,0.5810048601925988,0.6327660784878828,0.5634815902652244
64e038caa030f5eebac6c628,0.5579853121323547,0.5794873310620665,0.5446414497439054
c6e1970e15aae31075c6be28,0.4331578201098225,0.3629664152981034,0.3969908497729806
64ce4ee24d799b040c5a951a,0.5478228129406112,0.549839465686136,0.5503170293217964
f4c80078fa9fca3324676e13,0.5528679585738232,0.4641319282027537,0.44276540608333
9282813fac3c8a026dde4184,0.5632397351146762,0.4881363563202885,0.4240542142011524
721fd52cae830818d9a9f7ee,0.5218659538928642,0.5496933719873868,0.5768750621779479
8120b5932ebc9afafb1b7099,0.4974313141174048,0.580907051550482,0.6283840763354485
b22f19deec7f604040d5a4c6,0.5357676899583449,0.5493614363540839,0.5435654476978837
4b051e5b4b533f823d1a12e5,0.5183684368385602,0.5630918764600878,0.5808567125984845
16e970bc1f7b5b176140efbc,0.5372320007898026,0.57949741382242,0.5868650518409735
d2eefa4dc05dcc358891adca,0.5125783532716706,0.5951632036089589,0.6130696032890346
f16cb06ab36485e0720a3f4b,0.5695571412023603,0.5438050699604102,0.5030814712346405
8d25eda6ae53c83688279a3e,0.5616539671593749,0.5231857738071173,0.4653424998596409
1a9ecf113fdd786352b129fb,0.5523485273107338,0.4838462128103165,0.4552558429285478
dc901f0d6a2f8b4d2b9a8457,0.530628881220525,0.6145024813914403,0.6266739944209159
99ab6d262644b2ee6f6a45e9,0.5029733368558975,0.562612583870358,0.5674157990485929
deeb37b56a2495a3ed91e0c0,0.5012986707615292,0.5573606657326295,0.5872774891084978
dd974f036268c3e9dd311f13,0.4939654388387869,0.482646559749059,0.4881311304181068
a0b38ec0f62bd673319cf0c6,0.5002837454208594,0.4314354646044307,0.4631630352940246
3d65d3594a24e06e05e7ba55,0.5801570350466666,0.6024950833232185,0.553099716049213
d0f3100e6bd5b50042f613e0,0.5002305668015272,0.4854070403225582,0.485586500083605
61849259f94fc730e63e6abc,0.5288000459494441,0.5242708747689281,0.5268885009953246
26d3262c66bbacb1e8fed82f,0.4863607187251473,0.5173868716954441,0.5285926315686851
aee5de82f9d4b5d7a21510da,0.4900707184414303,0.5370345526820979,0.564501104336652
6daefebf60c039bb46c0fe4f,0.561096787130184,0.4943433359751266,0.4855511280176307
31ec06f61f5e8d51216c2630,0.5073215641011425,0.536754990178727,0.558132144914488
a03baedf1e8c636683fda01e,0.5384646146305362,0.5165507769182218,0.4756297719772025
93edb14e9481ba55f229add5,0.5053016280617035,0.432254847423235,0.4087165898708009
f80bf21214d994fb05e7c9de,0.5219470284308002,0.4457194305632431,0.423606510926149
2cb0a89a2a301f2d32799be7,0.5367799578901562,0.5780218754357944,0.530637284280781
7675e391bb0c16d9093c0341,0.5266630254080917,0.4673366318093263,0.4264813821108021
d8c5f992071368fd97aa0e68,0.5085407479007223,0.5194916378873109,0.5104183194807835
f8fcf26ce93f2684d03024bb,0.484006120815688,0.5180671468680335,0.5210551220145159
8a6b97e6c013f65edc5f6cec,0.5605310537901792,0.4808078452927376,0.4650924132067289
0f338736d50f2af547af8960,0.5688144443258315,0.5335900362021453,0.5013522447372935
c3801240996e8bba82fd056d,0.4725476823500159,0.5194424997856301,0.5258377709297622
6ac52b2d8041a5e25e7f5a1d,0.5112898946017803,0.5817042752538424,0.6146984636956623
0f7ea89c9cf57bf8e17dcc7a,0.4918771664191984,0.5205455905268899,0.5286743127129818
a4fa37ed1fbc58099ad1e4f8,0.5575364075656294,0.5430455746687379,0.4988953267561449
93cf8f077aee806dbf0dd6b6,0.5124486957303444,0.4802959737923915,0.4598207814535197
80845a40586ee7e478045a32,0.4656718632747463,0.4900701173445064,0.5178091720388662
fdee00a2dc634687130f5f04,0.5253727711036515,0.4552952780976709,0.43214315509725
f860277659e36c47643284e0,0.4782833345695542,0.5993016962671944,0.613690606450283
b24cd5114ceb72d8500454a7,0.5507297619512628,0.5441584089964902,0.5002785097605708
9c518609fc6556bffb9d81d7,0.5529207759777014,0.5001421400211997,0.4597822914124502
7e893d8aae8926b95a6a0a5b,0.5405207752727403,0.5815750020514763,0.5731261638218712
3dae335191a25d55ce0c7e3d,0.4844142414066785,0.4546535938255036,0.4929778990483519
4a0d2ab454736c3c1922d3fe,0.5630938420762804,0.5665934971896132,0.5273879853517018
286e5091590b3eba4430e0e1,0.4891220585845681,0.5869774630764347,0.6246030463235943
a1dcc817e1a16ed2def74525,0.5476525778032815,0.4516096371808121,0.4462089820691953
a7e1a1f07a1747d782f4f425,0.4873412031731557,0.5488044254487641,0.6035086719283901
0e20e2e812a248eb5409e809,0.4821086293543596,0.5213668708536093,0.5712688653294762
3c688c57a887e3bdfe64b628,0.5157877100468673,0.5315563530582467,0.5265394213195427
323627304806a8c1208e924b,0.5063469785275801,0.5695936006964941,0.5399472594134422
f7e7c687b6f6cf976d38a10d,0.4823676198937852,0.5982622808380239,0.6195692523661072
22dd1913823c44393071c5bc,0.4839893571021965,0.5562695570698775,0.5883983626344045
498f1d49216e901a9437a5da,0.5031752098125898,0.5340607953804475,0.573006362781493
a11c898cb2b40eb997b7ad5f,0.536238777188963,0.4782137311681121,0.4541524629165048
3bcd1f6021eb503e0ea7e937,0.5429221619582447,0.5287457742029571,0.5015649997408144
8d620a549e9e2615a2c8d929,0.5211128275105794,0.490833163602789,0.4656704494018407
d4331fa199fe44aaaabcf8f8,0.5894912682385055,0.5665798502903969,0.4871490928829165
32ab390503ef4732bf571ec8,0.4516419511537963,0.4040731734628846,0.4184311711941897
ed7607f203654a1217f878b6,0.5325736295307908,0.4664011530241497,0.4836432716671052
386348b621b741571e8c118c,0.4746524101974761,0.4114681282542374,0.4095592135883547
ff213fe6c178d847997c3591,0.5543099723211662,0.645280915999966,0.6245799456092214
aaae9706e0b0dcd9b8c06b97,0.4910938390233612,0.5974215726464505,0.6063160316267788
7a8f1fa3d623a95ed7844637,0.5421048738262326,0.4995828060096913,0.4614550222047414
2b23cc869beec8064999c60c,0.5055397701593568,0.4935583006004648,0.4752212246721427
c3978101bead3b01a9d0cda0,0.5254303568431683,0.5164171526155802,0.5251863718259889
0c5cf11e178fa020bf7c7eef,0.5046639789541016,0.4915649038660631,0.5067145443448814
51d251e1bd9cc4bf458b1623,0.46707273167137,0.4279737852908568,0.431377879073625
64b11c04245f70e17139ca07,0.5217274305913447,0.5035673082679782,0.4872984187869255
46e4ad916687a73742637744,0.5572625554623913,0.5062994829412842,0.4591799225467596
abf073aaee10a2c0e87c0323,0.5252127627812504,0.5523290837326245,0.5224240466959844
54b67578287c0c35b5e20320,0.576086651101278,0.5790982541554941,0.5510854423618046
19637335ef778a4d0571292f,0.5478821808418507,0.465929736823674,0.4574098823749929
e475e35e1c2db6ca57c2f16c,0.4695648063425629,0.4726703761359566,0.4604050782598352
d1d56936d9b6c5a860f8fb19,0.4932405466921368,0.4471047939390105,0.4273814590420324
1352d9de0f7d37e714da3c2a,0.4636002107174015,0.4002603386298681,0.4120834531825592
5b0731cbed3864c17da58459,0.5291205031017887,0.5876466731593256,0.5621893937229854
6a96e3da09221d9a75c3bc99,0.4685485741760266,0.5144086822124734,0.5304808098979816
9e86cd2f8bad025d8c47fee7,0.4784106139222637,0.4119817672659223,0.4379793513941161
bf0a18c3978859ae7311f921,0.5412543025444697,0.5512519660624995,0.516816216735874
f7744fb6cf8e956b19edcbf1,0.4583980396181746,0.3926355257390114,0.4164796299818358
bad09db5902b6cff3c054344,0.5024593746480077,0.5024321682660504,0.5334800152488463
eef145d0aba12043f5775390,0.4689337923357012,0.4010423144705892,0.3931805414582385
855a74877b1fc009227987e7,0.4941056342753306,0.5550288573605258,0.5863659632513558
00897c7a95edd1fa007f64e5,0.4885503607731747,0.4244161264156609,0.4070591904713352
24b90f58299858e710d66fe4,0.4332630629939669,0.3947408960969382,0.411177704954717
9009f0682dda3afd571953a1,0.4820443014888517,0.5902953208773246,0.6035556367961699
5eb7fdc5dcb529e143192993,0.5629122591393738,0.4654671463903603,0.4112373061298229
a022c7d7fc5288e0b83d5b3f,0.5657489691183432,0.5066307582254819,0.4370426931017511
942624cfd1fd552070f207e9,0.5342511099263353,0.5001380958971987,0.495063571875991
033af98c223c052a3a1f262e,0.4893757464945568,0.4530309878974158,0.4445805720945267
27004e51deed276e0031680c,0.5342319299966034,0.5692639386174037,0.5299596543570804
238b84d7b1bb10ef92e640d9,0.4796501310517455,0.4095720118962433,0.4039932627079715
b02093487b7c7a8bd4510410,0.4522118904559503,0.3923296770629816,0.4316847257225288
acab51ee4d315c3178e87819,0.4849455783287789,0.4197665797142335,0.4067581835676822
f68589407d99455a4f55b556,0.515555815450992,0.5267826948795227,0.4938084747915978
887306bfe63f88f5891776f4,0.5736744975485814,0.5126440196684756,0.4684286486509926
2ff2cab1f93f1c9f909bc8c7,0.4496001355903629,0.3728963089274794,0.3898604096469621
0fc8c0545db2e6b724f04d44,0.5089606060250454,0.5078542321441155,0.4912774150261644
8e3716935f929dd63e53bbc9,0.5279710509638954,0.5637901466621671,0.5584961991081585
871890b941b83d95a8a5dc1b,0.5168250060139101,0.4382106520869216,0.4451748838670554
5360eb748a135d18e2cc1270,0.5338861900939967,0.5729898902493594,0.5609127117452528
759bd36f2e0bc9019a4a371a,0.4985475385664809,0.4686249638574526,0.5087572810630203
98f7db1725523484c5843829,0.5466091688918464,0.414375858044004,0.3876871159045749
8569a03d7349ad4309b178e9,0.5359490379770115,0.4934241622822695,0.4855940452545871
73952c9582340643ac06a33f,0.478675989187118,0.3849423110274675,0.4203264879694193
55afbc413b8f8d4da757bec1,0.4885240992138344,0.4602892925989506,0.4608597149491001
364660010aae85698ab76ed8,0.565452319988548,0.4538989479560266,0.4053550297119097
be4544743f1766209a037f8e,0.4996993233226604,0.628807429952463,0.6292403331288512
d974d90f8f51b423f070169b,0.4807369744396321,0.402656105098697,0.430085836397295
5d386b4f212e3dec91a74294,0.4954518740353231,0.4904408274632821,0.4888271077451188
f92cfd3217938a7fe6baccf9,0.4948897042069399,0.422311800959178,0.4057514913520898
b7ea4c01f33dbd4a6e951dae,0.5297666643531789,0.4463760586724197,0.4424910416807652
61bf692df46764ecf25aacfe,0.4685982532832407,0.4048162208968482,0.3929438439414481
e36d63bf4f43f404169b2252,0.5270583602721864,0.5151011924084657,0.4706295337030772
6eb5f77adca42d82cc13f11b,0.5303245169117464,0.631632834804291,0.625679605268893
e0cdaa652bdfebfd4244e37a,0.5550588133912854,0.4907311918332896,0.4380289412709404
653bd4d9de2f7fb3bfaaf8ac,0.5385901165890583,0.5892840672431465,0.5486565331532917
0fd70fdbc446e33b9f73dcb5,0.4772512362646704,0.5941257740791313,0.601127767906906
4dca85069117d4628e809634,0.4941935914896304,0.4718941984081369,0.4856697572405364
7d0b5fd6d0b3b4eb8a9e9ce9,0.5480573202738516,0.5349834361456416,0.4955993069803134
e2f9141c971e1ee6415ae2c3,0.4963531934742446,0.4668453665271872,0.481733434788989
59b2b12d78a6c7b2c9dd7680,0.5124011250801159,0.4913893972753173,0.4845083433319596
5f6cbad31e287358e56026c3,0.5098380735255761,0.4467585770158312,0.4054600652097205
68ce41c44ceeef74756d8a97,0.4553442278123515,0.3668939273670073,0.3936127704605063
6f63bfcfa58aa64c54bea7fe,0.5238614247467257,0.5238656875951336,0.5312786043051813
6ae96674290ea7fce7edbd0e,0.4760179696303765,0.4375005778299675,0.4325417772579467
620433292c9967c578b5b48c,0.5446329311634585,0.571694662339886,0.5237373468904925
6291f3ef1b5ae2b2fb264780,0.476188983731158,0.4346853972483452,0.4253341932743413
104056b3e6061dbfdb94cf30,0.5224554457780634,0.4651745633966711,0.4318632712610913
d336577334e9c8926c827118,0.5349923131109691,0.4189541381992829,0.3992782140409529
4800fcaab801509db98f4aa7,0.4146091713925011,0.3716914008248205,0.4094965065410046
70756344319a48e33d8c52bf,0.5337153403547096,0.4666599798232296,0.4394371246857424
9083207d0b12f4bdbd356ac0,0.4767978563557399,0.5232641295167182,0.55267362777882
17cb47e6746e12bfd57e3c2f,0.43618564759863,0.4276870253326623,0.4488423061001947
739f6cb080ee742a9cf61745,0.5565370410977633,0.6020600842329332,0.5767697314989656
e228ee13e7a41e932c2936d5,0.5395665972390625,0.5215313705953893,0.471128654092756
9ef42626957af62e6152814b,0.5573358602541222,0.6241340275538465,0.5882483555247097
631dd49fa8b97cc047fdbe5d,0.4531680610426528,0.3756291628549592,0.3828673187634115
fa3ea29719aa52704e9d1195,0.5454468607125571,0.4769114706828581,0.4526599469608237
92d386e44584e374eba48cb4,0.4139205583795478,0.3428303679739009,0.4102367052323125
1473f02c3705f5a59640c7d4,0.5232807286932303,0.503541146314989,0.4677075036850333
0f1f8c93fb45b3547b886024,0.5108139302832347,0.4722747690281447,0.4481663755470791
57c9830d70e3a00583a045c7,0.48725276960515,0.4057701714044168,0.4188923944459574
d3fb89e3c1a69f9bd1c3cee9,0.4070785202244297,0.3343070323674882,0.3839402064482382
0234886dd8869705dcb931fe,0.4459020716367762,0.4169124820722401,0.4562731222513921
e4937cf1515029f5497050e3,0.5320465777116105,0.6414495631921967,0.6387421895022645
cd5c631f0e41a2c38c491438,0.5525102281686406,0.5186800975643239,0.5017224206632931
f12548694e0821aa607ae954,0.5650467779493723,0.5459946041392463,0.4820936977748686
549f0133bd53ca1e63f416e5,0.5485778156049795,0.4999277510455698,0.4821045878526542
334278383385f301fa8e1923,0.4449067763782519,0.3816802208482556,0.3914390066827248
3c569efdae8fdad28caa3e5d,0.5542181466882041,0.4832516518395809,0.4085070121431428
a63dbf7f51b825be6ffb5056,0.5637931482160704,0.4603843195214176,0.3976238797913978
d6d6d03c594328bc44677074,0.4563644906423298,0.5996015867770528,0.6353635298846282
cbd3c6e2757da7c4b1946c27,0.5572069374715481,0.5504643950787361,0.5284941264043539
c138c2b4398968593f54794d,0.4901814434972922,0.4781793619670306,0.5083364577635244
59bec0fc278db673ec2f2c05,0.4783577830862858,0.4755496041507457,0.4782130212168582
7998779f6d10b400fcf561fa,0.459063039112971,0.4807811118386267,0.4835079369091642
3ffbd9310d06eece67dafbeb,0.4682884937569361,0.463431930241634,0.5090367866640269
3d49272e75d7417f6e222003,0.5583957248478029,0.4818757012611451,0.445023009652683
25bd2914bce18e625b0634a4,0.5276901523652,0.4893868266738745,0.4695401831827829
38bc7d447587ccd64a394f41,0.521230921961813,0.4214523899489592,0.3831336361225538
e392c6d378aefe93bb6a4d7f,0.5401588166846489,0.411449467523445,0.3894124568816068
ba21c9a17c9109c508705c47,0.4633897199105157,0.3905751714183837,0.4040435716817386
92180366142a8c49ff7da98f,0.476890235784113,0.4201822605101735,0.4060510479997493
8b0d9c5482ac8b80ffecf2a4,0.4562225555424252,0.3904716686062729,0.425970973274555
ac059e5910242464f6153db0,0.5845587254782596,0.5800255280016197,0.5313860376618256
b950901498181ed57ccc1cf3,0.5617258018090756,0.4483336693349376,0.3956380723709248
753465360f331168ff4fba71,0.5690869339593762,0.5091677163929449,0.4573846759767955
a18100b16992d1443edfc4ec,0.5153404529913377,0.4286590234955307,0.3903149004631243
f925a9452429566480085252,0.4341881512618074,0.3724563147414014,0.3964806006306698
7b728ade4b4d0bde26d51181,0.4812288839071396,0.3712464496936645,0.4032946155273376
734c48d853b2ac86415c83e5,0.4839682227879319,0.4090003558307943,0.427053418594182
09bc90d086def23894d64f0b,0.4360810415725555,0.3889340727284371,0.4068231102620545
94c16a6363c34d88b54ad744,0.4659338789580923,0.4041513637531729,0.4052791901747303
621ec26cab9b3000d926dcdf,0.4749130703190728,0.4212611365674312,0.4596109364182226
9a3a4af9f8114033040018b8,0.4596841014694206,0.4673945655060882,0.4842480029708113
65981c03fddbe3a88ea6b649,0.495495629011883,0.4238869691510797,0.3973023863166266
1a7b21f935a3c649f023fd80,0.4346580896728487,0.3944223669314389,0.4182923102405578
6509be34313aa4c85acd6e07,0.524562663631557,0.4365253009069523,0.3956498365142805
4eca68ca9cf779b07e86fbbb,0.5150230690994123,0.6380333042140032,0.612727708256701
e0d5c5db1bdf7541ffa30aff,0.5242372135959681,0.5323104860971355,0.5247251576329361
5e1c8139322d3b2b542c96b1,0.4326062448106867,0.3761632860003665,0.4131081916937951
e7446a295085faa3a54cea3b,0.556878150677537,0.4294147870100354,0.3898604096469621
84e1bd11d89b82db6c613c73,0.5259323165152446,0.492655853604238,0.4511374129255923
907c7522926fb8bf446c2cc7,0.5468884475419473,0.5024211159762814,0.4773337207097291
ec34cf78f367bf1a37392518,0.462306909052288,0.4087532833771708,0.4078270335170907
e832b769ca2cbff37203c35b,0.5400224722369387,0.4751457366067776,0.454366889214283
5faff2e1efcc292a30a07da4,0.5629538801193472,0.5081815907222762,0.4617887346061251
3c6aaabca222f981834c730a,0.510643777414346,0.4294469905553389,0.4265680849832098
14557605107dea042abbf04e,0.508770799110405,0.3701312587954014,0.3838282653180227
faee4cd9b4ef3a7936a89810,0.4492688522871303,0.381833045800497,0.3924844821327896
8d60d953f8084ae5719cc0a1,0.4999482116050739,0.4157056262841617,0.4001514730083003
6de41a803752fb42b6236afe,0.5539274499523011,0.560726609025978,0.5154445956949606
12d9fc05c1ad99d235bfb272,0.5037119649976479,0.5762306285644763,0.5991196638927594
b2fc64f74a4dacdd0c0fef80,0.5358807650297838,0.6068736177658738,0.5853322855761066
9412564dd370f5650c3fd333,0.5221623798842706,0.6226591082085248,0.6255169031340776
822233937114b36eafeb6af0,0.4029431062495942,0.3719287978428444,0.4258487551239935
d3a28f84211e0e3dc598f88b,0.5640969800496155,0.514011597548696,0.4444260533481509
abbe0a0e708898f10e4b80fd,0.4825131577801627,0.4252561455459735,0.4690834567528031
6126ebe1d4439c58d48036ce,0.5454724169586171,0.519508365886782,0.5155652361254559
c8b74c8947defc03605a67a2,0.5371978619586959,0.4817933053146979,0.4243083190825817
be7b9fc565c75d1e5bebb7ba,0.5122529602794347,0.4261171261668691,0.3881702072160955
9ef5c165e9c04723fa5e851a,0.5084241600415937,0.381127265535731,0.3847793503993174
4902124c692426a1c2b4772c,0.4460079461668857,0.3711994299126557,0.3816783598580037
07fb4e38d3e1edc6b61d075f,0.4501720955808655,0.3751719444529229,0.3858677115750556
3816f384d91fa109c32791d9,0.5544283671271453,0.5475037022133897,0.5131918564389761
a615fe6d26ea93b5057a3fc6,0.528571117230136,0.5645753727705947,0.547185494848261
5324b154fa1f8dd1ae2107b8,0.4748301519304843,0.3698605517822015,0.3823676852333084
673b8d057c9d98317aecfdb7,0.5671981318222588,0.45507130428593,0.382854033357131
8e94791b981d03431332d0f7,0.510887103280668,0.5641042075486012,0.5894230907295809
cb649da0b38892e1a704c37e,0.534327631111915,0.6097239040027832,0.6255398300307793
a9209d06679d4484855c1140,0.56331351347583,0.4778080686768441,0.4152553973780555
9e3fa503bd5c5aa307db22b7,0.5369869572734028,0.5060933430023788,0.5013926262439008
9892a9cb4403158117b1d0fb,0.4883070671278258,0.547710948809607,0.5888354577069326
d0bdea7de5694674fc23e12c,0.5455811620393031,0.6147054587350547,0.5925648949454545
b929ae21ba0912def807f873,0.5269900272277753,0.4995847184231012,0.484555504872412
63f9c65991c758eacb5bc310,0.5265790945489658,0.6104155549390756,0.6335352278001143
bd9153b8df4727c6d0aea1be,0.5378070700029497,0.5957100846759953,0.6090938537566597
463b0cae4480283d97577e45,0.547671582813467,0.6079169633621864,0.6015987212003374
40fd40db75f1ebac1f4825dd,0.4568951957728157,0.4991569010185505,0.571947043079279
2a66f09019d9b60ab9b32923,0.4989952482043358,0.5080099337406657,0.502697555685166
5820553c9d9e8484633d7975,0.5574510849135363,0.6444018417813959,0.6248098120154547
6e5a0c01a57bc91740f858f8,0.4647647349804544,0.4288658170960838,0.4684661995757392
c8c57f52221e3eac74b0d881,0.5324547167703836,0.4756275846612376,0.4562416394985016
72c05165971d0d31a2953127,0.55724604265992,0.5708289844483041,0.5300793110318418
0d2373ab2fd0678189c96c82,0.4919541398105883,0.4515925206692726,0.4818710120179955
02179eb23dad4cbb0f705eed,0.5127458535241854,0.4781730734864182,0.4423970660870941
ef100baa7818a486d3958e61,0.5070909124823566,0.5292164043478045,0.5399267697308019
09c9c3113cff790897d7f64e,0.4757031807448131,0.5474957556303623,0.5788694405038791
81d71d7b1b9b5a69315954df,0.5022229372807353,0.4111328627810012,0.4005455163633717
be2e6088e5ba70fabc03ec90,0.524553359667852,0.5363248487462812,0.5387716383167356
e8eef2acf35aef5afb40641a,0.5092058630750103,0.6234303374667083,0.6211614840144829
c0c9da44f4ab4c33d97dce02,0.472893879635226,0.4832951785611656,0.5170984876888962
89a241f6b254dfa4b2dbc9da,0.4672342990253298,0.5515814042341761,0.5804737880938751
99eaf67a9fd9e14a5ef6f4f4,0.5204869019953776,0.4954315602586809,0.4601730576034565
347eb09a358ab519866559cb,0.5079662614526718,0.4995018345134424,0.5224915598606479
247d2bd688f5867cee2376da,0.4460775664516766,0.3812184802381306,0.3912130210213979
d5de1ca69df81a118410b8b9,0.5279578362323868,0.4644850773190298,0.4442997163553158
0004572df3e8e0032537972a,0.5177048833156691,0.5043368024468423,0.5125530194493934
2a569a36c69df0b24e24ab96,0.540479389714786,0.4794496133437968,0.4299064450304923
d6496e2c0949983ddef2e695,0.4862118083761051,0.4610386419844653,0.4907881331950882
6e7dcf78d37a89e6e2d95744,0.5179441609036914,0.4421294717256143,0.4054819058959719
958bebd5cffae9e845de0fd0,0.5028425711033552,0.3986699715125608,0.3742667354892567
333274479bb9d8405a4fa8de,0.4786766492879407,0.5237878526171493,0.5510046838512795
6fddc9caab2393a4fa033414,0.5191325241876434,0.562422678311483,0.5756623272018004
197892d82acd1cf55b7fe6de,0.5016617830373307,0.4808672924711141,0.5112357590337264
50e333208059c1b2fa35f6c0,0.5171015979747992,0.471153127586924,0.4535077759094527
dd0e64eb21145281a39644f4,0.5422634536918448,0.5754051474606966,0.5860105259217964
087d1cdff501534b1846f53a,0.5578355925791775,0.5634242403362026,0.5343056748448969
cd79079d761447f328eebbc8,0.5236722289175649,0.5420790357320784,0.5286585741045722
19b4d599ea64e2ebd35ad9d9,0.4925207239419695,0.5320233039025387,0.5419387873223179
275c21a64b8a8ee0a8bf989f,0.5226486338778491,0.5849505967742705,0.5875007269756635
a320549dc635a86d43dd6a98,0.5305640853669069,0.5117965027436886,0.489212368203706
e15d251bf6b26a5c12fb4e55,0.5336789172196662,0.4712264647928166,0.4164086464575841
af574e8c56fff6cda57497c9,0.517468520230626,0.4204127547168842,0.3920392905022829
5c30a4444c52ccdef3a91328,0.5345424750649677,0.5259509218527878,0.5031317399572056
b14816e185ea8e1b8502c016,0.5639220391766261,0.4430640543359894,0.3932914383125552
cb2e81ec46fcec0ce6d99711,0.4388729417380948,0.3875970197501643,0.4189736105478807
03eb229599deb5e4ec27b66f,0.566047250492556,0.527720143326044,0.5104039075651363
c889dc5bd2dab864eeeab5c0,0.5019014234564311,0.6087827595358808,0.6258569824044599
f3a70eb748745f334c6334e2,0.4765640030628302,0.58599049284884,0.607256558431174
4c45017690da6e12c1104ef6,0.4529558123075742,0.4372517147613018,0.4545441577277783
854da194d1b7641c9129b24a,0.5149451482994575,0.5567637525019474,0.5556130597524656
640e85c19f2e254086811beb,0.5398890702959686,0.5802577419808507,0.5942103957240825
f907c3d9aac3c0aa8aab20dd,0.4745511366781855,0.5862400513823314,0.6364925785674197
45e1d2df247ffa765fc0752a,0.4263411531974023,0.4080973305844915,0.4883039920679332
d7bded5316156e45d4942205,0.5049627060496894,0.5059906282570026,0.5250099358620915
ad54c4514d2bd2bb1cb518f2,0.5123333231943275,0.4728963047705091,0.429088870080939
160d019d25e3f2f0af9ff26d,0.4209314108836591,0.4120917260908514,0.4462314696785796
9206203471d1aa9644d5affb,0.4102311470601202,0.3648294451020655,0.39481569431367
637345436d1ca77553dbed5f,0.4939910694592679,0.4417199228530238,0.4402810683929118
0e3b27fe3e27cf1c517b3143,0.4752359290972169,0.5641073225410735,0.615294015769151
6eca63a84ad77aa42fa93c3b,0.4842125406521961,0.6114657846403884,0.6207469932217333
75b98e368341dd2542334a63,0.4329621304545772,0.5267919203487091,0.5963929143267545
dab5c14ec694437707d6363c,0.5309007815765758,0.6088728159553513,0.6027212048596797
fbf0a57f11cd18de512e076c,0.5316254621428085,0.5587299603037008,0.5451545678848357
d164a1c4f77236edb193f857,0.4675632782479214,0.5364577129572605,0.5586199553167257
b4c7adf5e367ac6c4c05f2f0,0.5040542811158547,0.4504865666099803,0.4633644162406326
391f627a820b3fb53bf23818,0.4922158424028553,0.4290967007294435,0.4077458804178114
ff3384906dfc71e2d6995208,0.5223298344003009,0.4210324421938139,0.425415764703172
01aeef693f919f4bb307a81e,0.5133503214338277,0.5683478830081867,0.6078729546748904
2661df15052367d8173d82b6,0.5046683187962031,0.5721756777863528,0.6001481698701043
eec6c1e06a4bf992578e7a36,0.5266629000362576,0.555802423949762,0.5378905706001968
5865bac097e604290827f19e,0.5136610071777042,0.4516593943747379,0.4206259496936802
1e67a2ed4166890ea2ffb7f9,0.4435418111241136,0.4057721340926133,0.4532947244755594
d11f841602147f7f2b9f1986,0.5023552433392819,0.5095868954171727,0.5484169033057823
45f8e98f74a5176f24295a2d,0.4693674714881429,0.4828367192392979,0.5108549233260247
abdc9a153e3a273e4fe61e74,0.4207794729786858,0.4715775458486635,0.5181151323822901
4a4df552dcecd58769b419d6,0.497316418218004,0.5368526219046941,0.5318910043331916
bd31e8a897cef54534e5f43d,0.5453592224158813,0.5057748313825746,0.4685677922581014
e65e4000ee77d3d44e12e2e2,0.553195284185516,0.5345080814794945,0.497060718582332
7d23937359fe09d1c8e8355a,0.4533827079374398,0.5474831611000401,0.5645757591788753
1b73d059b25c725d48e32593,0.5127393058567934,0.4520522725305016,0.4516748726856718
24017ac85449f0c4add94079,0.4670055070942063,0.5729248262191298,0.6240351174475703
824ab1515e857f27ff86aa71,0.5057814582676448,0.4312683567269338,0.4195976279048458
f3acf21ccec63f8358ab71c8,0.4674302487596128,0.4004381656781001,0.3852169659611291
bb24cf3dabc517b96aceacb6,0.5337884605288337,0.5793910596990663,0.5901153748618656
81a4e8fcc636e7538ad55edb,0.4872011178831323,0.427947416854356,0.4652498124988972
c07e410ddfc00f6ec4f15fab,0.4461322398932063,0.5561091468371024,0.6199561320645877
b03185092b69848a4606eb89,0.4612120467147369,0.5417469171878787,0.573739952803371
91c093c68910382470fe7015,0.5418575842058609,0.5368171648449529,0.5255158114473645
0f0baaa51626a9e83ea5993b,0.540566273350092,0.5888385243772183,0.5894875682245053
89da80e78df460a5dcdde0ba,0.5669579093719843,0.6520935059294346,0.5992221530547489
b210b5605521819cd9f84322,0.4801449613816123,0.4402679744880448,0.424337493822749
537a7ceb7d9a026c55dd60e7,0.6023583109310752,0.537238938060914,0.4814970597597903
ce2abe70e750b0f49017c055,0.3839377892794388,0.316082706377297,0.4010765940877539
51f7e80a4d4d1b34bb364dda,0.500607373405429,0.5666450087003284,0.5712473229131896
a97e5ae75397bdbb3f0a9efe,0.5345550756815217,0.4825731071601027,0.4452036386251375
c4945e232b84bb4eb0cb6d1d,0.4961794068327283,0.5549415077851242,0.5596498238049112
46b20f0eac0e88b779dbd290,0.5146558549045778,0.4657712540340301,0.4593026173035212
e913781b3ac9289680343f70,0.5062064920937306,0.5816832293447003,0.6213442922856419
d8ba4fb8195d3d2402469603,0.5102059946237956,0.5539527941414316,0.5396014756331902
6300f8baf41b437105c50718,0.511293934983651,0.6035874653366159,0.6320185305889419
7732d6bb14de8eb35131675b,0.5070653356417018,0.4545999967175696,0.4923705439014413
790d20d5e26d494d87fea595,0.5060441478270046,0.5584998080935204,0.5520957678528324
5898b08fad331747e5cd004a,0.535146356250182,0.5088793977744417,0.5039405475284897
f087ba123ed3282292e2f847,0.4978543172900277,0.5538594859170447,0.5430529212420856
28ad5f61434ea683da9463b6,0.532239744699904,0.6188010856016558,0.6297971155282616
b7b12e51a15f4c660faede71,0.4943561716617889,0.4259627269215481,0.4010584496700422
6195f8ac08d2309fc228fcbe,0.4775411526980627,0.4881548933281592,0.5149536401642305
b6a23a77e723efd3f7840c21,0.5016956612188347,0.5032311726592329,0.4849714251482012
b85e2c5530230316cc398593,0.51105125322071,0.6034745731128422,0.5950440979896312
0b53ffcb01b87741edad026d,0.4690060954201329,0.476890038528024,0.5015633332965067
db93034126e7f8b5fe6c5452,0.5072043517186606,0.5588323049098401,0.6026498925387631
c65c0fbe0bb02610977b5aad,0.4985137207872504,0.5104203259931199,0.5238573599896961
3e61ead9d6549c0c3db7df37,0.5434676501072434,0.4793145671644256,0.4079279998990812
7daee1dae0174f2961547230,0.5063871256978867,0.4318231107949659,0.4399699012164588
c78938cf5dd8ff4610ef3255,0.4818063166475984,0.4054988775769675,0.3844393757430623
143e26cea5ff0de71b4ba19c,0.5518062228611387,0.466190872883124,0.4258030888072683
29f9a000e17907330b94ab99,0.5599321935840579,0.4816766534768928,0.471701981322859
9ab33d1f80ac99cd369bd694,0.4904032070169876,0.5762268989335351,0.5820735177161739
e26be2e52be5da25e2318aa6,0.5023416980830869,0.5017234770190042,0.5105266517067738
1e300d65983fbc5051d1b4b5,0.4859683987847066,0.4205424640872919,0.4257210696130967
a6e54216d9786023f3186f2a,0.5065997487466094,0.5350765771716093,0.5702845487718607
341b22391445e346f2b8bca4,0.5021218778434747,0.5487731398332896,0.5741850396536121
b329eb2477021571869a5791,0.5237033979681681,0.4771028526584668,0.4902540314084314
13c88c0f3ecea1af15a3b520,0.4744938722314893,0.4066094372320413,0.3853754458797934
55d44f776c3e83a4439cbd57,0.519435265381761,0.4440948314235892,0.3911683950484511
0aea2069fd1f24db3978b04e,0.5185675185406284,0.5740784767741594,0.5892062727568892
8e46ca9bb04ec1db03957dee,0.5021850943948767,0.5823395449008351,0.5931380319310309
f7bb7efc6882a145d7466b72,0.5205097745467216,0.4677238639627902,0.425773940421825
8ce20f025a33ff9616d291d5,0.4876773437280043,0.4211094036495094,0.4032578106099978
003c2e113058d74bebe74757,0.5822974537074376,0.5222985799226267,0.4733555066214526
0dc7c499d60adfc52201520c,0.5270466670923433,0.4512396867911974,0.3991325349801395
9464b7f09ae7fb74e06da503,0.5195767455579403,0.5734045624906652,0.5890758493407204
7e5657d0af1c3d17530bbe1f,0.4814962815452144,0.5112317662514057,0.5182891867554001
90e97cd0a8f71ac7800fb8a3,0.5497366704044259,0.535800148496667,0.5153571466121849
dd265d04f9554f87e9a3c55d,0.5195327018926525,0.4781025171086519,0.4286258771887578
8fd8ef6cd126f2cb96ef8d1c,0.4712179038704478,0.4569582883118243,0.5086818928713619
181f7a4866e808157e1f8e20,0.5709742108051094,0.5810325788709135,0.5444055102594656
93b57fc996e06177ce25148b,0.4768584818758226,0.4297053371422523,0.4073494694699208
3fcf8a2904fb7783a0b16105,0.5016397958640073,0.4283436814679016,0.4037543971400009
27f5c6e15a9349e0224a95a0,0.4818926519523829,0.5028370632334398,0.5315892368748423
8e32e64d593077ae275b4e07,0.5202104108394972,0.5771496952223347,0.6062073519504623
56c46687ba173d2b54e04ebe,0.4729306876985701,0.4502208272149669,0.4500065524065924
c720dd5d76012d94c4ff9075,0.5434131762013973,0.5689592093584701,0.5544184373858991
d2264c11be55c2818572a363,0.5005756229405267,0.4307719629504353,0.4048777220991693
7ca14449dc886c9612c8f0f3,0.4696996985285659,0.5028033967613047,0.515076578406237
2980178a614ac7cd67fbb3fa,0.4836470816274367,0.4253557057847126,0.4031842086475784
ff1a3270308f757eae90f754,0.5036418390103018,0.588397890428293,0.6106992985399922
38ffc7bdf2412e4c8fb96237,0.4912233900145752,0.4953715675215983,0.5341856588237675
363719ffb518aad4ff7c117d,0.5177852618189674,0.5358702537875577,0.4876380008319876
e9bcadae014165440cb70b2d,0.538764600838269,0.4166330719343304,0.400087810393264
e9cc1fa315146f41d16d0501,0.4845825223588302,0.4965582479555681,0.5130359042098492
ddebb0772daffa48ce090f20,0.5165441197869131,0.5727270630604553,0.6026604308638785
015e3c0aa3cec568976d9c2c,0.4655811766091397,0.3998275368716891,0.3881082407964465
7318b23c5989cb12698aa6bc,0.5514673214255263,0.626524728571528,0.601542513204621
ee5e6920a69f292d094d7610,0.4919675096107795,0.5676755914233261,0.5865236681884578
3db7fae92681d5729cd4088a,0.5447666112870636,0.5892262129166947,0.5819405223516025
5429f3f6d177600ea44e29aa,0.4641484538998354,0.3952186023153888,0.389907461624099
7523eaf3a5584ece01872166,0.5134085087857597,0.4561557756323615,0.4205074993381211
40a3fe33df70e5153a2fc297,0.4897093927563701,0.4136758944124031,0.3881871061164773
19ceb64926a470ebdb3962d2,0.5343968602624443,0.4618504277548612,0.450526110503545
06dd571879b946dafb575923,0.479553742905897,0.5198058429967796,0.5671082442387603
e47dea21d688c256ca91aeb4,0.522053378526077,0.4914342625902392,0.4569818950364992
98259793160f04f6ab0f44ec,0.4844969274909455,0.4497675228236349,0.4711946730821272
fca41710ea0e490971781ea7,0.4956047799353198,0.4684339562059202,0.4539384339785196
e1af6f19e8e30840f3e49cad,0.4890636061209231,0.4125506464705922,0.3877500522725751
39728821972483a92f1a2681,0.5234877368458534,0.4828961279142109,0.4546913797939428
c3f8f02272a3086c36226a7d,0.4163694612897544,0.3118881353652217,0.3963400237699337
26970b7980d3080975e08621,0.5278467472197378,0.4963259774584133,0.4935843448693455
a82f06abf612db7e75af619f,0.4831020919172634,0.5321571612815319,0.5874105378156101
ad7e51f4ef7b235476c16580,0.4860933295694055,0.4291500124841811,0.45400168977375
2f02c9d3af4bfb7f6d04de23,0.4977095799420805,0.4729498842106935,0.4982595475506977
de8b440f8b1ec611e78c444a,0.518305187932617,0.5476847079579938,0.5834171685200747
dcd511c8c6101ff8f1447c6c,0.5106929573718026,0.4447441578235057,0.4257446930006768
7c6f7fe994967b445dc06056,0.5091484714046463,0.5692865624347011,0.5876014471371326
c52d1e18e92f39aab0d02ac7,0.4643600325556514,0.4563916812735219,0.5042408542085534
71fafc0d4d243eceff0f237a,0.5470384035206766,0.524977950154901,0.500500648437101
88a98aa5748bb75a4a933397,0.4793649464212641,0.5353668277869381,0.5598802028423989
5ce4dde40ba11fec4422d9c9,0.5273471048241478,0.5284726163228293,0.5290454512595528
2be9f13d55f971a7f4a4216a,0.5395415465526932,0.6101734723486077,0.6172699831020273
f8e5768acf535f2362655578,0.4967933342650003,0.5883194547433284,0.6125358957078653
5e3455af2ef710bb82f057a7,0.5180116237318669,0.4653129306047157,0.4698679554793881
5002efb0e0cc8b23997783f1,0.5164322107868093,0.5830702731967892,0.6127254190949465
4d3f0613bbbc1e330310ec12,0.5378474519291888,0.570980594468746,0.5416624776580624
0ecf66afc53f230445c9c229,0.481261140690217,0.5701430396551415,0.6183188548145222
1ea0e2eacfb427302d8c892a,0.4961994369815465,0.5225570360374985,0.5489258945659989
885d0ab320985d11af453583,0.4784754124063282,0.4631800681230354,0.4947147964286588
b37f1e319497b3eaee061237,0.5171010440057086,0.5216891192352108,0.4843813122961394
e2d0ebab856721cd1070a6ae,0.5348540134849685,0.6108070636547603,0.627778209333187
a7966825a443d1a9950d5fba,0.5030929362354752,0.5579679021761246,0.5638259220498296
ac662677fff64c2523fe0403,0.4728094356686309,0.5383726197401849,0.5470833931774953
b6e21d3e7b4992b6884e0cb5,0.4784050562631772,0.4839794074121065,0.4847530723641544
804a458160c4cb885936a209,0.5673481203470614,0.476020664532142,0.4285635966650664
481050173423d26cb8dafeaf,0.5758352863259647,0.5750565982333522,0.538648123270221
fbec10d3d1742455d907901e,0.5061228611015931,0.5850332581786157,0.604318496685545
241a33e48481d857ecc7e340,0.3888580245969972,0.3225485046661988,0.3827760673303053
4b12c995ef65b2b69c09edbd,0.4900276807371011,0.4523125417768914,0.4846267311143517
b3e756c64c0476e905bc2d68,0.5345366461417755,0.5890435282645273,0.5856815613733827
ba8da78c2ea0f787aaa94154,0.5550016602991692,0.4633704661486751,0.4468493758899662
76d3c199d6aa865d77a7ecf9,0.5217763791158054,0.5667800831405293,0.5263645264552176
6e4ddca56dadf37b432709e2,0.5004270460642366,0.6154303614151078,0.6305650478288765
46d3936c06d563216587628c,0.5048089938539229,0.5876626937196981,0.5906862589714363
3136e95956fb08e9d2b19185,0.5051347281773781,0.4094332260532053,0.4254217009027402
a2075e200c4d5c48c9f3607d,0.5000005153953657,0.5486820277152948,0.5748912676669631
4d260707d15e72a2256c9be7,0.4919471262681403,0.4345698442696371,0.4089432713830828
609fda493f2ee3fa34945905,0.4822576272243121,0.539732194399965,0.577728656191667
1b87ea70cdf2c03811728709,0.5195912464221772,0.5498997901081892,0.5271555969352877
80c49146f44c86ec4328c15d,0.4458683517489312,0.393061470390514,0.4261649542686644
2e32ef60011e91bca4747205,0.4952322434304016,0.5939441518649942,0.5999955197996785
96c661b6fff69f30e88598c8,0.3904081003345201,0.3460088196465931,0.3976964739497151
275e5b706e9b341290de0895,0.4758452473453506,0.5570837921980126,0.5984532857746052
27fa8525c8a5f112813ae8f7,0.4818628724855311,0.5292664492595216,0.5666575791799265
8272e23248fb20b920eb2d09,0.504814405075707,0.4662951980882228,0.4568033942897516
eea5965d7e6be66f8cd0a90d,0.4960603793942716,0.5849704746542279,0.5686455483567682
895b0af8da0b37cc8ca6ed06,0.5462092077305813,0.6281230065954322,0.5732922747862741
634e5c806572de0866dcc688,0.5840514732328379,0.471024045612839,0.3904130124513096
924cfe5816138b6a8a5438cd,0.5597926737271761,0.655622030425624,0.6290801156076093
d478b7e4ef106ea03b8182e2,0.4918113763633315,0.4314005106640199,0.4852595649825439
612384fe4ea436a926811dec,0.5483998180322115,0.5218027488988988,0.4699272184353652
0c0f5e585a18065f5be6149d,0.4905913714593959,0.5207147022482429,0.5721140904707437
62649e84eb1eb961ade1d315,0.5223233700135856,0.4747364293874009,0.4324117304460678
c5a4f0f84ea439399527fe62,0.5607180176693805,0.5502367413374794,0.517194899727756
3866d08c6fa740560fb6bfeb,0.4827592249070576,0.4411379539761535,0.4603660477345268
b42764a7ca62d569341a738f,0.5390523052010513,0.5613389485544391,0.553000558522886
9db26ad56c3e4316d2e986ca,0.5042315440552262,0.4490435451519679,0.4488085412595743
ec873a3a8eb993a05a3b9f12,0.546369376772457,0.5097977645823385,0.4896486535998509
400fe98f4fbd545d6ee27a49,0.4700276435391957,0.5263210709766112,0.5656346480883417
9ae1307426c9121156cf28e9,0.5460402311454812,0.5674449992361952,0.5374170040247117
46577e94f133e24601b715f7,0.5194806948185917,0.4635138906510833,0.4673499833709555
5bb427a475bba8e49194c578,0.4910613132381322,0.5102410290086817,0.4902614984365324
e34a736590d38a6ced14590b,0.519638904443542,0.581531010437184,0.5995889248605418
c79ad960f78e961119f893c9,0.4769316263894531,0.4674054195198068,0.4757507579623895
506e7a087dde5240a9d0e325,0.4778274092187751,0.5252214001173716,0.5718328241703536
0e141610485f3d5a58d28c02,0.5977474100083237,0.6058600539766019,0.5408157166568074
b64a9e8304d3375998647e63,0.5651885143669206,0.5853062753589955,0.5175446771867186
0a2141682f7eb578d75f457d,0.4674305268669381,0.525182916872352,0.5397740057717515
1f9af344c9a4448be0068fc0,0.5144465885280336,0.4425389960403449,0.4025616106810507
edaa62de1a59e96d653efb5f,0.5175076844554612,0.5804162661498418,0.582488589205829
da40057c2588969a8196e1f1,0.5288651201382751,0.5858785206251028,0.5977672478199693
8ed722555baa69d2a1bb6630,0.539470497920276,0.5025175579108418,0.5150234732537642
0bc743490b738b9a0ed61f66,0.5357661494729077,0.5221984431713134,0.5334207989443452
440b2a9af13236cd69ee4a34,0.5198757503319841,0.4531309774916174,0.3945387249922146
035a13409f66c2ad97c1fc5a,0.5266909665721847,0.4341388450723733,0.4178389177081484
da5e034afe4f0f94e7461563,0.5403360156505465,0.4963210262274692,0.489340156629461
2806fd8ac57e9268893c25be,0.5207708018546631,0.4543809581235885,0.3967172306800779
1c38293c7be50e969a6e398c,0.5221596283584317,0.4276920960191536,0.3992142807805563
f537713f92e426689cb4fdf4,0.524580518941617,0.5694742282092348,0.5887296656825978
0a72c4d9ea6734c31dd3a901,0.5256785847946335,0.4533900545735139,0.4113629395997603
dddc1162264da43684fd8509,0.5426679178936826,0.4623891919252789,0.4447504836708717
6837e14ac951fc91ca4b80af,0.5133565671339754,0.5625495630380157,0.5933505503545119
1c8401451a89b2e6526cb6d2,0.5126026056967673,0.5157927283254323,0.4991165173148492
de1c808827e458cec3bd5f87,0.5183392401430399,0.584365759665816,0.6165479924593127
297e7352be0216d7f9451e1e,0.5032427695815991,0.496771970700705,0.5332947686096338
f7ea8b1440fe75dfcade7dfa,0.5177598531471386,0.5342871388565289,0.504652656041568
8a64e51b60f15c279beaa4fc,0.499504108677993,0.5272037318874694,0.5433995538521366
61381bcf46fb83120dcb41ee,0.4729702690137889,0.4091198754058008,0.3923899708968275
6a1da762926699e5c270557c,0.5104067255399573,0.4920431471731191,0.5183917796789392
823fa7ab336b3e533cefe715,0.5208389740303865,0.4607181964362548,0.4570842901245681
cd5f0ae493c63c078b8b780e,0.4910837490303191,0.499522424082049,0.5507716161488997
10dbb1c0fd9aa5c1f59e922b,0.4992592934891163,0.5775065745852487,0.5707333357978055
2299a7a2c43ba4c3172bd3ab,0.5336319564881681,0.5370088722803543,0.509199776706074
c8e01525371adf96667dfc9d,0.5560499942607949,0.4771998844241242,0.4100958979551917
12d3d053366a7b3514f54a53,0.5533364467541094,0.4987617601508243,0.4770571275093991
f8cd91eb0af5eb55241d787b,0.5023009249508619,0.5419212692108559,0.5618886241957909
98dea81ce4658c9cb4c86e3d,0.5015797703042262,0.6108684674955157,0.6196274836612099
9963be1951579be473faae5c,0.5452583839130763,0.5668158838265165,0.5261479380941515
5b637ef41f57082b7be0393b,0.5573024988451161,0.5452382349706886,0.5307066254346425
3c523e4c352bc5538672a01b,0.4934727420327014,0.4082901430720365,0.4203713711908637
78bb62ad1b014a7fe32b3457,0.5180110048341982,0.4782491384106495,0.4390018295838871
58f8fb8976cd8f12531b9c7e,0.4990694003024398,0.4892852757299483,0.5139921489998489
104be6c13bbf5e3d348139af,0.5309089786288592,0.597915740281914,0.58089658372614
502f43a605d9216499862584,0.4697784751623847,0.4588196545171382,0.4684094379021208
534e3e936c22ae8395066977,0.5648515656377578,0.5048374952736943,0.483161670865268
91f5f565b35f2f74a6fb3195,0.5554460893650366,0.5860034784462126,0.5421020309138153
3568cd406a8a7464b9f66c7c,0.4417127774934172,0.3899080951379117,0.4313002660561432
4d0c804275dec84bbf35fd3f,0.5628385097266936,0.5441511767717695,0.491024819657023
e8f67fe4ccecdb1757a9ad09,0.474188362913498,0.5054224604139196,0.5088742113852918
452d5fb8098e8f9c13759603,0.5169105429053344,0.4942516247358333,0.4848803150141706
117cfc8b53a826e889f37455,0.5567013473662337,0.5067712116798373,0.4579240011088425
fef7c0e99d05a956ceb4ba17,0.523589203274177,0.5628904350963178,0.5830322597487345
78b9c507082a48d2dcb993f3,0.523624673485247,0.4727549764756557,0.4466413626323993
c876e8daf5e12b89d0fa9af3,0.5228845580439125,0.4851991011891814,0.4607334889884407
c598f0daff1e357965d20f52,0.5053033679555855,0.5105813049987695,0.4871635807440734
3a12f1fca48c691dc3bb8de8,0.535643368050794,0.4721237167970598,0.4324465961681519
91edecb18cd9aba9d8627c21,0.5403637012466819,0.6510229550913699,0.6041318669349209
2e5a472811fbecca848216cf,0.5201485629267414,0.5466762388495618,0.5546886505986509
7c635907c8d7555153280ab3,0.5408391769402903,0.5938272652123489,0.5825843744706332
1c42926a42d1be05d275ab01,0.4986774894692058,0.5539518696781842,0.5941650690884019
98c375924980c346e2fc21ed,0.5260768076608234,0.4671077368471231,0.4771195432289953
6f42c7e266b691a845841861,0.5167498699586653,0.5771604279253966,0.6083846818260529
50f0b6f2613da130b2ef256c,0.5019482899827203,0.4714280686544372,0.468753764744601
6251685f5db909ab70c9d82d,0.4116595693089375,0.3807789291942542,0.4386535557304312
952184a5f22368de20de630b,0.4430187651184841,0.3947149239713039,0.4316805460699214
f5a538bf5d5ce4a1b606a2bb,0.4944382271838779,0.5105560508644219,0.5023890957679132
8875873143a62b0f8d57f095,0.5624306999215867,0.5538518204793669,0.5088820646475273
0c3d189cda4fbc4b00a97796,0.5489383468941409,0.5196552612876855,0.5129601252145399
6a3641762104c82bb34ec128,0.4864144493309343,0.5333309577659432,0.5425998462327704
f66fa89685d19b8d1f34895e,0.5256290758889701,0.5642494023170423,0.558103262456694
364c844568b01f6a353660bf,0.4738041941850204,0.4330420377058988,0.4195360091373745
216728f0724ecf465c8f6a76,0.5027463218655124,0.5984471198109345,0.6257193289700947
b402144c62a07dedead69548,0.4919009885731769,0.4035286794612848,0.4308947040118087
4cbc8969da29445ed5abe342,0.532074513533625,0.5565108718340989,0.5359265637482966
15a0b0c5290f85bba64bc0bd,0.5211909531634409,0.4643283665037635,0.4058325191793723
58ae445082ed8644ab730b26,0.4789215640344843,0.3760079045537021,0.4222646165649579
62698d57becffa914556e793,0.5479268282745126,0.4315768690047434,0.4258827274079733
0e1a738f762b4412d440dcdf,0.5003711468640017,0.5046884383867756,0.5466950985567816
97831930be31b941254eba4c,0.5011915356077054,0.4225632847261256,0.4414484315404531
24a992b9b502fb4aad95b542,0.5055119082871554,0.4767485561679888,0.4937682621197504
9749365fe9d6f89640f8f309,0.5147916940818152,0.587037671665909,0.5898074680394528
a4efefbb715e2f98a0fcfb36,0.5541615029858958,0.6016673581444445,0.5592411995646067
c25af8b23b85848e359b6327,0.5210418034440867,0.5287354011178258,0.5345011542398557
474e4b800da682edc6c074e5,0.4904966335887685,0.4786391645885572,0.4824982504917862
1f639dc11b62524fab8a0465,0.537895473990615,0.478043852408305,0.45175843347531
04279e54f00528281200ab59,0.5118628761244708,0.5852145865060916,0.5917242494214656
e2cf719d3ac45383bd59b658,0.5353807913542661,0.4446899722965884,0.4020388892669694
476098d875e389e55b96d20d,0.552980199849095,0.5033883260931754,0.4810867583758493
ab2faa1f92dae3ce7c2be967,0.4921251262269733,0.4610201571831662,0.4770537951457919
71180bff7c6e4c86c742f6cc,0.4599839186406651,0.5374537838373188,0.5546101154027314
094576155e434d437d1d6e7d,0.4673212219242992,0.5647603914563686,0.609873223431628
3b328585ed830502df586b48,0.5131575117199193,0.6065482408616585,0.6267115994825692
c15c1d675c26bd84cc91682d,0.4762472784547765,0.5523914549863205,0.5591713861611813
dc60ffeb23de6f1d4b036807,0.4814272981867261,0.4201310097208693,0.4404438373989435
8ac9b597184bbd8da011236a,0.5091381398273285,0.5135173589513939,0.4958749829598889
d50f14f0a96e42c456626509,0.5488707304956619,0.6377154559245342,0.616278545458395
ba17412d77689a3d06da11ba,0.4968224482326709,0.4980845543195822,0.5439463419686463
7dc7ee4f83c1df0af9188079,0.552361336481215,0.5267078487320063,0.4741267046051834
d2b176250647d26cfefd58eb,0.539163222446599,0.4873074214692494,0.4866731201554903
78d79e9c136ce40dd6682c33,0.5295415421111241,0.5329477003145453,0.518138890840063
dedd86c9616470e320488a5b,0.4956790631110654,0.4851492708182839,0.5080646216861859
f21aefe546b0d73d7f08973c,0.4792015340724792,0.4513353030419436,0.4595343123038251
876689958a8589be5c0bcd69,0.5519312518701847,0.6216407385808453,0.5718617381998411
65e34b679429d3c0634750cc,0.5405195049010638,0.4390767681012724,0.4174536914243801
a2e942da494b94d6de6a0bc0,0.5205241984335464,0.5163227612667968,0.543164622982588
11f4bf11bef9b29cca211203,0.5377655523208682,0.4805421669035377,0.4545867267498785
b75a7e99b290842e2b8a0886,0.5098382900015993,0.5202263823683426,0.5581684754997596
6945ca47597e24822fa60525,0.4888203505795827,0.5417194510767904,0.5382098808940761
92407704772eaef60b3e4942,0.536983262731914,0.5231976839339559,0.5213952101108549
8b1a855fd7157fcac19125df,0.5104245332470303,0.5206667311885925,0.5226202318441961
bf9981e857ce5ed40bc24bc9,0.5065523493330304,0.4217062460205325,0.4270751755997416
ad54adf34712ba47ede60826,0.5225920036518854,0.5216300859431564,0.4925449224719493
cab5610a47564cacfba5059b,0.4961899885244866,0.642191467713602,0.6491916172999528
4039493ac2a8d788878f482a,0.5215110113300725,0.4443285321733144,0.3847957203619899
76ef8c7eb74028f3eb7a7a71,0.5483378291113038,0.4284362882841084,0.4268470629278924
0d8e783d5925b2f81ffa009f,0.4330455218416554,0.4004823417613579,0.4683110364789122
14b61d6512df05abe8550c2b,0.5391818344082017,0.4982360411063945,0.4677174421699405
0f63c89ad5c0f80ec7234508,0.5623612906193369,0.610567264047114,0.6024745026509848
b93253a1e87eee53e2583358,0.5665958456908888,0.4832203558294763,0.4293849404657787
a8f21ec4f39b003e8d639fa1,0.523003989531095,0.46152690484827,0.4189308866057587
eb6c349c836bfa6fcc9a0ab8,0.5367156452123871,0.4805596135606345,0.4518744125350018
d9ac26636af3f1b3754e8bb0,0.5085380411538918,0.5558593885314173,0.567338272025381
b0b46991e77dc2b307e6803d,0.5326999018873942,0.4713391473383701,0.4438720084823822
db4b0c8ea7d225c1a92ae640,0.4903801066586198,0.4826645115894041,0.5015633332965067
5405c9b989f9599eaff8850d,0.5015536189160301,0.5931028200070798,0.6232178996912436
6138a47a88dede4627fb54bd,0.4701972448916741,0.4390264415709981,0.4777845115287083
bd95b800e04d7362f8290ca6,0.4735318207469693,0.5274597460466282,0.5639428363499869
e181b6215a47e11a9b22dac4,0.5487589927874099,0.4774054896532562,0.4462701132680836
144cf89cc69b6337020684f6,0.5397440078801929,0.5136623259099508,0.4737989443983854
35a3db2a9e4933902def464b,0.4756991247186158,0.522220419936671,0.5453362882575635
32dbdb2fca4ebe61e583e9ee,0.5263988332289553,0.5621378641017694,0.5438587046204507
ce19aabdf1c7d5b69ef75657,0.483226015596452,0.5674391029674315,0.5822022597461737
fb9130eb1f53e75c03eaf164,0.4969858113563099,0.6157424599949816,0.6291394674885374
f8e5c187d5a8cdfb133e02d7,0.553863229471014,0.5094194955174846,0.4808114250276591
1decb3b6918f8c4042bb37e5,0.5099536918791026,0.6536269643558563,0.6464234374423932
a77c3abdd0df922f5514b0d5,0.5059387494907069,0.4900136059216438,0.4900516177669365
c658a9b2a236074a694af92e,0.4754682055132522,0.5396073441601553,0.5539205141934651
e03c6c9c74aae68be6892811,0.5190270586658933,0.5179381124027259,0.4805037306347073
b805c8bd1669b54f4ff24909,0.5055737075206691,0.5046274197735396,0.5037835496844745
af93e26336e97a43b0bcbdfc,0.5071553747376532,0.4589907485708113,0.4328187709023094
8d2b9526e84722f898ba2842,0.5369466405753046,0.5554329365033535,0.5686990883385801
914763d07b4d4c5c89e2182b,0.5549666532525178,0.5235980017311344,0.5016460280675635
1429a56f0e7909a99aed5245,0.5085550375441544,0.5028074620902574,0.4871549516249143
92de40a3264a1b47784ad7a9,0.5225498161015129,0.4713177443773627,0.4740148380032618
f2efd4fa20f3e6c2dcddaa02,0.5045024558701817,0.4219345020408578,0.4428002615216121
a996e32f995263580cceca15,0.5338620891524405,0.4358433648076923,0.4069882029231282
821800e0c54aae9d7dfd7a9c,0.5048985473646395,0.4704581459080582,0.4514434043334144
c15ad8d94adaac7cd708fe60,0.5190604884633288,0.4368320607528645,0.4010550065082388
a6ed850ac85fc4edbba67034,0.5243288200320773,0.4568831475360828,0.4116226619414648
e9f8655ea516f6e68deda1c7,0.5238907219740008,0.5351748126873276,0.4841564545551191
29b5092e96eb39f5f02cd786,0.5496348015710358,0.5189425176110415,0.5014059498164897
b484f62d8bd12b3271d175b7,0.5180942762649637,0.5146069112139643,0.5131640036314298
330e4bf13ebfe67b6fe10130,0.5202508793203013,0.4738043806660573,0.4325786812518586
4b2e2a75963cbf7d55c4d4d0,0.5398496436115556,0.566879154600776,0.5346857550081656
e056385501472f3b723c4a77,0.5186436660729083,0.5410007195185956,0.5537449680446902
2b1c6d5205dda74ee21a1757,0.4543581876059507,0.3867541374606618,0.3857337899798864
aa0fdd7547cf3015fe43d3d7,0.5457989927394582,0.5571677364274477,0.5684500902621343
0eaff1a1ea3bacd4f6d22961,0.5680051199772717,0.5839098662422174,0.5437435073763517
9d2d62631dff1b32599f2b4b,0.4841769133307916,0.5381068731349953,0.5580583488136007
cf3665bc4fa0389d23ba8d1a,0.4271415441798876,0.3962938669764275,0.4155608548606487
d5841d8b4d4b4a690e2678f1,0.5338634836463589,0.5878478602797415,0.5590896331376674
2e942a8dbec009728bd9ddd1,0.5231865775375467,0.5713242535448136,0.5886810238491944
3a0596ef0272381560b024b9,0.4841425057509984,0.499970222164243,0.527828050292356
1ce4d550f098f5c124fef3fa,0.5194434321680166,0.4881567024229265,0.4385375950418407
b8859049e621e2d2833c78cd,0.4885543172932834,0.5843546811804511,0.6106834956717515
7ab1e0abca1e74fa90934ca0,0.5400537290339763,0.571312913606308,0.5589281276988362
b6b6676becdebe47e8db00c1,0.5141364229858356,0.5142908457900317,0.5286285023374832
2c102595f37d2838a00dec32,0.4966767385465622,0.5745048862547768,0.6056685681354511
adb75ccbb150ec262955bde1,0.5203272536317851,0.5915295785439105,0.5904529003794061
fc777302be73bd4e54fd012f,0.5401451534339438,0.5612483073558201,0.5459638789113239
357a4d385f8e096e06c67015,0.5116686300673647,0.5986280345277739,0.6253797156614918
c92ea4881985e3322d469619,0.5044728496233991,0.5197915031281617,0.5515566671050166
7939824b14f54a9be25c6a0f,0.526308105578034,0.6211594714680305,0.5972993925712076
d054049aa28369fad5c79003,0.5964231450705312,0.5055971156156321,0.4395223654520522
611d563c7ed838e7a4b9a84c,0.5260861904927789,0.4440429587210021,0.4288731112938219
6c0e8b5720183e2ce90f5f67,0.4825328502683095,0.500164707934525,0.4994962127972652
594196aed7037db0204271e1,0.5583301670564912,0.5957676337171915,0.5534417966570547
bcd416ab2229fb43343d7d2d,0.4704045932864404,0.460458071857599,0.5007319484007292
5b49ebf201024d93d1a83883,0.5320804345969133,0.531613052793804,0.4816964119538532
5ad5251f1e9a97abc5913c35,0.5320626748948994,0.4916657736801665,0.4803144029412259
c971db88ab2835250acce6fb,0.4904479431077838,0.5323705943455598,0.5400546965015263
c064e51cf295f0d9880f0866,0.5378299212997508,0.5640821921143233,0.5453248622586935
3c3243fc9f55a03a16bd459b,0.5002383784364262,0.593268772367574,0.6291012285824644
62d96142db7abe45dfcf5f9b,0.4956301964456335,0.5339585020654156,0.5738994912590035
137854e7f7406d5bb408eff0,0.5241799258372027,0.5349955465595018,0.5421709609855405
7716d897bc707d6727a6efa4,0.4884814164046805,0.5590023586567515,0.5693376094235114
23fb50f9527fcf097ac69c08,0.5286093789368246,0.5664211937975631,0.5779680768749891
5684bb0931455196c8cdfd22,0.5305645411422166,0.500231120964597,0.4770499905384301
66a1322d17af88a41bee2aa0,0.4836213199066346,0.4635405307118361,0.4760076417666447
8c21ae430335e2be3b43a3a5,0.520166969393225,0.4558173831760448,0.4713483138716517
a35b8b46e7816fe7eae01152,0.5004155296660128,0.4703827066958759,0.4939844248843796
4cc0f62cd652ddd4d6d284ee,0.5446543460744986,0.5400119403790636,0.5303783561516913
5cb1d6bc991b9085dbb32fd2,0.542305171870438,0.6349150545709328,0.6040366817394072
d173fc9fe447301289cba985,0.5021918832541606,0.5796067728315177,0.6025518057265891
2cd91b089e7abe3be00a32d9,0.5085489915378054,0.5788466085915109,0.5688812232554312
4bf1b8d3cb988a97ca76c5c9,0.5310784169054048,0.5794070284557107,0.5862820652170342
594cccb6326b197bc83bed36,0.4911007809010003,0.5440077555409067,0.5752166763325557
e7ef1a8c384847a13e901df0,0.4788025493927911,0.5022393542676207,0.5289225526953649
2cc370c9ab72301d5aedec47,0.5632825827464472,0.5017533109545108,0.4610525533825305
2e0df73031c336ea365fea77,0.5127905914754335,0.5138869728333318,0.5300915743225263
a5cce632b299476815fe5cc4,0.4890188564288751,0.5045431768342415,0.5547000010622939
4ccd33cf061c28151d3dad92,0.5378032610231004,0.4929247767117241,0.4890606908671997
2ff7a9fe547022d3b7da61e1,0.4995092196436145,0.479426406564394,0.4635808699614795
0db8a18b22e36a9944e67117,0.5238341906214992,0.4761089729544539,0.4639835325343104
557ee8837207afc12d0df3e0,0.497648029565456,0.577375505402768,0.5800501078446907
11100c44a3ae5c53ae3fff9b,0.5148291862645136,0.4367446227283413,0.3930516975550681
3cb9679cb726f304aa6b7608,0.5598405962391315,0.4912347532736015,0.47606826785716
e727258ae8e5f246b9259ec8,0.5146705007229402,0.6096292554264936,0.5878287331226048
c28aba19c719cda93c0b88e4,0.4724766925263078,0.4913563205989578,0.5317074850516726
3ab58b7ff40882f2345ea635,0.4744455598225981,0.4522909111856158,0.4975772038526312
baabfce4a0fde872d397d3ae,0.5245614943895515,0.588856386148141,0.6136657803551316
56b8b70182d5f22b96991143,0.5039061760117799,0.4214832522216308,0.4465072304365688
a486fe9fa913efbf90f1548c,0.5371001169194782,0.4828557013942047,0.4491331120851606
42294de8ae8fde030eee4dff,0.5109535679452772,0.4204221279267333,0.4385735071091447
102d1d40354cbe139b694f54,0.5328222172963264,0.6188956789053636,0.6254683261883007
ef61c089a1824d4856b3f3c3,0.4748613956751423,0.4969413008520141,0.5014808165215504
51c5a4a245ad3feed86d94c3,0.4940390577940579,0.5454470107764289,0.5741776701057636
c9e6c7dff00fa4da5b654020,0.502478628579194,0.4904395273184195,0.5090250965076796
6fc51c11a44c7dc1e8f6ec7e,0.534138159702163,0.6260875909477999,0.6117150779318836
4c88535159c8d0a787e68a4b,0.4346776553494246,0.3991619537062252,0.4271720999783442
fc7db33596aac647302aba0c,0.4830684569177167,0.5876658686441116,0.6310678336909672
9ffdf3db27bfb1d7c435fb64,0.5493228208629984,0.5991187003676323,0.5688977119334299
6b56f3ac58a8354f63bfafab,0.5151589025423531,0.4955946200767999,0.5216315428697151
0d67ed22177ceccacc4b8ca8,0.4686422110103277,0.3874102639364215,0.3837540404229314
5550c9c91022786d70d99c84,0.5126563409191901,0.4386817713685698,0.3900350342924805
fe43fb13335be4c6d834171f,0.5364878731799307,0.4347012707943044,0.4330987063958122
7529377a067bba57769a754e,0.5015163181952402,0.6146225086158115,0.6307802221202415
76a889158d55bc87ce0add20,0.3864437490304577,0.3373839673572166,0.396176231794861
f5b1d734f35789e7ae4dcff2,0.4508010683132687,0.5225444772169155,0.5454889859066343
1bc9113b9544db166f8572e1,0.5373327613021345,0.4582670428368311,0.3955397488512411
dc8dfca7fa8fdf9a62a055bc,0.502508545245934,0.52525252892644,0.5534271346161797
5067e09e4712f8ed9e9d9a3f,0.4768495065152515,0.5401764833883134,0.568112108418449
6b8ec0c948088a968746fbf9,0.5201222445646685,0.5867651937275549,0.6169449771888722
7f0b0776438d35d1d4c19c40,0.4614368869087545,0.4632862668741977,0.5131183222448532
b1454f5b006ac82baad82be3,0.4548260525979103,0.494628777559454,0.5385936000948223
8b20e86bd18ffcb5b9ad1f7e,0.5306371559029767,0.4415512296897133,0.4448598502202079
9f61836766fa9e598dbb5c13,0.5256979849689521,0.4614246518067866,0.4659933150413403
d10263891ea958b8a3c2a495,0.582726140477054,0.565529199246773,0.5079380039801351
d128e54604cad80454a0da3a,0.5118737998273705,0.4515730709303335,0.4232695595003988
60ea922eaa36f15f8c3348f6,0.4835644383260053,0.5736226780682494,0.5761611831297694
b82ca1877a4f367b427f5841,0.559966448497762,0.5791145889443761,0.5450665155529847
f9d69930792f09b54fb9e35e,0.5094904619233507,0.5261774853876988,0.5168770611552113
789febbd0d52ec94c58f1124,0.403417390846305,0.367223565548808,0.4144173850634851
0dc8245a12cfb83d509b5a66,0.5106335704464315,0.4806765261152966,0.4876522431435202
efb0e42d917105e70f7dc6ef,0.4762943485779791,0.5448474568558672,0.5941248098097501
d82d6e02e08618dc894d1d8c,0.5239942749340121,0.4625279488386903,0.4440743675795149
e8aacb9a56e3e2ff010e1af5,0.4729832610422166,0.4787663644757354,0.4708860309432344
a9cfb7184498fb8d4b783ad7,0.4826134278457075,0.5274091466997742,0.5737886254667695
48d51df15cd1177e381b9595,0.5319134410112426,0.5412676182302077,0.5135255052613538
ef19f4f7936b5ec7e9a95b43,0.4919561944387795,0.5042279950513794,0.5511927351159113
cc2ede5dbc8283745771c022,0.5659492559284491,0.5351291169239413,0.526868727728263
5bb71fbbc3cbe572ccf1b01b,0.5138704055120775,0.6079736507930125,0.6031059567875752
261ca123217dbacea1a437ab,0.4996318626928122,0.5645641785214324,0.5846985929998729
b91beb16e0b2ed57a94f6904,0.4836796479034076,0.5622471039159629,0.5639995436609762
4c99e8c76d0de0b8f058387c,0.515903728014245,0.5882781305575157,0.5985253477436943
d3ac0bf99b19985357f49abc,0.5410517342463583,0.4911997261038271,0.4973722527952812
9c78bc0992315ba6b677815a,0.4831505009879914,0.5306147445050441,0.5711989410778828
f52ad8f2c2206d014d93c6a8,0.4645000464674809,0.4263290948991432,0.4321129505746205
5c7bac082e171d1bb830134a,0.4722092485994532,0.4565247109807027,0.5017917046693313
55c8b5ff932a70ba6c38ebe2,0.519431516808019,0.4956708054948927,0.4975281369572896
2fdaf7012dc3e43f11c7b539,0.5114092128886507,0.5428293359136874,0.5293307927188848
cce1a37f8dbca56f2e4de9be,0.529700354175593,0.5160823096991174,0.4915667360682003
54c60e3653e3ff0c7a883e83,0.4868176925279253,0.4846316399949173,0.5292350059518334
191b2f3aa3af6c84ebd9fd55,0.5375093642903559,0.5386643814511726,0.4981242475738199
43cf12220ad81a525861042a,0.4622591717129883,0.4551239261517062,0.4740238019434767
c27dd1d7a54fb6110d5097b6,0.4788805956698515,0.5122677834528472,0.5390626592268911
30f905e8471e7b23b50f304c,0.5434380304290195,0.5115582134275848,0.476625776837284
862a67d275fef97ed06dc750,0.440590555265572,0.3726694379209527,0.3922683161141508
9e4310e1115aff942d1055dd,0.4999500693621291,0.5698001283832312,0.6001688929245488
55b979d21d1cb199586d1db5,0.5065202362714161,0.5247195209919309,0.5434791533008774
4f815504f1eec6809a795880,0.5052868431404826,0.4962196175470269,0.4748684630580863
a343926f943525a3eae02e0a,0.4596686314064626,0.5012523982455565,0.5273136412441525
c558930555f86011b204b24e,0.4697036900525524,0.4596416606578136,0.4864514780105309
cb8d9c3fb9bcdc5e2b6ebfc0,0.4665632528053031,0.3973812342858718,0.4117724627041983
200d30c002a278faab2bdb67,0.4920151970463894,0.5577249260365698,0.5514895025089366
bd997f8f5c49cb50ebf6d34c,0.4884900885437865,0.4640184784238038,0.4630554597658088
f37ec61b6880413982abb52b,0.5450438723820138,0.4396091906615726,0.402485136591526
4976404934cef2da0845cd87,0.5679262034348203,0.5966945620495059,0.56745133212015
1407547f2826d2d5f9cbb391,0.5240961860832721,0.605518681048764,0.6137874973846276
fe0ef999ddc3f8203e244d76,0.4682639191037043,0.4325774017165622,0.4436750658496785
ce93adb3dbdb18117ecb4f91,0.5299061657848146,0.592842648880851,0.5883326033545675
3b22493c67d4b5c71e2cd09e,0.5091467200624447,0.4458468710509065,0.4295728595654993
a7ab0566d47c950f419290b8,0.5040482018629475,0.4883135949999126,0.5099805218241633
8802998c1991b46c9f429fca,0.5313357585177818,0.6449442794420259,0.6215158449627125
e7f07add71db7041418a8b89,0.4733456425338585,0.4877154910095762,0.5094179319049998
c38658ce466164d1d0acfc25,0.5386687413732348,0.5124637334240731,0.4811323196336332
d3111f329c860774bb1ea747,0.5521009412043052,0.4321225483455391,0.4138308523655511
46616e362f6ba2a443cb3255,0.4589922380258475,0.4532159772192045,0.4781295377400852
82d5d541ea3a1601afd26212,0.575168201324518,0.6558486471985893,0.59237573709506
7058f5d2890d739e78d2035a,0.5209553220454939,0.5587363126664474,0.5893918168748808
d2901dee914dfd19d0d77625,0.5239741615286555,0.6078085658852221,0.6260237899714336
fad4a422c095aad248bd593a,0.5145964061340629,0.5244238043576405,0.5016525563080991
f082d57b5484b77a5302c44e,0.5361472573374781,0.555268190117878,0.5410645206143532
8ca3aaf26caeec938763c673,0.4819817298741008,0.5086120931728644,0.5317930011853171
a77153ca814085385331b26a,0.5713951787699164,0.6356335719812134,0.6099151909646706
59c1b14d5921701f81d1b681,0.5688336485710744,0.6093656289641767,0.5771466670407782
76fa1bb5da72ebe9f05eae48,0.5403438336801101,0.440777082864765,0.391887821237464
96607ebdc18ca332069cbcbb,0.5471960112571677,0.4716183590751119,0.4494986621990885
414d0905dfea7ee733e1d6ab,0.5486683114321116,0.5410222169816721,0.5450411220513246
f225c0ecea07d45c9d8f209a,0.4886566659022624,0.4329697294517009,0.4411953552562099
e92798171583531904510562,0.5390956480559776,0.594604423508174,0.5729544458061507
4b6060b506ef39a12c30baca,0.5085778317470607,0.5364226574246096,0.534768573814597
56b862f8a027a2263a1d4e92,0.4377370407479571,0.4495023183475959,0.5103325860399359
e06f266dde46cc0cfc81636d,0.4907547876388247,0.4137981081712035,0.396975321994071
3887edd5b0c3d195329d679c,0.4948453200466816,0.5859026775348544,0.6218838239464559
ed2399686aa10a43745fe115,0.4939831172005258,0.4960090608847709,0.5146884464601085
1317bfd86225d7b1f9ca31c9,0.5324815365480667,0.494593301153902,0.4331392587718111
f665d81034ffe54a443936da,0.5618469879874827,0.6088987514521947,0.5951861769505726
103da4acc8da536a3246ee62,0.4822158557553612,0.605544733207835,0.624649430453762
cfaf9d301e08f5907ad8106c,0.4977255481476307,0.5469125610336748,0.5614339460642824
764d11878f8d34aff92302fd,0.4490982854415198,0.3957715761940744,0.4210106295849271
4af12b891967bb11f785de4f,0.5236772253698447,0.5772712890845815,0.5609809109730512
368390bbd90d8a34a240b8b3,0.4149330835822681,0.345959390884488,0.3902563231399631
9467d28de99fb425db36e796,0.5758358991535774,0.5830497652322594,0.521918774120945
d0d8b1dd483e93f1688d8fa9,0.5263316710570893,0.5056231854896855,0.5019361748688295
65f4a8a69fb5982f4aae8020,0.5065364237410552,0.5507115772390322,0.5218153490524156
c5ddb6f6d0fbbb65c6ffe2eb,0.552300881279808,0.6069226870998714,0.5768520051249331
0ad96d204c8aa0448f64472e,0.5409514744265254,0.5158465261310223,0.4888147578654588
0b54d220954f11c25f704804,0.4646609681851201,0.5529957644449224,0.5981031648902685
626f082ee1c9e3566c2bac59,0.5286198322219698,0.5638182307519682,0.5675165159204659
a737cbafa04dd81778a14d33,0.6324866596649985,0.5728816892151466,0.4891629030590052
b6d8c7cbe4bdb593c1f2ace6,0.5481208260886266,0.4691384343923953,0.434891955744017
254c77de4dc30d3a1153c6be,0.5024088794813191,0.521800548853522,0.5305598430935629
03024231e3bae5ce8ce821f4,0.5354669332823947,0.6230171830771286,0.6182462720760673
f33f9127ec3b710bd5bb48c0,0.4865004205441331,0.4999840589924058,0.5354466011624575
c146a0a6c1749458b2908ad5,0.4676243047790233,0.4642097906073825,0.5064683420606381
20c70b3e9e2547f16c3358d9,0.4535832145656158,0.4188900451407615,0.484005912646186
75ac803ec8960c05b3bfacf2,0.5065390495488258,0.4928101031595791,0.5113448804863131
6a50b141763c41127000e8bc,0.4747001180668252,0.4733330393236221,0.4918044057999206
177f84c7535b530d27bb61fb,0.5483456533043138,0.4863031705132722,0.445268616395417
56eeaeebb5fe9593e577f991,0.5271741727875098,0.6074846509468991,0.6077170978177538
85876957a5ee95e9716e2a04,0.552401112378786,0.4918057570430337,0.4640165711050107
e9403aa614110a0cc55d4cd8,0.5020254750854831,0.5370371995313562,0.5633634542365875
2942a821841b354d676b3940,0.4939149787165486,0.4836167594289872,0.4731853570725386
1472062c382fc28fa058da0c,0.4827515281681194,0.5381006085448122,0.5655251246358255
d26511de069c002abcfd112d,0.5356683852683234,0.502799845334952,0.4485101313314891
fb85d894c5560d0b3655d809,0.4793418815038589,0.4276640531286473,0.4660892175733944
4a14674de7d90521701920a8,0.481491692892172,0.5964168911687842,0.6024231912882088
2444d2bc8f74826051806d0b,0.5718769191517384,0.5395678384204509,0.472563027812389
765105695a866d044c770e53,0.4910317472909584,0.5938313071103909,0.6138906191249889
53357d34ff27f95f8e5f5ec0,0.5509526464250225,0.5744989524393512,0.5689666428177124
70835ad5032b8230b4e73d7f,0.5110620613113712,0.592172732998013,0.6246276076719148
480bb47e6485415adb14d0c1,0.4832868056347866,0.5049870533186165,0.5581827710691609
e558ac737a4c066b0a78d0d5,0.5319404096249898,0.443148638879372,0.4149123402275592
632df0e0f4c9ca14cfce4fde,0.528217502720471,0.5164497824809607,0.525655537914157
ea06e69ffa43d0e3dde952a9,0.5146135118881157,0.5035363539878382,0.495106058177911
7e02e02ebc4d76424133bb86,0.4622843783951654,0.5214124858923572,0.5532638271365257
338041f50a2cc121bdb714db,0.4998800290463233,0.5307239968845305,0.507534484399555
0bcf5c26014436646c282a83,0.4798403383473324,0.4934736129862578,0.4984588442720684
fde772febb1f4b92ca33395c,0.4761505073468438,0.482688539174334,0.4929088589258015
a757bffaec1642b2214d3f60,0.5487453994289604,0.5761908255241592,0.5731043318828608
74cb06c59069cfa12da965c8,0.5460072742746385,0.6344922007344047,0.6136591985367845
f46d8d79d6fd053abac27abe,0.5082303453495156,0.5328398950117348,0.5622168571120104
69da18681194c0a10e3e8d88,0.4484346573451411,0.4546960648732927,0.510358591509774
e3adacf4ebf3042ab8b3c421,0.5330731094213694,0.5988499777686405,0.6028135335025037
5da1b3e923375e8bf4a0a19a,0.539675973453349,0.554228296180521,0.5511626552170452
f2bd1f5196fa4016fd9b9378,0.5298810933928008,0.5780262364430993,0.5303527615186441
3d57b4e16c6f0b6767885e60,0.514146924399751,0.584609897416041,0.5961194754190947
07aba616f3ee3ba23f1bbc5b,0.4921259865653086,0.4683261568092077,0.4988869997564938
2730e55795a82914a8fd6598,0.4993844331348207,0.5414950401581733,0.5547758749705317
2f6d8c69ef2a8295f0dd7edc,0.4670812969163612,0.4115921761730844,0.4487578310339183
6280ef456fb607fce60875c3,0.5198208032195001,0.3962635263529787,0.3945141934643449
7eab36b7d49280fa0ef2f02d,0.4717312132653193,0.5230491789818138,0.5589555291395945
90249c14e96ba1dbfb91639f,0.5742476000868473,0.5006032769402895,0.4785910297546619
b470b7ffe37d955440d6fd54,0.4786204179000717,0.3903471342783586,0.3822911821108157
2d2c89a2c7cf1dd167d233c5,0.4950985936289515,0.5038022614834085,0.4833733003536335
9f4e6b666c5cbda03557a002,0.538723953699197,0.4727861648520029,0.4060416135122187
d80e9ac2b3f6752ae884b1b5,0.5135680131493349,0.5834931210846963,0.6160526536372154
a88eabf846c54708806a76fd,0.4652896188733758,0.4139559740247563,0.4453801500243076
cccd56ccb5fbd3b5c071c0b3,0.4945255025873444,0.5147493248567826,0.5156135538138571
4a15c8a7ab7232b3c57c6301,0.4896965076073778,0.5858409183215941,0.6177329972457533
7c9c5e0f0d5f875464567726,0.5330541721883815,0.4736713223069365,0.4495036855796717
b33524c77a28af537fa3597d,0.4742895190998203,0.4173104518868444,0.4563776307043464
3632c4184dd01d2d8c02b3e0,0.5407033140389359,0.4771228674696549,0.4559415245827075
c8cdaec755ee009495b55522,0.5779493073373327,0.584622996143342,0.5171226782272316
a5b4504437d2abd8df6c438b,0.430888896756296,0.4484414034724651,0.4740432227027343
8640f9b34af5c97dd2e81459,0.4747750592971662,0.3965711165082622,0.3817935975042647
c4aa6fc5b5104d4e73926af8,0.5358297161576963,0.4974785210385011,0.5061285486294773
4daf0607cb50a947c4a559a5,0.5417812100113321,0.4535654018790221,0.4091612142604164
61ac57e77965920cdc7274d8,0.5472478323347932,0.469431565246487,0.4100113403581572
b966fa5309cae5454d5f084e,0.462929794182531,0.3541722101493693,0.4109686822575788
85d7224a930b7a1f1b8b4e89,0.5112477779677671,0.5811578273047857,0.5846875671507187
30b6189ace86ff818b7fee9b,0.5520723650231588,0.4642145856586624,0.4391504076755986
48ab756ecc681582bb1ae38d,0.510636478794468,0.6407516452311227,0.6246107074929637
bb489d0cbe1e57ce01df1576,0.4430320444449611,0.5173102481510683,0.5978623033102668
9180035dd27513e547cfcd9a,0.4643004049861335,0.5610867369552526,0.6081385875479437
37f70450de92145efb059e27,0.5196483371533692,0.5886158283324683,0.6239644658040517
1a4c0bc604093229661f499c,0.4986693331154181,0.5571112501223717,0.5805968918644528
fbb8e2c0854b02f28bfd5c09,0.5239885305524761,0.5735163712878049,0.5855205713524692
7b5eed94ee965d559c5c101f,0.5730731281356393,0.4610852772085365,0.4303850444262319
2aed37e7f437e35be4e85dfd,0.5750560542413555,0.5887487244542571,0.5576049362588634
43cb10b5f9f76712651f9dcf,0.5257552701360779,0.5461915936061564,0.5423687226047514
aab50a4b95a2813c5c75aff4,0.5761324477456979,0.6386921307808435,0.6003118454436949
37ba101c6dfabf91aa267639,0.5311944439075321,0.5779745944013235,0.5948475981369945
af98c13e291b6f8a026999c0,0.5025046082351925,0.6032573623863681,0.6094661265183914
60d3434ecdabe15b7e698ed3,0.5144911458044598,0.4086975934525607,0.4057970432286472
b6f5ffde359be98203a67887,0.4680309970413381,0.4309775592075942,0.4335533330212907
fd0e2b3a59897d64b9e1c121,0.4987962472157779,0.5520300486660239,0.5807677317494323
5c157edc2c2285cf1973a284,0.5165588707746557,0.5786526667474329,0.5857198123037192
b067f4f160cc734fd6938845,0.5268699855509297,0.480517708282743,0.4811899108681252
97845f27624cdcc611a87e52,0.5366317608788916,0.5066067160138338,0.4562923348091171
d2d168e52f6f9ea87256e072,0.5151409568579165,0.4670773536335307,0.425852029052317
d54ea4e38fda61cf800855ca,0.4479671727813848,0.3630486182490143,0.4153615339488399
632c58a87856ac0a79ce9533,0.5228451980158025,0.4495124972188072,0.4020017951215621
4059a279d25ebe7d006c54c3,0.5151729853375229,0.4346266763458413,0.4151492457840928
708d370cda424a1c73e53324,0.5244384685347038,0.5279514748037089,0.5529775357774606
ff269b2d53de4a90681c7e74,0.5244384685347038,0.511861320899303,0.541191039074078
687c51ce8d5b96cf0897dd65,0.5429679198395249,0.4612677087775714,0.4572841188996856
e57952de74ff44ddbba396cb,0.4961570489055724,0.4579290293627343,0.4503140170844156
1db8f066b03134cfb48ab78c,0.5147426024011743,0.5133792037982201,0.5011088766383685
471d20bc9b32fd945834f117,0.5108217184707978,0.4463174252836439,0.4106505467428777
a76cd96114771c7d281293c9,0.4378930891264023,0.354753288327056,0.3842119652287153
d27afe280713e1c38977f98d,0.4554182571433703,0.4284437691345001,0.4308934291373127
25a6cfe06f32885e4b8d8cb6,0.5433368929608711,0.5564520891155293,0.5165329264432654
1d9b14b294841edc0b830b19,0.550332013019829,0.4564879466021421,0.4254157036667377
c7c8aaa317b4a88a366c800a,0.4670573326086993,0.4027746092922462,0.4337819279771478
ce8c6025cb3ee6dcf0c052c3,0.4642699169114074,0.5280636279131214,0.5542066931217253
379ffa42f7b29e9e0011186f,0.4829972504053879,0.6074296448890822,0.6241571403940641
5a4efb71eb89a98a1509e9d6,0.4961739529039776,0.4175946255943215,0.4103157339011844
0173c9dc8bc30aa1c1735056,0.5651153984649737,0.5903492105235215,0.5446831683305209
cb5a1b87dca35a8585b87c47,0.6055669321643844,0.6441887120889503,0.5631809425769919
a10e2cbe56d2a3c3ac4fdbd5,0.5277445133931191,0.468905017059419,0.4232581205034175
193419e098672e28eb6399c7,0.4884695766735598,0.443210116525827,0.433566291379854
bea512f7b367946e58b85dc9,0.5076305417145432,0.4387962386884931,0.3997615948772401
bfd367f4e5520634b714ef3d,0.4701420688869128,0.3819286204579609,0.4089690078465413
0d0adea245d1240b8d490a40,0.4817948429258737,0.4695829934815386,0.5212009502848004
e613654d49c5dd1ec8e27469,0.4987434063394413,0.5171141727166455,0.5431195847613942
3c0695e1242c2af258802a56,0.5236336996940463,0.5243694482387139,0.5422704879516268
99a36a410b7212c68be31d18,0.5469961851736367,0.5756943514509288,0.5794540633592269
e2d0dd434f53387f5d7dd813,0.5049546504229739,0.4838736868042397,0.4629523753566429
fed47ba81dfe932cdd8ff0b2,0.5228104552661789,0.4661031420414953,0.4116429401596921
34c0c13e88d9fe651c2f9a81,0.4482590101251397,0.378924900885452,0.3884966684786837
e0154402dd58e8fa4a91d21f,0.5356182390828211,0.4926874983572953,0.454511893675955
c9710489db824a95f565d0ff,0.4778717201608403,0.5353601746889947,0.5806434631176541
dcb4d4fe94817f65fdfdf524,0.4125229008317889,0.3513680700267853,0.3890405887511004
e89eda9a13dda857edc6619e,0.4701266527735185,0.4417292748080205,0.441542476633155
1ff8451d27d12b86d76e1a35,0.5196091289221779,0.5720957207177082,0.5452320324249383
b22f332923b661de5a08933f,0.4988212928127323,0.4282832033359476,0.4331922629016621
859efe3aac6f640f20225abb,0.5309524779454675,0.5822696484538022,0.5734798486067242
d9a69cce39a7fc7d809661b7,0.4489265725798336,0.375357105136954,0.3809945511880148
48e2073806057ba87c402dd6,0.5747674475833066,0.4704565798377632,0.4286484818021677
ed5bf546646bfe1144648028,0.4676357530720022,0.4449986834499972,0.4547780649413695
255270537cc2dbd8242c99c1,0.569910249439126,0.4685393685714049,0.3883559398940513
8a39a8510ca9d28779532a43,0.500367708614103,0.561422638759926,0.5733457283370301
13423ff166baedc2ade17368,0.547747271929995,0.5057596106728552,0.4962139418942597
931a9a5d4686436e7e309355,0.4763874620246703,0.4942308779078732,0.5079390537460535
a992f6e3876bb89943f390de,0.5309649469655139,0.4170019805965455,0.4083078232727393
b9d404c43ff08b7b7f9aaf0e,0.5155589879720073,0.4947039877503528,0.4842833204809058
e32305d27e648d26b22a3c1d,0.500831465392863,0.4633020176290613,0.4542975020003957
b8876a4331252f0cd6b191e9,0.5025273641299111,0.4773005077958915,0.4606861382387306
fefa8bb6727b09dc0e108fb8,0.5308754888436582,0.515872639196831,0.4862649112003501
dc23bb8bdb646c368c01edd5,0.4806832077336934,0.4504628109816631,0.4816549304318441
d6683b21bdace10f0b19d822,0.5380304168859156,0.4330459134411911,0.4144288183640177
da3dffccf615f555319ca223,0.5169700363339244,0.4326816563386885,0.4119036184259069
513358625943fb5d72329a7b,0.5137219355246505,0.4493850866546128,0.4040675486293984
a476bea1950233edae6deef8,0.4876829571058139,0.4576920212779168,0.4445122248031026
f5d72edbb41137506dbc6248,0.5446529635712474,0.4783858960705824,0.4282980919225255
a52ad8ec99bf46d83c3860fc,0.4958222250243003,0.4304794170209959,0.4601976554492041
e063d7d6b510760370a3dac7,0.5768750820436505,0.6363077157170818,0.5876959667390379
305c94d3bd534f4fc8ef4550,0.5284925931091573,0.506917951077149,0.4672221013487376
ba99eb7bcfdffde63099ff8b,0.5350154391117109,0.4416658792919671,0.3828114675321821
69b3aaf57d5d48de605c14a9,0.4897468630275982,0.4279902391581277,0.4239003099651189
d4b7ad5218e4bafcb22b14c6,0.4471800107390338,0.3996203594620716,0.4257432852398785
815a7e4b9c2996bbfdf26c16,0.5311704603636449,0.4667556541220508,0.4191924073921425
d1324455435cccbe0f558801,0.5661120498820659,0.5495134983144625,0.4973172608137028
400dd8b571cb88c4f9dffbb9,0.4773049043248945,0.5168437104987312,0.525655537914157
91b83812fb846bd97d739286,0.5287749016124071,0.4433296620357088,0.4007215796329315
b42004ade98c95a68f7904fc,0.5710289026574846,0.5182136511749805,0.4683632986004864
6702462ab847489064a74822,0.5174705925912672,0.5650742635799756,0.5677409464125489
f344c5d6eca0b0d1058e96b9,0.5232616273745314,0.5555177884315406,0.5440056330455404
982d9768169ecb920a22b655,0.4940602264946875,0.4123557780773689,0.4028582346870477
c541c2bdcbd7ddce49579b61,0.4095996177012273,0.4641575244191533,0.50986444990641
115d9d8880c8a32c7c005d9b,0.5229289692276425,0.5855520868707222,0.6139857804248334
1a3a698f2420f20f1caa09cd,0.5267281997302724,0.615477596241482,0.588371802362843
86cf05f3da55694521c146da,0.5101531045109193,0.5363221589496924,0.5321050474088601
b5ca74dd8cbd2032cccf9805,0.5411430474461402,0.5762863496445182,0.5782220628248309
5a7e1f0d4475dc8ac98f64a4,0.5048954852547999,0.5932988825023687,0.601911398813692
f18c394d0f6323c50dbf5762,0.5041753058007344,0.5253189300599712,0.5079995064283063
f082e78e04b289a8052fea76,0.5529965361269444,0.4612934486455794,0.4176388687374551
0ce85bdc1619dad0fd55a0b3,0.5093911549493971,0.41366211070178,0.3849125767775217
93c3c07839c681f942af5b9b,0.4989793778474456,0.4327743593191795,0.4268391270729294
474c5d3524d0e843a7011ab7,0.5688306983053218,0.5173089750115772,0.4379205014729835
00157857d07125a17f26aa82,0.4457258657275763,0.4213271349788279,0.4808276709232347
59ca001a1dbc1a05b9c455c0,0.548805822996479,0.5907468906356395,0.565465013451266
39536544bc0391c164dd6417,0.5492515981723263,0.5371732819996019,0.5109219465561279
1adbd82044f93b28954e2873,0.4757927844952963,0.4516514170003613,0.4446456033194024
1bbae507864a23e7412cec9f,0.4463599442548011,0.3774086888828688,0.3871485695413951
ceae29998a56892fefc1e742,0.4903772787206363,0.3928853980972401,0.4037839509086998
d113ad7a344b2f7d3f91cac8,0.4918858216256237,0.5063277886781836,0.4826548213873389
26e5134c761d49013569d555,0.4787934991602783,0.3971376519429577,0.3923746639222135
95ace3df3b51f55f69cc57d8,0.5300652442644272,0.450811213004716,0.3882321041161763
094022c4a8c94e3cd4c74aa6,0.499010959907362,0.5068784163399468,0.5006889727340433
12432e43a815104d00db723c,0.4926714726270254,0.4253596458370821,0.4542497545765679
b5dabf5b7d73e43899adadc3,0.5186264990589291,0.4683441026094131,0.432074732002157
bbb0d27466912624b3dfed81,0.4933132237482545,0.4328010964903256,0.4207411414963278
a02ba4aeab507362b8e326ca,0.4355016838848422,0.3663749398837456,0.4000491668560959
8a779df0604ac5c240e99837,0.5644907988368421,0.6115560283652781,0.5594670717023161
faef910991ac458c8338acbc,0.5539446170633981,0.4834261036085034,0.4210981745044262
c308178a3c0e9f73c20ccd31,0.5085863566508791,0.5588513199674335,0.5954654852665716
1147b8596d6409046aaf5ee5,0.5514325487637814,0.5222287498060519,0.5074746983908588
319b907963e0cb42007339ec,0.5138673614776375,0.5331998771295394,0.5193172738004065
044571f6e3b570e7b358b957,0.5329192038572476,0.5394095692624388,0.5149120400300009
ab02be38fa20170c6e6ed56e,0.4953967155805405,0.5701617524418172,0.608200032654126
2b046f609b338e647568be8c,0.5491163756541037,0.4697787031955702,0.4141031744727982
154c82b50d9b72967ba31061,0.5742299204489612,0.4636299839949018,0.4049565845565483
eee8f79e21b757f4da8fa941,0.5117714501269459,0.5240593910372611,0.5361468294226528
feda449a5b119f800236de9c,0.5474329913280664,0.5566692355521177,0.5228783551615934
15daf62064bc9d7eb85fc832,0.4236630359384326,0.4323555842575015,0.511852865070002
14a1ec1622653a81db5a5b55,0.5110881185627362,0.5835092328866613,0.6088235105799056
013dc83e7f747c7390797581,0.5627715896700383,0.570659833405931,0.523001512135772
4611c853d922bfc1330bcc27,0.5557974557348512,0.5812912755112223,0.547014665196302
8f7e7a2de197ad78cfcf720a,0.5205312812890595,0.579774016950735,0.5788065285655833
ed1afb87486ec077a5559d2d,0.5362509235201044,0.5391743469404813,0.5562396001841876
dc3241660909dacfa529eea3,0.4517311924772371,0.3596905298521422,0.3842295841386965
02a3b78665be1c00bf9c6241,0.4572543293359131,0.4309010705725883,0.4509690993468786
4830f7f48450408be0dd4bfd,0.5395563534228908,0.4663094135282527,0.410397995524168
726bd2883da41590fab6522c,0.5150477614206599,0.5296664883321742,0.5011015153134928
f6165d1229866e75cf5abb09,0.5382460639600612,0.4307593066989683,0.4079185497111071
d0179b6492f94a1fc757e0a9,0.4446018990479802,0.4198633300547884,0.438119523354777
14919ac8601f4537f8e26da1,0.5717181995338124,0.4210384109332506,0.390526986921228
c854fab2f4c7ee8862823885,0.5596935443896603,0.448491916543993,0.385265702946162
f00b53ccc8f2ae6ced1aac33,0.4373604047676198,0.3914476866897098,0.4266161836659128
4aeb90ce19c7cf86af879f91,0.4718508535985997,0.4040602066260736,0.4092427135227742
ea079b657f5a2b39acda7918,0.4982750915459779,0.4902778906300202,0.5169712760095078
8b1230ef71131acd9f935d49,0.5221020053204758,0.4710456004782618,0.4271587122067402
00ad8df031d3fdfd93a0a473,0.4778597035278151,0.4243577706269212,0.4185615093020967
2ef426b402d38a73b121d738,0.5140208465177455,0.478171482862963,0.4498700947132376
d08c9f53c3dc07b18660ccd5,0.5175249367462975,0.5327131141158552,0.562608458156027
72f2d4194cfa8fa26a14d2d2,0.4464910392655473,0.3622902169643268,0.381736961289252
5e5f0ce44168019b6d322edf,0.5501466178515247,0.4362045051193097,0.3964369761108116
8b528b16aa22b113d18d86e5,0.4933881259396236,0.4373414688976852,0.4319051165543376
693061715059435ded752da1,0.5547691433157427,0.5318229617830348,0.4876453455356535
b5baa921fd2793c78b16f08a,0.5458301032089321,0.4991076085608388,0.4638418823673152
0d6afcf7fe87b0a37ffd9fc5,0.5110066881885377,0.60489674398777,0.6323262875039658
3b8ca24825ef955208fdbf4c,0.5474710310575486,0.653839014898796,0.6163828221787553
5dabf7c194dcc3d5969c8030,0.5162731875763955,0.5996816258742429,0.6106683986081347
02954d2bb219405447138325,0.460402034882571,0.4379521633304131,0.4751541429903894
e0ec0a0a4eca091dafa454a2,0.5042668179850207,0.5839343200336289,0.6164247469864361
be59dc093371fdf65eb809fb,0.5481724465279807,0.6405835302990915,0.6225772807359236
1c30ef3dbca6252ace196f30,0.5176579364156475,0.4834970969608764,0.4459720889284075
2ce31e47217a8c0cff92b8b2,0.4980351019174108,0.5592749907337491,0.5827303100505958
91f80c99adb6eb11635a74dd,0.4483066488889577,0.4684884453253383,0.4901748790610334
6399f78ba3bad2233d20fc98,0.518579292590782,0.503320414803776,0.4748447643848502
374d2b0621d9461ea0667fd9,0.496158563793873,0.5230381324248536,0.5301741449230393
8803ed46bf8b509be3e3d5aa,0.5254403161632666,0.5374875346676387,0.5456181124289031
957cf8b01bfebb1300044afb,0.5213194336878144,0.5321807858686859,0.5297718569091329
b6c84f4e19de543de692f6a5,0.5232094073604195,0.4990841357507589,0.4627030061694066
1e2c5b78a2318b1ee461fc08,0.4197615103395762,0.413848014398102,0.4485745506732307
da20cff5e7b96ec668af52ae,0.5333603675848482,0.5599942687136832,0.5737408198222125
464dbfbe0cc7f40353de1391,0.5478504109133678,0.6328449680033862,0.6273388418210258
2e8e7f1c2adf9c967a993ca8,0.4443726372163161,0.5178986317699408,0.5600266705019286
9aaa16a64b24d9042a03384e,0.5296960698454141,0.5457758057707279,0.5601978553915076
41944995a8e27b23a47abea1,0.489851443745738,0.483515807842675,0.4643611125070488
5e80b60676bdc61b75750958,0.5049918673972272,0.5685541324686549,0.5922392344052797
ed6215f401907682432c35ff,0.5170937966662777,0.5316795369086279,0.5359508184501431
e1a3844f789b3a9840a716fc,0.486419746522675,0.4916804903435979,0.4917007237495214
e156e22ffd7d905464c67960,0.4313376965683908,0.3548406646396996,0.38734649366522
6995d1be828ae13912d53383,0.4931172188895809,0.5752054132244356,0.6104442741446662
4b5f98c5ce0b9363176770b9,0.5057301885471713,0.488226678576192,0.4365738009629046
4e4a274953d8bf187aa6cea8,0.4508335572728053,0.4768367545652464,0.5188388977683807
5caeb9ae1dc0094d9d347510,0.5003087154455997,0.5555737070357494,0.5636648198872691
2237d90ac79f517b50fc0945,0.4943922182211007,0.5418163696347067,0.5795771208554272
0aa3adc41bc7ba4c3a0deb76,0.5237498556306076,0.6086523390298506,0.6276784722956001
9d03dd621532574697c01142,0.5452887668548643,0.6121049315622012,0.6209778344761379
510e2526e9fb1d1ba6ec67d8,0.492167271331853,0.52411361838796,0.5426806161976181
67aedda9937b371774cada21,0.5281206395917467,0.5469069132487692,0.546338584488417
9bb4523b8218400e3b90c828,0.5446993768908291,0.6166908416843986,0.6072347920015594
0e5b982540d6568efc3738c8,0.4947433057611926,0.5161973402562624,0.5294079745779885
f9820c3b8f2cb2257df009c1,0.5440957539938315,0.6356949014347838,0.6043964110930808
2108ceb62dd79c3768910fa5,0.5624062033125916,0.5844968194252893,0.5454184772565811
4ec72fea216a3b24da5d6356,0.5210112301349599,0.5135814891189967,0.5423297520120814
82fcfa4b2968290ce69971c1,0.4998031499530947,0.4731721560328314,0.4440227332962022
3d426f2f381213e2b2cb7da6,0.4523175441097355,0.3660392873992465,0.386772409908496
4a3e96408169e05104b2aed8,0.5157664045969271,0.4710926905204408,0.4443261713660228
07af4d113ea8f1814f330dd4,0.4824351228105351,0.5190405753355523,0.5633755718428767
d68c5b17c2b4f2eb3fd75081,0.4734698686089078,0.4323061026717995,0.4641453204371357
7b97a25c2461647288bb3c3e,0.5337964072542795,0.4832328093258766,0.426161334535645
1e8a266c0037a2980e80ac5b,0.4352669779239755,0.4639435850302549,0.4976672185937011
bd0425c3e95bfc6f88e0b506,0.5136855760641693,0.5079078443332324,0.5480928631283577
7f64bc07040df16cbe2acd6d,0.5210043029322594,0.5073574746614719,0.5115617192983357
2b95928f727a155491c2224a,0.5048971431601192,0.5884673350538991,0.6025433065581525
21ff1e8f1db7d6c54149af9f,0.5336021671969413,0.5520805813365769,0.5728523095093744
2c7cd6a749759f162768a92a,0.5090486715989854,0.5127284490810367,0.5503418414356054
4715d7b429f48d2ccbf9a178,0.4843789719846829,0.5194720157701882,0.5002878430601524
8dc5d440ff482cba57281bb1,0.5242345871635385,0.5760902847477141,0.598091016195647
6a1e145b26d12ec1b3105ec3,0.556454611626311,0.542170242677401,0.5083802082655958
1992b763fb2a542e54dc043d,0.5040230823513822,0.5012345482544626,0.4848700997868865
7c5b4468d677395c5ba78253,0.5617377661606086,0.5277220067503748,0.4765841681761903
48cbe69c4803a90c4da6eded,0.5173643958629983,0.5502502924770861,0.5791276473766072
a922b8423e8e7eaa1486d30f,0.523371209884188,0.478738496386571,0.4313506236300496
9b87b646f9e935ef797d5a76,0.5336692140597261,0.5610178422380713,0.5845623997511474
1bb2648fc1916e13a54f3c29,0.4535871920552158,0.4440853841489409,0.4568411742330363
ee9f6556bac7b055d07ded7a,0.4686683687340212,0.4626624758457662,0.4965714553422992
085f445cac165d5f4216d2a1,0.5871159581402193,0.5584513548877181,0.5263879964354051
47b9514a4b8605355179fb78,0.4568103159952272,0.4512147822651444,0.4947361569913405
d6e9baccf390984b7bb29e71,0.527084917145722,0.5860659119990814,0.6007083553563561
fecb305e34b71c3242323334,0.4992497269033648,0.4978587357875175,0.5138654877082067
a106c5c881cf4d16bd35c3b5,0.5138706008480406,0.4880714981573047,0.5141743393256639
7789f9090cbdb5a687340c18,0.485188615711329,0.554053525793471,0.5794646808478482
0015f80983f505056c8a1180,0.5331559310492,0.4588942920462308,0.394935351890716
8d42e2735f2e845e54a951d6,0.5022415309570218,0.445661787324886,0.4115801443238169
9a7071a882c39ca16f10b9bc,0.4862164253175369,0.5201406516075574,0.5434182709281906
ff72e3892be69f3c0bc1782a,0.383167813816973,0.2945852002847501,0.38908535412742
b70f3eba7e502d40780ddf25,0.5456820164907539,0.6342957660362254,0.6118554288862478
d87c24bd9488ededdf0bd85c,0.486370595709697,0.4835784021925102,0.5218952543548291
ec0a2ea874f01b82aec95a48,0.4905161961073568,0.5070373972716282,0.537272005455292
e0ac02276d1ddc9d1c863bf6,0.4761459932953362,0.5197804560845857,0.564446949338558
9add4d35f441239d73aeb0f8,0.4913872828989785,0.5635426241798911,0.5899642322260088
8b0040b867e5e3e9ccaa61b6,0.5662913017346045,0.658282481943636,0.5951941746831984
43525b5cdf5d72cf8bb09442,0.5323195127863074,0.5827749683889153,0.5935536960446332
d2c88a4b7cad4eda314839f7,0.5492523766047923,0.586492043490052,0.5790631354418818
139f30a4ebf637de6fd29854,0.5345934080544382,0.5690065088832813,0.5902739558173774
fd25d5920951f8047b51d495,0.4927791843480503,0.5450672338954093,0.5873526136297202
6265ffe19c9f28c7b822f8dd,0.5274328387402527,0.5191407099240671,0.5411479732237539
7a59dcaf310cc21b1b9c558d,0.5198556671651327,0.6396412156043136,0.6377994691641238
e1c1c142d193df7a99fe88f8,0.5183489627342095,0.5427200588091208,0.5714447144688091
5569e17005ac7e8dfbdc7567,0.5167071373657427,0.6267412717587802,0.6272951067087659
a1ea6470e804a06ec55b9b5b,0.5291975662033299,0.5695942105241942,0.588160786727708
d58cef6435af01aab1989915,0.4980101053028885,0.5079608021551696,0.5494099684381674
0034691d2e0119334277938d,0.508747526640432,0.5406841003634568,0.5472547433145365
eefc4ddc2a14e228d39e42fc,0.5052331111072914,0.5638134183569576,0.5787959250734203
9bd9e2ddd2f69e546825bbcd,0.482054298735497,0.5290850628417899,0.5677196518179699
b5cb9a968732710238b56a37,0.4976440620735971,0.4372019020173012,0.4643244356821799
0185593e80dba63b063cc8a8,0.4581477761131604,0.5542595798580304,0.6103850335494362
aae83fd03c270bf1385202a5,0.5170694187600908,0.6194079264176925,0.6311878382798812
2afa8e7d45d0844901a41a5f,0.5352456128794626,0.5570757358186917,0.5306880223136057
f4e1f0b8857f971d03636112,0.5074726466553787,0.4979566528914348,0.5165398420089894
14ffb7909a7f4c70bb90a69a,0.5292127309399328,0.5392137755273136,0.5189721001310762
202ee7ac69163f8346c5b481,0.5342040153014923,0.5382847630850882,0.5424165170646967
8e5209a5cc68b71cc158ba65,0.5372490062336273,0.5240201016329419,0.5334880531863445
a48c0916bf1e1a226738c031,0.4975545604946098,0.595271009418262,0.6309554328175648
fca09eca06b5ceb45eb1afeb,0.5217047705193073,0.5669350998736123,0.5953163430583571
fdd27d3995f68b3be1c77dae,0.5260132082598962,0.6254777009085611,0.5912573082197068
6b842594ff21719fc545dfca,0.4938732430823468,0.4416474639016555,0.4463970522757531
1fc06fa8e85f914b437e51fe,0.4565646712876745,0.372785558829522,0.4002703860982082
f7e491499d00683f78e6e490,0.4779154779765264,0.4646148771873047,0.4643064095371007
713599e2dffa947273ee2529,0.5240954828167824,0.5950521957097629,0.6096438248836437
d867d0cf253eafd859e93ffc,0.5092120835309148,0.5976600658384675,0.6168370125595359
6e5e963ec2baa45a825b4030,0.5025831353992428,0.5373884654888804,0.5529695977189721
c3b12f45d9e9627539ddf39d,0.4812733428707455,0.5159026573347774,0.5248361446927433
9718a166cd08691dd9e10bb6,0.4646492778411727,0.485035710625072,0.4865784136418325
2a270415cca85f39b7c2504e,0.5335371315158894,0.4625220810369813,0.4279286272235651
758ac2f4fbad6d2cab71ce2f,0.5086722797940301,0.6122819610911703,0.6172994765624005
95345d891c24f37900c72892,0.549138943104531,0.4828850875309541,0.463542928150699
e26cad04773103a4124c3b4a,0.5371353349730681,0.5106423516319318,0.5090104739958702
b9354ea6cd9c8e0c55edd91d,0.5548772178811835,0.5616564423456463,0.5125329636458018
8b539e1f32f2026adc07f8d0,0.4959349469183707,0.495243147814589,0.5205580984646216
6471fdfb9c1a841d4014e516,0.5489235590315737,0.5621032384538924,0.541750632804294
295de0b8892f17bc15ab0932,0.5236547133983052,0.4803762494132415,0.4917703963446001
daf201abf86b327ba59a4cd9,0.5404822396886424,0.6169381010052242,0.6181034155827282
518907bc726ebfb72c6862f3,0.5317520393153399,0.5644328340081533,0.5643883089733988
8afb1e53ac203fc442b66539,0.5143582568530958,0.5694097889394236,0.6004352014278465
68e6020be55de41c060968c2,0.5461128477469178,0.5948810256369336,0.5911306536585496
d949770f394ff9a6db3878e8,0.5048908013248379,0.4910699582805908,0.4991233863518516
f9c2176418e42acb3e5ef6a1,0.4859884480682765,0.4091369679739223,0.3911532420528381
1e7d51fc291cc8c3fddbd3ed,0.5316754333184288,0.5409376673194877,0.5331951129046513
921e5db4adee55b971066370,0.506313998697207,0.4798403472131997,0.5096484220363189
2fdaaae03eaade66941c9285,0.4527288466822984,0.4134145602871169,0.4222103215325385
f3cfab05a908ace8871c9e64,0.5512919436159747,0.4393533741814416,0.4088344233925758
3c3eeeeaa1f3424f5c3b2fae,0.5195492057958209,0.5505102348787013,0.5327520552738876
b42ed4d2dd63bfdf89eefb52,0.5117254072679697,0.5508712797817843,0.5277671577172824
84a06cc629d6990d63563dd5,0.4570609361103269,0.4663210985560964,0.4708650124456811
60e66cfe9b052d4682baaf00,0.541661294189902,0.531802205771845,0.517910996989271
345ce5cb78fa12f3358a1c70,0.5414898104258662,0.5899211744267456,0.6023393315347307
d52be5cf0269c08eeb52def0,0.5308411281834435,0.5418771647381913,0.5495051840829469
0251622d428a1122587385a5,0.5923200053379399,0.536504297023148,0.4959680910051878
52a56697faf309e82ea67212,0.4837989878552752,0.5140762344648433,0.5600596295053117
dbb4842867df610f5b363ebf,0.5393281721256202,0.5418837052342332,0.5438377379995329
f280fac91c041078ffa8ac58,0.514374628938715,0.5356355959355874,0.5362585204069208
eb9b724ae1df79d09019917a,0.4756941970549068,0.425638309497342,0.4280035690592858
91df0c6a0fcd18347596106c,0.5137714947530195,0.5153791644976814,0.4923760466328495
1892a051a34ed2a97301f43e,0.5387422367158888,0.5380061917911038,0.5438034457670637
d5a21729fbfd0688dee467d2,0.5065605776846054,0.5404555545604429,0.5316652990202111
c184f7724010ff4f8175e17e,0.5410111871755066,0.4401138899985301,0.409776825494845
297099fc63330a678dc774b7,0.5529741509364774,0.4875024173121346,0.4858322548596878
d400a9b051510447b2c34528,0.516215029733772,0.5830306258237252,0.6000740734679371
e28b9a1006572793dd6782da,0.6022787926045892,0.6460729274097722,0.5965224769930274
eb67dc691e5b96c4554d0b1c,0.5129973137627544,0.4655731572988653,0.4285113021574057
e9b43237a45a1c2381ead02b,0.5261944982417983,0.5248256539866323,0.5384905917190584
7e6d1e9c6641966aca2e410b,0.5173829140291252,0.4823130099059203,0.4977870711156253
fea5f8e1ef35344726032a9b,0.4964532394926499,0.5254013029161517,0.5502837882575818
d388191ef8a8885b30291786,0.4525794441797635,0.4306083118161768,0.4835849791765714
566706641148b7d1b85b2409,0.5443551255249591,0.5467599485975982,0.524896518389013
7cd798fe5aebb657050a57b5,0.4862043912629817,0.5441960115479919,0.574541755387548
7278117e58d4db3106302787,0.5494918150170474,0.5937674195809282,0.5439611660165802
93eec20159f09fefcce1c3eb,0.5323675310664936,0.6082700943236392,0.5648923816974769
e6fefbe9f150fbe67b542a4f,0.4760784110823206,0.5479971114956235,0.5635144126087119
0b268f4765e8fa3143ca2d62,0.4882793620550332,0.3953648016746914,0.3986629406679763
cd83191f4bdda81b7cf28bc5,0.53582026288491,0.4562436371411033,0.4250064742423538
756b73f8c07a018703b2a883,0.5052125333062879,0.5585023197283545,0.5565538932706013
cf0b13de3adee1d335fd25a2,0.5110482317018401,0.557294015831648,0.5735128196763114
c59e66d8c0169bab8dc24adb,0.453483765370641,0.445213172159524,0.4611721824870851
7b498358d265b64c83e23275,0.4874512999279699,0.4322966546137758,0.4679488458009737
ed8844051b03e84ee708f943,0.5216242742422058,0.4425972061507297,0.396186393806361
febb0b672943c032a8cd4c17,0.5549790192974386,0.684525339153216,0.6313007596214777
9e57e163035bb90fab5e873f,0.5262868003614537,0.6573923089758028,0.6280138792207144
2f24303884e54c1b614f4ccd,0.4746990951641942,0.4385516038386599,0.4400573777323294
db048bf1a1c435dd61decd28,0.4990150674362731,0.4913688111802584,0.4957723929698238
8f551f58d6d28906db0ef1f1,0.4927638908825897,0.4194286296788101,0.3859764018897575
2504311eadbc3ac1944e6e64,0.508907329619107,0.4261368786365961,0.4350614714924883
fa415c1c23e693d062a2b159,0.5114832549027443,0.4984677369491567,0.4781532465542852
38537820cf9d9eca5813cd53,0.474634651565661,0.4207257413967253,0.4278111643544358
c0ba4e5317327340bb08abc9,0.5327857495491082,0.4978681362899428,0.4391653670927213
0e4cb64ca5e5bd1f2c3cfdb0,0.5246997348141471,0.5292552117302507,0.4985938299500306
1363a915d1c09b6e36c5730c,0.5186509943443466,0.6167627392122946,0.6092489016275497
a569ba6d7b6050a4055965da,0.5368360335602618,0.6111832585258703,0.6216989680014491
6dc0544de002046a0c907424,0.442378867626463,0.3755138038758151,0.4324646102552601
18940c6df791e1c5000a5bb1,0.5275346146493585,0.4970396671695956,0.4467474642883191
a19b9c60b96b5566e9a69d27,0.5099873363963152,0.5344572140403812,0.5712064547233038
cfdcc9f209bfb8c646c638b0,0.5009154687266213,0.5664163923009792,0.5968614118890774
5c0bee95283ee5d3b0e88189,0.420122380084609,0.4586569687047896,0.5034996022966003
be22261321a33867bf36143e,0.5202271512235725,0.5726670746173577,0.5792850346128791
63c5a973785a0bc7dba08453,0.5018309436520212,0.4803555268105903,0.4414139638881983
db59c310117829f5d9491c9d,0.5189923004847719,0.4956980308188563,0.4897507888528736
2e6734202cbda558d39c36a3,0.5108392876562484,0.5604393241340195,0.5868883301867611
f496bd1925dbcf77930157b4,0.5118444622455242,0.4651514098023953,0.419983911059513
5fb24cfd9a466c148e488d4d,0.5012907744699884,0.4411985886477669,0.4397023403325393
cf6db76f3471c640a05a8875,0.4759191675483319,0.4606123794283921,0.4671962085731085
2bdd074aaf4e5fc8df2f867c,0.534337472241893,0.5381892262863976,0.5177239224875286
4f0acc4379609cef0010f17f,0.4704645750690774,0.5591261404168646,0.5749654861749164
d877ed0a44171013719bb47d,0.4519922340374471,0.4908024707601677,0.5217478073932493
47805d9105b8b5e4550edf96,0.4586723812509751,0.4863315749946518,0.5018889085499468
7badf10bb1a7b59df06bdf50,0.5098192220282152,0.6087716059865103,0.6231394709491851
287ff0f19242d007f8f84ba2,0.5088957972269333,0.468772585976895,0.4410934153552003
ee7d419f0f6f00431ea3debf,0.4824848432551167,0.4831266987611975,0.4910361979927401
6c22915b9ce426346e737181,0.4916920169592305,0.4800910524465387,0.4703536333311173
aee4f2bafa063b5de95b6fa2,0.5108227574158022,0.4531384705950108,0.4105668176595516
81beb7da9f6d1150f60460c6,0.5062695298639293,0.4888758371708229,0.4779063586218169
039de1dd3e32fee9a83d1736,0.4380476901223176,0.4235870469986568,0.4449397279185396
2c8ed83eda6285915ea1e00f,0.5389538714332998,0.453435107842683,0.4339849301633167
44eb38cf29f998c1f038a7e1,0.504594352428446,0.4215139015507263,0.4074887554576023
b5fc127fa8171955aab41e05,0.5451421196903873,0.4998571161572829,0.45409651084421
4593b7acbf1b1702f1b28a5e,0.4752183933179728,0.3988258710052221,0.4190353235258745
521f3150cfea19d05793759b,0.4581872292387566,0.3863154205897258,0.3871624658092586
05b7821bb37e26569c1ec23b,0.452065323952603,0.3848361899535945,0.3962980269251402
5b11240884ef5d6bbcee973a,0.5203494904467825,0.497288833024579,0.4915543315889501
23b7726b313c158fe52a2dd2,0.4745926976365775,0.497747445991751,0.5048588183960029
a61e69dec3e811f093f1b0cf,0.5197254336536049,0.4465290433896318,0.4017127888277499
a484eef1d44e88dcd28f18c5,0.5470126083415383,0.3717152433945124,0.3888594193226935
87fec48b4c162e9f16534221,0.4669219709697904,0.4546649366807433,0.44425248334374
e9d656f9604bad3393fee6cf,0.4568500155604911,0.3885599216022772,0.3929183278421198
35e6e02e86f3ce0f977a183b,0.5367983123186183,0.4527770244391576,0.3977454510720205
0cfcabd837c2968e9683bf98,0.5222295842998684,0.44850099224966,0.4372329140210217
d7ed5ae15f944117a333e5b2,0.5617800723295328,0.4901915429924372,0.4455916334805003
23fb686a062ca07829ea40bc,0.530074075203122,0.5321512482519842,0.5117670612976442
802c31e3cebb3903c411f166,0.5378425123246223,0.5219547239844575,0.4794882372219473
7f7c9c6440c19ccb61e76b47,0.5142338675336262,0.4238353876451251,0.3802867258729049
4f862ee82c0fb97c214e2987,0.4655913523480465,0.4033105946687575,0.4031185319442681
83ab3f5bb06738239c6e52c9,0.5325979194100441,0.4780469588990652,0.4621872785390346
9e6a0dfb578db372e0955838,0.5229558850401297,0.504014732724605,0.4693056665522089
fc589d3731c5826dda6327bd,0.5365738663259848,0.4357411625368397,0.4202423945392959
7dcd56bc94bc72e80fe8fe15,0.5524989782079804,0.5565262484719788,0.4911124748417964
16932acb635655ad808e2e7d,0.5502675629602702,0.5065956296308456,0.4610616973324599
b4ac41f23070fa62a20b3d45,0.5448606431517957,0.4872351942844728,0.4303260927529346
65064a9ac98e0987ab12324b,0.4815059469736638,0.4387011354062848,0.4671805244063411
3f863756da167c431c8cf4dd,0.5527604999081746,0.5598852098248579,0.5029045444310247
2577b4e9d694f9e60242a727,0.4656206060940359,0.5490472952858458,0.574445411518412
993163b70abdc35a2c6f3e9f,0.4912313836134444,0.4804991161674867,0.4811014631514682
49f6d64e19add2511cf30c5b,0.5598523590891388,0.536598938837993,0.4831977028948114
5e3f738ae8afe9b8cb3f5857,0.5225241601271725,0.4831800106955699,0.4366451409741553
741814eac8c446f58e083942,0.5096662716669614,0.4590281652530323,0.4184381934993955
c4e979acd12aef6589b6f70e,0.4111636382316859,0.3504959850464437,0.3834408910468455
8ce51bf9aa020ca4846effbd,0.4868913472341885,0.5309662682961966,0.581544743502202
649a47f918f36c656f1e0389,0.5116052366168728,0.552210465406223,0.5709067271161039
e5f9b04b419126bdb489c57c,0.5149717755518937,0.3556209226123712,0.3939760773416124
08fae84dfb24604ac860e32b,0.5170212200511912,0.5330851125398526,0.5605079476857338
2aadbd5a152e87eba92755bc,0.5024232423547136,0.4499227961954038,0.5015551577030246
67ad5eb2e8d9f36da9ee714c,0.4698850743418218,0.3923084252637833,0.4090663608463658
72a4c42450423581e92bc9cc,0.5382701801878677,0.5871111037759628,0.5593364425693312
897f16c2a92739201d6c7b03,0.528345172399731,0.5382589270507228,0.5368638730604626
06f21e28a755477ca7031327,0.5174284871371714,0.6068086974057078,0.6306237291581794
320ddf8c6e282f2bb60f4b31,0.5510301812459277,0.6150803892474275,0.599995963496381
5161083ff8d831c94897fa65,0.531163908528915,0.4575422137798087,0.3957671810421484
b0e27e28f347248a5d7f9d43,0.5142320358198131,0.4930824440375947,0.5182611965449453
0fb466e496d94327253d40e7,0.4832027146539417,0.5760003358516955,0.6297552363286054
aa5bf3d110021a7dff37a9df,0.4924451259345725,0.556057013512304,0.595868054037727
c500ac4a139d2c50120d5ee4,0.5027552063886462,0.4971204240030977,0.5134194102657464
f149e765b1825ea76b35f921,0.4790935709832475,0.4295083124346414,0.4265083768934752
54cb4e41244151457a1f65ae,0.4795056468089133,0.4889007583381997,0.4998761685176188
73a45c3c71bfe8635a39f65b,0.4899366245145908,0.4307595115014862,0.4741210546162506
8aa75a19e07ff3b4f4e09861,0.460261897354094,0.4341446194530099,0.433603690763903
7fa750ea47f36c2871243a69,0.543054690889338,0.5175603292840429,0.4917051312034144
3e5805ea435269ef26c6a7d6,0.4903976350376279,0.524524474737514,0.541118837976184
ad9b9b44e5b94353ab595ee2,0.4934405910057566,0.4275458135379738,0.4156197698905878
814c85530a92625089c2da9a,0.5128033892141239,0.5618591499079889,0.5325466935079683
dfdc1290f8bba8e3b7439e24,0.5727926415365843,0.5838534802945771,0.5782873596775109
2698fa77dd5dfa05bd3b2d76,0.4933024178818434,0.4693108063342136,0.4546580283645322
98e195f809158bbf770b30c7,0.5200475046218446,0.5740379924468494,0.5847777180066726
180f7226652195585b3ebc1a,0.4946143488199871,0.4700733349001384,0.4648271990750305
