Mean data for USA  Province= 17: Kansas,  from 1982 to 2025, weekly; version='GC_current'<br>for   area with 'WHEA' <br>
year,week, SMN,SMT,VCI,TCI, VHI<br>
<tt><pre>1982, 1, 0.193,276.50, 71.43, 54.41, 62.92,
1982, 2, 0.184,276.23, 68.01, 61.19, 64.60,
1982, 3, 0.175,276.38, 62.94, 66.03, 64.48,
1982, 4, 0.166,276.84, 56.73, 69.34, 63.04,
1982, 5, 0.161,278.10, 53.54, 68.63, 61.09,
1982, 6, 0.163,280.08, 53.13, 65.27, 59.20,
1982, 7, 0.166,282.22, 49.07, 65.64, 57.35,
1982, 8, 0.174,284.20, 47.67, 67.49, 57.58,
1982, 9, 0.187,286.31, 49.56, 64.83, 57.20,
1982,10, 0.201,288.34, 53.40, 57.69, 55.54,
1982,11, 0.216,290.05, 56.99, 50.42, 53.70,
1982,12, 0.235,291.11, 61.90, 50.45, 56.18,
1982,13, 0.259,292.65, 66.55, 47.21, 56.88,
1982,14, 0.282,294.09, 70.11, 44.94, 57.52,
1982,15, 0.298,294.84, 64.32, 51.51, 57.91,
1982,16, 0.312,295.41, 62.23, 58.09, 60.16,
1982,17, 0.330,296.20, 63.52, 61.22, 62.37,
1982,18, 0.343,296.54, 62.45, 66.48, 64.47,
1982,19, 0.353,296.79, 60.94, 72.77, 66.85,
1982,20, 0.362,296.95, 61.81, 75.18, 68.49,
1982,21, 0.369,297.18, 61.36, 82.23, 71.80,
1982,22, 0.372,297.50, 61.16, 84.98, 73.07,
1982,23, 0.369,297.96, 58.94, 87.43, 73.19,
1982,24, 0.363,298.61, 54.50, 88.96, 71.73,
1982,25, 0.360,299.44, 51.75, 89.11, 70.43,
1982,26, 0.357,300.33, 49.73, 87.30, 68.51,
1982,27, 0.355,301.22, 49.34, 82.56, 65.95,
1982,28, 0.351,301.96, 47.61, 77.11, 62.36,
1982,29, 0.347,302.66, 46.62, 70.52, 58.57,
1982,30, 0.343,303.02, 45.10, 66.43, 55.77,
1982,31, 0.336,303.04, 42.64, 64.71, 53.67,
1982,32, 0.329,303.01, 40.91, 61.79, 51.35,
1982,33, 0.324,302.69, 40.85, 61.19, 51.02,
1982,34, 0.319,301.96, 41.37, 63.47, 52.42,
1982,35, 0.314,301.31, 42.33, 63.58, 52.95,
1982,36, 0.309,300.77, 43.83, 61.71, 52.77,
1982,37, 0.302,299.92, 45.50, 59.30, 52.40,
1982,38, 0.294,298.75, 46.60, 58.76, 52.68,
1982,39, 0.284,297.48, 47.56, 58.70, 53.13,
1982,40, 0.274,296.22, 49.84, 59.19, 54.52,
1982,41, 0.261,294.79, 50.52, 59.28, 54.90,
1982,42, 0.247,292.95, 48.63, 60.18, 54.41,
1982,43, 0.233,290.92, 45.75, 60.72, 53.24,
1982,44, 0.223,289.05, 45.54, 57.43, 51.49,
1982,45, 0.212,287.40, 44.77, 51.32, 48.04,
1982,46, 0.202,285.49, 44.89, 49.50, 47.20,
1982,47, 0.195,284.14, 47.49, 43.50, 45.50,
1982,48, 0.189,282.89, 50.76, 35.42, 43.09,
1982,49, 0.177,281.69, 49.21, 30.99, 40.10,
1982,50, 0.165,279.90, 47.23, 33.15, 40.19,
1982,51, 0.152,278.53, 43.80, 35.49, 39.65,
1982,52, 0.142,278.10, 41.02, 34.69, 37.85,
1983, 1, 0.133,277.74, 33.56, 43.64, 38.60,
1983, 2, 0.121,277.15, 26.92, 52.32, 39.62,
1983, 3, 0.112,276.54, 21.22, 61.92, 41.57,
1983, 4, 0.104,276.32, 16.06, 69.34, 42.70,
1983, 5, 0.100,276.83, 13.27, 73.09, 43.18,
1983, 6, 0.104,277.64, 12.38, 77.42, 44.90,
1983, 7, 0.118,279.76, 12.96, 79.67, 46.32,
1983, 8, 0.137,282.12, 15.52, 80.82, 48.17,
1983, 9, 0.154,283.92, 18.71, 83.44, 51.08,
1983,10, 0.167,284.82, 20.63, 89.30, 54.96,
1983,11, 0.180,285.15, 23.38, 94.80, 59.09,
1983,12, 0.194,285.79, 28.03, 96.82, 62.42,
1983,13, 0.211,287.09, 31.06, 96.30, 63.68,
1983,14, 0.233,288.52, 35.49, 95.49, 65.49,
1983,15, 0.258,290.43, 39.29, 93.70, 66.50,
1983,16, 0.282,292.17, 44.38, 91.55, 67.96,
1983,17, 0.304,293.84, 48.57, 87.04, 67.80,
1983,18, 0.322,294.89, 49.94, 85.40, 67.67,
1983,19, 0.339,295.72, 52.19, 86.32, 69.26,
1983,20, 0.356,296.63, 58.20, 80.28, 69.24,
1983,21, 0.370,297.55, 62.05, 79.96, 71.00,
1983,22, 0.377,298.62, 64.60, 74.73, 69.67,
1983,23, 0.378,299.77, 65.32, 69.47, 67.39,
1983,24, 0.375,301.02, 63.59, 63.50, 63.55,
1983,25, 0.368,302.40, 58.64, 56.84, 57.74,
1983,26, 0.357,303.56, 51.59, 50.86, 51.23,
1983,27, 0.346,304.61, 45.87, 44.20, 45.04,
1983,28, 0.337,305.55, 41.25, 37.08, 39.17,
1983,29, 0.325,306.20, 35.87, 31.02, 33.44,
1983,30, 0.314,306.52, 30.43, 26.63, 28.53,
1983,31, 0.301,306.75, 24.76, 21.74, 23.25,
1983,32, 0.288,306.63, 19.67, 19.50, 19.59,
1983,33, 0.277,306.07, 16.43, 21.13, 18.78,
1983,34, 0.268,305.43, 14.44, 22.46, 18.45,
1983,35, 0.258,304.20, 12.34, 29.82, 21.08,
1983,36, 0.249,302.78, 11.33, 38.01, 24.67,
1983,37, 0.240,301.07, 10.45, 45.44, 27.95,
1983,38, 0.230,299.11, 10.01, 53.57, 31.79,
1983,39, 0.225,297.38, 11.85, 59.10, 35.48,
1983,40, 0.218,295.43, 14.56, 68.17, 41.37,
1983,41, 0.211,292.96, 17.27, 80.80, 49.04,
1983,42, 0.205,290.85, 19.53, 84.30, 51.92,
1983,43, 0.201,289.06, 22.93, 81.62, 52.27,
1983,44, 0.197,286.76, 25.50, 81.41, 53.46,
1983,45, 0.189,283.79, 26.78, 84.23, 55.51,
1983,46, 0.180,281.16, 28.15, 85.41, 56.78,
1983,47, 0.170,278.42, 29.56, 86.41, 57.99,
1983,48, 0.148,274.64, 25.04, 88.24, 56.64,
1983,49, 0.130,271.84, 22.31, 89.44, 55.88,
1983,50, 0.117,270.50, 21.43, 87.54, 54.48,
1983,51, 0.110,269.94, 21.28, 83.29, 52.29,
1983,52, 0.109,270.28, 23.36, 77.00, 50.18,
1984, 1, 0.106,270.76, 17.89, 85.48, 51.69,
1984, 2, 0.113,272.32, 23.22, 81.42, 52.32,
1984, 3, 0.125,274.63, 30.54, 73.51, 52.02,
1984, 4, 0.138,277.00, 38.69, 65.15, 51.92,
1984, 5, 0.148,278.81, 45.51, 60.42, 52.96,
1984, 6, 0.158,280.33, 50.76, 59.52, 55.14,
1984, 7, 0.170,282.86, 54.13, 56.20, 55.16,
1984, 8, 0.182,284.90, 55.11, 56.30, 55.70,
1984, 9, 0.186,285.93, 49.11, 63.84, 56.48,
1984,10, 0.192,287.41, 44.94, 64.24, 54.59,
1984,11, 0.200,288.36, 42.35, 65.79, 54.07,
1984,12, 0.209,288.86, 41.42, 70.48, 55.95,
1984,13, 0.220,289.48, 39.00, 75.71, 57.35,
1984,14, 0.237,290.39, 39.77, 78.87, 59.32,
1984,15, 0.259,291.34, 41.16, 84.71, 62.94,
1984,16, 0.279,292.44, 43.88, 88.07, 65.98,
1984,17, 0.300,293.57, 47.18, 89.21, 68.19,
1984,18, 0.323,294.55, 51.76, 88.82, 70.29,
1984,19, 0.351,295.54, 59.96, 87.89, 73.93,
1984,20, 0.376,296.64, 70.57, 79.66, 75.12,
1984,21, 0.395,297.69, 77.70, 78.59, 78.15,
1984,22, 0.404,298.64, 81.76, 74.86, 78.31,
1984,23, 0.403,299.61, 80.91, 71.70, 76.31,
1984,24, 0.392,300.34, 74.70, 71.97, 73.34,
1984,25, 0.382,301.13, 68.38, 71.62, 70.00,
1984,26, 0.374,302.08, 63.06, 68.10, 65.58,
1984,27, 0.365,302.71, 57.76, 65.89, 61.83,
1984,28, 0.357,303.32, 53.42, 61.81, 57.61,
1984,29, 0.346,303.83, 47.44, 57.03, 52.24,
1984,30, 0.334,303.94, 41.36, 55.23, 48.30,
1984,31, 0.325,304.17, 37.19, 50.91, 44.05,
1984,32, 0.320,304.05, 36.08, 48.76, 42.42,
1984,33, 0.314,303.81, 35.80, 47.22, 41.51,
1984,34, 0.310,303.79, 36.09, 41.47, 38.78,
1984,35, 0.303,303.29, 36.37, 40.66, 38.52,
1984,36, 0.294,302.50, 35.95, 42.06, 39.01,
1984,37, 0.282,301.52, 33.97, 41.28, 37.62,
1984,38, 0.268,300.06, 31.41, 43.54, 37.48,
1984,39, 0.250,298.03, 26.73, 51.71, 39.22,
1984,40, 0.230,295.36, 20.91, 68.23, 44.57,
1984,41, 0.217,292.98, 19.84, 79.45, 49.65,
1984,42, 0.209,291.22, 21.43, 78.77, 50.10,
1984,43, 0.204,289.72, 23.95, 72.58, 48.27,
1984,44, 0.202,288.56, 29.39, 60.97, 45.18,
1984,45, 0.203,287.39, 37.48, 50.30, 43.89,
1984,46, 0.201,286.15, 44.42, 43.41, 43.91,
1984,47, 0.199,284.58, 50.30, 40.12, 45.21,
1984,48, 0.196,283.08, 55.25, 34.70, 44.97,
1984,49, 0.194,282.54, 60.43, 26.36, 43.39,
1984,50,-1.000, -1.00, -1.00, -1.00, -1.00,
1984,51,-1.000, -1.00, -1.00, -1.00, -1.00,
1984,52,-1.000, -1.00, -1.00, -1.00, -1.00,
1985, 1,-1.000, -1.00, -1.00, -1.00, -1.00,
1985, 2,-1.000, -1.00, -1.00, -1.00, -1.00,
1985, 3,-1.000, -1.00, -1.00, -1.00, -1.00,
1985, 4,-1.000, -1.00, -1.00, -1.00, -1.00,
1985, 5,-1.000, -1.00, -1.00, -1.00, -1.00,
1985, 6,-1.000, -1.00, -1.00, -1.00, -1.00,
1985, 7,-1.000, -1.00, -1.00, -1.00, -1.00,
1985, 8,-1.000, -1.00, -1.00, -1.00, -1.00,
1985, 9, 0.219,290.91, 77.24, 22.12, 49.68,
1985,10, 0.225,291.90, 74.50, 23.62, 49.06,
1985,11, 0.242,293.20, 78.21, 22.12, 50.16,
1985,12, 0.263,294.52, 81.86, 20.81, 51.33,
1985,13, 0.286,295.85, 84.23, 19.40, 51.82,
1985,14, 0.312,297.06, 86.82, 18.86, 52.84,
1985,15, 0.335,298.20, 88.76, 19.20, 53.98,
1985,16, 0.356,299.05, 89.66, 20.85, 55.26,
1985,17, 0.373,299.76, 89.66, 23.52, 56.59,
1985,18, 0.388,300.18, 89.38, 26.84, 58.11,
1985,19, 0.396,300.71, 87.32, 29.20, 58.26,
1985,20, 0.397,301.28, 83.69, 32.14, 57.92,
1985,21, 0.391,302.19, 76.65, 31.28, 53.97,
1985,22, 0.379,302.91, 67.33, 31.04, 49.19,
1985,23, 0.364,303.56, 57.29, 30.46, 43.87,
1985,24, 0.351,304.28, 49.19, 30.13, 39.66,
1985,25, 0.340,305.15, 42.06, 28.59, 35.32,
1985,26, 0.332,305.82, 37.27, 27.32, 32.29,
1985,27, 0.326,306.46, 34.44, 25.28, 29.86,
1985,28, 0.321,306.83, 32.87, 24.86, 28.86,
1985,29, 0.321,306.69, 33.34, 27.45, 30.40,
1985,30, 0.324,305.76, 36.14, 36.57, 36.36,
1985,31, 0.334,304.69, 41.85, 46.48, 44.16,
1985,32, 0.345,303.86, 49.55, 52.60, 51.08,
1985,33, 0.351,303.06, 54.57, 57.45, 56.01,
1985,34, 0.352,302.23, 58.10, 60.94, 59.52,
1985,35, 0.347,301.00, 59.41, 67.63, 63.52,
1985,36, 0.341,299.51, 60.53, 75.98, 68.25,
1985,37, 0.333,297.61, 61.63, 84.21, 72.92,
1985,38, 0.323,295.93, 62.49, 89.44, 75.97,
1985,39, 0.309,294.62, 61.76, 90.91, 76.33,
1985,40, 0.294,293.52, 61.30, 89.96, 75.63,
1985,41, 0.275,292.66, 58.45, 84.05, 71.25,
1985,42, 0.258,291.84, 54.96, 72.76, 63.86,
1985,43, 0.240,290.50, 50.21, 64.93, 57.57,
1985,44, 0.227,288.59, 47.90, 61.42, 54.66,
1985,45, 0.216,286.61, 47.44, 57.94, 52.69,
1985,46, 0.202,284.20, 44.99, 60.20, 52.59,
1985,47, 0.186,281.92, 40.98, 61.19, 51.09,
1985,48, 0.168,280.28, 37.63, 53.67, 45.65,
1985,49, 0.155,279.24, 36.42, 47.71, 42.07,
1985,50, 0.150,278.79, 39.18, 41.77, 40.47,
1985,51, 0.146,278.62, 41.53, 36.33, 38.93,
1985,52, 0.147,279.11, 45.33, 30.49, 37.91,
1986, 1, 0.151,280.42, 46.27, 27.07, 36.67,
1986, 2, 0.153,281.36, 48.53, 25.53, 37.03,
1986, 3, 0.157,282.64, 51.89, 21.71, 36.80,
1986, 4, 0.159,283.55, 53.99, 21.20, 37.59,
1986, 5, 0.163,284.46, 57.30, 21.74, 39.52,
1986, 6, 0.170,285.84, 60.55, 21.73, 41.14,
1986, 7, 0.176,287.19, 58.95, 25.24, 42.10,
1986, 8, 0.183,288.52, 56.14, 28.88, 42.51,
1986, 9, 0.191,289.88, 54.35, 31.03, 42.69,
1986,10, 0.202,290.94, 55.72, 32.45, 44.08,
1986,11, 0.218,292.18, 60.73, 30.67, 45.70,
1986,12, 0.233,292.98, 63.21, 33.39, 48.30,
1986,13, 0.255,294.09, 66.90, 34.00, 50.45,
1986,14, 0.277,295.53, 69.27, 31.87, 50.57,
1986,15, 0.295,296.49, 65.18, 36.27, 50.72,
1986,16, 0.312,297.41, 64.87, 38.75, 51.81,
1986,17, 0.327,298.41, 63.81, 39.73, 51.77,
1986,18, 0.336,299.17, 59.52, 40.55, 50.03,
1986,19, 0.337,299.97, 52.09, 41.09, 46.59,
1986,20, 0.334,300.39, 45.93, 44.17, 45.05,
1986,21, 0.329,300.52, 38.00, 50.99, 44.50,
1986,22, 0.326,300.99, 32.76, 52.01, 42.38,
1986,23, 0.325,301.70, 31.00, 50.23, 40.61,
1986,24, 0.327,302.53, 32.80, 48.19, 40.50,
1986,25, 0.333,303.10, 37.06, 49.89, 43.47,
1986,26, 0.342,303.49, 42.88, 52.63, 47.76,
1986,27, 0.347,303.91, 47.35, 53.53, 50.44,
1986,28, 0.351,304.15, 50.47, 54.22, 52.34,
1986,29, 0.355,304.48, 53.19, 51.88, 52.53,
1986,30, 0.359,304.78, 55.58, 48.09, 51.84,
1986,31, 0.358,304.52, 55.57, 48.88, 52.22,
1986,32, 0.353,303.73, 53.98, 53.97, 53.98,
1986,33, 0.348,302.59, 53.74, 62.16, 57.95,
1986,34, 0.343,301.43, 53.74, 69.18, 61.46,
1986,35, 0.337,300.78, 54.11, 69.20, 61.66,
1986,36, 0.327,300.33, 53.59, 66.19, 59.89,
1986,37, 0.317,299.59, 53.20, 62.23, 57.71,
1986,38, 0.305,298.53, 52.90, 60.57, 56.73,
1986,39, 0.294,297.32, 53.44, 60.15, 56.80,
1986,40, 0.279,295.78, 52.75, 64.27, 58.51,
1986,41, 0.267,294.09, 53.64, 67.75, 60.69,
1986,42, 0.255,292.23, 53.45, 68.63, 61.04,
1986,43, 0.245,290.57, 53.92, 64.43, 59.18,
1986,44, 0.234,289.22, 53.39, 55.15, 54.27,
1986,45, 0.222,287.54, 51.42, 49.84, 50.63,
1986,46, 0.211,285.74, 50.47, 47.67, 49.07,
1986,47, 0.200,284.10, 50.02, 44.38, 47.20,
1986,48, 0.187,282.59, 49.29, 38.08, 43.69,
1986,49, 0.175,281.21, 47.87, 35.27, 41.57,
1986,50, 0.168,280.70, 48.91, 28.86, 38.89,
1986,51, 0.163,280.57, 50.11, 23.30, 36.71,
1986,52, 0.157,280.28, 49.11, 23.69, 36.40,
1987, 1, 0.152,280.08, 44.41, 30.55, 37.48,
1987, 2, 0.150,280.12, 44.64, 34.71, 39.68,
1987, 3, 0.151,280.58, 46.13, 36.37, 41.25,
1987, 4, 0.155,281.70, 49.50, 34.58, 42.04,
1987, 5, 0.163,282.95, 55.19, 32.79, 43.99,
1987, 6, 0.172,284.17, 60.13, 33.26, 46.69,
1987, 7, 0.181,285.61, 61.32, 36.66, 48.99,
1987, 8, 0.190,287.31, 60.99, 38.33, 49.66,
1987, 9, 0.198,288.47, 58.81, 42.59, 50.70,
1987,10, 0.210,289.56, 60.66, 44.66, 52.66,
1987,11, 0.224,291.10, 63.22, 40.21, 51.71,
1987,12, 0.239,292.59, 65.29, 36.96, 51.12,
1987,13, 0.256,293.69, 65.51, 37.50, 51.51,
1987,14, 0.275,294.73, 66.16, 38.49, 52.32,
1987,15, 0.296,296.02, 64.64, 39.59, 52.12,
1987,16, 0.318,297.72, 67.60, 33.83, 50.72,
1987,17, 0.338,299.06, 69.78, 30.28, 50.03,
1987,18, 0.355,299.78, 70.25, 30.43, 50.34,
1987,19, 0.367,300.05, 70.00, 35.53, 52.76,
1987,20, 0.375,300.44, 70.17, 39.14, 54.65,
1987,21, 0.380,300.93, 68.33, 42.74, 55.54,
1987,22, 0.380,301.42, 66.50, 44.84, 55.67,
1987,23, 0.379,301.97, 65.35, 45.74, 55.54,
1987,24, 0.376,302.44, 63.83, 48.21, 56.02,
1987,25, 0.374,302.79, 62.27, 52.83, 57.55,
1987,26, 0.375,303.11, 62.53, 55.94, 59.23,
1987,27, 0.378,303.46, 63.98, 57.27, 60.63,
1987,28, 0.381,303.87, 66.09, 55.96, 61.03,
1987,29, 0.381,304.24, 66.15, 53.06, 59.61,
1987,30, 0.378,304.42, 64.35, 50.54, 57.44,
1987,31, 0.375,304.27, 63.50, 50.49, 56.99,
1987,32, 0.371,304.10, 62.98, 49.01, 56.00,
1987,33, 0.366,303.55, 62.61, 50.95, 56.78,
1987,34, 0.359,302.69, 62.07, 54.64, 58.35,
1987,35, 0.352,301.72, 62.28, 58.58, 60.43,
1987,36, 0.343,300.82, 62.23, 60.68, 61.45,
1987,37, 0.333,300.09, 62.34, 56.64, 59.49,
1987,38, 0.320,298.92, 61.51, 56.11, 58.81,
1987,39, 0.305,297.60, 60.60, 56.93, 58.76,
1987,40, 0.290,296.70, 59.65, 53.77, 56.71,
1987,41, 0.274,295.54, 58.11, 51.20, 54.66,
1987,42, 0.259,294.20, 56.20, 46.80, 51.50,
1987,43, 0.222,282.44, 85.19, 11.39, 48.29,
1987,44, 0.240,290.96, 57.25, 37.16, 47.21,
1987,45, 0.231,288.81, 57.48, 38.07, 47.78,
1987,46, 0.223,286.60, 58.56, 40.11, 49.34,
1987,47, 0.214,284.49, 58.83, 39.98, 49.40,
1987,48, 0.202,282.79, 58.29, 34.87, 46.58,
1987,49, 0.191,281.61, 56.93, 30.29, 43.61,
1987,50, 0.175,280.00, 53.12, 31.56, 42.34,
1987,51, 0.157,277.84, 46.79, 39.89, 43.34,
1987,52, 0.141,276.14, 40.81, 47.67, 44.24,
1988, 1, 0.132,275.61, 34.05, 57.44, 45.75,
1988, 2, 0.129,275.52, 33.53, 62.02, 47.77,
1988, 3, 0.131,276.35, 34.40, 62.52, 48.46,
1988, 4, 0.135,277.57, 37.10, 61.10, 49.10,
1988, 5, 0.141,279.52, 40.81, 55.39, 48.10,
1988, 6, 0.148,281.92, 43.21, 48.17, 45.69,
1988, 7, 0.158,284.26, 43.47, 45.50, 44.49,
1988, 8, 0.169,286.47, 43.05, 42.97, 43.01,
1988, 9, 0.183,288.71, 45.70, 38.46, 42.08,
1988,10, 0.200,291.09, 51.47, 29.98, 40.73,
1988,11, 0.214,292.71, 54.75, 27.14, 40.94,
1988,12, 0.231,293.71, 58.32, 28.45, 43.38,
1988,13, 0.252,294.73, 61.90, 29.58, 45.74,
1988,14, 0.273,295.53, 64.27, 32.42, 48.34,
1988,15, 0.293,295.91, 62.19, 40.97, 51.58,
1988,16, 0.315,296.71, 65.30, 43.98, 54.64,
1988,17, 0.336,297.33, 68.17, 48.26, 58.21,
1988,18, 0.351,298.42, 67.78, 45.03, 56.41,
1988,19, 0.360,299.51, 65.80, 41.20, 53.50,
1988,20, 0.362,300.03, 63.52, 43.09, 53.31,
1988,21, 0.357,300.73, 56.76, 44.19, 50.48,
1988,22, 0.349,301.45, 49.02, 43.54, 46.28,
1988,23, 0.337,302.17, 40.38, 42.47, 41.43,
1988,24, 0.322,303.03, 30.29, 40.94, 35.61,
1988,25, 0.310,303.57, 23.53, 42.88, 33.20,
1988,26, 0.305,303.94, 21.24, 45.28, 33.26,
1988,27, 0.303,303.91, 21.51, 51.10, 36.30,
1988,28, 0.303,303.45, 23.68, 59.68, 41.68,
1988,29, 0.310,303.23, 28.33, 63.59, 45.96,
1988,30, 0.316,303.31, 32.26, 62.42, 47.34,
1988,31, 0.319,303.39, 34.87, 59.94, 47.40,
1988,32, 0.319,303.34, 36.53, 57.15, 46.84,
1988,33, 0.314,302.96, 36.25, 56.86, 46.55,
1988,34, 0.308,302.51, 36.03, 55.65, 45.84,
1988,35, 0.300,302.19, 35.22, 52.00, 43.61,
1988,36, 0.291,301.39, 34.29, 53.10, 43.69,
1988,37, 0.279,300.48, 32.68, 51.72, 42.20,
1988,38, 0.269,299.57, 32.61, 48.17, 40.39,
1988,39, 0.261,298.77, 34.21, 42.75, 38.48,
1988,40, 0.253,297.89, 36.99, 39.50, 38.25,
1988,41, 0.250,296.66, 43.05, 36.84, 39.95,
1988,42, 0.244,295.32, 46.57, 32.97, 39.77,
1988,43, 0.239,294.11, 49.65, 25.88, 37.77,
1988,44, 0.235,292.43, 53.92, 22.69, 38.31,
1988,45, 0.232,290.84, 59.37, 20.84, 40.10,
1988,46, 0.227,289.35, 62.79, 18.95, 40.87,
1988,47, 0.224,288.13, 67.61, 14.86, 41.23,
1988,48, 0.221,287.13, 71.86,  9.42, 40.64,
1988,49, 0.217,286.06, 74.22,  6.35, 40.29,
1988,50, 0.213,285.05, 77.08,  4.72, 40.90,
1988,51, 0.209,284.50, 78.63,  3.71, 41.17,
1988,52, 0.204,283.76, 78.55,  5.49, 42.02,
1989, 1, 0.198,283.60, 75.34,  9.14, 42.24,
1989, 2, 0.192,283.80, 73.62, 11.71, 42.67,
1989, 3, 0.186,284.04, 70.51, 14.68, 42.59,
1989, 4, 0.179,284.37, 66.36, 18.16, 42.26,
1989, 5, 0.169,284.30, 60.22, 24.86, 42.54,
1989, 6, 0.159,284.10, 51.77, 35.24, 43.50,
1989, 7, 0.151,284.16, 39.06, 49.10, 44.08,
1989, 8, 0.149,284.98, 28.20, 58.62, 43.41,
1989, 9, 0.151,286.75, 20.87, 59.18, 40.02,
1989,10, 0.155,289.01, 17.50, 51.13, 34.32,
1989,11, 0.162,291.26, 16.82, 40.01, 28.41,
1989,12, 0.170,293.39, 16.57, 31.22, 23.89,
1989,13, 0.179,295.12, 15.60, 26.67, 21.13,
1989,14, 0.195,297.10, 17.84, 21.08, 19.46,
1989,15, 0.212,299.09, 18.88, 16.57, 17.72,
1989,16, 0.228,300.34, 19.97, 15.44, 17.70,
1989,17, 0.247,301.33, 22.35, 15.37, 18.86,
1989,18, 0.262,301.96, 22.36, 16.01, 19.19,
1989,19, 0.274,302.01, 21.03, 20.69, 20.86,
1989,20, 0.287,301.75, 19.85, 27.21, 23.53,
1989,21, 0.299,301.73, 20.24, 34.94, 27.59,
1989,22, 0.310,301.93, 23.03, 39.65, 31.34,
1989,23, 0.320,302.22, 27.12, 42.96, 35.04,
1989,24, 0.327,302.49, 31.43, 47.50, 39.46,
1989,25, 0.335,302.98, 36.16, 50.09, 43.13,
1989,26, 0.339,303.41, 38.68, 52.09, 45.38,
1989,27, 0.343,303.68, 42.08, 54.82, 48.45,
1989,28, 0.345,303.84, 44.14, 56.73, 50.43,
1989,29, 0.343,303.84, 44.29, 57.96, 51.13,
1989,30, 0.345,303.68, 45.88, 59.15, 52.52,
1989,31, 0.345,303.47, 47.50, 59.78, 53.64,
1989,32, 0.345,302.92, 49.13, 62.58, 55.85,
1989,33, 0.347,302.18, 52.79, 66.59, 59.69,
1989,34, 0.349,301.65, 56.60, 66.49, 61.54,
1989,35, 0.349,300.97, 61.14, 66.98, 64.06,
1989,36, 0.348,300.46, 65.25, 64.56, 64.91,
1989,37, 0.344,300.14, 68.95, 56.05, 62.50,
1989,38, 0.338,299.66, 72.28, 47.68, 59.98,
1989,39, 0.325,299.18, 72.44, 38.26, 55.35,
1989,40, 0.307,298.44, 70.36, 33.23, 51.80,
1989,41, 0.289,297.52, 68.61, 27.40, 48.01,
1989,42, 0.271,296.17, 64.97, 23.85, 44.41,
1989,43, 0.256,294.13, 62.28, 25.95, 44.11,
1989,44, 0.243,291.74, 60.52, 29.58, 45.05,
1989,45, 0.233,290.05, 60.49, 27.57, 44.03,
1989,46, 0.227,288.57, 63.25, 25.19, 44.22,
1989,47, 0.219,286.87, 64.92, 24.35, 44.63,
1989,48, 0.211,285.23, 66.31, 21.33, 43.82,
1989,49, 0.201,283.86, 65.11, 18.06, 41.58,
1989,50, 0.191,282.97, 64.84, 13.36, 39.10,
1989,51, 0.183,282.81, 64.52,  9.19, 36.86,
1989,52, 0.178,283.02, 63.87,  7.11, 35.49,
1990, 1, 0.173,283.24, 59.90,  8.92, 34.41,
1990, 2, 0.171,283.77, 60.10,  9.71, 34.91,
1990, 3, 0.167,284.07, 58.99, 11.86, 35.43,
1990, 4, 0.165,284.13, 57.65, 17.07, 37.36,
1990, 5, 0.162,284.00, 56.62, 23.91, 40.26,
1990, 6, 0.162,284.81, 55.21, 26.41, 40.81,
1990, 7, 0.167,286.10, 52.23, 29.91, 41.07,
1990, 8, 0.171,287.29, 46.95, 35.12, 41.04,
1990, 9, 0.177,288.60, 41.95, 38.84, 40.40,
1990,10, 0.353,299.26, 69.04, 37.09, 53.07,
1990,11, 0.199,290.47, 42.79, 46.02, 44.41,
1990,12, 0.216,291.90, 47.77, 43.19, 45.48,
1990,13, 0.232,292.79, 48.53, 45.59, 47.06,
1990,14, 0.247,293.53, 47.65, 49.83, 48.74,
1990,15, 0.264,294.33, 44.78, 56.14, 50.46,
1990,16, 0.283,295.15, 46.31, 60.54, 53.42,
1990,17, 0.305,295.96, 50.48, 63.86, 57.17,
1990,18, 0.329,296.95, 55.14, 62.66, 58.90,
1990,19, 0.349,297.87, 58.53, 62.03, 60.28,
1990,20, 0.362,299.03, 62.27, 55.26, 58.76,
1990,21, 0.370,300.14, 62.17, 52.87, 57.52,
1990,22, 0.371,301.22, 60.37, 48.96, 54.67,
1990,23, 0.368,302.18, 58.64, 45.86, 52.25,
1990,24, 0.364,303.16, 56.59, 42.64, 49.62,
1990,25, 0.358,304.17, 52.67, 39.65, 46.16,
1990,26, 0.350,304.68, 47.42, 40.25, 43.83,
1990,27, 0.340,304.76, 42.74, 44.33, 43.54,
1990,28, 0.334,304.73, 40.22, 47.67, 43.94,
1990,29, 0.331,304.41, 39.21, 51.78, 45.49,
1990,30, 0.331,304.15, 40.07, 53.95, 47.01,
1990,31, 0.335,303.93, 42.71, 54.55, 48.63,
1990,32, 0.339,304.08, 46.49, 49.43, 47.96,
1990,33, 0.341,304.71, 49.70, 37.64, 43.67,
1990,34, 0.339,304.87, 51.44, 29.23, 40.34,
1990,35, 0.332,304.71, 51.42, 24.28, 37.85,
1990,36, 0.322,304.38, 50.75, 20.07, 35.41,
1990,37, 0.312,303.78, 50.23, 15.38, 32.80,
1990,38, 0.301,302.52, 50.22, 15.07, 32.64,
1990,39, 0.290,300.77, 50.86, 19.63, 35.24,
1990,40, 0.279,299.22, 52.12, 23.82, 37.97,
1990,41, 0.267,297.70, 53.25, 24.92, 39.08,
1990,42, 0.254,296.15, 52.39, 23.46, 37.93,
1990,43, 0.243,294.84, 52.24, 17.13, 34.68,
1990,44, 0.233,293.24, 52.41, 12.53, 32.47,
1990,45, 0.225,291.53, 54.29, 12.50, 33.40,
1990,46, 0.219,289.73, 57.34, 13.89, 35.62,
1990,47, 0.213,287.57, 60.55, 17.17, 38.86,
1990,48, 0.208,285.87, 63.95, 15.58, 39.76,
1990,49, 0.201,284.19, 64.60, 14.38, 39.49,
1990,50, 0.189,282.44, 62.99, 15.51, 39.25,
1990,51, 0.176,280.75, 59.45, 20.99, 40.22,
1990,52, 0.167,279.36, 56.74, 28.01, 42.37,
1991, 1, 0.162,278.96, 52.07, 36.40, 44.24,
1991, 2, 0.160,279.31, 52.78, 39.04, 45.91,
1991, 3, 0.163,280.31, 55.31, 37.48, 46.40,
1991, 4, 0.167,281.85, 58.41, 33.20, 45.80,
1991, 5, 0.172,283.51, 61.93, 28.57, 45.25,
1991, 6, 0.177,285.42, 64.31, 24.40, 44.35,
1991, 7, 0.182,287.63, 62.42, 20.94, 41.68,
1991, 8, 0.187,289.46, 59.22, 19.54, 39.38,
1991, 9, 0.195,291.10, 57.20, 18.12, 37.66,
1991,10, 0.205,292.87, 57.11, 13.22, 35.17,
1991,11, 0.217,294.38, 58.85, 10.59, 34.72,
1991,12, 0.231,295.88, 59.99,  8.38, 34.19,
1991,13, 0.247,296.81, 59.72,  9.85, 34.78,
1991,14, 0.262,297.39, 58.50, 14.52, 36.51,
1991,15, 0.279,298.08, 54.51, 20.07, 37.29,
1991,16, 0.295,298.47, 54.35, 26.38, 40.36,
1991,17, 0.310,298.74, 53.45, 34.10, 43.77,
1991,18, 0.322,299.27, 51.49, 37.02, 44.25,
1991,19, 0.333,299.98, 49.17, 38.05, 43.61,
1991,20, 0.340,300.84, 50.54, 37.04, 43.79,
1991,21, 0.344,301.47, 47.67, 39.08, 43.37,
1991,22, 0.345,301.91, 45.17, 41.16, 43.16,
1991,23, 0.346,302.86, 44.55, 37.35, 40.95,
1991,24, 0.347,304.04, 44.55, 31.67, 38.11,
1991,25, 0.341,305.10, 40.57, 27.69, 34.13,
1991,26, 0.335,305.82, 37.00, 25.54, 31.27,
1991,27, 0.328,306.44, 33.87, 23.97, 28.92,
1991,28, 0.318,306.82, 29.81, 23.54, 26.68,
1991,29, 0.311,306.93, 27.37, 23.55, 25.46,
1991,30, 0.305,306.79, 25.40, 24.03, 24.72,
1991,31, 0.301,306.46, 24.44, 25.30, 24.87,
1991,32, 0.298,305.95, 24.41, 27.45, 25.93,
1991,33, 0.292,305.40, 24.00, 29.11, 26.56,
1991,34, 0.285,304.53, 23.14, 32.75, 27.95,
1991,35, 0.277,303.76, 22.92, 34.73, 28.83,
1991,36, 0.271,302.90, 23.47, 36.61, 30.04,
1991,37, 0.265,301.83, 24.42, 37.17, 30.80,
1991,38, 0.256,300.89, 24.71, 33.77, 29.24,
1991,39, 0.247,300.44, 24.92, 23.85, 24.38,
1991,40, 0.237,299.87, 26.04, 16.97, 21.51,
1991,41, 0.223,298.46, 24.52, 16.77, 20.64,
1991,42, 0.210,296.64, 22.26, 18.20, 20.23,
1991,43, 0.198,294.24, 19.66, 22.92, 21.29,
1991,44, 0.185,290.76, 16.42, 37.70, 27.06,
1991,45, 0.173,288.13, 15.30, 43.29, 29.29,
1991,46, 0.162,286.14, 16.40, 43.19, 29.79,
1991,47, 0.155,284.75, 19.76, 37.82, 28.79,
1991,48, 0.150,283.39, 25.85, 31.14, 28.49,
1991,49, 0.144,282.07, 29.94, 27.66, 28.80,
1991,50, 0.138,281.05, 32.52, 23.95, 28.23,
1991,51, 0.133,280.41, 33.62, 22.31, 27.97,
1991,52, 0.130,280.30, 34.77, 21.25, 28.01,
1992, 1, 0.129,280.47, 31.31, 26.12, 28.71,
1992, 2, 0.129,281.02, 31.91, 26.90, 29.40,
1992, 3, 0.130,281.87, 32.38, 25.86, 29.12,
1992, 4, 0.133,283.06, 34.17, 23.54, 28.85,
1992, 5, 0.136,284.49, 36.13, 20.10, 28.12,
1992, 6, 0.143,285.90, 38.88, 18.76, 28.82,
1992, 7, 0.155,287.38, 39.95, 20.37, 30.16,
1992, 8, 0.170,288.52, 42.66, 25.38, 34.02,
1992, 9, 0.185,289.49, 45.88, 32.26, 39.07,
1992,10, 0.203,290.92, 52.06, 31.77, 41.91,
1992,11, 0.220,292.79, 58.51, 24.91, 41.71,
1992,12, 0.237,293.78, 62.05, 26.50, 44.28,
1992,13, 0.253,294.41, 61.69, 31.28, 46.48,
1992,14, 0.270,295.01, 61.02, 36.58, 48.80,
1992,15, 0.286,295.81, 57.03, 42.37, 49.70,
1992,16, 0.304,296.48, 57.91, 47.43, 52.67,
1992,17, 0.325,297.54, 60.89, 47.73, 54.31,
1992,18, 0.338,298.26, 60.12, 48.65, 54.38,
1992,19, 0.344,298.43, 55.74, 55.89, 55.81,
1992,20, 0.345,298.53, 51.88, 61.24, 56.56,
1992,21, 0.342,298.53, 44.45, 70.24, 57.35,
1992,22, 0.337,298.27, 38.31, 79.88, 59.09,
1992,23, 0.340,298.69, 38.79, 82.60, 60.70,
1992,24, 0.346,299.61, 43.36, 80.51, 61.94,
1992,25, 0.355,300.27, 48.63, 81.72, 65.17,
1992,26, 0.362,300.64, 53.37, 84.93, 69.15,
1992,27, 0.368,300.77, 57.63, 88.26, 72.95,
1992,28, 0.373,300.68, 60.67, 91.54, 76.10,
1992,29, 0.381,300.70, 65.05, 92.01, 78.53,
1992,30, 0.390,300.82, 69.95, 90.84, 80.39,
1992,31, 0.394,300.75, 72.75, 90.61, 81.68,
1992,32, 0.393,300.48, 73.39, 90.47, 81.93,
1992,33, 0.389,300.33, 73.79, 88.23, 81.01,
1992,34, 0.382,300.18, 73.86, 83.99, 78.93,
1992,35, 0.373,299.85, 73.53, 80.03, 76.78,
1992,36, 0.364,299.80, 73.77, 72.49, 73.13,
1992,37, 0.351,299.15, 72.63, 67.72, 70.18,
1992,38, 0.335,298.32, 70.65, 63.50, 67.07,
1992,39, 0.318,297.44, 68.73, 59.06, 63.90,
1992,40, 0.298,295.87, 64.78, 63.42, 64.10,
1992,41, 0.275,293.58, 59.11, 73.56, 66.33,
1992,42, 0.251,290.99, 50.89, 81.84, 66.36,
1992,43, 0.228,288.22, 41.57, 88.91, 65.24,
1992,44, 0.204,285.44, 30.48, 93.32, 61.90,
1992,45, 0.181,282.42, 20.83, 94.45, 57.64,
1992,46, 0.162,279.74, 15.44, 93.38, 54.41,
1992,47, 0.143,277.25, 12.36, 90.79, 51.58,
1992,48, 0.126,274.52, 12.74, 84.06, 48.40,
1992,49, 0.114,272.53, 14.30, 79.34, 46.82,
1992,50, 0.106,271.13, 15.65, 74.88, 45.27,
1992,51, 0.099,270.11, 15.52, 71.21, 43.37,
1992,52, 0.092,269.33, 14.41, 70.09, 42.25,
1993, 1, 0.081,268.11, 11.02, 74.90, 42.96,
1993, 2, 0.070,267.25,  8.38, 79.29, 43.83,
1993, 3, 0.067,267.71,  8.35, 79.42, 43.89,
1993, 4, 0.070,269.33,  9.03, 77.57, 43.30,
1993, 5, 0.076,271.51, 10.48, 75.80, 43.14,
1993, 6, 0.084,273.81, 11.63, 74.46, 43.04,
1993, 7, 0.093,275.60, 10.38, 78.53, 44.45,
1993, 8, 0.106,277.63,  8.71, 83.94, 46.32,
1993, 9, 0.124,279.65,  8.98, 88.62, 48.80,
1993,10, 0.146,282.36, 12.66, 86.73, 49.70,
1993,11, 0.167,285.30, 17.71, 79.70, 48.70,
1993,12, 0.189,287.63, 24.75, 74.86, 49.80,
1993,13, 0.212,289.41, 31.69, 72.36, 52.02,
1993,14, 0.234,290.81, 36.71, 72.08, 54.39,
1993,15, 0.258,292.04, 40.12, 75.49, 57.80,
1993,16, 0.287,293.44, 47.38, 75.66, 61.52,
1993,17, 0.316,294.88, 55.51, 73.60, 64.56,
1993,18, 0.344,295.97, 63.10, 72.15, 67.63,
1993,19, 0.370,296.79, 69.82, 72.93, 71.38,
1993,20, 0.388,297.26, 75.17, 72.72, 73.95,
1993,21, 0.401,297.83, 78.01, 76.51, 77.26,
1993,22, 0.408,298.37, 80.15, 77.27, 78.71,
1993,23, 0.411,298.92, 81.58, 78.75, 80.16,
1993,24, 0.408,299.52, 80.81, 80.33, 80.57,
1993,25, 0.404,300.00, 78.22, 83.35, 80.78,
1993,26, 0.401,300.35, 75.75, 86.13, 80.94,
1993,27, 0.399,300.50, 74.21, 88.50, 81.36,
1993,28, 0.400,300.63, 74.52, 89.31, 81.92,
1993,29, 0.402,300.85, 75.52, 88.12, 81.82,
1993,30, 0.405,301.12, 76.65, 85.84, 81.24,
1993,31, 0.403,301.22, 76.48, 83.67, 80.08,
1993,32, 0.400,301.20, 76.14, 80.97, 78.55,
1993,33, 0.394,301.08, 75.66, 78.76, 77.21,
1993,34, 0.387,300.66, 75.94, 77.63, 76.78,
1993,35, 0.381,299.70, 77.11, 80.10, 78.61,
1993,36, 0.373,298.91, 78.16, 80.50, 79.33,
1993,37, 0.361,298.11, 77.73, 77.59, 77.66,
1993,38, 0.347,297.36, 76.71, 73.07, 74.89,
1993,39, 0.328,296.46, 73.80, 69.52, 71.66,
1993,40, 0.307,295.27, 70.07, 69.29, 69.68,
1993,41, 0.288,293.83, 67.64, 69.53, 68.59,
1993,42, 0.275,292.36, 66.85, 65.87, 66.36,
1993,43, 0.263,290.61, 66.56, 62.70, 64.63,
1993,44, 0.248,288.86, 63.67, 57.61, 60.64,
1993,45, 0.233,287.48, 60.09, 48.71, 54.40,
1993,46, 0.220,286.14, 57.57, 42.70, 50.13,
1993,47, 0.207,284.64, 56.12, 38.67, 47.39,
1993,48, 0.197,282.96, 56.36, 34.11, 45.23,
1993,49, 0.187,281.89, 55.73, 29.19, 42.46,
1993,50, 0.180,280.97, 57.11, 25.50, 41.30,
1993,51, 0.175,280.39, 58.30, 23.30, 40.80,
1993,52, 0.170,280.46, 58.05, 21.37, 39.71,
1994, 1, 0.163,280.42, 53.14, 27.24, 40.19,
1994, 2, 0.157,280.67, 50.58, 30.41, 40.49,
1994, 3, 0.153,281.27, 48.75, 31.32, 40.04,
1994, 4, 0.151,281.75, 47.29, 33.98, 40.63,
1994, 5, 0.150,282.37, 47.07, 35.83, 41.45,
1994, 6, 0.153,283.45, 47.31, 36.97, 42.14,
1994, 7, 0.160,284.76, 45.72, 40.92, 43.32,
1994, 8, 0.169,286.37, 43.89, 43.48, 43.68,
1994, 9, 0.179,288.20, 42.09, 42.81, 42.45,
1994,10, 0.190,289.68, 42.83, 43.15, 42.99,
1994,11, 0.202,290.59, 44.07, 45.84, 44.95,
1994,12, 0.216,291.29, 46.76, 49.31, 48.03,
1994,13, 0.235,292.04, 49.11, 52.58, 50.85,
1994,14, 0.250,292.50, 48.43, 58.55, 53.49,
1994,15, 0.268,293.26, 46.33, 65.00, 55.67,
1994,16, 0.288,294.44, 48.68, 65.99, 57.33,
1994,17, 0.309,295.61, 52.03, 65.98, 59.00,
1994,18, 0.331,296.74, 55.68, 63.32, 59.50,
1994,19, 0.351,297.85, 59.36, 60.44, 59.90,
1994,20, 0.366,298.91, 64.58, 55.23, 59.91,
1994,21, 0.376,299.91, 66.01, 53.65, 59.83,
1994,22, 0.381,301.12, 67.03, 47.99, 57.51,
1994,23, 0.383,301.78, 68.15, 47.72, 57.93,
1994,24, 0.382,302.22, 67.81, 50.53, 59.17,
1994,25, 0.381,302.41, 66.73, 56.90, 61.81,
1994,26, 0.383,302.39, 67.50, 64.05, 65.78,
1994,27, 0.383,302.16, 67.59, 71.51, 69.55,
1994,28, 0.383,301.96, 67.40, 76.62, 72.01,
1994,29, 0.381,301.74, 66.25, 79.86, 73.06,
1994,30, 0.378,301.68, 64.26, 80.55, 72.40,
1994,31, 0.371,301.80, 61.29, 78.36, 69.83,
1994,32, 0.362,302.15, 58.05, 71.55, 64.80,
1994,33, 0.353,302.65, 55.56, 61.60, 58.58,
1994,34, 0.345,303.19, 54.05, 49.01, 51.53,
1994,35, 0.338,303.72, 53.85, 37.06, 45.46,
1994,36, 0.333,303.67, 55.79, 30.68, 43.23,
1994,37,-1.000, -1.00, -1.00, -1.00, -1.00,
1994,38,-1.000, -1.00, -1.00, -1.00, -1.00,
1994,39,-1.000, -1.00, -1.00, -1.00, -1.00,
1994,40,-1.000, -1.00, -1.00, -1.00, -1.00,
1994,41,-1.000, -1.00, -1.00, -1.00, -1.00,
1994,42,-1.000, -1.00, -1.00, -1.00, -1.00,
1994,43,-1.000, -1.00, -1.00, -1.00, -1.00,
1994,44,-1.000, -1.00, -1.00, -1.00, -1.00,
1994,45,-1.000, -1.00, -1.00, -1.00, -1.00,
1994,46,-1.000, -1.00, -1.00, -1.00, -1.00,
1994,47,-1.000, -1.00, -1.00, -1.00, -1.00,
1994,48,-1.000, -1.00, -1.00, -1.00, -1.00,
1994,49,-1.000, -1.00, -1.00, -1.00, -1.00,
1994,50,-1.000, -1.00, -1.00, -1.00, -1.00,
1994,51,-1.000, -1.00, -1.00, -1.00, -1.00,
1994,52,-1.000, -1.00, -1.00, -1.00, -1.00,
1995, 1,-1.000, -1.00, -1.00, -1.00, -1.00,
1995, 2,-1.000, -1.00, -1.00, -1.00, -1.00,
1995, 3,-1.000, -1.00, -1.00, -1.00, -1.00,
1995, 4, 0.217,285.39, 84.35, 11.34, 47.84,
1995, 5, 0.219,285.87, 85.54, 13.81, 49.67,
1995, 6, 0.222,286.52, 86.63, 17.25, 51.94,
1995, 7, 0.224,287.46, 85.32, 22.70, 54.01,
1995, 8, 0.228,288.77, 83.64, 26.04, 54.84,
1995, 9, 0.232,290.20, 81.59, 27.11, 54.35,
1995,10, 0.240,291.40, 80.42, 27.47, 53.94,
1995,11, 0.251,292.17, 80.17, 30.65, 55.41,
1995,12, 0.268,292.95, 81.86, 33.95, 57.91,
1995,13, 0.288,293.74, 82.44, 37.24, 59.84,
1995,14, 0.298,293.67, 77.43, 48.50, 62.96,
1995,15, 0.304,292.85, 66.89, 69.90, 68.39,
1995,16, 0.314,292.65, 62.85, 83.28, 73.06,
1995,17, 0.324,293.14, 60.07, 88.17, 74.12,
1995,18, 0.332,293.59, 55.98, 91.81, 73.90,
1995,19, 0.337,294.09, 51.14, 94.48, 72.81,
1995,20, 0.344,295.06, 50.59, 94.36, 72.47,
1995,21, 0.348,296.27, 47.80, 91.81, 69.80,
1995,22, 0.348,297.14, 44.29, 89.07, 66.68,
1995,23, 0.348,298.33, 43.48, 84.30, 63.89,
1995,24, 0.346,299.42, 41.70, 81.24, 61.47,
1995,25, 0.348,300.99, 42.75, 72.75, 57.75,
1995,26, 0.355,302.61, 47.42, 61.71, 54.57,
1995,27, 0.354,303.32, 48.04, 58.95, 53.50,
1995,28, 0.357,304.05, 50.94, 54.14, 52.54,
1995,29, 0.362,304.60, 54.32, 49.52, 51.92,
1995,30, 0.365,304.79, 56.89, 46.93, 51.91,
1995,31, 0.366,304.60, 58.58, 47.19, 52.88,
1995,32, 0.363,304.40, 58.77, 46.17, 52.47,
1995,33, 0.359,304.29, 59.01, 43.01, 51.01,
1995,34, 0.351,303.96, 58.48, 40.60, 49.54,
1995,35, 0.340,303.29, 56.36, 41.28, 48.82,
1995,36, 0.329,302.37, 54.77, 43.53, 49.15,
1995,37, 0.313,300.99, 51.48, 46.72, 49.10,
1995,38, 0.298,299.74, 48.57, 46.57, 47.57,
1995,39, 0.284,298.78, 46.89, 42.52, 44.71,
1995,40, 0.269,297.72, 46.12, 40.85, 43.49,
1995,41, 0.256,296.60, 45.69, 37.19, 41.44,
1995,42, 0.242,295.02, 43.75, 35.59, 39.67,
1995,43, 0.229,293.42, 42.35, 32.24, 37.30,
1995,44, 0.216,291.56, 39.72, 30.53, 35.13,
1995,45, 0.203,290.00, 37.67, 27.32, 32.50,
1995,46, 0.192,288.78, 37.75, 22.40, 30.07,
1995,47, 0.183,287.61, 39.29, 17.68, 28.49,
1995,48, 0.174,286.37, 41.66, 13.35, 27.51,
1995,49, 0.164,284.16, 42.06, 17.14, 29.60,
1995,50, 0.154,281.68, 41.31, 24.44, 32.88,
1995,51, 0.142,280.12, 38.67, 28.96, 33.82,
1995,52, 0.137,279.96, 38.36, 27.79, 33.08,
1996, 1, 0.136,279.71, 35.10, 33.93, 34.51,
1996, 2, 0.141,280.00, 39.21, 35.42, 37.31,
1996, 3, 0.145,280.13, 42.40, 38.45, 40.43,
1996, 4, 0.148,281.69, 45.17, 33.52, 39.34,
1996, 5, 0.150,282.98, 46.82, 31.56, 39.19,
1996, 6, 0.154,284.28, 47.89, 32.24, 40.07,
1996, 7, 0.157,285.80, 43.07, 35.01, 39.04,
1996, 8, 0.159,287.64, 35.90, 35.69, 35.79,
1996, 9, 0.162,289.32, 28.68, 35.64, 32.16,
1996,10, 0.165,290.41, 21.59, 37.34, 29.47,
1996,11, 0.166,291.20, 15.45, 40.08, 27.77,
1996,12, 0.168,292.65, 10.57, 36.82, 23.69,
1996,13, 0.173,294.67,  7.53, 29.10, 18.32,
1996,14, 0.182,296.39,  5.11, 24.11, 14.61,
1996,15, 0.193,297.51,  2.97, 26.36, 14.66,
1996,16, 0.205,298.29,  2.08, 29.65, 15.87,
1996,17, 0.218,299.51,  1.69, 27.88, 14.78,
1996,18, 0.235,300.49,  1.80, 25.69, 13.74,
1996,19, 0.254,300.82,  2.39, 30.87, 16.63,
1996,20, 0.276,301.43, 11.91, 32.83, 22.37,
1996,21, 0.296,302.07, 17.06, 34.47, 25.77,
1996,22, 0.314,302.63, 24.63, 34.83, 29.73,
1996,23, 0.329,303.03, 33.35, 36.14, 34.74,
1996,24, 0.340,303.05, 40.50, 42.43, 41.47,
1996,25, 0.348,303.18, 44.87, 48.74, 46.80,
1996,26, 0.356,303.38, 49.70, 52.63, 51.17,
1996,27, 0.363,303.27, 54.50, 58.86, 56.68,
1996,28, 0.367,302.66, 57.11, 68.72, 62.92,
1996,29, 0.373,302.21, 60.38, 74.56, 67.47,
1996,30, 0.378,302.10, 63.22, 75.85, 69.53,
1996,31, 0.379,301.69, 64.69, 79.13, 71.91,
1996,32, 0.377,300.95, 65.01, 84.15, 74.58,
1996,33, 0.374,300.47, 65.54, 85.72, 75.63,
1996,34, 0.369,299.99, 66.64, 85.25, 75.95,
1996,35, 0.364,299.46, 68.26, 83.67, 75.96,
1996,36, 0.358,298.93, 70.41, 81.72, 76.06,
1996,37, 0.351,298.19, 72.43, 77.71, 75.07,
1996,38, 0.344,297.54, 75.48, 71.42, 73.45,
1996,39, 0.333,296.55, 77.70, 68.58, 73.14,
1996,40, 0.319,295.13, 78.64, 71.12, 74.88,
1996,41, 0.303,293.74, 78.26, 71.34, 74.80,
1996,42, 0.289,292.39, 77.53, 66.31, 71.92,
1996,43, 0.275,290.78, 76.46, 61.60, 69.03,
1996,44, 0.258,288.44, 72.72, 62.92, 67.82,
1996,45, 0.243,286.09, 68.70, 62.87, 65.78,
1996,46, 0.230,284.14, 65.62, 60.80, 63.21,
1996,47, 0.218,282.18, 63.87, 58.93, 61.40,
1996,48, 0.208,280.67, 63.66, 50.89, 57.27,
1996,49, 0.201,279.81, 64.21, 44.25, 54.23,
1996,50, 0.193,278.96, 65.48, 41.42, 53.45,
1996,51, 0.185,278.02, 64.59, 41.22, 52.90,
1996,52, 0.178,277.33, 63.24, 42.29, 52.76,
1997, 1, 0.174,277.46, 59.45, 48.44, 53.95,
1997, 2, 0.170,278.00, 58.45, 49.69, 54.07,
1997, 3, 0.167,278.91, 57.26, 48.52, 52.89,
1997, 4, 0.163,279.68, 55.41, 49.20, 52.30,
1997, 5, 0.162,280.97, 54.85, 47.13, 50.99,
1997, 6, 0.163,282.80, 54.29, 43.37, 48.83,
1997, 7, 0.167,284.46, 50.82, 45.17, 47.99,
1997, 8, 0.173,285.51, 46.83, 52.85, 49.84,
1997, 9, 0.183,287.11, 45.67, 54.88, 50.28,
1997,10, 0.197,288.95, 49.07, 50.75, 49.91,
1997,11, 0.213,290.31, 53.58, 48.07, 50.82,
1997,12, 0.229,291.18, 56.40, 49.87, 53.13,
1997,13, 0.246,292.51, 56.52, 48.49, 52.50,
1997,14, 0.261,294.09, 55.21, 44.94, 50.08,
1997,15, 0.274,295.23, 50.10, 47.83, 48.96,
1997,16, 0.290,296.15, 49.55, 50.51, 50.03,
1997,17, 0.309,297.11, 51.56, 51.47, 51.51,
1997,18, 0.330,298.13, 54.92, 49.25, 52.09,
1997,19, 0.347,298.83, 57.57, 49.94, 53.75,
1997,20, 0.360,298.93, 61.53, 55.87, 58.70,
1997,21, 0.367,299.06, 61.46, 62.87, 62.16,
1997,22, 0.369,299.70, 60.74, 62.58, 61.66,
1997,23, 0.371,300.37, 61.71, 62.14, 61.92,
1997,24, 0.376,300.95, 65.43, 63.72, 64.57,
1997,25, 0.383,301.62, 69.27, 64.87, 67.07,
1997,26, 0.388,302.30, 71.81, 64.75, 68.28,
1997,27, 0.392,302.67, 73.34, 66.19, 69.76,
1997,28, 0.393,302.79, 73.63, 67.80, 70.71,
1997,29, 0.392,302.64, 72.76, 70.06, 71.41,
1997,30, 0.393,302.53, 72.38, 70.90, 71.64,
1997,31, 0.392,302.45, 72.34, 70.50, 71.42,
1997,32, 0.393,302.27, 73.93, 69.34, 71.64,
1997,33, 0.394,302.13, 76.65, 66.57, 71.61,
1997,34, 0.390,301.99, 78.22, 62.15, 70.18,
1997,35, 0.383,301.74, 78.61, 57.81, 68.21,
1997,36, 0.371,301.35, 77.48, 54.26, 65.87,
1997,37, 0.357,300.67, 75.92, 49.85, 62.89,
1997,38, 0.341,299.82, 73.89, 45.54, 59.71,
1997,39, 0.326,298.55, 73.01, 45.43, 59.22,
1997,40, 0.312,297.02, 73.49, 49.67, 61.58,
1997,41, 0.296,294.98, 72.80, 57.75, 65.28,
1997,42, 0.278,292.37, 69.08, 67.84, 68.46,
1997,43, 0.260,290.09, 65.00, 70.62, 67.81,
1997,44, 0.243,288.19, 60.07, 66.75, 63.41,
1997,45, 0.227,286.16, 55.67, 62.83, 59.25,
1997,46, 0.213,284.45, 52.88, 58.18, 55.53,
1997,47, 0.199,282.76, 50.76, 54.02, 52.39,
1997,48, 0.186,281.18, 49.73, 46.18, 47.95,
1997,49, 0.172,280.15, 47.86, 38.98, 43.42,
1997,50, 0.161,279.22, 47.05, 33.98, 40.51,
1997,51, 0.153,278.55, 46.77, 31.82, 39.29,
1997,52, 0.151,278.42, 48.34, 30.92, 39.63,
1998, 1, 0.153,279.05, 46.06, 35.02, 40.54,
1998, 2, 0.156,279.98, 49.46, 34.27, 41.86,
1998, 3, 0.161,280.66, 52.53, 35.17, 43.85,
1998, 4, 0.165,282.01, 55.55, 32.24, 43.90,
1998, 5, 0.172,283.90, 60.53, 25.74, 43.14,
1998, 6, 0.178,285.00, 63.53, 26.54, 45.03,
1998, 7, 0.182,285.95, 61.50, 33.01, 47.25,
1998, 8, 0.187,286.78, 57.32, 42.19, 49.75,
1998, 9, 0.193,287.76, 53.68, 49.56, 51.62,
1998,10, 0.201,289.11, 51.98, 49.82, 50.90,
1998,11, 0.212,290.44, 52.91, 46.96, 49.94,
1998,12, 0.228,291.69, 56.03, 45.24, 50.63,
1998,13, 0.249,293.22, 60.13, 42.00, 51.06,
1998,14, 0.271,294.69, 63.68, 39.47, 51.57,
1998,15, 0.294,295.92, 63.24, 41.22, 52.23,
1998,16, 0.314,296.76, 65.09, 44.48, 54.78,
1998,17, 0.333,297.82, 66.54, 44.49, 55.52,
1998,18, 0.353,299.26, 69.04, 37.09, 53.07,
1998,19, 0.369,300.34, 70.96, 33.31, 52.14,
1998,20, 0.380,301.06, 72.57, 34.20, 53.39,
1998,21, 0.386,301.73, 71.84, 35.72, 53.78,
1998,22, 0.390,302.56, 72.27, 34.18, 53.22,
1998,23, 0.387,303.01, 70.30, 35.90, 53.10,
1998,24, 0.382,303.14, 67.39, 42.25, 54.82,
1998,25, 0.381,303.22, 66.47, 49.70, 58.08,
1998,26, 0.383,303.38, 66.99, 54.62, 60.80,
1998,27, 0.384,303.29, 67.22, 60.81, 64.02,
1998,28, 0.385,302.89, 67.58, 68.22, 67.90,
1998,29, 0.388,302.45, 69.18, 73.83, 71.51,
1998,30, 0.394,302.35, 71.92, 74.60, 73.26,
1998,31, 0.397,302.58, 74.23, 70.47, 72.35,
1998,32, 0.395,303.02, 74.21, 62.01, 68.11,
1998,33, 0.390,303.58, 74.28, 50.82, 62.55,
1998,34, 0.382,304.22, 73.54, 36.90, 55.22,
1998,35, 0.370,304.80, 71.54, 23.40, 47.47,
1998,36, 0.352,304.53, 67.06, 18.74, 42.90,
1998,37, 0.332,303.58, 61.40, 18.00, 39.70,
1998,38, 0.316,302.09, 58.72, 20.35, 39.54,
1998,39, 0.303,300.24, 58.57, 26.26, 42.41,
1998,40, 0.291,298.22, 59.51, 35.79, 47.65,
1998,41, 0.279,296.33, 61.09, 41.26, 51.17,
1998,42, 0.267,294.51, 61.77, 42.19, 51.98,
1998,43, 0.255,292.70, 61.21, 40.33, 50.77,
1998,44, 0.243,290.93, 60.12, 36.33, 48.22,
1998,45, 0.233,289.22, 60.36, 33.49, 46.93,
1998,46, 0.227,287.51, 63.50, 31.96, 47.73,
1998,47, 0.224,286.15, 68.18, 27.38, 47.78,
1998,48, 0.221,285.31, 72.07, 18.66, 45.37,
1998,49, 0.216,284.11, 73.38, 15.35, 44.37,
1998,50, 0.209,282.96, 74.55, 12.93, 43.74,
1998,51, 0.204,281.99, 75.07, 14.20, 44.64,
1998,52, 0.198,281.47, 74.10, 16.75, 45.43,
1999, 1, 0.191,281.47, 69.46, 21.41, 45.43,
1999, 2, 0.186,281.82, 67.90, 23.49, 45.70,
1999, 3, 0.184,282.35, 67.33, 24.28, 45.81,
1999, 4, 0.184,283.16, 68.28, 24.71, 46.49,
1999, 5, 0.188,284.44, 71.70, 22.49, 47.09,
1999, 6, 0.193,285.57, 74.17, 23.24, 48.70,
1999, 7, 0.200,286.58, 74.41, 28.42, 51.42,
1999, 8, 0.208,287.69, 74.78, 33.54, 54.16,
1999, 9, 0.217,288.86, 75.97, 37.70, 56.84,
1999,10, 0.226,289.76, 75.43, 42.27, 58.85,
1999,11, 0.239,290.58, 76.76, 45.51, 61.14,
1999,12, 0.256,291.60, 79.50, 46.36, 62.93,
1999,13, 0.274,292.40, 78.67, 49.48, 64.07,
1999,14, 0.291,292.99, 77.38, 54.75, 66.07,
1999,15, 0.308,293.64, 71.84, 62.47, 67.16,
1999,16, 0.326,294.12, 71.54, 70.14, 70.84,
1999,17, 0.344,294.70, 72.26, 75.85, 74.06,
1999,18, 0.363,295.35, 74.29, 78.75, 76.52,
1999,19, 0.381,296.24, 77.85, 79.12, 78.49,
1999,20, 0.396,297.17, 82.26, 73.09, 77.68,
1999,21, 0.403,297.87, 82.83, 75.40, 79.12,
1999,22, 0.404,298.38, 81.12, 76.69, 78.90,
1999,23, 0.399,298.75, 77.53, 80.29, 78.91,
1999,24, 0.396,299.14, 75.78, 84.00, 79.89,
1999,25, 0.399,299.56, 76.81, 87.74, 82.28,
1999,26, 0.404,300.09, 78.74, 89.49, 84.12,
1999,27, 0.408,300.64, 80.21, 88.22, 84.22,
1999,28, 0.410,301.19, 80.71, 84.78, 82.75,
1999,29, 0.411,301.70, 80.98, 80.11, 80.54,
1999,30, 0.411,301.87, 80.97, 78.40, 79.69,
1999,31, 0.410,301.93, 80.71, 76.83, 78.77,
1999,32, 0.409,302.09, 81.43, 72.07, 76.75,
1999,33, 0.404,302.04, 81.70, 68.52, 75.11,
1999,34, 0.395,301.76, 80.45, 65.70, 73.08,
1999,35, 0.381,300.98, 77.92, 67.32, 72.62,
1999,36, 0.367,299.79, 75.63, 72.74, 74.19,
1999,37, 0.351,298.24, 72.94, 77.60, 75.27,
1999,38, 0.335,296.95, 70.77, 78.67, 74.72,
1999,39, 0.318,296.10, 68.19, 74.51, 71.35,
1999,40, 0.297,295.04, 64.19, 72.92, 68.56,
1999,41, 0.276,293.97, 59.83, 69.49, 64.66,
1999,42, 0.259,292.92, 56.20, 61.37, 58.79,
1999,43, 0.245,291.85, 54.13, 50.89, 52.51,
1999,44, 0.232,290.86, 52.39, 38.20, 45.30,
1999,45, 0.220,289.89, 50.58, 28.10, 39.34,
1999,46, 0.211,288.62, 50.53, 23.49, 37.01,
1999,47, 0.203,287.06, 51.25, 21.28, 36.26,
1999,48, 0.197,284.79, 54.29, 22.74, 38.52,
1999,49, 0.191,282.47, 56.59, 26.60, 41.59,
1999,50, 0.187,281.06, 59.79, 26.27, 43.03,
1999,51, 0.183,280.57, 61.75, 23.33, 42.54,
1999,52, 0.179,280.60, 62.36, 20.92, 41.64,
2000, 1, 0.177,280.51, 60.33, 26.71, 43.52,
2000, 2, 0.174,280.64, 60.28, 30.55, 45.42,
2000, 3, 0.172,280.70, 60.18, 35.28, 47.73,
2000, 4, 0.173,281.06, 60.58, 38.58, 49.58,
2000, 5, 0.173,281.76, 61.11, 40.35, 50.73,
2000, 6, 0.176,283.00, 61.86, 40.56, 51.21,
2000, 7, 0.182,284.30, 60.33, 44.93, 52.63,
2000, 8, 0.189,285.45, 58.92, 51.26, 55.09,
2000, 9, 0.199,286.47, 58.09, 58.08, 58.09,
2000,10, 0.210,287.30, 59.13, 64.69, 61.91,
2000,11, 0.225,288.31, 62.23, 65.89, 64.06,
2000,12, 0.242,289.63, 65.88, 63.72, 64.80,
2000,13, 0.260,290.86, 66.92, 63.38, 65.15,
2000,14, 0.278,292.05, 67.23, 63.71, 65.47,
2000,15, 0.296,293.35, 64.05, 65.78, 64.91,
2000,16, 0.314,294.45, 64.63, 67.60, 66.11,
2000,17, 0.330,295.41, 64.77, 69.44, 67.10,
2000,18, 0.344,296.40, 63.83, 68.56, 66.19,
2000,19, 0.357,297.55, 63.69, 65.73, 64.71,
2000,20, 0.367,298.72, 66.06, 59.59, 62.83,
2000,21, 0.372,299.85, 64.98, 56.81, 60.89,
2000,22, 0.372,300.62, 62.98, 55.34, 59.16,
2000,23, 0.369,301.10, 60.84, 56.83, 58.83,
2000,24, 0.365,301.43, 58.84, 60.97, 59.91,
2000,25, 0.363,301.77, 56.96, 65.47, 61.22,
2000,26, 0.362,301.96, 56.15, 70.37, 63.26,
2000,27, 0.361,302.12, 54.98, 73.39, 64.19,
2000,28, 0.359,302.38, 54.05, 73.40, 63.73,
2000,29, 0.356,302.61, 51.88, 71.68, 61.78,
2000,30, 0.348,302.73, 48.03, 69.98, 59.00,
2000,31, 0.338,303.00, 43.59, 65.24, 54.41,
2000,32, 0.328,303.38, 39.97, 57.34, 48.65,
2000,33, 0.315,304.01, 36.29, 45.37, 40.83,
2000,34, 0.300,304.28, 31.78, 36.05, 33.91,
2000,35, 0.284,304.15, 27.09, 30.98, 29.04,
2000,36, 0.265,303.73, 21.83, 28.03, 24.93,
2000,37, 0.251,302.86, 18.93, 26.37, 22.65,
2000,38, 0.242,302.12, 18.44, 20.95, 19.70,
2000,39, 0.232,301.06, 17.92, 18.12, 18.02,
2000,40, 0.219,299.54, 17.00, 21.40, 19.20,
2000,41, 0.206,297.58, 15.76, 27.16, 21.46,
2000,42, 0.187,295.36, 11.99, 32.81, 22.40,
2000,43, 0.169,292.41,  9.55, 43.18, 26.36,
2000,44, 0.154,289.47,  8.67, 51.17, 29.92,
2000,45, 0.145,286.52,  9.46, 57.33, 33.40,
2000,46, 0.139,284.21, 11.49, 58.36, 34.93,
2000,47, 0.132,282.02, 13.21, 58.47, 35.84,
2000,48, 0.124,279.67, 15.25, 56.16, 35.71,
2000,49, 0.115,277.82, 16.26, 55.70, 35.98,
2000,50, 0.111,276.52, 19.18, 54.73, 36.95,
2000,51, 0.115,276.14, 24.49, 50.44, 37.47,
2000,52, 0.120,276.02, 30.06, 47.96, 39.01,
2001, 1, 0.125,275.75, 29.60, 56.72, 43.16,
2001, 2, 0.129,276.32, 33.39, 57.08, 45.23,
2001, 3, 0.128,276.64, 32.73, 59.02, 45.88,
2001, 4, 0.126,276.58, 31.74, 63.31, 47.53,
2001, 5, 0.122,276.54, 30.17, 67.47, 48.82,
2001, 6, 0.121,277.13, 28.86, 69.67, 49.27,
2001, 7, 0.123,278.59, 25.03, 72.95, 48.99,
2001, 8, 0.129,280.73, 22.04, 74.88, 48.46,
2001, 9, 0.139,282.51, 20.61, 78.80, 49.70,
2001,10, 0.153,285.09, 21.31, 76.32, 48.81,
2001,11, 0.169,287.57, 23.53, 68.73, 46.13,
2001,12, 0.190,289.81, 29.17, 60.60, 44.89,
2001,13, 0.215,291.77, 37.20, 54.86, 46.03,
2001,14, 0.241,293.58, 45.25, 49.64, 47.44,
2001,15, 0.269,295.27, 49.51, 47.45, 48.48,
2001,16, 0.294,296.67, 54.67, 45.28, 49.97,
2001,17, 0.320,297.82, 60.22, 43.95, 52.08,
2001,18, 0.342,298.81, 63.26, 41.61, 52.44,
2001,19, 0.358,299.58, 64.69, 41.31, 53.00,
2001,20, 0.369,300.28, 67.50, 41.13, 54.32,
2001,21, 0.376,300.96, 67.22, 42.86, 55.04,
2001,22, 0.380,301.52, 67.03, 44.25, 55.64,
2001,23, 0.382,302.27, 67.80, 43.04, 55.42,
2001,24, 0.381,302.97, 67.42, 43.17, 55.30,
2001,25, 0.379,303.71, 65.60, 43.37, 54.48,
2001,26, 0.375,304.46, 62.47, 41.79, 52.13,
2001,27, 0.369,304.89, 59.01, 42.37, 50.69,
2001,28, 0.365,305.06, 56.71, 43.85, 50.28,
2001,29, 0.364,305.22, 56.25, 43.37, 49.81,
2001,30, 0.365,305.35, 56.91, 41.26, 49.08,
2001,31, 0.364,305.33, 57.34, 39.37, 48.36,
2001,32, 0.362,305.05, 57.30, 39.16, 48.23,
2001,33, 0.360,304.71, 58.69, 38.88, 48.78,
2001,34, 0.355,304.06, 59.60, 40.27, 49.94,
2001,35, 0.351,303.14, 61.29, 43.64, 52.47,
2001,36, 0.346,301.92, 63.59, 49.22, 56.40,
2001,37, 0.339,300.84, 65.58, 49.11, 57.34,
2001,38, 0.330,299.79, 67.31, 46.71, 57.01,
2001,39, 0.319,298.54, 68.62, 45.97, 57.29,
2001,40, 0.307,297.24, 70.69, 47.02, 58.85,
2001,41, 0.297,296.05, 73.91, 44.38, 59.15,
2001,42, 0.286,295.02, 75.29, 36.15, 55.72,
2001,43, 0.274,294.04, 75.56, 25.38, 50.47,
2001,44, 0.261,292.83, 74.61, 16.19, 45.40,
2001,45, 0.254,291.38, 75.76, 13.07, 44.42,
2001,46, 0.248,289.68, 78.01, 13.13, 45.57,
2001,47, 0.245,287.90, 81.20, 13.28, 47.24,
2001,48, 0.243,286.23, 84.85, 11.74, 48.30,
2001,49, 0.242,284.65, 87.78, 10.74, 49.26,
2001,50, 0.236,282.71, 89.50, 12.99, 51.24,
2001,51, 0.231,281.37, 90.45, 16.70, 53.57,
2001,52, 0.228,281.66, 91.59, 14.19, 52.89,
2002, 1, 0.224,281.81, 89.44, 17.95, 53.70,
2002, 2, 0.218,282.04, 88.65, 20.81, 54.73,
2002, 3, 0.213,282.40, 86.90, 23.22, 55.06,
2002, 4, 0.207,283.07, 83.96, 24.67, 54.31,
2002, 5, 0.202,283.63, 81.77, 27.39, 54.58,
2002, 6, 0.197,284.42, 78.28, 30.99, 54.64,
2002, 7, 0.195,285.21, 71.68, 39.23, 55.46,
2002, 8, 0.195,286.49, 65.45, 44.89, 55.17,
2002, 9, 0.196,288.10, 58.67, 46.54, 52.60,
2002,10, 0.199,289.28, 52.10, 48.52, 50.31,
2002,11, 0.200,289.97, 44.50, 51.61, 48.06,
2002,12, 0.208,291.78, 41.65, 44.67, 43.16,
2002,13, 0.220,294.34, 40.53, 32.21, 36.37,
2002,14, 0.234,296.07, 39.13, 27.38, 33.25,
2002,15, 0.251,297.19, 37.90, 30.24, 34.07,
2002,16, 0.271,298.14, 40.54, 32.48, 36.51,
2002,17, 0.290,299.01, 42.42, 34.39, 38.40,
2002,18, 0.305,299.47, 41.94, 38.12, 40.03,
2002,19, 0.316,300.20, 40.65, 39.35, 40.00,
2002,20, 0.323,300.86, 41.70, 40.58, 41.14,
2002,21, 0.327,301.68, 38.61, 40.40, 39.51,
2002,22, 0.327,302.67, 35.89, 36.39, 36.14,
2002,23, 0.324,303.32, 32.74, 35.27, 34.00,
2002,24, 0.318,303.99, 29.03, 34.82, 31.92,
2002,25, 0.311,304.54, 23.85, 36.09, 29.97,
2002,26, 0.304,304.85, 19.92, 38.56, 29.24,
2002,27, 0.299,305.28, 18.38, 38.68, 28.53,
2002,28, 0.297,305.77, 18.64, 36.39, 27.51,
2002,29, 0.295,306.24, 19.46, 32.52, 25.99,
2002,30, 0.296,306.22, 21.05, 31.55, 26.30,
2002,31, 0.297,305.85, 22.71, 33.15, 27.93,
2002,32, 0.297,305.32, 24.18, 35.05, 29.61,
2002,33, 0.295,304.54, 25.98, 38.78, 32.38,
2002,34, 0.296,303.81, 28.92, 40.67, 34.79,
2002,35, 0.297,303.20, 33.14, 40.86, 37.00,
2002,36, 0.295,302.07, 36.00, 45.89, 40.95,
2002,37, 0.292,300.86, 39.47, 47.84, 43.65,
2002,38, 0.291,299.91, 44.77, 44.65, 44.71,
2002,39, 0.288,298.33, 49.84, 47.73, 48.79,
2002,40, 0.281,296.14, 53.39, 59.28, 56.33,
2002,41, 0.271,294.11, 55.72, 66.56, 61.14,
2002,42, 0.259,292.09, 55.60, 69.22, 62.41,
2002,43, 0.248,290.37, 55.66, 65.66, 60.66,
2002,44, 0.240,288.86, 57.20, 57.79, 57.49,
2002,45, 0.231,287.39, 58.10, 50.09, 54.10,
2002,46, 0.225,286.37, 61.45, 41.33, 51.39,
2002,47, 0.223,285.61, 67.00, 31.66, 49.33,
2002,48, 0.221,284.70, 71.70, 23.33, 47.52,
2002,49, 0.214,283.26, 72.27, 21.33, 46.80,
2002,50, 0.209,282.28, 74.78, 18.30, 46.54,
2002,51, 0.209,282.28, 78.62, 13.14, 45.88,
2002,52, 0.208,282.25, 81.17, 12.28, 46.73,
2003, 1, 0.204,282.20, 78.10, 17.89, 47.99,
2003, 2, 0.198,282.15, 76.27, 22.32, 49.29,
2003, 3, 0.192,282.14, 73.94, 26.84, 50.39,
2003, 4, 0.190,282.90, 72.79, 27.24, 50.01,
2003, 5, 0.189,283.63, 73.08, 28.09, 50.58,
2003, 6, 0.188,284.06, 71.73, 34.12, 52.92,
2003, 7, 0.189,285.06, 67.58, 40.75, 54.17,
2003, 8, 0.195,286.42, 64.90, 45.55, 55.23,
2003, 9,-1.000, -1.00, -1.00, -1.00, -1.00,
2003,10, 0.211,289.59, 62.74, 44.52, 53.63,
2003,11, 0.226,291.62, 65.83, 35.83, 50.83,
2003,12, 0.247,293.56, 71.64, 29.21, 50.42,
2003,13, 0.270,295.03, 75.10, 26.81, 50.96,
2003,14, 0.292,296.06, 77.23, 27.92, 52.58,
2003,15, 0.312,296.75, 74.00, 33.67, 53.83,
2003,16, 0.332,297.17, 75.30, 40.10, 57.70,
2003,17, 0.351,297.64, 76.40, 45.88, 61.14,
2003,18, 0.366,297.84, 76.39, 52.28, 64.33,
2003,19, 0.378,298.07, 76.33, 58.29, 67.31,
2003,20, 0.384,298.52, 75.44, 59.29, 67.37,
2003,21, 0.386,299.07, 72.31, 62.96, 67.63,
2003,22, 0.383,299.73, 68.54, 62.92, 65.73,
2003,23, 0.377,300.50, 63.90, 61.78, 62.84,
2003,24, 0.371,301.50, 60.06, 58.79, 59.42,
2003,25, 0.366,302.52, 56.35, 56.11, 56.23,
2003,26, 0.361,303.53, 52.37, 52.26, 52.31,
2003,27, 0.353,304.69, 48.45, 44.82, 46.64,
2003,28, 0.345,305.57, 43.99, 39.00, 41.50,
2003,29, 0.334,305.96, 39.29, 36.09, 37.69,
2003,30, 0.324,306.12, 34.83, 33.21, 34.02,
2003,31, 0.315,305.78, 31.55, 34.58, 33.07,
2003,32, 0.307,305.28, 29.43, 36.32, 32.87,
2003,33, 0.300,304.65, 28.19, 38.46, 33.32,
2003,34, 0.298,303.67, 29.82, 43.02, 36.42,
2003,35, 0.300,302.64, 34.35, 47.66, 41.01,
2003,36, 0.305,301.60, 41.37, 51.51, 46.44,
2003,37, 0.310,300.50, 49.34, 51.90, 50.62,
2003,38, 0.312,299.38, 56.90, 50.70, 53.80,
2003,39, 0.311,298.35, 63.89, 48.00, 55.94,
2003,40, 0.307,297.78, 69.63, 41.14, 55.39,
2003,41, 0.299,296.87, 73.55, 36.36, 54.96,
2003,42, 0.290,295.69, 75.25, 31.51, 53.38,
2003,43, 0.277,294.21, 75.06, 27.40, 51.23,
2003,44, 0.268,292.26, 76.15, 26.12, 51.13,
2003,45, 0.260,290.27, 77.27, 26.33, 51.80,
2003,46, 0.251,288.00, 77.27, 30.09, 53.68,
2003,47, 0.243,285.56, 78.52, 34.46, 56.49,
2003,48, 0.236,283.50, 79.73, 33.57, 56.65,
2003,49, 0.228,281.99, 79.37, 32.52, 55.95,
2003,50, 0.218,280.65, 79.36, 33.09, 56.23,
2003,51, 0.209,279.51, 78.06, 35.59, 56.83,
2003,52, 0.203,279.10, 77.12, 36.79, 56.95,
2004, 1, 0.198,279.28, 74.46, 39.52, 56.99,
2004, 2,-1.000, -1.00, -1.00, -1.00, -1.00,
2004, 3,-1.000, -1.00, -1.00, -1.00, -1.00,
2004, 4,-1.000, -1.00, -1.00, -1.00, -1.00,
2004, 5, 0.159,278.08, 52.58, 62.61, 57.60,
2004, 6, 0.151,278.48, 45.41, 68.76, 57.08,
2004, 7, 0.150,279.66, 38.02, 74.45, 56.23,
2004, 8, 0.156,281.67, 33.04, 78.32, 55.68,
2004, 9, 0.161,283.29, 27.17, 82.11, 54.64,
2004,10, 0.164,284.69, 21.73, 84.38, 53.05,
2004,11,-1.000, -1.00, -1.00, -1.00, -1.00,
2004,12,-1.000, -1.00, -1.00, -1.00, -1.00,
2004,13,-1.000, -1.00, -1.00, -1.00, -1.00,
2004,14,-1.000, -1.00, -1.00, -1.00, -1.00,
2004,15,-1.000, -1.00, -1.00, -1.00, -1.00,
2004,16,-1.000, -1.00, -1.00, -1.00, -1.00,
2004,17,-1.000, -1.00, -1.00, -1.00, -1.00,
2004,18,-1.000, -1.00, -1.00, -1.00, -1.00,
2004,19,-1.000, -1.00, -1.00, -1.00, -1.00,
2004,20,-1.000, -1.00, -1.00, -1.00, -1.00,
2004,21,-1.000, -1.00, -1.00, -1.00, -1.00,
2004,22,-1.000, -1.00, -1.00, -1.00, -1.00,
2004,23,-1.000, -1.00, -1.00, -1.00, -1.00,
2004,24,-1.000, -1.00, -1.00, -1.00, -1.00,
2004,25, 0.354,302.41, 51.78, 56.81, 54.30,
2004,26, 0.361,302.32, 55.99, 63.47, 59.73,
2004,27, 0.378,302.66, 65.16, 65.75, 65.45,
2004,28, 0.390,302.69, 71.63, 68.76, 70.20,
2004,29,-1.000, -1.00, -1.00, -1.00, -1.00,
2004,30, 0.405,302.55, 78.40, 71.62, 75.01,
2004,31, 0.407,302.23, 79.49, 73.80, 76.65,
2004,32, 0.406,301.98, 79.92, 73.45, 76.69,
2004,33, 0.405,301.62, 81.10, 73.23, 77.17,
2004,34, 0.398,301.55, 81.05, 68.28, 74.66,
2004,35, 0.386,301.44, 79.40, 62.34, 70.87,
2004,36, 0.369,300.71, 76.14, 62.39, 69.26,
2004,37, 0.354,300.07, 73.79, 57.22, 65.51,
2004,38, 0.336,298.90, 71.04, 56.21, 63.62,
2004,39, 0.316,297.22, 66.77, 60.27, 63.52,
2004,40, 0.295,295.55, 62.78, 65.15, 63.97,
2004,41, 0.280,294.19, 62.41, 64.66, 63.54,
2004,42, 0.269,292.61, 63.28, 62.32, 62.80,
2004,43, 0.259,290.94, 63.96, 58.74, 61.35,
2004,44, 0.249,288.95, 64.25, 56.49, 60.37,
2004,45, 0.241,286.56, 65.04, 57.46, 61.25,
2004,46, 0.232,283.70, 64.86, 63.76, 64.31,
2004,47, 0.226,281.72, 66.34, 62.11, 64.22,
2004,48, 0.223,280.80, 70.67, 49.77, 60.22,
2004,49, 0.222,280.14, 74.42, 41.98, 58.20,
2004,50, 0.218,279.42, 77.28, 38.16, 57.72,
2004,51, 0.211,278.74, 77.44, 36.53, 56.98,
2004,52, 0.202,277.73, 75.33, 39.91, 57.62,
2005, 1, 0.193,277.51, 69.81, 46.48, 58.14,
2005, 2, 0.188,277.73, 68.79, 49.26, 59.02,
2005, 3, 0.187,278.64, 68.87, 48.28, 58.57,
2005, 4, 0.190,280.14, 70.57, 44.60, 57.58,
2005, 5, 0.194,281.85, 73.99, 40.10, 57.04,
2005, 6, 0.201,283.69, 77.61, 36.66, 57.13,
2005, 7, 0.209,285.38, 78.55, 38.08, 58.31,
2005, 8, 0.218,286.97, 79.37, 40.42, 59.90,
2005, 9, 0.230,288.96, 81.99, 37.62, 59.81,
2005,10, 0.243,290.27, 83.30, 38.13, 60.71,
2005,11, 0.256,291.39, 83.33, 38.28, 60.81,
2005,12, 0.272,292.37, 82.87, 39.37, 61.12,
2005,13, 0.292,293.22, 82.84, 41.96, 62.40,
2005,14, 0.312,294.32, 83.38, 42.69, 63.04,
2005,15, 0.329,295.12, 79.33, 48.69, 64.01,
2005,16, 0.344,295.65, 78.44, 55.47, 66.95,
2005,17,-1.000, -1.00, -1.00, -1.00, -1.00,
2005,18, 0.372,296.63, 77.63, 65.63, 71.63,
2005,19, 0.380,297.55, 75.98, 64.95, 70.46,
2005,20, 0.344,295.06, 50.59, 94.36, 72.47,
2005,21, 0.386,299.15, 72.44, 62.85, 67.65,
2005,22, 0.388,299.95, 71.66, 61.23, 66.44,
2005,23, 0.389,300.86, 72.60, 58.58, 65.59,
2005,24, 0.390,301.71, 72.95, 57.06, 65.00,
2005,25, 0.390,302.74, 72.42, 53.80, 63.11,
2005,26, 0.390,303.55, 71.88, 51.54, 61.71,
2005,27, 0.390,304.26, 71.26, 49.13, 60.20,
2005,28, 0.388,304.80, 69.66, 46.84, 58.25,
2005,29, 0.387,304.74, 68.39, 47.92, 58.15,
2005,30, 0.384,305.48, 67.25, 39.72, 53.48,
2005,31, 0.380,305.56, 65.36, 36.69, 51.02,
2005,32, 0.374,305.30, 63.80, 36.14, 49.97,
2005,33, 0.370,304.47, 63.91, 40.80, 52.35,
2005,34, 0.365,303.58, 65.01, 44.62, 54.82,
2005,35, 0.362,303.11, 67.42, 42.78, 55.10,
2005,36, 0.358,302.48, 70.13, 41.78, 55.96,
2005,37, 0.349,301.71, 71.57, 38.54, 55.06,
2005,38, 0.337,300.90, 71.56, 33.70, 52.63,
2005,39, 0.325,299.67, 72.04, 32.79, 52.41,
2005,40, 0.311,298.33, 72.56, 34.57, 53.56,
2005,41, 0.298,296.86, 73.63, 35.21, 54.42,
2005,42, 0.284,295.05, 73.05, 36.09, 54.57,
2005,43, 0.272,293.19, 73.26, 34.84, 54.05,
2005,44, 0.263,291.51, 74.28, 30.26, 52.27,
2005,45, 0.255,289.83, 75.49, 27.82, 51.65,
2005,46, 0.249,288.12, 77.59, 27.26, 52.43,
2005,47, 0.243,286.16, 79.22, 28.40, 53.81,
2005,48, 0.236,284.44, 80.60, 25.60, 53.10,
2005,49, 0.230,283.02, 80.75, 22.84, 51.80,
2005,50, 0.225,282.37, 83.20, 17.08, 50.14,
2005,51, 0.222,282.44, 85.19, 11.39, 48.29,
2005,52, 0.222,282.99, 87.60,  7.50, 47.55,
2006, 1, 0.223,283.77, 90.88,  5.09, 47.98,
2006, 2, 0.224,284.60, 93.28,  4.11, 48.69,
2006, 3, 0.224,285.06, 95.20,  5.24, 50.22,
2006, 4, 0.225,285.74, 96.60,  6.39, 51.49,
2006, 5, 0.223,286.32, 96.45,  8.36, 52.41,
2006, 6, 0.222,287.45, 95.76,  8.64, 52.20,
2006, 7, 0.225,289.27, 94.42,  7.43, 50.92,
2006, 8, 0.226,290.76, 91.43,  7.82, 49.63,
2006, 9, 0.229,292.07, 88.24,  8.93, 48.59,
2006,10, 0.233,292.87, 84.20, 13.01, 48.60,
2006,11, 0.239,293.65, 79.10, 17.00, 48.05,
2006,12, 0.248,294.47, 74.74, 20.35, 47.55,
2006,13, 0.262,295.45, 71.73, 21.59, 46.66,
2006,14, 0.278,296.81, 70.17, 19.56, 44.87,
2006,15, 0.293,298.10, 63.85, 20.11, 41.98,
2006,16, 0.307,299.24, 62.10, 19.51, 40.81,
2006,17, 0.321,300.23, 60.68, 19.73, 40.21,
2006,18, 0.330,300.58, 56.49, 23.64, 40.07,
2006,19, 0.336,301.39, 51.82, 22.98, 37.40,
2006,20, 0.340,302.58, 50.48, 20.68, 35.58,
2006,21, 0.342,303.64, 46.84, 17.65, 32.25,
2006,22, 0.342,304.56, 44.10, 14.89, 29.49,
2006,23, 0.340,304.84, 41.87, 17.28, 29.58,
2006,24, 0.337,304.88, 39.74, 23.36, 31.55,
2006,25, 0.336,305.04, 38.87, 29.05, 33.96,
2006,26, 0.338,305.21, 40.06, 33.16, 36.61,
2006,27, 0.339,305.48, 41.43, 35.48, 38.46,
2006,28, 0.340,305.74, 42.51, 36.21, 39.36,
2006,29, 0.339,305.65, 42.93, 38.48, 40.71,
2006,30, 0.337,305.53, 42.26, 38.95, 40.60,
2006,31, 0.334,304.98, 41.57, 42.90, 42.23,
2006,32, 0.332,304.22, 41.95, 47.95, 44.95,
2006,33, 0.331,303.48, 43.58, 51.66, 47.62,
2006,34, 0.333,302.58, 47.77, 55.81, 51.79,
2006,35, 0.336,301.75, 53.19, 58.52, 55.86,
2006,36, 0.336,300.99, 57.92, 59.26, 58.59,
2006,37, 0.333,300.25, 61.87, 55.36, 58.62,
2006,38, 0.325,299.58, 64.07, 48.89, 56.48,
2006,39, 0.313,298.25, 64.98, 49.50, 57.24,
2006,40, 0.299,296.63, 65.31, 54.21, 59.76,
2006,41, 0.285,295.09, 65.35, 55.67, 60.51,
2006,42, 0.270,293.56, 64.13, 52.88, 58.50,
2006,43, 0.257,292.44, 62.81, 43.33, 53.07,
2006,44, 0.245,291.37, 62.15, 31.63, 46.89,
2006,45, 0.235,289.94, 61.96, 26.19, 44.08,
2006,46, 0.226,288.83, 61.83, 19.71, 40.77,
2006,47, 0.217,287.40, 61.83, 16.18, 39.00,
2006,48, 0.206,285.45, 61.28, 15.64, 38.46,
2006,49, 0.195,283.52, 59.58, 15.70, 37.64,
2006,50, 0.185,281.47, 59.26, 17.06, 38.16,
2006,51, 0.172,279.31, 56.08, 23.24, 39.66,
2006,52, 0.158,277.45, 51.55, 30.81, 41.18,
2007, 1, 0.146,276.08, 43.59, 47.86, 45.72,
2007, 2, 0.136,275.31, 39.43, 57.03, 48.23,
2007, 3, 0.125,274.54, 33.78, 67.33, 50.55,
2007, 4, 0.119,274.86, 29.84, 70.52, 50.18,
2007, 5, 0.118,275.52, 28.73, 72.72, 50.72,
2007, 6, 0.126,276.89, 31.43, 72.16, 51.79,
2007, 7, 0.142,279.37, 34.88, 70.68, 52.78,
2007, 8, 0.158,282.20, 37.42, 68.18, 52.80,
2007, 9, 0.175,284.96, 40.64, 64.72, 52.68,
2007,10, 0.196,287.75, 49.05, 57.40, 53.22,
2007,11, 0.219,289.89, 59.76, 50.52, 55.14,
2007,12, 0.244,291.51, 70.48, 46.49, 58.49,
2007,13, 0.274,292.97, 78.71, 43.85, 61.28,
2007,14, 0.295,293.93, 80.28, 45.77, 63.03,
2007,15, 0.314,294.87, 75.83, 50.35, 63.09,
2007,16, 0.330,296.03, 74.62, 50.40, 62.51,
2007,17, 0.342,297.08, 71.52, 50.44, 60.98,
2007,18, 0.352,297.59, 68.11, 53.97, 61.04,
2007,19, 0.361,298.04, 64.94, 57.96, 61.45,
2007,20, 0.369,298.49, 65.50, 59.64, 62.57,
2007,21, 0.374,299.02, 63.76, 63.30, 63.53,
2007,22, 0.372,299.54, 59.95, 64.63, 62.29,
2007,23, 0.370,300.33, 57.43, 63.39, 60.41,
2007,24, 0.366,300.63, 54.30, 68.59, 61.45,
2007,25, 0.368,301.33, 55.35, 69.26, 62.31,
2007,26, 0.371,302.23, 57.31, 66.24, 61.77,
2007,27, 0.369,302.58, 56.21, 67.93, 62.07,
2007,28, 0.369,303.08, 57.11, 65.61, 61.36,
2007,29, 0.372,303.70, 58.98, 59.60, 59.29,
2007,30, 0.370,303.86, 58.46, 57.34, 57.90,
2007,31, 0.368,303.95, 58.21, 54.48, 56.35,
2007,32, 0.365,303.93, 58.15, 51.35, 54.75,
2007,33, 0.363,304.13, 60.08, 44.62, 52.35,
2007,34, 0.360,304.07, 61.71, 38.98, 50.35,
2007,35, 0.352,303.66, 61.74, 36.76, 49.25,
2007,36, 0.342,303.09, 61.68, 35.18, 48.43,
2007,37, 0.332,302.27, 61.97, 32.57, 47.27,
2007,38, 0.323,301.50, 63.40, 26.77, 45.09,
2007,39, 0.312,300.64, 64.97, 21.30, 43.13,
2007,40, 0.300,299.32, 66.48, 22.95, 44.71,
2007,41, 0.291,297.73, 70.12, 25.15, 47.63,
2007,42, 0.281,296.09, 72.09, 25.09, 48.59,
2007,43, 0.269,294.13, 71.99, 26.41, 49.20,
2007,44, 0.256,292.05, 70.93, 26.56, 48.74,
2007,45, 0.245,289.98, 69.93, 28.43, 49.18,
2007,46, 0.233,287.65, 68.24, 32.63, 50.44,
2007,47, 0.220,285.14, 65.97, 36.51, 51.24,
2007,48, 0.206,282.59, 63.32, 36.99, 50.16,
2007,49, 0.189,280.31, 59.21, 37.88, 48.54,
2007,50, 0.172,278.28, 55.29, 38.81, 47.05,
2007,51, 0.159,276.90, 52.14, 39.35, 45.75,
2007,52, 0.154,276.58, 51.63, 38.36, 44.99,
2008, 1, 0.155,277.13, 50.09, 43.30, 46.69,
2008, 2, 0.160,277.94, 53.79, 44.33, 49.06,
2008, 3, 0.164,278.84, 57.16, 45.14, 51.15,
2008, 4, 0.167,279.69, 58.66, 46.49, 52.57,
2008, 5, 0.170,280.66, 60.88, 47.50, 54.19,
2008, 6, 0.174,281.52, 62.04, 51.40, 56.72,
2008, 7, 0.178,282.62, 59.78, 59.04, 59.41,
2008, 8, 0.185,284.28, 57.91, 63.62, 60.77,
2008, 9, 0.191,286.12, 54.64, 64.41, 59.52,
2008,10, 0.198,288.13, 52.14, 59.04, 55.59,
2008,11, 0.207,290.04, 50.94, 50.46, 50.70,
2008,12, 0.216,291.88, 49.00, 43.43, 46.21,
2008,13, 0.229,293.42, 46.79, 40.28, 43.54,
2008,14, 0.246,294.77, 47.18, 39.00, 43.09,
2008,15, 0.264,295.85, 45.62, 42.60, 44.11,
2008,16, 0.284,296.88, 47.72, 44.39, 46.06,
2008,17, 0.305,297.93, 50.84, 44.82, 47.83,
2008,18, 0.324,298.93, 52.58, 42.87, 47.73,
2008,19, 0.340,299.58, 53.83, 44.67, 49.25,
2008,20, 0.354,300.42, 57.97, 42.87, 50.42,
2008,21, 0.366,301.23, 61.24, 43.10, 52.17,
2008,22, 0.376,302.04, 65.07, 41.45, 53.26,
2008,23, 0.381,302.67, 68.63, 41.22, 54.93,
2008,24, 0.384,303.25, 71.46, 42.51, 56.98,
2008,25, 0.384,303.69, 71.43, 45.68, 58.55,
2008,26, 0.384,303.94, 70.49, 49.47, 59.98,
2008,27, 0.385,304.21, 70.28, 51.53, 60.90,
2008,28, 0.385,304.31, 69.45, 53.36, 61.41,
2008,29, 0.385,304.19, 68.62, 55.72, 62.17,
2008,30, 0.386,303.79, 68.63, 59.51, 64.07,
2008,31, 0.386,303.38, 69.34, 62.14, 65.74,
2008,32, 0.384,302.86, 69.24, 64.77, 67.00,
2008,33, 0.382,302.31, 70.55, 66.90, 68.72,
2008,34, 0.381,301.62, 73.62, 68.58, 71.10,
2008,35, 0.380,301.02, 77.51, 67.68, 72.59,
2008,36, 0.375,300.43, 80.12, 65.74, 72.93,
2008,37, 0.367,300.03, 81.95, 57.73, 69.84,
2008,38, 0.353,299.30, 81.46, 52.02, 66.74,
2008,39, 0.338,298.11, 81.20, 50.92, 66.06,
2008,40, 0.325,296.85, 82.38, 51.61, 67.00,
2008,41, 0.311,295.07, 83.02, 55.80, 69.41,
2008,42, 0.294,293.17, 80.85, 57.67, 69.26,
2008,43, 0.278,291.18, 78.75, 57.67, 68.21,
2008,44, 0.263,289.20, 75.87, 55.29, 65.58,
2008,45, 0.250,287.71, 73.09, 48.00, 60.54,
2008,46, 0.239,286.63, 72.24, 39.89, 56.07,
2008,47, 0.232,285.28, 73.05, 34.90, 53.98,
2008,48, 0.225,284.08, 75.02, 27.58, 51.30,
2008,49, 0.219,282.83, 75.51, 23.91, 49.71,
2008,50, 0.212,282.06, 77.01, 19.03, 48.02,
2008,51, 0.206,281.78, 77.63, 15.35, 46.49,
2008,52, 0.202,281.56, 77.84, 15.30, 46.57,
2009, 1, 0.199,281.68, 76.50, 18.99, 47.75,
2009, 2, 0.197,282.21, 76.62, 20.52, 48.57,
2009, 3, 0.195,283.22, 77.06, 18.91, 47.99,
2009, 4, 0.196,284.74, 77.95, 14.83, 46.39,
2009, 5, 0.195,285.58, 78.42, 15.72, 47.07,
2009, 6, 0.196,286.22, 78.51, 20.18, 49.34,
2009, 7, 0.200,287.37, 76.26, 24.61, 50.43,
2009, 8, 0.203,288.65, 72.77, 28.23, 50.50,
2009, 9, 0.206,289.93, 67.84, 30.62, 49.23,
2009,10, 0.210,291.13, 62.73, 30.26, 46.50,
2009,11, 0.216,292.10, 58.63, 31.30, 44.97,
2009,12, 0.225,293.30, 55.89, 30.77, 43.33,
2009,13, 0.235,294.17, 51.69, 33.25, 42.47,
2009,14, 0.246,294.80, 47.38, 38.05, 42.71,
2009,15, 0.258,295.75, 42.06, 42.39, 42.22,
2009,16, 0.274,296.96, 41.57, 41.81, 41.69,
2009,17, 0.291,298.16, 42.60, 39.98, 41.29,
2009,18, 0.311,298.94, 44.95, 40.03, 42.49,
2009,19, 0.330,299.43, 46.97, 43.30, 45.14,
2009,20, 0.346,300.03, 52.50, 44.62, 48.56,
2009,21, 0.357,300.67, 54.39, 46.28, 50.33,
2009,22, 0.367,301.20, 58.14, 47.16, 52.65,
2009,23, 0.376,301.80, 63.38, 47.23, 55.31,
2009,24, 0.384,302.25, 69.20, 50.35, 59.78,
2009,25, 0.393,302.63, 74.40, 54.71, 64.55,
2009,26, 0.400,303.07, 78.17, 56.74, 67.46,
2009,27, 0.405,303.21, 80.37, 60.63, 70.50,
2009,28, 0.409,303.27, 81.97, 63.55, 72.76,
2009,29, 0.412,303.07, 82.57, 67.12, 74.85,
2009,30, 0.411,302.58, 81.77, 72.22, 76.99,
2009,31, 0.411,302.26, 81.74, 74.36, 78.05,
2009,32, 0.409,302.17, 82.15, 72.26, 77.20,
2009,33, 0.401,301.44, 80.44, 76.51, 78.48,
2009,34, 0.387,300.40, 76.38, 82.29, 79.34,
2009,35, 0.369,299.35, 71.48, 86.34, 78.91,
2009,36, 0.351,298.41, 66.51, 88.42, 77.47,
2009,37, 0.333,297.37, 62.69, 87.29, 74.99,
2009,38, 0.318,296.51, 60.75, 83.76, 72.25,
2009,39, 0.301,295.31, 57.95, 83.70, 70.82,
2009,40, 0.286,294.11, 56.78, 83.73, 70.25,
2009,41, 0.269,293.14, 54.44, 79.05, 66.75,
2009,42, 0.251,291.92, 50.09, 72.25, 61.17,
2009,43, 0.233,290.30, 44.52, 67.32, 55.92,
2009,44, 0.222,289.20, 43.70, 54.87, 49.29,
2009,45, 0.217,287.98, 47.30, 45.09, 46.20,
2009,46, 0.211,286.17, 50.69, 43.53, 47.11,
2009,47, 0.203,284.22, 52.59, 43.00, 47.80,
2009,48, 0.194,282.29, 53.95, 39.86, 46.91,
2009,49, 0.182,280.13, 53.11, 41.32, 47.22,
2009,50, 0.165,277.67, 48.55, 48.60, 48.58,
2009,51, 0.148,275.89, 42.23, 52.97, 47.60,
2009,52, 0.136,274.96, 37.29, 54.63, 45.96,
2010, 1, 0.123,274.52, 28.71, 61.45, 45.08,
2010, 2, 0.120,275.20, 27.90, 62.96, 45.43,
2010, 3, 0.121,276.28, 27.82, 63.09, 45.45,
2010, 4, 0.124,277.34, 29.01, 63.40, 46.21,
2010, 5, 0.131,278.85, 33.00, 61.26, 47.13,
2010, 6, 0.137,280.22, 35.02, 61.63, 48.32,
2010, 7, 0.142,281.72, 31.90, 66.15, 49.02,
2010, 8, 0.150,283.98, 28.52, 65.42, 46.97,
2010, 9, 0.160,286.49, 26.76, 59.91, 43.33,
2010,10, 0.174,288.85, 29.70, 51.23, 40.46,
2010,11, 0.190,290.94, 35.48, 41.89, 38.69,
2010,12, 0.207,292.66, 41.51, 36.53, 39.02,
2010,13, 0.228,294.17, 46.95, 33.35, 40.15,
2010,14, 0.252,295.33, 52.29, 33.23, 42.76,
2010,15, 0.278,296.51, 54.89, 34.82, 44.86,
2010,16, 0.304,297.41, 59.97, 36.46, 48.21,
2010,17, 0.329,297.79, 64.77, 42.80, 53.78,
2010,18, 0.348,298.03, 66.23, 48.91, 57.57,
2010,19, 0.361,298.63, 65.98, 50.71, 58.34,
2010,20, 0.369,299.09, 66.62, 51.84, 59.23,
2010,21, 0.375,299.61, 65.42, 55.52, 60.47,
2010,22, 0.381,300.33, 66.72, 54.94, 60.83,
2010,23, 0.385,301.01, 69.23, 54.99, 62.11,
2010,24, 0.388,301.88, 71.78, 53.68, 62.73,
2010,25, 0.389,302.39, 71.80, 56.94, 64.37,
2010,26, 0.389,302.60, 70.95, 62.46, 66.71,
2010,27, 0.392,303.02, 72.46, 63.33, 67.89,
2010,28, 0.396,303.47, 73.94, 61.51, 67.72,
2010,29, 0.397,303.78, 74.31, 59.26, 66.79,
2010,30, 0.398,304.13, 74.60, 55.00, 64.80,
2010,31, 0.396,304.45, 74.02, 49.44, 61.73,
2010,32, 0.392,304.57, 73.49, 44.66, 59.07,
2010,33, 0.386,304.27, 72.71, 43.57, 58.14,
2010,34, 0.380,304.00, 72.74, 40.46, 56.60,
2010,35, 0.372,303.83, 72.95, 35.49, 54.22,
2010,36, 0.360,303.14, 71.58, 35.27, 53.42,
2010,37, 0.345,302.49, 69.44, 30.61, 50.02,
2010,38, 0.328,301.92, 66.57, 23.25, 44.91,
2010,39, 0.312,300.96, 64.39, 19.40, 41.90,
2010,40, 0.297,299.64, 63.65, 20.75, 42.20,
2010,41, 0.282,298.31, 63.07, 19.96, 41.51,
2010,42, 0.269,296.86, 62.80, 17.53, 40.16,
2010,43, 0.258,295.17, 63.38, 15.48, 39.43,
2010,44, 0.247,293.20, 62.87, 14.51, 38.69,
2010,45, 0.238,290.94, 63.51, 18.38, 40.94,
2010,46, 0.232,288.48, 66.20, 24.35, 45.28,
2010,47, 0.222,286.21, 66.76, 27.89, 47.32,
2010,48, 0.212,284.21, 66.90, 27.18, 47.04,
2010,49, 0.205,282.69, 67.80, 25.34, 46.57,
2010,50, 0.197,281.49, 68.60, 23.51, 46.06,
2010,51, 0.186,280.14, 65.86, 26.53, 46.20,
2010,52, 0.174,279.10, 61.79, 30.62, 46.20,
2011, 1, 0.165,278.42, 54.52, 39.90, 47.21,
2011, 2, 0.160,278.23, 52.03, 45.35, 48.69,
2011, 3, 0.155,278.57, 49.28, 47.72, 48.50,
2011, 4, 0.152,279.09, 46.96, 50.03, 48.49,
2011, 5, 0.154,280.63, 47.85, 46.55, 47.20,
2011, 6, 0.158,282.56, 49.38, 43.42, 46.40,
2011, 7, 0.167,284.64, 49.44, 43.75, 46.59,
2011, 8, 0.175,286.48, 47.82, 45.56, 46.69,
2011, 9, 0.182,288.13, 44.57, 46.80, 45.69,
2011,10, 0.192,289.89, 44.47, 42.52, 43.49,
2011,11, 0.202,291.55, 44.67, 36.78, 40.73,
2011,12, 0.213,292.83, 44.69, 35.02, 39.85,
2011,13, 0.226,294.49, 43.76, 30.45, 37.10,
2011,14, 0.244,295.99, 45.21, 27.44, 36.33,
2011,15, 0.260,297.41, 42.83, 27.08, 34.96,
2011,16, 0.274,298.88, 41.57, 23.33, 32.45,
2011,17, 0.286,299.97, 40.02, 22.20, 31.11,
2011,18, 0.299,300.85, 38.59, 20.77, 29.68,
2011,19, 0.311,301.77, 36.61, 19.02, 27.81,
2011,20, 0.321,302.82, 39.77, 17.38, 28.57,
2011,21, 0.329,303.85, 39.43, 14.69, 27.06,
2011,22, 0.333,304.55, 39.34, 15.08, 27.21,
2011,23, 0.335,305.16, 40.19, 15.18, 27.69,
2011,24, 0.337,305.77, 41.69, 15.44, 28.56,
2011,25, 0.338,306.19, 42.63, 18.42, 30.52,
2011,26, 0.340,306.35, 43.34, 22.12, 32.73,
2011,27, 0.341,306.56, 44.08, 24.74, 34.41,
2011,28, 0.341,306.88, 44.03, 24.77, 34.40,
2011,29, 0.341,306.83, 43.89, 26.38, 35.14,
2011,30, 0.341,306.58, 44.26, 28.23, 36.24,
2011,31, 0.342,306.21, 45.49, 30.00, 37.75,
2011,32, 0.343,305.93, 47.33, 30.14, 38.74,
2011,33, 0.342,305.81, 48.84, 27.59, 38.21,
2011,34, 0.338,305.44, 49.99, 25.48, 37.73,
2011,35, 0.331,305.03, 50.38, 23.19, 36.78,
2011,36, 0.320,304.51, 49.62, 20.92, 35.27,
2011,37, 0.308,303.53, 48.13, 19.77, 33.95,
2011,38, 0.296,302.22, 47.75, 19.40, 33.57,
2011,39, 0.283,300.78, 47.27, 20.03, 33.65,
2011,40, 0.269,299.34, 46.73, 22.34, 34.54,
2011,41, 0.256,297.55, 46.31, 25.81, 36.06,
2011,42, 0.244,295.22, 46.39, 32.52, 39.45,
2011,43, 0.233,293.14, 45.73, 34.23, 39.98,
2011,44, 0.225,291.28, 46.93, 32.10, 39.51,
2011,45, 0.218,289.32, 49.04, 32.03, 40.54,
2011,46, 0.212,287.54, 52.19, 31.28, 41.73,
2011,47, 0.208,285.81, 56.20, 29.95, 43.07,
2011,48, 0.203,284.02, 59.95, 27.29, 43.62,
2011,49, 0.198,282.94, 62.33, 22.32, 42.33,
2011,50, 0.194,282.34, 65.78, 15.95, 40.87,
2011,51, 0.191,281.64, 68.25, 14.98, 41.62,
2011,52, 0.190,281.44, 70.39, 14.80, 42.60,
2012, 1, 0.190,281.99, 68.65, 16.93, 42.79,
2012, 2, 0.192,282.61, 71.39, 17.41, 44.40,
2012, 3, 0.192,283.16, 72.50, 18.35, 45.43,
2012, 4, 0.193,284.05, 72.89, 18.43, 45.66,
2012, 5, 0.196,285.39, 75.02, 15.90, 45.46,
2012, 6, 0.200,286.56, 76.71, 16.01, 46.36,
2012, 7, 0.208,288.05, 77.44, 17.00, 47.22,
2012, 8, 0.218,289.59, 79.29, 17.87, 48.58,
2012, 9, 0.231,291.46, 81.78, 15.36, 48.57,
2012,10, 0.248,293.62, 85.31,  9.51, 47.41,
2012,11, 0.268,295.65, 88.34,  5.86, 47.10,
2012,12, 0.293,296.85, 90.98,  6.31, 48.64,
2012,13, 0.318,297.69, 92.48,  7.73, 50.11,
2012,14, 0.341,298.34, 93.08, 10.22, 51.65,
2012,15, 0.361,298.90, 91.53, 14.75, 53.14,
2012,16, 0.375,299.59, 90.21, 17.51, 53.86,
2012,17, 0.383,300.35, 87.57, 19.62, 53.59,
2012,18, 0.385,301.42, 82.57, 17.53, 50.05,
2012,19, 0.380,302.51, 75.09, 15.09, 45.09,
2012,20, 0.372,303.57, 68.39, 14.23, 41.31,
2012,21, 0.363,304.49, 59.29, 14.02, 36.65,
2012,22, 0.348,305.54, 48.05, 10.72, 29.38,
2012,23, 0.336,306.30, 39.84,  9.77, 24.80,
2012,24, 0.327,307.14, 33.74,  9.03, 21.39,
2012,25, 0.320,307.82, 29.20,  9.35, 19.28,
2012,26, 0.314,308.43, 26.57,  9.13, 17.85,
2012,27, 0.303,308.93, 23.04,  9.17, 16.10,
2012,28, 0.297,309.27, 22.04,  9.46, 15.75,
2012,29, 0.291,309.30, 21.06,  9.92, 15.49,
2012,30, 0.285,309.09, 19.92, 10.41, 15.16,
2012,31, 0.281,308.77, 19.16, 10.58, 14.87,
2012,32, 0.277,308.45, 18.45,  9.92, 14.19,
2012,33, 0.274,307.98, 18.86,  9.55, 14.21,
2012,34, 0.275,307.24, 20.69, 10.02, 15.36,
2012,35, 0.276,306.29, 23.56, 11.97, 17.76,
2012,36, 0.277,305.15, 27.02, 15.23, 21.13,
2012,37, 0.274,303.90, 29.80, 16.88, 23.34,
2012,38, 0.269,302.56, 32.49, 17.16, 24.82,
2012,39, 0.263,300.75, 34.73, 21.56, 28.14,
2012,40, 0.255,299.02, 37.38, 27.41, 32.39,
2012,41, 0.247,297.58, 39.99, 28.27, 34.13,
2012,42, 0.240,296.05, 42.05, 26.94, 34.49,
2012,43, 0.234,294.33, 44.95, 25.17, 35.06,
2012,44, 0.229,292.58, 47.98, 22.10, 35.04,
2012,45, 0.222,290.85, 50.15, 20.65, 35.40,
2012,46, 0.216,289.42, 53.79, 17.51, 35.65,
2012,47, 0.214,288.09, 59.96, 13.71, 36.84,
2012,48, 0.213,286.69, 65.87, 10.40, 38.13,
2012,49, 0.207,285.42, 67.78,  7.80, 37.79,
2012,50, 0.201,284.09, 69.63,  6.51, 38.07,
2012,51, 0.195,282.88, 70.08,  8.49, 39.29,
2012,52, 0.190,281.72, 70.04, 12.75, 41.40,
2013, 1, 0.176,280.65, 59.68, 25.14, 42.41,
2013, 2, 0.171,280.66, 58.20, 29.55, 43.87,
2013, 3, 0.169,281.56, 57.53, 29.22, 43.38,
2013, 4, 0.173,283.05, 60.31, 25.81, 43.06,
2013, 5, 0.173,283.87, 60.35, 26.69, 43.52,
2013, 6, 0.172,284.38, 58.38, 31.56, 44.97,
2013, 7, 0.173,285.05, 52.84, 40.49, 46.67,
2013, 8, 0.177,285.95, 47.29, 49.60, 48.44,
2013, 9, 0.182,287.13, 41.38, 55.71, 48.54,
2013,10, 0.188,288.67, 35.96, 56.52, 46.24,
2013,11, 0.192,290.19, 30.58, 54.14, 42.36,
2013,12, 0.209,291.81, 33.64, 49.45, 41.55,
2013,13, 0.220,293.24, 32.47, 46.65, 39.55,
2013,14, 0.232,294.16, 30.54, 47.95, 39.24,
2013,15, 0.244,294.74, 29.07, 54.61, 41.83,
2013,16, 0.258,295.68, 29.69, 58.00, 43.84,
2013,17, 0.274,297.00, 31.46, 56.42, 43.94,
2013,18, 0.287,298.13, 31.67, 54.52, 43.10,
2013,19, 0.301,299.18, 32.00, 53.65, 42.83,
2013,20, 0.313,300.16, 35.66, 49.87, 42.77,
2013,21, 0.323,300.82, 36.53, 51.76, 44.15,
2013,22, 0.330,301.54, 37.84, 51.23, 44.54,
2013,23, 0.334,302.53, 39.35, 48.40, 43.88,
2013,24, 0.336,303.42, 40.96, 47.05, 44.01,
2013,25, 0.337,303.93, 41.48, 49.04, 45.26,
2013,26, 0.339,304.39, 42.61, 50.46, 46.53,
2013,27, 0.340,304.43, 44.75, 54.20, 49.48,
2013,28, 0.345,304.24, 48.10, 58.51, 53.31,
2013,29, 0.351,303.89, 51.46, 62.21, 56.84,
2013,30, 0.357,303.18, 54.82, 68.12, 61.47,
2013,31, 0.366,302.67, 59.17, 71.62, 65.39,
2013,32, 0.376,302.60, 64.45, 69.45, 66.95,
2013,33, 0.380,302.50, 67.97, 66.39, 67.18,
2013,34, 0.379,302.29, 69.77, 62.36, 66.06,
2013,35, 0.373,301.89, 70.41, 58.85, 64.63,
2013,36, 0.364,301.44, 70.58, 55.22, 62.90,
2013,37, 0.353,300.75, 70.42, 50.56, 60.49,
2013,38, 0.341,299.51, 70.61, 50.41, 60.51,
2013,39, 0.329,298.05, 71.59, 51.90, 61.75,
2013,40, 0.315,296.41, 72.67, 56.71, 64.69,
2013,41, 0.300,294.78, 73.15, 59.59, 66.37,
2013,42, 0.285,293.00, 72.28, 60.14, 66.21,
2013,43, 0.268,290.92, 68.86, 61.05, 64.96,
2013,44, 0.252,289.30, 65.36, 55.40, 60.38,
2013,45, 0.240,287.86, 62.89, 48.20, 55.55,
2013,46, 0.227,286.16, 60.51, 45.27, 52.89,
2013,47, 0.216,284.85, 59.73, 39.88, 49.81,
2013,48, 0.206,283.83, 60.22, 31.34, 45.78,
2013,49, 0.197,283.24, 60.49, 24.62, 42.55,
2013,50, 0.190,282.76, 62.16, 19.26, 40.71,
2013,51, 0.183,281.95, 62.03, 18.54, 40.29,
2013,52, 0.179,281.74, 62.77, 17.18, 39.97,
2014, 1, 0.177,281.96, 60.70, 19.33, 40.02,
2014, 2, 0.175,282.19, 60.85, 22.07, 41.46,
2014, 3, 0.173,282.56, 60.69, 24.41, 42.55,
2014, 4, 0.175,283.15, 62.26, 26.18, 44.22,
2014, 5, 0.174,283.84, 61.93, 27.84, 44.88,
2014, 6, 0.175,284.67, 60.96, 30.55, 45.76,
2014, 7, 0.178,285.60, 56.73, 37.17, 46.95,
2014, 8, 0.182,287.08, 51.97, 40.81, 46.39,
2014, 9, 0.188,288.97, 47.40, 40.30, 43.85,
2014,10, 0.195,291.03, 44.17, 36.36, 40.27,
2014,11, 0.198,292.65, 37.60, 33.77, 35.69,
2014,12, 0.215,294.39, 40.48, 28.60, 34.54,
2014,13, 0.226,295.69, 37.73, 26.23, 31.99,
2014,14, 0.237,296.83, 35.09, 24.70, 29.91,
2014,15, 0.250,297.88, 33.50, 24.94, 29.23,
2014,16, 0.263,298.93, 32.93, 24.97, 28.96,
2014,17, 0.276,299.94, 32.66, 25.17, 28.92,
2014,18, 0.287,300.79, 31.36, 25.83, 28.60,
2014,19, 0.297,301.49, 29.43, 28.32, 28.88,
2014,20, 0.305,301.96, 31.00, 31.56, 31.28,
2014,21, 0.315,302.16, 31.09, 38.05, 34.57,
2014,22, 0.324,302.42, 33.58, 42.28, 37.93,
2014,23, 0.335,302.50, 38.97, 48.20, 43.58,
2014,24, 0.348,302.68, 47.25, 53.83, 50.54,
2014,25, 0.361,302.83, 55.22, 59.25, 57.24,
2014,26, 0.372,303.00, 61.77, 63.74, 62.75,
2014,27, 0.379,303.30, 65.55, 64.87, 65.21,
2014,28, 0.385,303.49, 68.29, 65.28, 66.79,
2014,29, 0.389,303.50, 69.98, 65.49, 67.73,
2014,30, 0.391,303.33, 70.87, 66.34, 68.61,
2014,31, 0.392,303.22, 71.33, 65.83, 68.58,
2014,32, 0.392,302.94, 71.61, 65.67, 68.64,
2014,33, 0.388,302.46, 71.55, 66.73, 69.14,
2014,34, 0.382,301.70, 71.06, 68.79, 69.92,
2014,35, 0.373,300.91, 70.31, 69.60, 69.96,
2014,36, 0.363,300.32, 69.71, 67.83, 68.77,
2014,37, 0.351,299.46, 69.30, 64.97, 67.13,
2014,38, 0.339,298.35, 69.48, 63.65, 66.56,
2014,39, 0.326,297.15, 69.88, 62.75, 66.31,
2014,40, 0.312,296.12, 71.02, 60.33, 65.67,
2014,41, 0.299,295.16, 72.21, 55.38, 63.80,
2014,42, 0.286,293.83, 72.38, 50.76, 61.57,
2014,43, 0.271,292.18, 70.55, 47.56, 59.06,
2014,44, 0.256,290.38, 67.58, 44.61, 56.10,
2014,45, 0.243,288.46, 64.68, 43.14, 53.91,
2014,46, 0.228,286.13, 60.91, 45.87, 53.39,
2014,47, 0.215,284.31, 58.69, 44.51, 51.60,
2014,48, 0.204,283.32, 58.74, 35.43, 47.08,
2014,49, 0.193,282.68, 58.02, 28.89, 43.45,
2014,50, 0.184,281.59, 57.92, 27.69, 42.80,
2014,51, 0.176,280.92, 57.49, 25.78, 41.63,
2014,52, 0.170,280.42, 57.05, 25.47, 41.26,
2015, 1, 0.166,280.28, 53.22, 30.45, 41.84,
2015, 2, 0.164,280.63, 53.23, 32.41, 42.82,
2015, 3, 0.163,281.55, 53.26, 30.86, 42.06,
2015, 4, 0.166,283.37, 55.55, 24.29, 39.92,
2015, 5, 0.167,284.36, 55.89, 24.12, 40.00,
2015, 6, 0.170,285.31, 56.10, 26.27, 41.18,
2015, 7, 0.173,286.12, 51.72, 33.96, 42.84,
2015, 8, 0.177,287.81, 46.41, 35.84, 41.13,
2015, 9, 0.184,290.35, 42.57, 29.03, 35.80,
2015,10, 0.192,292.98, 40.07, 19.28, 29.68,
2015,11, 0.198,294.69, 35.83, 16.80, 26.32,
2015,12, 0.219,296.11, 41.21, 14.92, 28.06,
2015,13, 0.234,296.85, 41.65, 16.82, 29.24,
2015,14, 0.249,297.18, 41.36, 21.84, 31.59,
2015,15, 0.266,297.13, 41.52, 31.89, 36.70,
2015,16, 0.284,297.54, 43.42, 38.20, 40.81,
2015,17, 0.301,298.05, 45.74, 43.27, 44.50,
2015,18, 0.318,298.12, 47.53, 51.77, 49.64,
2015,19, 0.334,298.18, 49.89, 60.46, 55.17,
2015,20, 0.345,298.13, 53.31, 66.05, 59.68,
2015,21, 0.353,298.27, 53.35, 73.21, 63.28,
2015,22, 0.358,298.98, 53.86, 72.55, 63.20,
2015,23, 0.363,299.94, 55.42, 70.24, 62.83,
2015,24, 0.367,301.04, 58.03, 67.26, 62.65,
2015,25, 0.371,301.64, 60.23, 69.15, 64.69,
2015,26, 0.375,302.13, 62.61, 70.86, 66.73,
2015,27, 0.379,302.51, 65.17, 71.47, 68.32,
2015,28, 0.383,302.61, 67.55, 72.87, 70.21,
2015,29, 0.389,302.75, 70.28, 71.99, 71.14,
2015,30, 0.395,302.70, 72.63, 72.00, 72.31,
2015,31, 0.398,302.65, 74.17, 71.11, 72.64,
2015,32, 0.399,302.69, 74.92, 67.83, 71.37,
2015,33, 0.393,302.42, 73.70, 66.76, 70.23,
2015,34, 0.383,302.26, 71.75, 62.40, 67.08,
2015,35, 0.371,302.08, 69.29, 56.76, 63.02,
2015,36, 0.357,301.62, 66.56, 53.35, 59.96,
2015,37, 0.341,301.09, 64.15, 47.09, 55.62,
2015,38, 0.324,300.25, 61.47, 42.46, 51.97,
2015,39, 0.307,299.18, 59.00, 39.19, 49.10,
2015,40, 0.289,297.84, 57.30, 40.36, 48.83,
2015,41, 0.272,296.35, 55.28, 41.14, 48.21,
2015,42, 0.258,294.88, 53.55, 37.98, 45.76,
2015,43, 0.246,293.24, 53.23, 34.32, 43.78,
2015,44, 0.236,291.48, 52.82, 31.10, 41.96,
2015,45, 0.228,289.71, 53.11, 29.24, 41.17,
2015,46, 0.220,287.85, 54.49, 28.62, 41.55,
2015,47, 0.214,286.37, 57.53, 25.52, 41.52,
2015,48, 0.208,284.95, 60.45, 21.39, 40.92,
2015,49, 0.202,283.65, 62.27, 19.33, 40.80,
2015,50, 0.197,282.78, 65.25, 16.51, 40.87,
2015,51, 0.194,282.07, 67.15, 15.83, 41.48,
2015,52, 0.190,281.50, 68.07, 17.04, 42.55,
2016, 1, 0.187,281.15, 65.32, 23.87, 44.59,
2016, 2, 0.184,281.26, 65.27, 27.32, 46.29,
2016, 3, 0.182,282.05, 65.45, 27.04, 46.24,
2016, 4, 0.186,283.18, 67.38, 25.17, 46.27,
2016, 5, 0.186,284.46, 67.92, 22.75, 45.33,
2016, 6, 0.189,286.03, 68.46, 19.99, 44.22,
2016, 7, 0.194,287.83, 66.32, 18.99, 42.65,
2016, 8, 0.200,289.75, 63.44, 17.68, 40.56,
2016, 9, 0.207,291.60, 59.60, 16.68, 38.14,
2016,10, 0.212,292.84, 54.16, 20.01, 37.08,
2016,11, 0.228,294.07, 57.22, 21.73, 39.47,
2016,12, 0.252,294.93, 62.48, 24.31, 43.39,
2016,13, 0.263,295.38, 58.74, 28.99, 43.86,
2016,14, 0.274,295.64, 54.94, 35.16, 45.05,
2016,15, 0.287,296.18, 52.82, 40.69, 46.74,
2016,16, 0.302,296.77, 52.85, 45.55, 49.19,
2016,17, 0.316,297.37, 53.50, 49.75, 51.61,
2016,18, 0.328,297.81, 53.48, 54.36, 53.91,
2016,19, 0.340,298.31, 53.50, 58.48, 55.99,
2016,20, 0.350,298.98, 55.83, 56.90, 56.37,
2016,21, 0.358,299.67, 56.06, 58.80, 57.43,
2016,22, 0.363,300.30, 56.20, 59.35, 57.78,
2016,23, 0.368,301.16, 58.58, 57.96, 58.27,
2016,24, 0.374,302.04, 62.50, 56.90, 59.70,
2016,25, 0.380,302.67, 65.74, 58.27, 62.01,
2016,26, 0.386,302.90, 68.88, 62.57, 65.72,
2016,27, 0.393,303.08, 72.88, 65.52, 69.20,
2016,28, 0.401,303.08, 76.37, 68.20, 72.29,
2016,29, 0.406,303.02, 78.80, 69.53, 74.17,
2016,30, 0.410,302.93, 79.97, 69.91, 74.94,
2016,31, 0.412,302.78, 80.72, 70.06, 75.39,
2016,32, 0.413,302.42, 81.40, 70.91, 76.16,
2016,33, 0.409,302.01, 81.42, 71.38, 76.40,
2016,34, 0.403,301.53, 81.14, 70.49, 75.81,
2016,35, 0.395,301.00, 80.88, 68.58, 74.73,
2016,36, 0.384,300.60, 80.32, 64.65, 72.49,
2016,37, 0.371,300.21, 79.90, 56.63, 68.27,
2016,38, 0.357,299.67, 79.35, 48.82, 64.09,
2016,39, 0.341,298.93, 78.55, 42.04, 60.30,
2016,40, 0.321,298.03, 76.94, 38.43, 57.69,
2016,41, 0.304,297.02, 75.62, 33.94, 54.78,
2016,42, 0.287,295.97, 73.67, 26.75, 50.21,
2016,43, 0.271,294.58, 71.41, 21.38, 46.40,
2016,44, 0.258,293.01, 69.11, 16.98, 43.05,
2016,45, 0.248,291.50, 68.77, 14.71, 41.74,
2016,46, 0.239,289.47, 68.76, 17.02, 42.89,
2016,47, 0.230,287.02, 68.80, 22.19, 45.49,
2016,48, 0.221,284.91, 69.47, 23.01, 46.24,
2016,49, 0.212,283.13, 69.15, 24.00, 46.58,
2016,50, 0.204,281.85, 69.71, 23.61, 46.66,
2016,51, 0.196,280.74, 69.69, 24.67, 47.18,
2016,52, 0.191,280.42, 69.40, 23.32, 46.36,
2017, 1, 0.186,280.81, 65.65, 25.17, 45.41,
2017, 2, 0.183,281.41, 65.34, 25.31, 45.32,
2017, 3, 0.180,282.32, 64.69, 24.28, 44.49,
2017, 4, 0.182,283.32, 65.73, 23.90, 44.81,
2017, 5, 0.181,284.50, 65.20, 22.60, 43.90,
2017, 6, 0.183,286.04, 64.98, 20.41, 42.70,
2017, 7, 0.188,287.68, 62.63, 21.05, 41.84,
2017, 8, 0.194,289.56, 60.02, 20.25, 40.14,
2017, 9, 0.201,291.38, 56.87, 19.36, 38.12,
2017,10, 0.209,292.80, 53.39, 20.58, 36.99,
2017,11, 0.211,293.78, 45.79, 23.96, 34.88,
2017,12, 0.229,294.78, 48.54, 25.15, 36.84,
2017,13, 0.241,295.67, 45.98, 26.23, 36.10,
2017,14, 0.255,296.41, 44.93, 28.19, 36.55,
2017,15, 0.272,296.95, 45.27, 33.44, 39.35,
2017,16, 0.291,297.81, 47.26, 35.56, 41.40,
2017,17, 0.307,298.72, 49.08, 36.34, 42.71,
2017,18, 0.322,299.52, 50.21, 36.79, 43.50,
2017,19, 0.333,299.87, 49.98, 42.27, 46.13,
2017,20, 0.343,300.40, 52.56, 43.36, 47.96,
2017,21, 0.352,301.20, 53.47, 43.92, 48.69,
2017,22, 0.357,302.00, 53.87, 43.52, 48.69,
2017,23, 0.361,302.67, 55.13, 44.06, 49.60,
2017,24, 0.365,303.33, 57.63, 45.28, 51.46,
2017,25, 0.369,303.77, 59.81, 48.46, 54.14,
2017,26, 0.373,304.07, 62.15, 51.85, 57.00,
2017,27, 0.378,304.17, 65.25, 55.53, 60.39,
2017,28, 0.382,304.07, 67.24, 59.15, 63.20,
2017,29, 0.385,303.95, 68.32, 60.84, 64.58,
2017,30, 0.387,303.63, 68.81, 63.10, 65.95,
2017,31, 0.388,303.38, 69.49, 63.90, 66.70,
2017,32, 0.388,302.94, 69.64, 65.29, 67.47,
2017,33, 0.383,302.63, 69.18, 64.50, 66.84,
2017,34, 0.376,302.52, 68.30, 59.66, 63.98,
2017,35, 0.365,302.37, 66.53, 53.64, 60.08,
2017,36, 0.351,301.96, 64.05, 49.78, 56.92,
2017,37, 0.335,301.11, 61.26, 47.16, 54.21,
2017,38, 0.319,299.80, 59.05, 47.74, 53.40,
2017,39, 0.306,298.34, 58.40, 48.89, 53.65,
2017,40, 0.293,297.00, 59.64, 49.98, 54.81,
2017,41, 0.281,295.73, 60.70, 48.37, 54.53,
2017,42, 0.268,294.42, 60.53, 43.63, 52.08,
2017,43, 0.254,292.80, 58.75, 40.03, 49.39,
2017,44, 0.239,291.05, 55.44, 36.51, 45.97,
2017,45, 0.226,289.22, 52.81, 34.65, 43.73,
2017,46, 0.215,287.75, 52.40, 30.42, 41.41,
2017,47, 0.209,287.06, 54.99, 21.20, 38.09,
2017,48, 0.201,286.29, 57.63, 13.58, 35.61,
2017,49, 0.195,285.51, 59.88,  9.07, 34.48,
2017,50, 0.190,284.47, 62.49,  7.10, 34.79,
2017,51, 0.186,283.68, 63.96,  7.18, 35.57,
2017,52, 0.179,282.99, 64.04,  8.60, 36.32,
2018, 1, 0.175,282.67, 60.33, 13.06, 36.69,
2018, 2, 0.171,282.79, 59.39, 15.99, 37.69,
2018, 3, 0.169,283.27, 58.40, 17.60, 38.00,
2018, 4, 0.170,283.85, 59.79, 18.19, 38.99,
2018, 5, 0.169,284.56, 59.24, 20.74, 39.99,
2018, 6, 0.169,284.98, 57.81, 23.65, 40.73,
2018, 7, 0.171,286.05, 52.55, 30.71, 41.63,
2018, 8, 0.176,288.01, 46.60, 33.88, 40.24,
2018, 9, 0.180,289.95, 40.88, 31.11, 35.99,
2018,10, 0.187,291.60, 35.57, 30.36, 32.97,
2018,11, 0.189,293.01, 29.68, 31.21, 30.46,
2018,12, 0.203,293.99, 31.58, 30.92, 31.25,
2018,13, 0.212,295.09, 28.60, 31.97, 30.29,
2018,14, 0.222,295.99, 26.02, 31.80, 28.92,
2018,15, 0.235,297.16, 24.96, 32.56, 28.77,
2018,16, 0.250,298.46, 25.57, 30.67, 28.13,
2018,17, 0.266,299.62, 27.40, 27.71, 27.56,
2018,18, 0.282,300.71, 29.01, 25.25, 27.13,
2018,19, 0.300,301.43, 31.05, 26.29, 28.67,
2018,20, 0.316,301.92, 37.20, 28.98, 33.09,
2018,21, 0.331,302.37, 41.13, 32.74, 36.94,
2018,22, 0.342,302.87, 44.77, 35.01, 39.89,
2018,23, 0.351,303.19, 49.20, 38.43, 43.81,
2018,24, 0.359,303.37, 54.19, 43.98, 49.09,
2018,25, 0.367,303.57, 58.43, 49.33, 53.88,
2018,26, 0.374,303.62, 61.92, 55.11, 58.51,
2018,27, 0.378,303.39, 64.50, 62.05, 63.28,
2018,28, 0.383,303.21, 67.01, 66.37, 66.69,
2018,29, 0.388,303.22, 69.27, 67.01, 68.14,
2018,30, 0.388,302.83, 69.22, 70.55, 69.89,
2018,31, 0.389,302.50, 69.61, 72.56, 71.09,
2018,32, 0.392,302.45, 71.89, 70.20, 71.05,
2018,33, 0.391,302.10, 72.80, 70.14, 71.47,
2018,34, 0.385,301.51, 72.65, 70.39, 71.52,
2018,35, 0.378,300.76, 72.83, 70.99, 71.91,
2018,36, 0.370,300.01, 73.60, 70.87, 72.24,
2018,37, 0.359,299.53, 73.47, 63.79, 68.64,
2018,38, 0.343,298.72, 71.88, 59.13, 65.51,
2018,39, 0.327,297.19, 70.61, 61.97, 66.29,
2018,40, 0.309,295.38, 68.84, 68.90, 68.88,
2018,41, 0.290,293.60, 66.80, 73.71, 70.26,
2018,42, 0.271,291.63, 62.70, 75.95, 69.33,
2018,43, 0.251,289.47, 56.84, 77.23, 67.04,
2018,44, 0.238,287.99, 54.37, 69.31, 61.84,
2018,45, 0.226,286.70, 53.15, 58.84, 56.00,
2018,46, 0.215,285.34, 52.30, 51.99, 52.15,
2018,47, 0.206,284.21, 53.75, 44.20, 48.98,
2018,48, 0.198,283.18, 55.95, 34.74, 45.34,
2018,49, 0.190,282.52, 57.25, 27.96, 42.61,
2018,50, 0.185,282.06, 59.72, 22.20, 40.96,
2018,51, 0.181,281.57, 61.52, 19.14, 40.33,
2018,52, 0.176,280.94, 61.78, 19.91, 40.84,
2019, 1, 0.170,280.05, 57.03, 29.77, 43.40,
2019, 2, 0.165,279.34, 55.18, 38.45, 46.82,
2019, 3, 0.159,278.23, 51.87, 50.90, 51.39,
2019, 4, 0.158,277.63, 51.25, 61.33, 56.29,
2019, 5, 0.158,278.03, 51.37, 65.90, 58.64,
2019, 6, 0.159,278.78, 49.52, 70.14, 59.83,
2019, 7, 0.159,279.86, 42.92, 78.46, 60.69,
2019, 8, 0.163,281.69, 36.15, 82.82, 59.49,
2019, 9, 0.170,283.85, 32.08, 82.42, 57.25,
2019,10, 0.179,285.93, 29.76, 79.68, 54.72,
2019,11, 0.187,288.15, 28.62, 70.95, 49.79,
2019,12, 0.209,290.61, 35.51, 59.19, 47.35,
2019,13, 0.226,292.62, 37.75, 51.76, 44.76,
2019,14, 0.246,294.59, 40.16, 43.91, 42.05,
2019,15, 0.267,296.00, 42.53, 42.09, 42.31,
2019,16, 0.286,296.81, 44.71, 45.17, 44.94,
2019,17, 0.304,297.77, 47.19, 45.93, 46.56,
2019,18, 0.320,298.54, 48.92, 46.96, 47.95,
2019,19, 0.334,298.73, 50.00, 54.17, 52.09,
2019,20, 0.346,299.16, 53.48, 55.58, 54.53,
2019,21, 0.357,299.55, 54.98, 60.14, 57.56,
2019,22, 0.365,299.82, 57.54, 63.96, 60.75,
2019,23, 0.373,300.38, 61.46, 65.65, 63.56,
2019,24, 0.379,301.14, 65.38, 66.07, 65.73,
2019,25, 0.385,301.52, 68.30, 70.21, 69.26,
2019,26, 0.389,301.84, 70.62, 73.97, 72.30,
2019,27, 0.394,302.44, 73.22, 72.61, 72.92,
2019,28, 0.398,302.80, 75.09, 71.61, 73.35,
2019,29, 0.401,302.78, 76.02, 72.39, 74.21,
2019,30, 0.404,302.85, 77.31, 71.21, 74.26,
2019,31, 0.406,302.67, 78.15, 71.61, 74.89,
2019,32, 0.407,302.19, 78.87, 73.71, 76.30,
2019,33, 0.404,301.89, 79.37, 73.13, 76.25,
2019,34, 0.400,301.39, 79.68, 72.44, 76.07,
2019,35, 0.393,300.68, 80.03, 72.39, 76.22,
2019,36, 0.382,300.23, 79.73, 69.11, 74.43,
2019,37, 0.368,299.67, 78.76, 62.80, 70.79,
2019,38, 0.352,298.61, 76.94, 60.68, 68.82,
2019,39, 0.334,297.31, 74.83, 60.73, 67.78,
2019,40, 0.315,296.09, 72.75, 60.80, 66.78,
2019,41, 0.295,294.82, 70.11, 59.69, 64.90,
2019,42, 0.275,293.18, 65.49, 58.37, 61.93,
2019,43, 0.257,291.37, 61.09, 56.66, 58.88,
2019,44, 0.241,289.62, 57.57, 52.58, 55.08,
2019,45, 0.229,287.98, 55.35, 47.23, 51.29,
2019,46, 0.217,286.41, 54.58, 42.62, 48.60,
2019,47, 0.208,285.12, 55.78, 36.43, 46.10,
2019,48, 0.200,284.08, 57.87, 27.89, 42.88,
2019,49, 0.193,283.33, 59.16, 22.08, 40.62,
2019,50, 0.187,282.91, 61.56, 16.10, 38.83,
2019,51, 0.183,282.79, 63.49, 11.51, 37.50,
2019,52, 0.180,282.42, 64.50, 11.50, 38.00,
2020, 1, 0.177,282.11, 61.37, 17.32, 39.34,
2020, 2, 0.173,282.20, 60.73, 20.94, 40.84,
2020, 3, 0.171,282.46, 60.32, 24.06, 42.19,
2020, 4, 0.174,283.00, 61.94, 26.42, 44.18,
2020, 5, 0.172,283.36, 61.19, 30.63, 45.91,
2020, 6, 0.173,283.90, 59.96, 35.61, 47.78,
2020, 7, 0.176,285.07, 56.20, 40.82, 48.51,
2020, 8, 0.181,286.59, 51.23, 44.73, 47.98,
2020, 9, 0.186,288.40, 46.22, 45.24, 45.73,
2020,10, 0.193,289.97, 42.37, 45.72, 44.05,
2020,11, 0.198,291.53, 36.83, 43.32, 40.07,
2020,12, 0.217,293.48, 40.78, 36.21, 38.49,
2020,13, 0.230,294.96, 39.71, 32.66, 36.19,
2020,14, 0.243,296.27, 38.08, 29.89, 33.99,
2020,15, 0.257,297.48, 36.68, 29.15, 32.92,
2020,16, 0.272,298.46, 37.20, 30.14, 33.67,
2020,17, 0.288,299.35, 38.66, 31.72, 35.20,
2020,18, 0.301,299.86, 38.81, 35.76, 37.29,
2020,19, 0.313,300.05, 38.50, 43.10, 40.81,
2020,20, 0.324,300.50, 41.43, 45.16, 43.30,
2020,21, 0.333,300.97, 42.07, 48.87, 45.47,
2020,22, 0.340,301.63, 43.87, 48.90, 46.38,
2020,23, 0.347,302.28, 46.81, 49.29, 48.05,
2020,24, 0.353,302.86, 50.55, 51.26, 50.90,
2020,25, 0.360,303.23, 54.40, 55.17, 54.79,
2020,26, 0.368,303.24, 59.20, 61.45, 60.32,
2020,27, 0.376,303.13, 64.16, 66.63, 65.40,
2020,28, 0.384,302.91, 68.52, 71.07, 69.80,
2020,29, 0.393,302.70, 72.41, 73.52, 72.96,
2020,30, 0.401,302.59, 75.75, 74.04, 74.90,
2020,31, 0.405,302.51, 77.59, 73.48, 75.54,
2020,32, 0.405,302.61, 77.90, 69.43, 73.67,
2020,33, 0.400,302.79, 77.54, 63.56, 70.55,
2020,34, 0.392,302.63, 76.06, 59.05, 67.56,
2020,35, 0.379,302.51, 72.98, 52.49, 62.74,
2020,36, 0.362,302.17, 69.36, 47.69, 58.53,
2020,37, 0.343,301.07, 65.03, 47.60, 56.32,
2020,38, 0.324,300.17, 61.25, 43.55, 52.40,
2020,39, 0.307,299.47, 58.94, 35.90, 47.43,
2020,40, 0.289,298.15, 56.60, 36.64, 46.62,
2020,41, 0.271,296.67, 54.14, 37.17, 45.66,
2020,42, 0.255,295.00, 51.92, 36.39, 44.15,
2020,43, 0.243,293.04, 50.73, 36.41, 43.57,
2020,44, 0.232,291.51, 49.94, 31.07, 40.51,
2020,45, 0.224,290.18, 50.88, 25.53, 38.21,
2020,46, 0.218,288.73, 54.08, 22.26, 38.17,
2020,47, 0.213,287.58, 57.47, 17.46, 37.46,
2020,48, 0.207,286.77, 60.61, 10.58, 35.60,
2020,49, 0.201,285.88, 63.03,  6.68, 34.85,
2020,50, 0.196,284.80, 65.60,  4.92, 35.26,
2020,51, 0.193,284.17, 67.85,  4.12, 35.98,
2020,52, 0.190,283.77, 69.11,  4.70, 36.90,
2021, 1, 0.184,283.03, 65.15, 11.84, 38.50,
2021, 2, 0.181,282.83, 64.83, 16.79, 40.81,
2021, 3, 0.180,283.24, 65.43, 18.60, 42.02,
2021, 4, 0.181,283.35, 65.70, 23.63, 44.67,
2021, 5, 0.177,283.11, 63.11, 31.76, 47.43,
2021, 6, 0.176,283.46, 61.00, 38.12, 49.56,
2021, 7, 0.180,285.08, 57.65, 40.11, 48.88,
2021, 8, 0.185,287.27, 53.30, 38.23, 45.77,
2021, 9, 0.191,289.33, 48.74, 36.30, 42.52,
2021,10, 0.198,290.83, 44.91, 37.59, 41.25,
2021,11, 0.203,292.19, 39.52, 37.52, 38.53,
2021,12, 0.224,293.85, 44.35, 33.01, 38.68,
2021,13, 0.237,294.81, 43.14, 33.53, 38.34,
2021,14, 0.247,295.30, 39.79, 37.85, 38.83,
2021,15, 0.262,296.23, 39.28, 40.20, 39.75,
2021,16, 0.279,297.38, 40.73, 39.95, 40.34,
2021,17, 0.292,298.02, 41.13, 44.00, 42.57,
2021,18, 0.304,298.44, 40.45, 48.74, 44.60,
2021,19, 0.315,298.75, 39.39, 54.68, 47.04,
2021,20, 0.323,298.84, 40.26, 59.45, 49.86,
2021,21, 0.333,299.34, 40.60, 63.11, 51.85,
2021,22, 0.343,300.38, 43.66, 59.17, 51.42,
2021,23, 0.350,301.29, 46.33, 57.12, 51.73,
2021,24, 0.356,302.32, 50.23, 54.68, 52.45,
2021,25, 0.361,303.29, 53.72, 52.50, 53.11,
2021,26, 0.364,303.80, 55.71, 54.15, 54.93,
2021,27, 0.367,303.86, 58.16, 58.53, 58.34,
2021,28, 0.372,303.97, 61.68, 60.10, 60.89,
2021,29, 0.377,304.36, 64.09, 56.83, 60.46,
2021,30, 0.379,304.36, 65.08, 56.07, 60.58,
2021,31, 0.382,304.30, 66.44, 54.72, 60.59,
2021,32, 0.383,304.07, 67.71, 53.91, 60.82,
2021,33, 0.380,303.61, 67.66, 54.56, 61.12,
2021,34, 0.375,303.08, 67.68, 53.73, 60.71,
2021,35, 0.368,302.32, 67.82, 54.23, 61.03,
2021,36, 0.358,301.73, 67.59, 52.07, 59.83,
2021,37, 0.347,301.27, 67.15, 44.86, 56.01,
2021,38, 0.333,300.42, 66.38, 40.14, 53.26,
2021,39, 0.318,299.36, 65.55, 36.61, 51.08,
2021,40, 0.303,298.00, 65.55, 38.12, 51.84,
2021,41, 0.289,296.66, 66.14, 37.56, 51.85,
2021,42, 0.276,295.48, 65.85, 31.75, 48.80,
2021,43, 0.263,293.97, 65.14, 27.33, 46.23,
2021,44, 0.251,292.38, 64.40, 23.03, 43.72,
2021,45, 0.241,290.96, 63.97, 19.41, 41.69,
2021,46, 0.232,289.77, 64.04, 14.32, 39.18,
2021,47, 0.224,288.48, 64.74, 10.74, 37.74,
2021,48, 0.217,287.22, 66.90,  7.53, 37.21,
2021,49, 0.212,286.21, 69.35,  4.42, 36.89,
2021,50, 0.207,285.04, 71.99,  3.10, 37.55,
2021,51, 0.202,284.24, 73.32,  3.11, 38.21,
2021,52, 0.198,283.69, 73.89,  4.31, 39.10,
2022, 1, 0.195,283.21, 71.77,  9.89, 40.83,
2022, 2, 0.191,282.98, 71.24, 15.09, 43.17,
2022, 3, 0.188,283.54, 70.46, 15.72, 43.09,
2022, 4, 0.189,284.31, 71.65, 16.32, 43.99,
2022, 5, 0.188,284.65, 71.00, 20.23, 45.61,
2022, 6, 0.188,285.62, 69.55, 21.85, 45.70,
2022, 7, 0.189,286.74, 64.95, 26.38, 45.67,
2022, 8, 0.191,287.89, 59.08, 32.02, 45.55,
2022, 9, 0.195,289.87, 52.93, 30.79, 41.86,
2022,10, 0.199,291.89, 46.95, 28.13, 37.54,
2022,11, 0.200,293.20, 38.81, 29.06, 33.94,
2022,12, 0.215,294.48, 39.95, 27.80, 33.87,
2022,13, 0.225,295.71, 36.71, 25.92, 31.32,
2022,14, 0.237,296.77, 34.49, 25.09, 29.80,
2022,15, 0.248,297.57, 32.33, 28.01, 30.17,
2022,16, 0.260,298.74, 31.28, 27.19, 29.23,
2022,17, 0.273,299.87, 31.23, 26.12, 28.68,
2022,18, 0.286,300.91, 31.21, 24.49, 27.85,
2022,19, 0.301,301.83, 32.00, 23.77, 27.89,
2022,20, 0.313,302.47, 35.49, 25.18, 30.33,
2022,21, 0.323,302.87, 36.58, 29.33, 32.96,
2022,22, 0.331,303.43, 38.59, 31.21, 34.90,
2022,23, 0.337,304.13, 41.19, 31.27, 36.23,
2022,24, 0.342,304.79, 45.02, 32.24, 38.63,
2022,25, 0.347,305.37, 48.38, 33.79, 41.08,
2022,26, 0.352,305.91, 51.50, 34.62, 43.06,
2022,27, 0.356,306.28, 54.47, 35.46, 44.97,
2022,28, 0.360,306.54, 56.87, 35.77, 46.32,
2022,29, 0.363,306.69, 58.39, 34.85, 46.62,
2022,30, 0.364,306.37, 58.34, 36.53, 47.43,
2022,31, 0.364,306.48, 58.46, 32.92, 45.69,
2022,32, 0.363,306.43, 58.53, 30.01, 44.27,
2022,33, 0.359,306.39, 57.86, 25.76, 41.81,
2022,34, 0.352,306.10, 56.42, 21.91, 39.17,
2022,35, 0.342,305.48, 54.51, 20.73, 37.62,
2022,36, 0.329,304.68, 52.51, 20.54, 36.52,
2022,37, 0.315,303.80, 50.32, 18.07, 34.20,
2022,38, 0.301,302.73, 48.47, 15.21, 31.84,
2022,39, 0.286,301.23, 46.83, 16.00, 31.41,
2022,40, 0.270,299.49, 45.37, 21.74, 33.56,
2022,41, 0.254,297.75, 43.85, 25.61, 34.73,
2022,42, 0.239,295.86, 41.08, 28.04, 34.56,
2022,43, 0.224,293.59, 37.45, 32.70, 35.07,
2022,44, 0.212,291.15, 35.61, 37.34, 36.48,
2022,45, 0.202,288.78, 35.62, 41.01, 38.32,
2022,46, 0.193,286.62, 37.28, 42.62, 39.95,
2022,47, 0.186,284.98, 40.38, 39.77, 40.07,
2022,48, 0.179,283.75, 43.77, 32.56, 38.16,
2022,49, 0.172,282.91, 46.09, 27.06, 36.57,
2022,50, 0.166,282.11, 48.16, 22.46, 35.31,
2022,51, 0.160,281.63, 49.23, 18.28, 33.75,
2022,52, 0.158,281.79, 50.80, 14.19, 32.50,
2023, 1, 0.154,281.83, 46.36, 17.74, 32.05,
2023, 2, 0.152,282.07, 46.71, 19.70, 33.20,
2023, 3, 0.150,282.53, 45.91, 21.21, 33.56,
2023, 4, 0.151,283.55, 46.81, 20.42, 33.62,
2023, 5, 0.151,284.06, 46.52, 23.46, 34.99,
2023, 6, 0.153,284.70, 45.68, 27.68, 36.68,
2023, 7, 0.157,286.27, 41.65, 29.46, 35.56,
2023, 8, 0.163,288.04, 36.66, 30.62, 33.64,
2023, 9, 0.169,290.07, 31.65, 29.34, 30.49,
2023,10, 0.177,291.94, 28.35, 27.63, 27.99,
2023,11, 0.182,293.20, 24.59, 28.79, 26.70,
2023,12, 0.197,295.07, 27.11, 22.88, 25.00,
2023,13, 0.210,296.88, 27.00, 16.14, 21.58,
2023,14, 0.223,298.09, 26.61, 13.59, 20.11,
2023,15, 0.236,299.01, 25.94, 14.32, 20.13,
2023,16, 0.250,299.97, 25.97, 14.40, 20.18,
2023,17, 0.265,300.87, 26.64, 15.07, 20.85,
2023,18, 0.278,301.17, 26.63, 20.49, 23.55,
2023,19, 0.292,301.32, 27.03, 27.17, 27.09,
2023,20, 0.303,301.67, 30.63, 30.82, 30.72,
2023,21, 0.318,301.61, 33.26, 38.82, 36.04,
2023,22, 0.333,301.84, 38.51, 43.33, 40.92,
2023,23, 0.348,302.25, 45.90, 45.78, 45.84,
2023,24, 0.361,302.70, 53.87, 49.00, 51.44,
2023,25, 0.372,303.17, 60.06, 51.92, 55.99,
2023,26, 0.381,303.39, 65.09, 56.55, 60.82,
2023,27, 0.389,303.48, 70.07, 60.88, 65.48,
2023,28, 0.395,303.60, 73.32, 62.57, 67.95,
2023,29, 0.399,303.74, 75.05, 61.90, 68.48,
2023,30, 0.402,303.87, 76.25, 60.05, 68.16,
2023,31, 0.402,303.94, 76.02, 57.59, 66.81,
2023,32, 0.398,304.21, 75.02, 51.66, 63.35,
2023,33, 0.391,304.72, 73.34, 41.99, 57.67,
2023,34, 0.379,304.74, 70.25, 35.07, 52.66,
2023,35, 0.365,304.45, 66.51, 30.18, 48.35,
2023,36, 0.349,304.02, 63.35, 26.19, 44.77,
2023,37, 0.333,303.18, 60.48, 23.67, 42.07,
2023,38, 0.317,301.87, 58.13, 23.86, 40.99,
2023,39, 0.302,300.38, 56.60, 24.73, 40.67,
2023,40, 0.288,299.14, 56.45, 24.75, 40.60,
2023,41, 0.273,297.56, 56.20, 26.39, 41.29,
2023,42, 0.258,295.53, 53.84, 30.31, 42.07,
2023,43, 0.243,293.72, 50.91, 29.52, 40.22,
2023,44, 0.232,291.97, 49.51, 26.83, 38.17,
2023,45, 0.222,290.03, 49.61, 27.64, 38.63,
2023,46, 0.214,288.05, 51.06, 29.05, 40.06,
2023,47, 0.207,286.61, 53.43, 25.82, 39.62,
2023,48, 0.199,284.99, 55.28, 23.12, 39.20,
2023,49, 0.190,283.33, 55.92, 23.27, 39.59,
2023,50, 0.184,282.82, 58.49, 17.66, 38.07,
2023,51, 0.180,282.74, 60.07, 12.65, 36.36,
2023,52, 0.173,282.13, 58.88, 13.38, 36.13,
2024, 1, 0.165,281.60, 52.84, 20.05, 36.45,
2024, 2, 0.158,281.75, 50.12, 23.05, 36.58,
2024, 3, 0.156,282.57, 48.88, 22.55, 35.71,
2024, 4, 0.160,283.90, 51.34, 19.67, 35.51,
2024, 5, 0.166,285.35, 55.09, 16.28, 35.68,
2024, 6, 0.173,286.84, 58.16, 14.09, 36.12,
2024, 7, 0.181,288.42, 57.53, 14.72, 36.12,
2024, 8, 0.189,290.05, 56.05, 15.71, 35.88,
2024, 9, 0.200,291.55, 56.00, 17.82, 36.91,
2024,10, 0.211,292.75, 54.93, 20.99, 37.96,
2024,11, 0.219,293.72, 51.80, 24.01, 37.91,
2024,12, 0.241,294.78, 56.52, 24.86, 40.70,
2024,13, 0.257,295.59, 56.03, 26.35, 41.22,
2024,14, 0.271,296.47, 54.55, 27.00, 40.81,
2024,15, 0.286,297.40, 53.25, 28.46, 40.90,
2024,16, 0.299,298.21, 52.66, 30.92, 41.84,
2024,17, 0.312,299.09, 52.34, 32.29, 42.35,
2024,18, 0.325,299.85, 52.37, 33.37, 42.90,
2024,19, 0.336,300.37, 51.96, 36.94, 44.47,
2024,20, 0.342,300.83, 52.87, 38.92, 45.91,
2024,21, 0.349,301.18, 52.06, 43.85, 47.97,
2024,22, 0.353,301.47, 51.79, 48.29, 50.06,
2024,23, 0.360,302.19, 55.05, 48.37, 51.72,
2024,24, 0.363,302.61, 57.35, 52.22, 54.79,
2024,25, 0.368,303.17, 60.14, 54.40, 57.27,
2024,26, 0.372,303.72, 61.94, 55.43, 58.69,
2024,27, 0.374,304.10, 63.20, 56.38, 59.80,
2024,28, 0.377,304.33, 64.62, 56.83, 60.74,
2024,29, 0.378,304.57, 64.93, 54.94, 59.95,
2024,30, 0.379,304.73, 64.94, 52.27, 58.62,
2024,31, 0.379,304.71, 65.32, 50.46, 57.92,
2024,32, 0.378,304.60, 65.54, 48.30, 56.94,
2024,33, 0.376,304.43, 65.93, 45.66, 55.82,
2024,34, 0.371,304.26, 65.70, 40.98, 53.35,
2024,35, 0.361,304.04, 64.46, 35.55, 50.01,
2024,36, 0.349,303.52, 62.88, 32.37, 47.62,
2024,37, 0.336,303.02, 61.12, 25.91, 43.52,
2024,38, 0.320,302.36, 58.98, 18.79, 38.89,
2024,39, 0.303,301.14, 56.42, 16.60, 36.51,
2024,40, 0.285,299.81, 54.58, 17.61, 36.10,
2024,41, 0.268,298.27, 52.78, 18.87, 35.83,
2024,42, 0.254,296.31, 50.86, 21.96, 36.41,
2024,43, 0.241,294.23, 49.53, 23.84, 36.68,
2024,44, 0.230,292.22, 48.72, 23.93, 36.33,
2024,45, 0.221,290.25, 48.74, 24.93, 36.84,
2024,46, 0.214,288.47, 50.68, 24.33, 37.50,
2024,47, 0.208,286.80, 53.73, 23.21, 38.46,
2024,48, 0.200,285.07, 56.06, 21.80, 38.92,
2024,49, 0.193,283.75, 57.99, 20.36, 39.17,
2024,50, 0.188,283.25, 60.71, 15.16, 37.93,
2024,51, 0.183,282.89, 61.60, 12.03, 36.81,
2024,52, 0.176,282.17, 60.39, 14.28, 37.33,
2025, 1, 0.167,281.22, 53.97, 23.69, 38.82,
2025, 2, 0.158,280.90, 49.35, 30.23, 39.78,
2025, 3, 0.154,281.18, 47.04, 33.76, 40.39,
2025, 4, 0.155,281.74, 47.74, 36.15, 41.94,
2025, 5, 0.158,282.61, 49.72, 37.05, 43.38,
2025, 6, 0.163,284.03, 51.64, 35.90, 43.77,
2025, 7, 0.171,285.94, 50.70, 35.48, 43.09,
2025, 8, 0.180,288.07, 48.83, 33.22, 41.03,
2025, 9, 0.190,290.26, 47.52, 29.20, 38.36,
2025,10, 0.202,292.09, 47.89, 26.92, 37.41,
2025,11, 0.210,293.22, 45.13, 28.46, 36.82,
2025,12, 0.232,294.54, 50.57, 26.99, 38.81,
2025,13, 0.250,295.75, 52.02, 25.27, 38.68,
2025,14, 0.266,296.70, 51.74, 25.22, 38.51,
2025,15, 0.282,297.71, 50.89, 25.75, 38.37,
2025,16, 0.297,298.75, 51.43, 25.73, 38.62,
2025,17, 0.312,299.70, 52.42, 26.25, 39.37,
2025,18, 0.325,300.50, 52.59, 27.16, 39.91,
2025,19, 0.337,301.22, 52.32, 28.76, 40.57,
2025,20, 0.344,301.94, 53.28, 29.43, 41.37,
2025,21, 0.350,302.28, 52.01, 34.33, 43.19,
2025,22, 0.354,302.73, 51.61, 36.96, 44.29,
2025,23, 0.359,303.05, 53.31, 40.54, 46.93,
2025,24, 0.364,303.11, 56.82, 47.65, 52.24,
2025,25, 0.372,303.32, 61.09, 52.90, 57.00,
2025,26, 0.380,303.48, 65.52, 57.66, 61.60,
2025,27, 0.387,303.53, 69.61, 61.75, 65.70,
2025,28, 0.393,303.53, 72.57, 64.31, 68.46,
2025,29, 0.396,303.17, 73.57, 68.49, 71.05,
2025,30, 0.399,302.87, 74.83, 70.79, 72.84,
2025,31, 0.403,302.94, 76.69, 68.40, 72.59,
2025,32, 0.402,302.68, 76.81, 68.12, 72.50,
2025,33, 0.398,302.28, 76.18, 68.50, 72.38,
2025,34, 0.391,301.86, 75.43, 66.84, 71.17,
2025,35, 0.381,301.29, 74.19, 65.38, 69.80,
2025,36, 0.369,300.58, 73.27, 64.63, 68.97,
2025,37, 0.357,300.06, 72.62, 57.94, 65.29,
2025,38, 0.343,299.48, 72.09, 50.43, 61.27,
2025,39, 0.329,298.41, 71.71, 47.42, 59.57,
2025,40, 0.313,297.53, 71.61, 43.40, 57.51,
2025,41, 0.297,296.49, 71.42, 39.09, 55.26,
2025,42, 0.281,294.53, 69.66, 41.76, 55.72,
2025,43, 0.266,292.62, 67.54, 41.59, 54.57,
2025,44, 0.253,291.14, 65.77, 35.42, 50.60,
2025,45, 0.239,289.51, 62.92, 31.96, 47.44,
2025,46, 0.227,287.83, 60.57, 29.93, 45.25,
2025,47, 0.217,286.50, 60.09, 25.98, 43.02,
2025,48, 0.207,285.46, 60.92, 19.76, 40.33,
2025,49, 0.200,284.60, 62.27, 15.36, 38.81,
2025,50, 0.195,284.15, 64.42,  9.62, 37.01,
2025,51, 0.189,283.89, 65.51,  6.03, 35.77,
2025,52, 0.187,283.84, 67.01,  4.34, 35.68,
</pre></tt>