Mean data for USA  Province= 37: Oklahoma,  from 1982 to 2025, weekly; version='GC_current'<br>for   area with 'WHEA' <br>
year,week, SMN,SMT,VCI,TCI, VHI<br>
<tt><pre>1982, 1, 0.218,282.18, 57.37, 60.42, 58.89,
1982, 2, 0.212,282.26, 55.73, 64.86, 60.29,
1982, 3, 0.205,282.35, 52.54, 69.93, 61.23,
1982, 4, 0.198,282.61, 48.15, 75.66, 61.91,
1982, 5, 0.195,283.50, 46.48, 77.45, 61.97,
1982, 6, 0.198,284.85, 46.18, 74.77, 60.48,
1982, 7, 0.203,286.41, 44.02, 72.57, 58.29,
1982, 8, 0.213,287.98, 43.29, 72.06, 57.67,
1982, 9, 0.227,289.67, 45.02, 67.48, 56.25,
1982,10, 0.244,291.14, 48.33, 63.07, 55.70,
1982,11, 0.262,292.05, 51.79, 64.17, 57.98,
1982,12, 0.286,292.77, 58.49, 66.39, 62.44,
1982,13, 0.311,294.02, 63.34, 65.01, 64.18,
1982,14, 0.331,295.19, 64.90, 64.13, 64.52,
1982,15, 0.344,295.70, 61.15, 69.72, 65.43,
1982,16, 0.355,295.99, 59.16, 75.31, 67.23,
1982,17, 0.366,296.47, 59.12, 78.18, 68.65,
1982,18, 0.375,296.74, 58.60, 81.68, 70.14,
1982,19, 0.380,296.93, 58.64, 83.63, 71.14,
1982,20, 0.381,297.16, 58.20, 84.90, 71.55,
1982,21, 0.378,297.54, 57.87, 86.12, 71.99,
1982,22, 0.372,297.94, 57.27, 85.46, 71.36,
1982,23, 0.362,298.34, 53.99, 85.67, 69.83,
1982,24, 0.355,298.91, 51.12, 85.16, 68.14,
1982,25, 0.353,299.67, 51.93, 84.85, 68.39,
1982,26, 0.352,300.53, 53.97, 84.28, 69.12,
1982,27, 0.349,301.34, 55.46, 82.77, 69.12,
1982,28, 0.343,302.09, 55.72, 81.17, 68.45,
1982,29, 0.338,302.80, 56.22, 78.14, 67.18,
1982,30, 0.330,303.32, 54.65, 74.77, 64.71,
1982,31, 0.318,303.50, 51.12, 72.62, 61.87,
1982,32, 0.308,303.70, 46.87, 68.48, 57.68,
1982,33, 0.297,303.78, 42.64, 64.89, 53.76,
1982,34, 0.290,303.56, 39.87, 61.75, 50.81,
1982,35, 0.282,303.23, 36.97, 59.29, 48.13,
1982,36, 0.274,302.95, 33.26, 55.79, 44.52,
1982,37, 0.268,302.32, 30.94, 51.13, 41.03,
1982,38, 0.262,301.55, 28.75, 44.79, 36.77,
1982,39, 0.257,300.62, 27.91, 39.56, 33.73,
1982,40, 0.252,299.75, 28.22, 33.83, 31.02,
1982,41, 0.244,298.77, 27.01, 28.53, 27.77,
1982,42, 0.235,297.22, 24.50, 29.83, 27.17,
1982,43, 0.225,295.46, 21.57, 34.13, 27.85,
1982,44, 0.215,293.68, 19.46, 36.92, 28.19,
1982,45, 0.204,292.02, 17.95, 36.27, 27.11,
1982,46, 0.193,290.28, 16.91, 36.44, 26.67,
1982,47, 0.186,288.81, 18.44, 34.43, 26.44,
1982,48, 0.182,287.33, 20.75, 33.08, 26.92,
1982,49, 0.174,286.08, 20.50, 33.67, 27.09,
1982,50, 0.166,284.62, 19.48, 34.36, 26.92,
1982,51, 0.159,283.67, 19.11, 38.68, 28.89,
1982,52, 0.155,283.42, 20.08, 39.21, 29.65,
1983, 1, 0.151,283.50, 11.19, 47.00, 29.10,
1983, 2, 0.145,283.33,  8.59, 53.93, 31.26,
1983, 3, 0.141,283.10,  6.55, 62.17, 34.36,
1983, 4, 0.138,283.25,  5.26, 68.65, 36.96,
1983, 5, 0.135,283.67,  4.31, 74.38, 39.34,
1983, 6, 0.137,284.07,  3.85, 80.81, 42.33,
1983, 7, 0.145,285.13,  3.83, 83.79, 43.81,
1983, 8, 0.158,286.58,  4.97, 85.15, 45.06,
1983, 9, 0.175,287.86,  7.85, 85.60, 46.72,
1983,10, 0.191,288.62, 10.55, 88.44, 49.49,
1983,11, 0.208,289.29, 13.83, 91.27, 52.55,
1983,12, 0.225,290.03, 17.39, 93.04, 55.22,
1983,13, 0.244,291.22, 20.74, 92.76, 56.75,
1983,14, 0.267,292.53, 26.02, 91.39, 58.70,
1983,15, 0.291,294.16, 30.74, 87.37, 59.05,
1983,16, 0.314,295.54, 36.08, 82.53, 59.30,
1983,17, 0.334,296.69, 40.79, 78.72, 59.75,
1983,18, 0.350,297.45, 44.79, 76.93, 60.86,
1983,19, 0.363,298.00, 49.41, 75.80, 62.61,
1983,20, 0.373,298.52, 54.48, 74.37, 64.42,
1983,21, 0.379,299.02, 60.20, 74.00, 67.10,
1983,22, 0.381,299.70, 65.01, 71.32, 68.16,
1983,23, 0.379,300.61, 66.60, 67.50, 67.05,
1983,24, 0.374,301.63, 65.07, 63.30, 64.19,
1983,25, 0.364,302.48, 60.21, 61.75, 60.98,
1983,26, 0.352,303.33, 54.99, 59.83, 57.41,
1983,27, 0.341,304.18, 51.36, 57.15, 54.26,
1983,28, 0.329,305.12, 48.46, 53.47, 50.96,
1983,29, 0.315,305.83, 44.12, 50.10, 47.11,
1983,30, 0.300,306.10, 39.27, 48.90, 44.09,
1983,31, 0.286,306.38, 34.18, 45.22, 39.70,
1983,32, 0.273,306.50, 28.95, 41.43, 35.19,
1983,33, 0.263,306.38, 25.18, 39.99, 32.59,
1983,34, 0.257,306.02, 22.79, 37.91, 30.35,
1983,35, 0.250,305.17, 20.09, 40.33, 30.21,
1983,36, 0.247,304.07, 18.90, 44.41, 31.66,
1983,37, 0.245,302.70, 18.43, 46.87, 32.65,
1983,38, 0.243,301.05, 18.68, 49.92, 34.30,
1983,39, 0.246,299.48, 22.65, 52.82, 37.73,
1983,40, 0.247,297.73, 26.73, 59.52, 43.12,
1983,41, 0.247,295.56, 30.00, 71.01, 50.50,
1983,42, 0.247,293.67, 32.16, 74.97, 53.57,
1983,43, 0.247,291.75, 35.65, 79.21, 57.43,
1983,44, 0.246,289.60, 38.51, 83.68, 61.09,
1983,45, 0.243,287.34, 40.62, 85.45, 63.04,
1983,46, 0.240,285.56, 43.73, 84.55, 64.14,
1983,47, 0.239,283.76, 47.06, 84.65, 65.85,
1983,48, 0.225,281.64, 43.46, 88.00, 65.73,
1983,49, 0.213,280.16, 40.20, 90.67, 65.44,
1983,50, 0.203,279.33, 38.67, 90.87, 64.77,
1983,51, 0.194,278.69, 38.13, 89.78, 63.95,
1983,52, 0.189,278.48, 39.14, 87.32, 63.23,
1984, 1, 0.182,278.83, 30.30, 92.38, 61.34,
1984, 2, 0.186,279.76, 35.68, 88.72, 62.20,
1984, 3, 0.193,281.32, 42.88, 79.55, 61.21,
1984, 4, 0.201,282.90, 49.81, 72.46, 61.13,
1984, 5, 0.206,284.11, 53.11, 70.41, 61.76,
1984, 6, 0.209,285.07, 53.72, 71.15, 62.44,
1984, 7, 0.221,286.69, 56.99, 68.04, 62.52,
1984, 8, 0.234,288.24, 58.58, 67.51, 63.04,
1984, 9, 0.241,289.20, 55.22, 71.43, 63.32,
1984,10, 0.250,290.49, 52.85, 69.40, 61.13,
1984,11, 0.261,291.34, 51.53, 71.20, 61.37,
1984,12, 0.275,291.99, 51.72, 74.52, 63.12,
1984,13, 0.290,292.76, 50.91, 78.11, 64.51,
1984,14, 0.306,293.67, 50.49, 80.25, 65.37,
1984,15, 0.325,294.51, 51.04, 83.55, 67.30,
1984,16, 0.340,295.44, 51.71, 83.46, 67.58,
1984,17, 0.353,296.59, 51.94, 79.75, 65.85,
1984,18, 0.363,297.54, 52.52, 76.59, 64.55,
1984,19, 0.372,298.27, 55.10, 74.02, 64.56,
1984,20, 0.378,299.13, 57.48, 69.57, 63.52,
1984,21, 0.379,300.20, 59.16, 64.67, 61.92,
1984,22, 0.372,301.10, 58.01, 60.75, 59.38,
1984,23, 0.359,301.95, 52.56, 57.76, 55.16,
1984,24, 0.345,302.64, 45.57, 56.58, 51.07,
1984,25, 0.334,303.23, 41.25, 56.44, 48.85,
1984,26, 0.324,304.02, 38.77, 53.86, 46.31,
1984,27, 0.314,304.74, 36.89, 51.86, 44.38,
1984,28, 0.305,305.24, 35.48, 51.98, 43.73,
1984,29, 0.293,305.56, 32.55, 52.10, 42.32,
1984,30, 0.278,305.55, 28.06, 53.44, 40.75,
1984,31, 0.268,305.51, 24.90, 52.96, 38.93,
1984,32, 0.261,305.13, 22.65, 53.96, 38.30,
1984,33, 0.257,304.88, 21.84, 53.50, 37.67,
1984,34, 0.257,305.11, 22.84, 45.80, 34.32,
1984,35, 0.257,304.94, 23.54, 41.76, 32.65,
1984,36, 0.254,304.47, 22.50, 39.95, 31.22,
1984,37, 0.248,303.97, 20.06, 33.67, 26.87,
1984,38, 0.241,303.14, 17.34, 26.57, 21.95,
1984,39, 0.233,302.09, 14.52, 21.45, 17.99,
1984,40, 0.224,300.37, 12.56, 25.06, 18.81,
1984,41, 0.217,298.42, 12.28, 31.34, 21.81,
1984,42, 0.216,297.00, 14.30, 30.62, 22.46,
1984,43, 0.215,295.62, 17.05, 30.23, 23.64,
1984,44, 0.213,294.31, 20.23, 27.59, 23.91,
1984,45, 0.209,293.00, 23.22, 23.64, 23.43,
1984,46, 0.207,291.56, 27.36, 21.27, 24.31,
1984,47, 0.206,289.99, 31.85, 20.65, 26.25,
1984,48, 0.205,288.66, 36.42, 17.84, 27.13,
1984,49, 0.210,288.06, 43.39, 13.11, 28.25,
1984,50,-1.000, -1.00, -1.00, -1.00, -1.00,
1984,51,-1.000, -1.00, -1.00, -1.00, -1.00,
1984,52,-1.000, -1.00, -1.00, -1.00, -1.00,
1985, 1,-1.000, -1.00, -1.00, -1.00, -1.00,
1985, 2,-1.000, -1.00, -1.00, -1.00, -1.00,
1985, 3,-1.000, -1.00, -1.00, -1.00, -1.00,
1985, 4,-1.000, -1.00, -1.00, -1.00, -1.00,
1985, 5,-1.000, -1.00, -1.00, -1.00, -1.00,
1985, 6,-1.000, -1.00, -1.00, -1.00, -1.00,
1985, 7,-1.000, -1.00, -1.00, -1.00, -1.00,
1985, 8,-1.000, -1.00, -1.00, -1.00, -1.00,
1985, 9, 0.262,292.59, 68.98, 35.88, 52.43,
1985,10, 0.269,293.44, 65.90, 38.77, 52.34,
1985,11, 0.288,294.25, 68.97, 41.62, 55.29,
1985,12, 0.311,295.28, 73.50, 41.53, 57.52,
1985,13, 0.336,296.40, 77.08, 41.46, 59.27,
1985,14, 0.361,297.54, 80.94, 40.75, 60.85,
1985,15, 0.384,298.67, 84.34, 39.42, 61.88,
1985,16, 0.401,299.63, 86.24, 37.42, 61.83,
1985,17, 0.414,300.36, 87.16, 37.78, 62.47,
1985,18, 0.421,300.96, 87.39, 37.95, 62.67,
1985,19, 0.419,301.60, 85.43, 35.92, 60.68,
1985,20, 0.411,302.37, 80.72, 33.35, 57.03,
1985,21, 0.398,303.30, 74.11, 31.42, 52.76,
1985,22, 0.381,303.89, 65.96, 33.17, 49.56,
1985,23, 0.366,304.30, 58.65, 35.67, 47.16,
1985,24, 0.355,304.79, 53.05, 37.03, 45.04,
1985,25, 0.346,305.43, 49.56, 37.11, 43.34,
1985,26, 0.340,306.00, 48.59, 36.21, 42.40,
1985,27, 0.332,306.49, 47.62, 36.01, 41.82,
1985,28, 0.323,306.91, 46.03, 37.09, 41.56,
1985,29, 0.314,306.94, 44.51, 39.89, 42.20,
1985,30, 0.309,306.22, 44.34, 47.85, 46.09,
1985,31, 0.308,305.52, 46.06, 53.55, 49.81,
1985,32, 0.311,305.10, 48.60, 55.01, 51.80,
1985,33, 0.309,304.66, 48.95, 56.37, 52.66,
1985,34, 0.306,304.06, 48.00, 56.74, 52.37,
1985,35, 0.301,302.89, 46.61, 62.38, 54.49,
1985,36, 0.299,301.33, 46.97, 71.62, 59.29,
1985,37, 0.300,299.31, 48.51, 81.84, 65.17,
1985,38, 0.302,297.64, 51.56, 88.03, 69.80,
1985,39, 0.301,296.31, 53.67, 90.68, 72.17,
1985,40, 0.298,295.16, 55.55, 91.72, 73.64,
1985,41, 0.290,294.22, 55.11, 87.83, 71.47,
1985,42, 0.283,293.43, 54.53, 77.18, 65.86,
1985,43, 0.276,292.34, 53.79, 71.41, 62.60,
1985,44, 0.270,290.83, 54.24, 69.35, 61.79,
1985,45, 0.263,289.32, 54.37, 64.60, 59.49,
1985,46, 0.251,287.40, 51.54, 66.07, 58.81,
1985,47, 0.236,285.61, 46.99, 66.60, 56.80,
1985,48, 0.223,284.46, 43.66, 61.35, 52.50,
1985,49, 0.212,283.86, 41.71, 55.87, 48.79,
1985,50, 0.206,283.71, 42.22, 44.76, 43.49,
1985,51, 0.199,283.27, 42.43, 43.47, 42.95,
1985,52, 0.195,283.84, 43.82, 35.95, 39.89,
1986, 1, 0.197,285.60, 43.30, 26.96, 35.13,
1986, 2, 0.197,286.29, 45.77, 25.49, 35.63,
1986, 3, 0.200,287.52, 49.79, 19.63, 34.71,
1986, 4, 0.203,288.62, 52.44, 16.63, 34.54,
1986, 5, 0.206,289.61, 54.95, 15.13, 35.04,
1986, 6, 0.213,290.79, 56.94, 14.25, 35.59,
1986, 7, 0.221,291.80, 57.01, 17.18, 37.10,
1986, 8, 0.232,292.84, 57.10, 20.52, 38.81,
1986, 9, 0.246,293.94, 58.51, 22.94, 40.72,
1986,10, 0.262,294.59, 61.36, 28.01, 44.69,
1986,11, 0.280,295.40, 64.58, 30.92, 47.75,
1986,12, 0.295,295.54, 65.44, 39.83, 52.64,
1986,13, 0.316,296.48, 68.01, 42.03, 55.02,
1986,14, 0.339,297.99, 71.34, 38.08, 54.71,
1986,15, 0.356,298.49, 69.72, 44.03, 56.88,
1986,16, 0.369,299.00, 68.66, 47.23, 57.95,
1986,17, 0.377,299.77, 66.87, 47.30, 57.08,
1986,18, 0.376,300.16, 62.05, 49.72, 55.88,
1986,19, 0.368,300.66, 54.80, 49.13, 51.96,
1986,20, 0.358,300.86, 47.46, 51.86, 49.66,
1986,21, 0.349,300.81, 42.36, 58.30, 50.33,
1986,22, 0.343,301.22, 40.43, 59.25, 49.84,
1986,23, 0.338,301.85, 39.37, 57.90, 48.64,
1986,24, 0.335,302.72, 39.34, 54.54, 46.94,
1986,25, 0.334,303.48, 41.24, 53.06, 47.15,
1986,26, 0.334,304.15, 44.53, 51.83, 48.18,
1986,27, 0.332,305.12, 47.27, 47.82, 47.55,
1986,28, 0.328,305.95, 48.22, 45.50, 46.86,
1986,29, 0.324,306.74, 49.64, 41.40, 45.52,
1986,30, 0.324,307.34, 52.26, 37.23, 44.75,
1986,31, 0.321,306.96, 52.82, 39.70, 46.26,
1986,32, 0.312,305.69, 49.60, 49.58, 49.59,
1986,33, 0.307,304.20, 47.68, 61.44, 54.56,
1986,34, 0.304,302.59, 47.46, 71.63, 59.54,
1986,35, 0.304,301.58, 48.33, 75.54, 61.93,
1986,36, 0.299,300.76, 47.13, 77.72, 62.42,
1986,37, 0.295,299.71, 45.91, 78.07, 61.99,
1986,38, 0.291,298.46, 45.18, 79.32, 62.25,
1986,39, 0.291,297.29, 48.06, 79.67, 63.87,
1986,40, 0.288,296.14, 49.49, 79.94, 64.71,
1986,41, 0.285,294.90, 51.91, 79.43, 65.67,
1986,42, 0.280,293.55, 52.44, 75.93, 64.18,
1986,43, 0.277,292.50, 54.48, 69.27, 61.88,
1986,44, 0.269,291.42, 54.16, 61.67, 57.91,
1986,45, 0.255,289.83, 49.51, 58.12, 53.82,
1986,46, 0.241,288.11, 45.14, 57.75, 51.45,
1986,47, 0.231,286.39, 43.09, 58.34, 50.71,
1986,48, 0.217,284.52, 39.18, 60.73, 49.96,
1986,49, 0.202,283.06, 34.74, 63.82, 49.28,
1986,50, 0.195,282.95, 34.51, 52.99, 43.75,
1986,51, 0.191,282.75, 36.39, 48.60, 42.49,
1986,52, 0.185,282.16, 36.46, 52.28, 44.37,
1987, 1, 0.177,281.79, 28.15, 64.19, 46.17,
1987, 2, 0.175,281.74, 28.87, 69.73, 49.30,
1987, 3, 0.175,282.02, 30.53, 72.57, 51.55,
1987, 4, 0.177,282.80, 32.92, 72.98, 52.95,
1987, 5, 0.180,283.84, 35.39, 72.86, 54.13,
1987, 6, 0.189,285.07, 39.05, 71.25, 55.15,
1987, 7, 0.201,286.42, 42.24, 71.09, 56.67,
1987, 8, 0.213,287.82, 42.88, 71.98, 57.43,
1987, 9, 0.225,288.41, 42.35, 79.20, 60.77,
1987,10, 0.240,289.34, 44.81, 80.71, 62.76,
1987,11, 0.262,291.30, 50.97, 71.35, 61.16,
1987,12, 0.283,293.03, 56.04, 63.77, 59.91,
1987,13, 0.301,294.33, 57.09, 61.99, 59.54,
1987,14, 0.317,295.85, 57.28, 57.82, 57.55,
1987,15, 0.335,297.67, 57.10, 50.25, 53.68,
1987,16, 0.353,299.49, 59.17, 39.17, 49.17,
1987,17, 0.365,300.90, 59.58, 32.04, 45.81,
1987,18, 0.371,301.58, 57.54, 30.91, 44.22,
1987,19, 0.373,301.86, 55.51, 31.81, 43.66,
1987,20, 0.371,302.15, 52.36, 33.70, 43.03,
1987,21, 0.368,302.46, 50.94, 37.58, 44.26,
1987,22, 0.367,302.66, 53.09, 42.64, 47.86,
1987,23, 0.368,302.83, 57.45, 46.85, 52.15,
1987,24, 0.371,303.19, 62.14, 49.16, 55.65,
1987,25, 0.372,303.43, 65.39, 52.90, 59.15,
1987,26, 0.373,303.48, 68.47, 57.89, 63.18,
1987,27, 0.373,303.61, 71.16, 62.07, 66.61,
1987,28, 0.372,303.79, 73.17, 65.63, 69.40,
1987,29, 0.367,304.00, 72.93, 67.18, 70.06,
1987,30, 0.359,304.30, 71.18, 65.63, 68.40,
1987,31, 0.353,304.25, 70.07, 65.46, 67.76,
1987,32, 0.349,304.19, 69.11, 63.56, 66.33,
1987,33, 0.345,303.87, 68.26, 63.84, 66.05,
1987,34, 0.341,303.20, 67.20, 65.27, 66.24,
1987,35, 0.337,302.31, 67.15, 68.21, 67.68,
1987,36, 0.336,301.49, 67.90, 70.24, 69.07,
1987,37, 0.335,300.81, 69.40, 66.33, 67.87,
1987,38, 0.332,299.60, 69.78, 66.06, 67.92,
1987,39, 0.327,298.39, 70.15, 65.84, 67.99,
1987,40, 0.321,297.70, 70.01, 59.33, 64.67,
1987,41, 0.312,296.89, 68.26, 52.51, 60.38,
1987,42, 0.302,296.03, 65.29, 43.96, 54.62,
1987,43, 0.246,286.89, 70.16,  9.00, 39.58,
1987,44, 0.291,293.34, 64.70, 39.41, 52.05,
1987,45, 0.283,291.22, 64.42, 43.18, 53.80,
1987,46, 0.275,289.24, 63.46, 46.00, 54.73,
1987,47, 0.262,287.42, 59.31, 47.76, 53.53,
1987,48, 0.246,285.81, 54.06, 47.41, 50.74,
1987,49, 0.230,284.82, 48.51, 45.66, 47.08,
1987,50, 0.206,283.14, 39.12, 49.66, 44.39,
1987,51, 0.183,280.86, 29.60, 67.18, 48.39,
1987,52, 0.165,278.93, 23.02, 81.94, 52.48,
1988, 1, 0.155,278.01, 16.76, 90.79, 53.78,
1988, 2, 0.154,277.68, 17.63, 94.02, 55.82,
1988, 3, 0.160,278.25, 20.84, 94.17, 57.50,
1988, 4, 0.171,279.30, 27.52, 94.20, 60.86,
1988, 5, 0.181,281.07, 34.10, 91.73, 62.92,
1988, 6, 0.189,283.10, 38.07, 86.55, 62.31,
1988, 7, 0.199,285.57, 39.42, 78.16, 58.79,
1988, 8, 0.209,287.67, 38.67, 72.67, 55.67,
1988, 9, 0.225,289.52, 40.95, 67.20, 54.08,
1988,10, 0.243,291.54, 45.55, 57.91, 51.73,
1988,11, 0.258,292.75, 46.64, 56.40, 51.52,
1988,12, 0.276,293.77, 50.07, 55.86, 52.97,
1988,13, 0.298,294.81, 54.10, 56.39, 55.24,
1988,14, 0.319,295.51, 56.67, 59.94, 58.30,
1988,15, 0.338,295.82, 57.59, 66.93, 62.26,
1988,16, 0.359,296.60, 61.50, 67.00, 64.25,
1988,17, 0.379,297.36, 66.20, 66.79, 66.50,
1988,18, 0.391,298.44, 68.35, 61.65, 65.00,
1988,19, 0.396,299.38, 69.12, 56.30, 62.71,
1988,20, 0.393,300.03, 66.98, 53.82, 60.40,
1988,21, 0.384,300.75, 63.16, 52.95, 58.06,
1988,22, 0.374,301.26, 59.60, 54.16, 56.88,
1988,23, 0.363,301.77, 54.79, 55.01, 54.90,
1988,24, 0.349,302.36, 47.12, 55.15, 51.13,
1988,25, 0.335,302.68, 40.29, 58.30, 49.30,
1988,26, 0.323,302.90, 36.16, 62.03, 49.09,
1988,27, 0.314,302.91, 34.91, 67.54, 51.22,
1988,28, 0.306,302.70, 35.10, 74.84, 54.97,
1988,29, 0.302,302.65, 36.79, 79.15, 57.97,
1988,30, 0.297,302.88, 37.50, 78.68, 58.09,
1988,31, 0.292,303.03, 37.51, 77.01, 57.26,
1988,32, 0.288,302.93, 37.04, 75.79, 56.42,
1988,33, 0.282,302.61, 35.25, 75.75, 55.50,
1988,34, 0.279,302.23, 34.44, 74.01, 54.23,
1988,35, 0.278,301.91, 34.92, 71.14, 53.03,
1988,36, 0.280,301.17, 36.62, 72.14, 54.38,
1988,37, 0.281,300.18, 38.70, 71.71, 55.20,
1988,38, 0.285,299.41, 42.10, 67.13, 54.62,
1988,39, 0.288,298.75, 46.42, 60.60, 53.51,
1988,40, 0.292,298.27, 52.29, 51.44, 51.87,
1988,41, 0.293,296.99, 57.73, 51.06, 54.39,
1988,42, 0.296,296.07, 62.91, 43.78, 53.35,
1988,43, 0.297,295.25, 66.96, 36.14, 51.55,
1988,44, 0.298,293.99, 71.99, 32.66, 52.32,
1988,45, 0.298,292.52, 76.41, 30.72, 53.57,
1988,46, 0.293,291.30, 77.02, 26.83, 51.93,
1988,47, 0.288,290.13, 77.45, 23.13, 50.29,
1988,48, 0.283,289.19, 78.01, 17.74, 47.87,
1988,49, 0.276,288.24, 77.53, 15.99, 46.76,
1988,50, 0.269,287.40, 77.95, 10.01, 43.98,
1988,51, 0.262,287.02, 77.68,  9.79, 43.73,
1988,52, 0.253,286.11, 76.03, 16.21, 46.12,
1989, 1, 0.245,285.81, 73.93, 25.75, 49.84,
1989, 2, 0.239,286.21, 72.63, 27.06, 49.84,
1989, 3, 0.231,286.31, 69.31, 31.96, 50.64,
1989, 4, 0.223,286.27, 65.02, 39.83, 52.43,
1989, 5, 0.214,286.15, 59.05, 49.14, 54.10,
1989, 6, 0.204,286.13, 50.12, 59.10, 54.61,
1989, 7, 0.197,286.67, 39.86, 66.67, 53.26,
1989, 8, 0.196,287.82, 31.40, 71.00, 51.20,
1989, 9, 0.201,289.57, 26.58, 67.50, 47.04,
1989,10, 0.211,291.66, 25.90, 57.86, 41.88,
1989,11, 0.226,293.45, 27.80, 50.52, 39.16,
1989,12, 0.242,294.88, 30.08, 46.19, 38.13,
1989,13, 0.256,295.89, 29.96, 47.59, 38.78,
1989,14, 0.277,297.39, 33.44, 43.47, 38.46,
1989,15, 0.296,299.06, 35.11, 36.88, 36.00,
1989,16, 0.310,299.85, 35.13, 36.62, 35.87,
1989,17, 0.325,300.52, 37.22, 37.47, 37.35,
1989,18, 0.337,301.25, 38.70, 36.18, 37.44,
1989,19, 0.342,301.44, 38.21, 38.56, 38.38,
1989,20, 0.344,301.24, 36.81, 45.57, 41.19,
1989,21, 0.343,301.17, 36.69, 52.75, 44.72,
1989,22, 0.343,301.19, 38.96, 58.23, 48.60,
1989,23, 0.343,301.37, 41.38, 61.90, 51.64,
1989,24, 0.342,301.51, 43.00, 65.63, 54.31,
1989,25, 0.343,301.96, 45.29, 67.47, 56.38,
1989,26, 0.342,302.48, 47.44, 68.71, 58.08,
1989,27, 0.341,302.94, 50.81, 69.94, 60.38,
1989,28, 0.338,303.10, 53.06, 73.48, 63.27,
1989,29, 0.334,303.06, 54.33, 77.24, 65.78,
1989,30, 0.336,302.97, 57.96, 79.24, 68.60,
1989,31, 0.337,302.87, 61.34, 79.51, 70.42,
1989,32, 0.337,302.55, 62.46, 80.22, 71.34,
1989,33, 0.337,302.05, 63.56, 82.03, 72.79,
1989,34, 0.337,301.66, 65.10, 80.59, 72.84,
1989,35, 0.338,301.29, 67.37, 78.25, 72.81,
1989,36, 0.337,300.93, 68.66, 75.80, 72.23,
1989,37, 0.337,300.58, 70.40, 68.82, 69.61,
1989,38, 0.336,300.24, 71.76, 59.03, 65.40,
1989,39, 0.329,299.92, 70.80, 47.50, 59.15,
1989,40, 0.318,299.42, 67.91, 37.58, 52.74,
1989,41, 0.306,298.80, 64.57, 27.85, 46.21,
1989,42, 0.294,297.88, 60.32, 21.53, 40.93,
1989,43, 0.284,296.64, 57.54, 19.89, 38.72,
1989,44, 0.276,294.78, 56.82, 23.83, 40.33,
1989,45, 0.270,293.20, 57.40, 23.69, 40.55,
1989,46, 0.264,291.65, 58.71, 23.41, 41.06,
1989,47, 0.258,290.07, 59.64, 23.83, 41.74,
1989,48, 0.251,288.63, 60.22, 22.54, 41.38,
1989,49, 0.242,287.43, 59.25, 22.30, 40.77,
1989,50, 0.233,286.69, 59.30, 13.20, 36.25,
1989,51, 0.225,286.61, 58.82,  9.07, 33.94,
1989,52, 0.216,286.87, 57.33,  6.70, 32.01,
1990, 1, 0.208,287.18, 52.02, 11.22, 31.62,
1990, 2, 0.203,287.69, 50.68, 11.63, 31.15,
1990, 3, 0.199,288.05, 49.38, 13.95, 31.66,
1990, 4, 0.197,288.30, 48.32, 18.71, 33.51,
1990, 5, 0.197,288.31, 47.93, 26.58, 37.26,
1990, 6, 0.197,289.07, 45.18, 29.07, 37.12,
1990, 7, 0.200,290.01, 41.82, 32.41, 37.11,
1990, 8, 0.205,290.87, 37.20, 38.36, 37.78,
1990, 9, 0.211,291.81, 32.35, 42.99, 37.67,
1990,10, 0.388,300.15, 68.16, 47.06, 57.61,
1990,11, 0.233,293.27, 30.40, 51.00, 40.70,
1990,12, 0.249,294.23, 32.34, 51.58, 41.96,
1990,13, 0.264,294.89, 32.72, 56.45, 44.59,
1990,14, 0.277,295.53, 31.71, 61.19, 46.45,
1990,15, 0.290,296.10, 30.33, 66.45, 48.39,
1990,16, 0.305,296.78, 30.98, 67.99, 49.48,
1990,17, 0.321,297.54, 33.68, 68.07, 50.88,
1990,18, 0.335,298.43, 36.13, 65.48, 50.80,
1990,19, 0.346,299.41, 38.75, 60.06, 49.40,
1990,20, 0.353,300.50, 41.20, 53.47, 47.34,
1990,21, 0.356,301.56, 43.55, 49.36, 46.45,
1990,22, 0.352,302.56, 43.85, 46.07, 44.96,
1990,23, 0.346,303.39, 43.12, 44.25, 43.69,
1990,24, 0.340,304.14, 41.80, 42.84, 42.32,
1990,25, 0.334,304.91, 40.21, 41.62, 40.92,
1990,26, 0.325,305.35, 38.00, 42.15, 40.07,
1990,27, 0.315,305.35, 36.26, 46.63, 41.44,
1990,28, 0.306,305.19, 35.41, 52.93, 44.17,
1990,29, 0.299,304.77, 35.29, 59.83, 47.56,
1990,30, 0.295,304.35, 36.61, 65.05, 50.83,
1990,31, 0.296,303.99, 39.46, 67.73, 53.60,
1990,32, 0.300,304.07, 42.68, 64.44, 53.56,
1990,33, 0.301,304.61, 44.70, 56.21, 50.46,
1990,34, 0.301,304.74, 45.79, 49.15, 47.47,
1990,35, 0.299,304.48, 45.91, 45.60, 45.76,
1990,36, 0.298,304.06, 46.64, 43.11, 44.88,
1990,37, 0.298,303.27, 48.09, 39.70, 43.90,
1990,38, 0.300,301.89, 51.14, 39.47, 45.31,
1990,39, 0.303,300.26, 56.12, 42.72, 49.42,
1990,40, 0.306,298.91, 61.67, 43.86, 52.76,
1990,41, 0.306,297.70, 66.41, 42.49, 54.45,
1990,42, 0.303,296.41, 67.84, 39.88, 53.86,
1990,43, 0.298,295.32, 68.02, 35.44, 51.73,
1990,44, 0.290,294.05, 67.04, 31.63, 49.34,
1990,45, 0.283,292.68, 67.34, 28.14, 47.74,
1990,46, 0.277,291.33, 67.51, 25.32, 46.42,
1990,47, 0.272,289.70, 68.43, 25.97, 47.20,
1990,48, 0.266,288.44, 69.17, 22.98, 46.07,
1990,49, 0.258,287.15, 68.19, 24.24, 46.21,
1990,50, 0.246,285.83, 65.72, 21.95, 43.83,
1990,51, 0.232,284.57, 61.58, 30.18, 45.88,
1990,52, 0.219,283.55, 57.43, 39.10, 48.26,
1991, 1, 0.208,283.28, 49.30, 49.84, 49.57,
1991, 2, 0.202,283.54, 47.43, 52.46, 49.94,
1991, 3, 0.199,284.44, 47.41, 49.47, 48.44,
1991, 4, 0.199,285.87, 48.60, 43.64, 46.12,
1991, 5, 0.202,287.47, 50.93, 37.04, 43.98,
1991, 6, 0.208,289.16, 53.25, 31.13, 42.19,
1991, 7, 0.215,290.95, 52.83, 26.50, 39.67,
1991, 8, 0.223,292.67, 50.73, 22.99, 36.86,
1991, 9, 0.234,294.20, 50.27, 20.50, 35.38,
1991,10, 0.246,295.72, 50.42, 16.86, 33.64,
1991,11, 0.261,296.95, 51.41, 15.69, 33.55,
1991,12, 0.275,298.18, 51.83, 13.84, 32.84,
1991,13, 0.290,298.95, 51.46, 17.04, 34.25,
1991,14, 0.308,299.43, 52.54, 22.86, 37.70,
1991,15, 0.326,299.84, 52.11, 28.57, 40.34,
1991,16, 0.338,300.07, 51.63, 34.55, 43.09,
1991,17, 0.349,300.19, 51.09, 41.88, 46.49,
1991,18, 0.355,300.38, 49.77, 46.91, 48.34,
1991,19, 0.360,300.59, 49.68, 49.48, 49.58,
1991,20, 0.359,300.86, 47.66, 51.50, 49.58,
1991,21, 0.358,301.29, 47.31, 53.10, 50.20,
1991,22, 0.358,301.77, 49.66, 53.68, 51.67,
1991,23, 0.359,302.54, 53.63, 51.60, 52.61,
1991,24, 0.361,303.47, 57.01, 48.34, 52.67,
1991,25, 0.358,304.39, 56.20, 45.63, 50.91,
1991,26, 0.351,305.09, 54.39, 43.89, 49.14,
1991,27, 0.344,305.80, 53.67, 41.70, 47.69,
1991,28, 0.332,306.30, 50.13, 41.96, 46.05,
1991,29, 0.321,306.55, 47.34, 42.53, 44.93,
1991,30, 0.313,306.73, 45.85, 42.03, 43.94,
1991,31, 0.304,306.28, 43.51, 45.22, 44.37,
1991,32, 0.296,305.57, 40.71, 49.32, 45.01,
1991,33, 0.288,304.84, 37.70, 53.46, 45.58,
1991,34, 0.279,303.59, 33.66, 60.31, 46.99,
1991,35, 0.272,302.39, 31.54, 66.59, 49.06,
1991,36, 0.271,301.30, 31.73, 71.55, 51.64,
1991,37, 0.274,300.24, 34.35, 72.03, 53.19,
1991,38, 0.280,299.52, 38.64, 67.16, 52.90,
1991,39, 0.286,299.26, 44.62, 55.72, 50.17,
1991,40, 0.288,298.84, 50.02, 45.44, 47.73,
1991,41, 0.284,297.72, 51.50, 42.91, 47.21,
1991,42, 0.277,296.28, 50.51, 42.15, 46.33,
1991,43, 0.267,294.40, 47.76, 46.80, 47.28,
1991,44, 0.251,291.43, 41.29, 62.64, 51.96,
1991,45, 0.236,289.11, 37.05, 67.15, 52.10,
1991,46, 0.225,287.64, 35.44, 63.87, 49.65,
1991,47, 0.216,286.52, 34.35, 57.82, 46.09,
1991,48, 0.208,285.42, 34.69, 52.23, 43.46,
1991,49, 0.202,284.41, 34.67, 50.38, 42.53,
1991,50, 0.195,283.59, 34.47, 45.42, 39.95,
1991,51, 0.188,283.09, 34.80, 44.56, 39.68,
1991,52, 0.186,283.13, 36.71, 42.00, 39.35,
1992, 1, 0.186,283.41, 32.21, 48.05, 40.13,
1992, 2, 0.186,283.88, 34.60, 48.86, 41.73,
1992, 3, 0.189,284.71, 37.96, 46.79, 42.38,
1992, 4, 0.193,285.79, 41.29, 43.96, 42.63,
1992, 5, 0.197,287.16, 44.33, 39.36, 41.84,
1992, 6, 0.207,288.62, 49.09, 35.33, 42.21,
1992, 7, 0.224,290.11, 54.63, 33.33, 43.98,
1992, 8, 0.242,291.24, 59.34, 36.28, 47.81,
1992, 9, 0.260,292.19, 63.32, 40.52, 51.92,
1992,10, 0.277,293.27, 66.71, 41.08, 53.90,
1992,11, 0.291,294.45, 67.80, 40.02, 53.91,
1992,12, 0.305,295.18, 68.28, 43.07, 55.68,
1992,13, 0.318,295.85, 66.26, 47.76, 57.01,
1992,14, 0.330,296.35, 63.55, 53.82, 58.68,
1992,15, 0.339,296.80, 58.70, 60.26, 59.48,
1992,16, 0.352,297.42, 58.38, 62.74, 60.56,
1992,17, 0.363,298.15, 58.60, 63.29, 60.94,
1992,18, 0.366,298.68, 55.26, 64.16, 59.71,
1992,19, 0.363,298.91, 50.67, 66.25, 58.46,
1992,20, 0.356,298.89, 44.39, 70.66, 57.52,
1992,21, 0.346,298.77, 38.26, 77.17, 57.72,
1992,22, 0.339,298.67, 36.02, 81.94, 58.98,
1992,23, 0.340,299.09, 38.83, 82.40, 60.61,
1992,24, 0.346,300.08, 45.56, 78.33, 61.94,
1992,25, 0.356,301.06, 54.07, 75.60, 64.83,
1992,26, 0.363,301.73, 61.61, 75.63, 68.62,
1992,27, 0.367,301.92, 67.01, 79.01, 73.01,
1992,28, 0.367,301.90, 70.63, 84.11, 77.37,
1992,29, 0.371,302.08, 75.29, 86.08, 80.69,
1992,30, 0.372,302.11, 78.08, 87.11, 82.60,
1992,31, 0.369,301.97, 78.59, 88.17, 83.38,
1992,32, 0.367,301.81, 78.41, 87.67, 83.04,
1992,33, 0.363,301.60, 77.44, 86.72, 82.08,
1992,34, 0.357,301.37, 75.88, 83.89, 79.89,
1992,35, 0.350,301.02, 73.93, 81.37, 77.65,
1992,36, 0.344,300.89, 72.22, 76.89, 74.56,
1992,37, 0.337,300.46, 69.93, 70.81, 70.37,
1992,38, 0.328,299.79, 66.83, 65.15, 65.99,
1992,39, 0.320,299.06, 65.04, 59.15, 62.10,
1992,40, 0.307,297.78, 61.10, 59.84, 60.47,
1992,41, 0.294,296.12, 56.89, 64.00, 60.45,
1992,42, 0.279,294.30, 51.08, 66.58, 58.83,
1992,43, 0.260,291.96, 42.34, 75.91, 59.12,
1992,44, 0.242,289.24, 34.11, 86.50, 60.30,
1992,45, 0.225,286.54, 28.98, 91.93, 60.45,
1992,46, 0.210,284.27, 24.73, 94.48, 59.61,
1992,47, 0.195,282.26, 20.76, 95.09, 57.93,
1992,48, 0.182,280.67, 18.68, 92.09, 55.38,
1992,49, 0.174,279.90, 18.25, 87.94, 53.10,
1992,50, 0.166,279.58, 17.19, 82.37, 49.78,
1992,51, 0.158,279.48, 16.24, 77.29, 46.76,
1992,52, 0.151,279.56, 15.76, 73.53, 44.65,
1993, 1, 0.144,279.72, 12.87, 77.62, 45.25,
1993, 2, 0.142,280.38, 12.86, 77.31, 45.08,
1993, 3, 0.145,281.50, 13.83, 73.07, 43.45,
1993, 4, 0.148,282.95, 14.88, 68.24, 41.56,
1993, 5, 0.152,284.17, 16.77, 67.36, 42.06,
1993, 6, 0.158,285.54, 17.88, 65.01, 41.44,
1993, 7, 0.162,286.34, 16.02, 70.54, 43.28,
1993, 8, 0.169,287.12, 13.58, 77.36, 45.47,
1993, 9, 0.183,288.22, 14.12, 78.46, 46.29,
1993,10, 0.199,289.62, 17.07, 75.46, 46.27,
1993,11, 0.215,291.04, 19.58, 72.17, 45.88,
1993,12, 0.232,292.06, 22.82, 72.00, 47.41,
1993,13, 0.253,292.87, 26.54, 75.23, 50.89,
1993,14, 0.276,293.80, 31.59, 76.95, 54.27,
1993,15, 0.302,294.75, 37.33, 78.81, 58.07,
1993,16, 0.330,296.17, 45.57, 73.49, 59.53,
1993,17, 0.355,297.53, 52.99, 67.37, 60.18,
1993,18, 0.377,298.56, 60.56, 63.36, 61.96,
1993,19, 0.393,299.44, 67.17, 58.81, 62.99,
1993,20, 0.401,299.92, 71.13, 58.98, 65.06,
1993,21, 0.405,300.43, 75.02, 60.71, 67.86,
1993,22, 0.405,300.82, 77.83, 62.34, 70.08,
1993,23, 0.401,301.18, 78.39, 64.10, 71.24,
1993,24, 0.396,301.65, 77.46, 64.59, 71.02,
1993,25, 0.394,302.01, 77.73, 66.94, 72.34,
1993,26, 0.393,302.48, 79.21, 68.04, 73.63,
1993,27, 0.390,302.89, 80.31, 68.90, 74.60,
1993,28, 0.388,303.22, 81.17, 70.70, 75.94,
1993,29, 0.384,303.56, 81.45, 70.81, 76.13,
1993,30, 0.379,303.79, 80.67, 69.96, 75.31,
1993,31, 0.371,303.96, 78.43, 67.75, 73.09,
1993,32, 0.364,304.01, 75.82, 64.77, 70.30,
1993,33, 0.357,303.67, 73.48, 65.17, 69.32,
1993,34, 0.354,303.16, 73.43, 65.01, 69.22,
1993,35, 0.355,302.34, 75.62, 67.46, 71.54,
1993,36, 0.356,301.68, 78.31, 68.08, 73.19,
1993,37, 0.356,300.98, 79.90, 64.73, 72.31,
1993,38, 0.354,300.19, 81.30, 59.92, 70.61,
1993,39, 0.349,299.45, 81.72, 53.82, 67.77,
1993,40, 0.343,298.48, 82.03, 50.20, 66.11,
1993,41, 0.337,297.11, 82.28, 50.28, 66.28,
1993,42, 0.331,295.64, 82.29, 49.79, 66.04,
1993,43, 0.322,293.66, 80.91, 56.26, 68.59,
1993,44, 0.305,291.75, 75.02, 59.50, 67.26,
1993,45, 0.282,290.22, 64.99, 55.48, 60.23,
1993,46, 0.257,288.80, 53.76, 52.50, 53.13,
1993,47, 0.237,287.62, 46.17, 47.90, 47.03,
1993,48, 0.223,286.29, 42.95, 44.86, 43.91,
1993,49, 0.214,285.13, 41.99, 44.09, 43.04,
1993,50, 0.206,284.27, 41.34, 38.62, 39.98,
1993,51, 0.200,283.57, 41.33, 39.63, 40.48,
1993,52, 0.194,283.06, 40.89, 42.83, 41.86,
1994, 1, 0.189,282.56, 35.80, 56.03, 45.91,
1994, 2, 0.186,282.47, 36.26, 62.31, 49.28,
1994, 3, 0.186,282.94, 36.94, 63.50, 50.22,
1994, 4, 0.187,283.58, 38.09, 65.17, 51.63,
1994, 5, 0.190,284.52, 40.08, 65.58, 52.83,
1994, 6, 0.192,285.58, 39.85, 65.55, 52.70,
1994, 7, 0.197,286.72, 37.86, 67.75, 52.81,
1994, 8, 0.203,287.88, 34.34, 71.16, 52.75,
1994, 9, 0.211,289.23, 31.84, 70.62, 51.23,
1994,10, 0.223,290.39, 32.06, 69.54, 50.80,
1994,11, 0.236,291.48, 32.56, 68.53, 50.54,
1994,12, 0.249,292.49, 32.87, 67.54, 50.20,
1994,13, 0.268,293.48, 35.77, 68.45, 52.11,
1994,14, 0.287,294.18, 38.27, 72.05, 55.16,
1994,15, 0.303,294.68, 38.03, 77.84, 57.93,
1994,16, 0.318,295.32, 39.11, 80.55, 59.83,
1994,17, 0.332,296.01, 40.46, 81.94, 61.20,
1994,18, 0.346,296.90, 43.26, 80.13, 61.69,
1994,19, 0.359,297.81, 47.98, 76.49, 62.23,
1994,20, 0.370,298.91, 53.57, 69.90, 61.73,
1994,21, 0.378,299.95, 60.50, 64.99, 62.75,
1994,22, 0.383,301.14, 66.99, 58.59, 62.79,
1994,23, 0.383,301.97, 69.57, 56.25, 62.91,
1994,24, 0.377,302.39, 67.48, 57.66, 62.57,
1994,25, 0.367,302.69, 62.85, 60.58, 61.71,
1994,26, 0.361,303.09, 61.53, 62.35, 61.94,
1994,27, 0.354,303.30, 60.27, 65.75, 63.01,
1994,28, 0.346,303.23, 59.14, 71.76, 65.45,
1994,29, 0.340,303.11, 58.35, 76.50, 67.43,
1994,30, 0.333,303.05, 57.29, 78.35, 67.82,
1994,31, 0.327,303.14, 55.78, 77.06, 66.42,
1994,32, 0.320,303.30, 53.50, 73.43, 63.46,
1994,33, 0.315,303.52, 51.47, 68.49, 59.98,
1994,34, 0.311,303.69, 50.12, 61.36, 55.74,
1994,35, 0.308,303.75, 49.51, 54.51, 52.01,
1994,36, 0.306,303.61, 49.59, 49.12, 49.35,
1994,37,-1.000, -1.00, -1.00, -1.00, -1.00,
1994,38,-1.000, -1.00, -1.00, -1.00, -1.00,
1994,39,-1.000, -1.00, -1.00, -1.00, -1.00,
1994,40,-1.000, -1.00, -1.00, -1.00, -1.00,
1994,41,-1.000, -1.00, -1.00, -1.00, -1.00,
1994,42,-1.000, -1.00, -1.00, -1.00, -1.00,
1994,43,-1.000, -1.00, -1.00, -1.00, -1.00,
1994,44,-1.000, -1.00, -1.00, -1.00, -1.00,
1994,45,-1.000, -1.00, -1.00, -1.00, -1.00,
1994,46,-1.000, -1.00, -1.00, -1.00, -1.00,
1994,47,-1.000, -1.00, -1.00, -1.00, -1.00,
1994,48,-1.000, -1.00, -1.00, -1.00, -1.00,
1994,49,-1.000, -1.00, -1.00, -1.00, -1.00,
1994,50,-1.000, -1.00, -1.00, -1.00, -1.00,
1994,51,-1.000, -1.00, -1.00, -1.00, -1.00,
1994,52,-1.000, -1.00, -1.00, -1.00, -1.00,
1995, 1,-1.000, -1.00, -1.00, -1.00, -1.00,
1995, 2,-1.000, -1.00, -1.00, -1.00, -1.00,
1995, 3,-1.000, -1.00, -1.00, -1.00, -1.00,
1995, 4, 0.254,287.78, 77.64, 25.25, 51.45,
1995, 5, 0.259,288.23, 80.38, 29.29, 54.83,
1995, 6, 0.263,288.92, 80.72, 32.52, 56.62,
1995, 7, 0.266,289.75, 78.78, 37.30, 58.04,
1995, 8, 0.270,290.72, 75.12, 41.94, 58.53,
1995, 9, 0.274,292.00, 71.32, 42.15, 56.74,
1995,10, 0.282,293.23, 69.05, 40.88, 54.97,
1995,11, 0.294,294.08, 68.56, 43.15, 55.86,
1995,12, 0.312,295.07, 71.23, 43.27, 57.25,
1995,13, 0.330,295.86, 72.21, 46.49, 59.35,
1995,14, 0.345,296.11, 71.31, 55.07, 63.19,
1995,15, 0.356,295.70, 67.52, 71.18, 69.35,
1995,16, 0.369,295.68, 67.39, 80.20, 73.80,
1995,17, 0.380,296.36, 67.50, 80.30, 73.90,
1995,18, 0.384,296.86, 65.68, 80.63, 73.16,
1995,19, 0.385,297.25, 64.30, 80.67, 72.48,
1995,20, 0.384,298.01, 62.70, 77.76, 70.23,
1995,21, 0.377,298.98, 59.49, 73.94, 66.72,
1995,22, 0.369,299.63, 56.62, 72.26, 64.44,
1995,23, 0.364,300.36, 55.46, 70.30, 62.88,
1995,24, 0.361,301.23, 54.82, 67.74, 61.28,
1995,25, 0.360,302.45, 56.51, 62.95, 59.73,
1995,26, 0.362,303.57, 60.63, 58.45, 59.54,
1995,27, 0.359,304.03, 62.25, 59.27, 60.76,
1995,28, 0.358,304.43, 65.00, 60.61, 62.80,
1995,29, 0.355,304.67, 66.44, 61.79, 64.12,
1995,30, 0.353,304.68, 67.69, 62.86, 65.27,
1995,31, 0.351,304.40, 68.88, 64.70, 66.79,
1995,32, 0.349,304.46, 68.97, 61.54, 65.25,
1995,33, 0.345,304.66, 67.87, 56.51, 62.19,
1995,34, 0.337,304.49, 65.24, 52.64, 58.94,
1995,35, 0.327,303.81, 60.96, 53.44, 57.20,
1995,36, 0.321,302.66, 59.15, 58.36, 58.75,
1995,37, 0.314,300.73, 57.27, 67.03, 62.15,
1995,38, 0.313,299.24, 58.50, 69.88, 64.19,
1995,39, 0.314,298.39, 62.16, 65.70, 63.93,
1995,40, 0.311,297.76, 64.59, 58.62, 61.61,
1995,41, 0.306,297.05, 65.66, 50.61, 58.13,
1995,42, 0.297,295.87, 63.78, 46.34, 55.06,
1995,43, 0.285,294.50, 60.07, 45.49, 52.78,
1995,44, 0.270,292.88, 54.92, 45.83, 50.38,
1995,45, 0.255,291.43, 50.61, 42.22, 46.42,
1995,46, 0.246,290.10, 49.63, 38.94, 44.29,
1995,47, 0.237,288.73, 48.57, 37.07, 42.82,
1995,48, 0.228,287.16, 47.72, 36.94, 42.33,
1995,49, 0.220,284.75, 46.83, 48.15, 47.49,
1995,50, 0.210,282.36, 45.03, 59.10, 52.06,
1995,51, 0.199,280.99, 42.47, 65.78, 54.13,
1995,52, 0.193,281.15, 42.21, 60.69, 51.45,
1996, 1, 0.189,281.62, 36.76, 65.22, 50.99,
1996, 2, 0.190,282.52, 39.55, 61.83, 50.69,
1996, 3, 0.191,283.13, 41.54, 61.87, 51.71,
1996, 4, 0.190,284.87, 42.28, 53.07, 47.67,
1996, 5, 0.189,286.67, 41.94, 44.64, 43.29,
1996, 6, 0.191,288.33, 41.59, 38.74, 40.16,
1996, 7, 0.196,290.37, 39.76, 31.51, 35.64,
1996, 8, 0.199,292.34, 34.56, 26.05, 30.30,
1996, 9, 0.203,294.08, 29.20, 21.86, 25.53,
1996,10, 0.208,295.04, 24.98, 23.49, 24.24,
1996,11, 0.213,295.49, 19.97, 29.85, 24.91,
1996,12, 0.218,296.64, 15.66, 28.62, 22.14,
1996,13, 0.226,298.36, 12.36, 22.74, 17.55,
1996,14, 0.235,299.82,  9.77, 18.95, 14.36,
1996,15, 0.246,300.92,  7.83, 17.87, 12.85,
1996,16, 0.259,301.63,  7.33, 18.81, 13.07,
1996,17, 0.271,302.80,  7.07, 15.31, 11.19,
1996,18, 0.285,303.81,  8.31, 11.55,  9.93,
1996,19, 0.297,304.18, 10.74, 12.32, 11.53,
1996,20, 0.308,304.52, 14.52, 13.82, 14.17,
1996,21, 0.315,304.71, 18.93, 19.01, 18.97,
1996,22, 0.323,304.83, 26.18, 25.07, 25.62,
1996,23, 0.331,304.98, 34.41, 29.48, 31.94,
1996,24, 0.335,304.68, 39.27, 37.38, 38.33,
1996,25, 0.336,304.68, 42.50, 42.41, 42.46,
1996,26, 0.337,304.70, 46.09, 46.50, 46.30,
1996,27, 0.340,304.48, 51.11, 53.53, 52.32,
1996,28, 0.342,303.79, 56.05, 65.27, 60.66,
1996,29, 0.349,303.25, 62.86, 73.86, 68.36,
1996,30, 0.356,303.02, 69.19, 77.33, 73.26,
1996,31, 0.361,302.57, 73.73, 81.11, 77.42,
1996,32, 0.362,301.74, 75.28, 86.73, 81.00,
1996,33, 0.359,301.10, 75.02, 89.40, 82.21,
1996,34, 0.356,300.52, 74.84, 89.84, 82.34,
1996,35, 0.356,300.05, 76.43, 88.76, 82.60,
1996,36, 0.357,299.66, 79.11, 87.39, 83.25,
1996,37, 0.357,299.08, 81.14, 83.31, 82.22,
1996,38, 0.357,298.65, 83.60, 75.67, 79.63,
1996,39, 0.353,297.94, 84.73, 70.34, 77.54,
1996,40, 0.345,296.90, 84.33, 68.99, 76.66,
1996,41, 0.334,295.64, 82.31, 68.95, 75.63,
1996,42, 0.323,294.41, 79.85, 64.58, 72.21,
1996,43, 0.310,293.24, 76.32, 60.14, 68.23,
1996,44, 0.296,291.40, 71.70, 61.96, 66.83,
1996,45, 0.281,289.44, 66.73, 62.55, 64.64,
1996,46, 0.265,288.11, 60.96, 57.75, 59.36,
1996,47, 0.252,286.64, 56.80, 55.25, 56.03,
1996,48, 0.243,285.30, 55.39, 51.93, 53.66,
1996,49, 0.238,284.39, 55.93, 49.69, 52.81,
1996,50, 0.232,283.58, 56.67, 45.26, 50.96,
1996,51, 0.224,283.16, 56.09, 44.06, 50.07,
1996,52, 0.218,282.60, 55.41, 47.63, 51.52,
1997, 1, 0.213,282.38, 50.75, 58.85, 54.80,
1997, 2, 0.210,282.62, 51.37, 61.86, 56.62,
1997, 3, 0.208,283.45, 51.95, 59.57, 55.76,
1997, 4, 0.208,284.39, 52.34, 58.25, 55.30,
1997, 5, 0.210,285.56, 54.51, 56.02, 55.27,
1997, 6, 0.215,286.98, 55.78, 52.27, 54.02,
1997, 7, 0.221,288.47, 54.79, 50.30, 52.54,
1997, 8, 0.230,289.25, 53.00, 57.20, 55.10,
1997, 9, 0.243,290.30, 53.75, 59.94, 56.84,
1997,10, 0.258,291.52, 55.97, 58.60, 57.29,
1997,11, 0.274,292.34, 57.31, 60.88, 59.10,
1997,12, 0.290,292.99, 58.94, 64.24, 61.59,
1997,13, 0.307,293.73, 59.10, 68.05, 63.57,
1997,14, 0.321,294.49, 57.61, 71.35, 64.48,
1997,15, 0.333,295.03, 53.91, 76.85, 65.38,
1997,16, 0.343,295.45, 52.31, 80.85, 66.58,
1997,17, 0.356,295.99, 53.42, 82.66, 68.04,
1997,18, 0.371,296.90, 56.96, 79.51, 68.24,
1997,19, 0.383,297.64, 62.22, 76.21, 69.21,
1997,20, 0.392,298.13, 66.92, 75.16, 71.04,
1997,21, 0.396,298.62, 71.38, 75.46, 73.42,
1997,22, 0.396,299.40, 74.83, 72.37, 73.60,
1997,23, 0.395,299.96, 77.20, 72.16, 74.68,
1997,24, 0.396,300.44, 79.65, 72.71, 76.18,
1997,25, 0.398,301.03, 82.19, 73.75, 77.97,
1997,26, 0.398,301.65, 83.34, 74.82, 79.08,
1997,27, 0.395,302.04, 83.80, 77.31, 80.56,
1997,28, 0.390,302.21, 83.15, 80.93, 82.04,
1997,29, 0.380,302.14, 80.14, 84.90, 82.52,
1997,30, 0.374,302.14, 79.01, 86.22, 82.61,
1997,31, 0.371,302.25, 79.15, 85.08, 82.11,
1997,32, 0.370,302.31, 79.69, 82.54, 81.11,
1997,33, 0.372,302.42, 81.63, 78.47, 80.05,
1997,34, 0.371,302.35, 82.63, 74.01, 78.32,
1997,35, 0.367,302.14, 82.42, 70.22, 76.32,
1997,36, 0.360,301.80, 80.49, 67.47, 73.98,
1997,37, 0.352,301.21, 78.11, 62.57, 70.34,
1997,38, 0.343,300.42, 75.58, 57.24, 66.41,
1997,39, 0.336,299.07, 75.33, 58.12, 66.73,
1997,40, 0.330,297.54, 75.89, 61.98, 68.94,
1997,41, 0.322,295.65, 75.40, 70.20, 72.80,
1997,42, 0.312,293.55, 73.12, 77.04, 75.08,
1997,43, 0.303,291.89, 71.78, 78.23, 75.01,
1997,44, 0.289,290.39, 66.82, 75.30, 71.06,
1997,45, 0.275,288.86, 62.29, 69.99, 66.14,
1997,46, 0.261,287.43, 58.14, 66.17, 62.15,
1997,47, 0.248,285.80, 53.94, 65.44, 59.69,
1997,48, 0.239,284.68, 52.81, 59.58, 56.19,
1997,49, 0.232,284.36, 52.50, 50.72, 51.61,
1997,50, 0.224,283.89, 52.03, 41.99, 47.01,
1997,51, 0.218,283.55, 52.03, 39.53, 45.78,
1997,52, 0.212,283.23, 52.03, 40.89, 46.46,
1998, 1, 0.209,283.55, 48.34, 46.70, 47.52,
1998, 2, 0.208,283.90, 50.40, 48.67, 49.54,
1998, 3, 0.212,284.33, 54.54, 50.38, 52.46,
1998, 4, 0.216,285.26, 58.49, 49.03, 53.76,
1998, 5, 0.220,286.59, 60.77, 44.94, 52.85,
1998, 6, 0.225,287.51, 62.27, 46.29, 54.28,
1998, 7, 0.232,288.16, 60.93, 53.17, 57.05,
1998, 8, 0.239,288.63, 58.06, 63.59, 60.82,
1998, 9, 0.251,289.56, 58.35, 67.18, 62.77,
1998,10, 0.264,290.93, 59.46, 64.35, 61.90,
1998,11, 0.279,292.22, 60.49, 62.14, 61.32,
1998,12, 0.296,293.53, 62.62, 58.94, 60.78,
1998,13, 0.314,295.06, 63.97, 54.79, 59.38,
1998,14, 0.332,296.36, 64.78, 52.70, 58.74,
1998,15, 0.350,297.43, 64.42, 52.52, 58.47,
1998,16, 0.365,298.01, 65.64, 54.86, 60.25,
1998,17, 0.378,298.83, 66.39, 54.47, 60.43,
1998,18, 0.388,300.15, 68.16, 47.06, 57.61,
1998,19, 0.394,301.19, 69.18, 40.60, 54.89,
1998,20, 0.394,301.93, 68.28, 37.72, 53.00,
1998,21, 0.391,302.68, 67.54, 37.35, 52.45,
1998,22, 0.387,303.69, 68.18, 35.11, 51.64,
1998,23, 0.379,304.58, 65.56, 33.57, 49.57,
1998,24, 0.370,305.14, 61.97, 34.70, 48.33,
1998,25, 0.361,305.39, 57.78, 38.16, 47.97,
1998,26, 0.352,305.81, 54.81, 38.32, 46.57,
1998,27, 0.341,306.04, 52.17, 40.17, 46.17,
1998,28, 0.332,306.15, 50.15, 43.89, 47.02,
1998,29, 0.324,305.95, 48.83, 48.81, 48.82,
1998,30, 0.317,305.88, 47.63, 50.69, 49.16,
1998,31, 0.310,306.08, 45.93, 47.90, 46.92,
1998,32, 0.302,306.32, 42.80, 42.92, 42.86,
1998,33, 0.297,306.57, 41.31, 37.69, 39.50,
1998,34, 0.294,307.01, 40.42, 27.64, 34.03,
1998,35, 0.291,307.36, 39.97, 18.37, 29.17,
1998,36, 0.287,306.96, 38.90, 15.04, 26.97,
1998,37, 0.283,305.88, 37.94, 13.67, 25.80,
1998,38, 0.284,304.02, 40.31, 16.53, 28.42,
1998,39, 0.288,301.91, 46.09, 23.39, 34.74,
1998,40, 0.293,299.78, 53.04, 32.86, 42.95,
1998,41, 0.296,297.91, 60.15, 39.16, 49.65,
1998,42, 0.297,296.11, 64.47, 42.92, 53.70,
1998,43, 0.295,294.41, 67.12, 45.81, 56.46,
1998,44, 0.290,292.92, 68.86, 44.41, 56.63,
1998,45, 0.287,291.48, 71.22, 40.66, 55.94,
1998,46, 0.285,290.06, 74.30, 37.85, 56.07,
1998,47, 0.283,288.87, 76.65, 33.68, 55.17,
1998,48, 0.279,287.95, 77.71, 27.38, 52.55,
1998,49, 0.274,286.67, 77.80, 28.54, 53.17,
1998,50, 0.267,285.58, 77.83, 24.30, 51.07,
1998,51, 0.261,284.56, 77.89, 29.85, 53.87,
1998,52, 0.255,283.94, 77.26, 35.02, 56.14,
1999, 1, 0.248,283.94, 75.92, 43.48, 59.70,
1999, 2, 0.243,284.42, 75.75, 44.09, 59.92,
1999, 3, 0.241,285.19, 76.01, 42.18, 59.09,
1999, 4, 0.239,285.90, 76.26, 42.82, 59.54,
1999, 5, 0.243,286.87, 78.29, 41.94, 60.11,
1999, 6, 0.249,287.72, 80.23, 44.02, 62.12,
1999, 7, 0.259,288.49, 81.08, 49.49, 65.29,
1999, 8, 0.269,289.35, 80.12, 55.83, 67.98,
1999, 9, 0.278,290.16, 78.47, 61.37, 69.92,
1999,10, 0.288,290.88, 76.60, 65.38, 70.99,
1999,11, 0.301,291.44, 75.88, 70.28, 73.08,
1999,12, 0.316,292.16, 77.08, 72.65, 74.86,
1999,13, 0.337,293.02, 78.51, 75.34, 76.93,
1999,14, 0.358,293.92, 80.61, 77.32, 78.97,
1999,15, 0.376,294.86, 79.88, 78.95, 79.41,
1999,16, 0.393,295.57, 81.76, 80.22, 80.99,
1999,17, 0.407,296.04, 83.52, 83.46, 83.49,
1999,18, 0.417,296.59, 85.43, 84.38, 84.90,
1999,19, 0.422,297.30, 87.45, 81.66, 84.55,
1999,20, 0.426,298.11, 89.69, 77.10, 83.40,
1999,21, 0.423,298.63, 89.82, 77.36, 83.59,
1999,22, 0.415,299.04, 87.66, 77.48, 82.57,
1999,23, 0.406,299.44, 84.19, 78.21, 81.20,
1999,24, 0.401,299.74, 81.84, 79.74, 80.79,
1999,25, 0.399,300.03, 81.72, 82.78, 82.25,
1999,26, 0.399,300.56, 83.00, 84.61, 83.81,
1999,27, 0.396,301.22, 83.36, 84.29, 83.82,
1999,28, 0.389,301.94, 82.03, 82.86, 82.44,
1999,29, 0.383,302.68, 80.72, 79.51, 80.11,
1999,30, 0.376,303.23, 79.17, 75.70, 77.43,
1999,31, 0.367,303.68, 76.52, 71.03, 73.77,
1999,32, 0.359,304.15, 74.01, 64.12, 69.06,
1999,33, 0.353,304.32, 71.63, 59.62, 65.63,
1999,34, 0.345,303.97, 68.90, 57.67, 63.29,
1999,35, 0.336,303.07, 66.12, 60.98, 63.55,
1999,36, 0.331,301.72, 64.85, 68.45, 66.65,
1999,37, 0.329,300.00, 65.50, 75.45, 70.47,
1999,38, 0.327,298.77, 66.75, 76.23, 71.49,
1999,39, 0.324,298.08, 68.61, 70.38, 69.50,
1999,40, 0.320,297.25, 69.85, 66.18, 68.01,
1999,41, 0.310,296.41, 67.92, 59.97, 63.95,
1999,42, 0.299,295.44, 64.64, 52.72, 58.68,
1999,43, 0.290,294.39, 62.31, 47.24, 54.77,
1999,44, 0.280,293.36, 59.84, 40.04, 49.94,
1999,45, 0.271,292.38, 58.00, 31.69, 44.84,
1999,46, 0.262,291.25, 56.51, 26.19, 41.35,
1999,47, 0.256,289.89, 56.96, 23.90, 40.43,
1999,48, 0.250,287.79, 57.41, 29.02, 43.21,
1999,49, 0.242,285.47, 56.93, 40.33, 48.63,
1999,50, 0.237,284.01, 58.27, 41.48, 49.88,
1999,51, 0.232,283.52, 58.80, 40.56, 49.68,
1999,52, 0.225,283.38, 58.07, 40.16, 49.11,
2000, 1, 0.220,283.13, 53.49, 51.02, 52.25,
2000, 2, 0.215,283.10, 52.69, 56.74, 54.72,
2000, 3, 0.212,283.08, 52.47, 62.83, 57.65,
2000, 4, 0.211,283.32, 53.00, 68.36, 60.68,
2000, 5, 0.212,284.04, 53.57, 71.05, 62.31,
2000, 6, 0.217,285.34, 54.48, 68.54, 61.51,
2000, 7, 0.225,286.76, 55.27, 67.26, 61.27,
2000, 8, 0.238,288.09, 56.02, 68.47, 62.25,
2000, 9, 0.251,289.04, 57.17, 72.18, 64.67,
2000,10, 0.267,289.83, 59.77, 75.30, 67.54,
2000,11, 0.286,290.78, 62.98, 76.10, 69.54,
2000,12, 0.305,291.88, 66.57, 74.96, 70.77,
2000,13, 0.324,292.79, 68.36, 77.28, 72.82,
2000,14, 0.343,293.54, 69.95, 80.85, 75.40,
2000,15, 0.361,294.40, 69.86, 83.65, 76.75,
2000,16, 0.376,295.04, 71.23, 86.09, 78.66,
2000,17, 0.388,295.64, 72.43, 87.80, 80.11,
2000,18, 0.395,296.40, 72.75, 86.80, 79.78,
2000,19, 0.399,297.31, 73.66, 82.69, 78.17,
2000,20, 0.404,298.25, 76.38, 77.54, 76.96,
2000,21, 0.406,298.99, 78.75, 75.40, 77.08,
2000,22, 0.403,299.47, 79.04, 74.60, 76.82,
2000,23, 0.396,299.74, 77.46, 76.32, 76.89,
2000,24, 0.388,299.85, 74.09, 79.59, 76.84,
2000,25, 0.381,300.18, 71.00, 82.39, 76.70,
2000,26, 0.375,300.66, 69.64, 84.42, 77.03,
2000,27, 0.369,301.29, 68.35, 84.28, 76.32,
2000,28, 0.363,302.19, 67.89, 81.49, 74.69,
2000,29, 0.354,302.93, 65.67, 78.38, 72.03,
2000,30, 0.343,303.58, 62.00, 73.69, 67.85,
2000,31, 0.328,304.14, 56.09, 67.79, 61.94,
2000,32, 0.315,304.69, 50.46, 60.07, 55.26,
2000,33, 0.305,305.48, 46.32, 49.40, 47.86,
2000,34, 0.295,305.80, 42.13, 40.42, 41.28,
2000,35, 0.284,305.57, 37.53, 36.45, 36.99,
2000,36, 0.273,304.94, 32.66, 35.69, 34.17,
2000,37, 0.268,304.16, 30.58, 31.77, 31.17,
2000,38, 0.264,303.34, 29.93, 24.22, 27.08,
2000,39, 0.259,302.08, 29.94, 21.86, 25.90,
2000,40, 0.251,300.38, 28.63, 25.42, 27.02,
2000,41, 0.237,298.39, 25.03, 32.99, 29.01,
2000,42, 0.218,296.48, 19.29, 38.24, 28.77,
2000,43, 0.199,293.84, 14.98, 51.77, 33.38,
2000,44, 0.184,291.19, 13.14, 62.12, 37.63,
2000,45, 0.169,288.34, 12.39, 70.15, 41.27,
2000,46, 0.160,286.31, 12.60, 73.49, 43.05,
2000,47, 0.154,284.20, 13.39, 77.30, 45.35,
2000,48, 0.150,282.34, 14.32, 78.65, 46.49,
2000,49, 0.142,280.77, 13.91, 81.17, 47.54,
2000,50, 0.139,280.19, 14.27, 78.36, 46.32,
2000,51, 0.139,279.62, 15.69, 77.38, 46.53,
2000,52, 0.146,279.52, 19.57, 75.68, 47.63,
2001, 1, 0.153,279.61, 17.54, 81.70, 49.62,
2001, 2, 0.160,280.51, 21.35, 79.34, 50.35,
2001, 3, 0.168,281.71, 27.07, 74.55, 50.81,
2001, 4, 0.175,282.52, 32.23, 74.74, 53.49,
2001, 5, 0.181,283.34, 36.81, 76.91, 56.86,
2001, 6, 0.184,284.33, 36.44, 77.61, 57.03,
2001, 7, 0.188,285.51, 34.79, 79.27, 57.03,
2001, 8, 0.198,287.17, 34.33, 78.27, 56.30,
2001, 9, 0.209,288.32, 34.14, 79.79, 56.97,
2001,10, 0.222,289.82, 34.84, 75.67, 55.26,
2001,11, 0.236,291.43, 35.65, 70.12, 52.88,
2001,12, 0.254,292.67, 38.95, 67.59, 53.27,
2001,13, 0.278,294.06, 44.39, 65.15, 54.77,
2001,14, 0.304,295.48, 50.43, 62.23, 56.33,
2001,15, 0.328,296.81, 54.16, 59.62, 56.89,
2001,16, 0.348,297.94, 57.46, 56.30, 56.88,
2001,17, 0.367,298.78, 61.43, 55.40, 58.41,
2001,18, 0.381,299.55, 64.46, 53.35, 58.90,
2001,19, 0.387,300.14, 65.52, 51.33, 58.43,
2001,20, 0.390,300.92, 66.08, 47.60, 56.84,
2001,21, 0.390,301.91, 67.16, 44.29, 55.72,
2001,22, 0.386,302.63, 67.58, 44.19, 55.89,
2001,23, 0.381,303.39, 66.69, 43.18, 54.94,
2001,24, 0.371,304.26, 62.24, 41.26, 51.75,
2001,25, 0.361,305.04, 57.31, 40.15, 48.73,
2001,26, 0.350,306.01, 53.35, 35.64, 44.49,
2001,27, 0.338,306.91, 49.10, 31.91, 40.51,
2001,28, 0.323,307.61, 44.62, 30.51, 37.57,
2001,29, 0.311,308.25, 41.82, 27.65, 34.74,
2001,30, 0.304,308.70, 40.90, 24.80, 32.85,
2001,31, 0.297,308.63, 39.51, 24.09, 31.80,
2001,32, 0.291,308.21, 37.90, 25.30, 31.60,
2001,33, 0.290,307.63, 38.66, 28.18, 33.42,
2001,34, 0.292,306.80, 40.48, 30.32, 35.40,
2001,35, 0.297,305.65, 44.46, 35.34, 39.90,
2001,36, 0.304,304.29, 49.66, 41.78, 45.72,
2001,37, 0.309,303.06, 54.19, 42.96, 48.57,
2001,38, 0.311,301.78, 57.60, 42.05, 49.82,
2001,39, 0.311,300.42, 60.17, 42.18, 51.18,
2001,40, 0.309,299.17, 62.98, 42.06, 52.52,
2001,41, 0.305,298.08, 64.86, 38.76, 51.81,
2001,42, 0.296,297.02, 63.35, 33.37, 48.36,
2001,43, 0.285,295.91, 60.25, 29.12, 44.69,
2001,44, 0.271,294.55, 54.96, 26.55, 40.76,
2001,45, 0.262,292.98, 54.23, 25.53, 39.88,
2001,46, 0.257,291.15, 55.36, 27.67, 41.51,
2001,47, 0.255,289.56, 58.65, 27.82, 43.23,
2001,48, 0.256,288.14, 63.73, 26.35, 45.04,
2001,49, 0.257,286.98, 68.01, 26.11, 47.06,
2001,50, 0.254,285.88, 70.46, 21.24, 45.85,
2001,51, 0.250,284.95, 72.34, 25.66, 49.00,
2001,52, 0.247,284.76, 73.87, 27.05, 50.46,
2002, 1, 0.245,284.88, 74.01, 33.74, 53.88,
2002, 2, 0.242,285.01, 75.44, 37.82, 56.63,
2002, 3, 0.239,285.35, 75.25, 40.54, 57.90,
2002, 4, 0.235,286.23, 74.31, 39.57, 56.94,
2002, 5, 0.234,286.95, 73.12, 41.36, 57.24,
2002, 6, 0.233,287.72, 70.45, 44.65, 57.55,
2002, 7, 0.233,288.32, 65.09, 52.36, 58.73,
2002, 8, 0.234,289.71, 58.65, 53.45, 56.05,
2002, 9, 0.237,291.33, 52.95, 50.50, 51.73,
2002,10, 0.241,292.64, 46.92, 48.80, 47.86,
2002,11, 0.243,293.55, 39.87, 50.50, 45.18,
2002,12, 0.251,294.63, 36.18, 49.96, 43.07,
2002,13, 0.263,296.15, 34.49, 46.26, 40.37,
2002,14, 0.277,297.14, 33.49, 47.19, 40.34,
2002,15, 0.296,297.68, 34.65, 52.54, 43.59,
2002,16, 0.318,298.24, 39.16, 55.88, 47.52,
2002,17, 0.336,299.04, 43.23, 56.14, 49.68,
2002,18, 0.350,299.48, 46.69, 58.45, 52.57,
2002,19, 0.358,299.85, 49.42, 59.43, 54.42,
2002,20, 0.361,300.09, 50.59, 61.13, 55.86,
2002,21, 0.362,300.53, 52.19, 61.76, 56.98,
2002,22, 0.360,301.25, 54.25, 59.07, 56.66,
2002,23, 0.355,301.72, 53.13, 59.32, 56.22,
2002,24, 0.346,301.78, 48.53, 63.45, 55.99,
2002,25, 0.336,302.01, 43.64, 67.00, 55.32,
2002,26, 0.327,302.38, 40.97, 69.52, 55.25,
2002,27, 0.320,302.71, 40.02, 71.78, 55.90,
2002,28, 0.315,302.98, 40.88, 74.13, 57.50,
2002,29, 0.312,303.41, 42.85, 73.31, 58.08,
2002,30, 0.311,303.76, 45.26, 71.12, 58.19,
2002,31, 0.312,303.96, 47.89, 68.52, 58.21,
2002,32, 0.311,303.91, 48.42, 66.63, 57.53,
2002,33, 0.308,303.50, 47.94, 67.48, 57.71,
2002,34, 0.307,303.10, 48.40, 66.10, 57.25,
2002,35, 0.309,302.70, 50.88, 64.16, 57.52,
2002,36, 0.309,301.70, 51.61, 67.89, 59.75,
2002,37, 0.307,300.29, 52.00, 71.66, 61.83,
2002,38, 0.309,299.46, 55.43, 67.53, 61.48,
2002,39, 0.311,298.43, 59.59, 64.47, 62.03,
2002,40, 0.306,296.61, 60.67, 72.48, 66.58,
2002,41, 0.298,294.48, 59.68, 83.96, 71.82,
2002,42, 0.286,292.47, 55.49, 88.40, 71.94,
2002,43, 0.277,290.99, 53.58, 86.42, 70.00,
2002,44, 0.273,290.04, 55.34, 77.18, 66.26,
2002,45, 0.267,288.89, 56.23, 67.37, 61.80,
2002,46, 0.262,287.96, 58.16, 58.07, 58.11,
2002,47, 0.261,287.22, 61.52, 48.63, 55.07,
2002,48, 0.259,286.19, 64.64, 43.07, 53.85,
2002,49, 0.252,284.81, 64.29, 45.10, 54.69,
2002,50, 0.245,283.72, 64.63, 43.46, 54.05,
2002,51, 0.247,283.72, 69.37, 38.03, 53.70,
2002,52, 0.249,283.93, 73.95, 34.46, 54.20,
2003, 1, 0.246,283.86, 73.71, 43.95, 58.83,
2003, 2, 0.244,283.96, 74.80, 48.52, 61.66,
2003, 3, 0.242,284.31, 75.17, 51.11, 63.14,
2003, 4, 0.242,285.22, 76.24, 50.12, 63.18,
2003, 5, 0.244,286.33, 76.77, 48.54, 62.66,
2003, 6, 0.243,286.88, 73.68, 53.77, 63.72,
2003, 7, 0.245,287.95, 70.04, 56.36, 63.20,
2003, 8, 0.252,289.46, 67.20, 55.82, 61.51,
2003, 9,-1.000, -1.00, -1.00, -1.00, -1.00,
2003,10, 0.274,292.33, 66.45, 51.27, 58.86,
2003,11, 0.290,294.18, 68.38, 42.89, 55.63,
2003,12, 0.311,295.71, 72.74, 37.60, 55.17,
2003,13, 0.332,296.82, 74.67, 37.82, 56.24,
2003,14, 0.350,297.55, 75.10, 41.57, 58.34,
2003,15, 0.366,298.47, 73.79, 43.02, 58.40,
2003,16, 0.381,299.26, 74.72, 42.74, 58.73,
2003,17, 0.390,299.76, 73.94, 45.38, 59.66,
2003,18, 0.394,299.99, 71.54, 49.41, 60.47,
2003,19, 0.393,300.11, 69.34, 52.65, 60.99,
2003,20, 0.389,300.25, 65.47, 55.70, 60.58,
2003,21, 0.384,300.42, 62.97, 59.92, 61.45,
2003,22, 0.379,300.68, 63.16, 62.35, 62.76,
2003,23, 0.374,301.13, 62.39, 63.02, 62.71,
2003,24, 0.370,301.84, 61.58, 61.58, 61.58,
2003,25, 0.366,302.47, 60.52, 62.13, 61.33,
2003,26, 0.360,303.15, 58.91, 62.04, 60.48,
2003,27, 0.352,304.23, 57.06, 57.37, 57.22,
2003,28, 0.341,305.22, 54.40, 53.49, 53.94,
2003,29, 0.330,305.72, 51.86, 52.17, 52.01,
2003,30, 0.320,306.01, 49.61, 50.68, 50.14,
2003,31, 0.311,305.73, 47.31, 52.43, 49.87,
2003,32, 0.304,305.37, 44.73, 53.39, 49.06,
2003,33, 0.295,304.77, 40.88, 56.44, 48.66,
2003,34, 0.295,303.89, 41.94, 59.31, 50.63,
2003,35, 0.302,303.13, 47.12, 60.71, 53.92,
2003,36, 0.311,302.29, 53.45, 62.75, 58.10,
2003,37, 0.321,301.24, 60.89, 62.75, 61.82,
2003,38, 0.327,299.87, 66.39, 64.22, 65.31,
2003,39, 0.332,298.72, 72.90, 63.32, 68.11,
2003,40, 0.338,298.25, 79.63, 53.89, 66.76,
2003,41, 0.336,297.48, 81.95, 46.49, 64.22,
2003,42, 0.332,296.49, 82.12, 39.97, 61.05,
2003,43, 0.325,295.35, 81.67, 35.85, 58.76,
2003,44, 0.317,293.58, 80.35, 37.60, 58.98,
2003,45, 0.307,291.66, 78.62, 39.08, 58.85,
2003,46, 0.294,289.55, 75.25, 43.15, 59.20,
2003,47, 0.286,287.52, 74.60, 47.03, 60.81,
2003,48, 0.280,286.06, 75.52, 45.31, 60.42,
2003,49, 0.271,284.93, 74.51, 44.79, 59.65,
2003,50, 0.261,284.01, 73.41, 40.54, 56.97,
2003,51, 0.247,282.98, 69.85, 45.52, 57.69,
2003,52, 0.238,282.48, 67.82, 47.78, 57.80,
2004, 1, 0.231,282.61, 64.60, 52.45, 58.53,
2004, 2,-1.000, -1.00, -1.00, -1.00, -1.00,
2004, 3,-1.000, -1.00, -1.00, -1.00, -1.00,
2004, 4,-1.000, -1.00, -1.00, -1.00, -1.00,
2004, 5, 0.211,283.44, 56.94, 66.87, 61.91,
2004, 6, 0.208,284.30, 52.89, 72.98, 62.94,
2004, 7, 0.208,285.47, 47.99, 77.28, 62.64,
2004, 8, 0.210,286.92, 42.39, 79.10, 60.75,
2004, 9, 0.214,288.05, 37.29, 81.12, 59.21,
2004,10, 0.216,288.91, 31.11, 82.85, 56.98,
2004,11,-1.000, -1.00, -1.00, -1.00, -1.00,
2004,12,-1.000, -1.00, -1.00, -1.00, -1.00,
2004,13,-1.000, -1.00, -1.00, -1.00, -1.00,
2004,14,-1.000, -1.00, -1.00, -1.00, -1.00,
2004,15,-1.000, -1.00, -1.00, -1.00, -1.00,
2004,16,-1.000, -1.00, -1.00, -1.00, -1.00,
2004,17,-1.000, -1.00, -1.00, -1.00, -1.00,
2004,18,-1.000, -1.00, -1.00, -1.00, -1.00,
2004,19,-1.000, -1.00, -1.00, -1.00, -1.00,
2004,20,-1.000, -1.00, -1.00, -1.00, -1.00,
2004,21,-1.000, -1.00, -1.00, -1.00, -1.00,
2004,22,-1.000, -1.00, -1.00, -1.00, -1.00,
2004,23,-1.000, -1.00, -1.00, -1.00, -1.00,
2004,24,-1.000, -1.00, -1.00, -1.00, -1.00,
2004,25, 0.357,302.39, 56.81, 61.44, 59.12,
2004,26, 0.360,302.63, 60.69, 64.25, 62.47,
2004,27, 0.372,303.17, 70.12, 65.71, 67.91,
2004,28, 0.378,303.48, 76.47, 68.57, 72.52,
2004,29,-1.000, -1.00, -1.00, -1.00, -1.00,
2004,30, 0.382,303.53, 81.99, 73.38, 77.69,
2004,31, 0.379,303.31, 82.52, 74.87, 78.70,
2004,32, 0.377,303.16, 82.28, 74.17, 78.23,
2004,33, 0.376,302.85, 82.51, 74.08, 78.30,
2004,34, 0.372,302.68, 82.30, 70.57, 76.43,
2004,35, 0.366,302.67, 80.79, 64.81, 72.80,
2004,36, 0.354,302.35, 76.84, 61.63, 69.23,
2004,37, 0.342,301.60, 72.75, 58.41, 65.58,
2004,38, 0.331,300.37, 68.73, 57.43, 63.08,
2004,39, 0.318,298.50, 64.00, 63.44, 63.72,
2004,40, 0.304,296.74, 59.49, 70.47, 64.98,
2004,41, 0.299,295.71, 60.56, 67.56, 64.06,
2004,42, 0.294,294.04, 60.90, 69.03, 64.96,
2004,43, 0.287,292.29, 60.37, 71.72, 66.05,
2004,44, 0.279,290.35, 58.84, 73.95, 66.40,
2004,45, 0.270,287.87, 57.21, 77.86, 67.53,
2004,46, 0.264,285.39, 57.46, 83.15, 70.31,
2004,47, 0.263,283.98, 60.40, 80.72, 70.56,
2004,48, 0.264,283.35, 64.89, 71.34, 68.12,
2004,49, 0.263,282.95, 68.09, 64.41, 66.25,
2004,50, 0.258,282.32, 69.34, 59.98, 64.66,
2004,51, 0.253,281.88, 70.71, 58.21, 64.46,
2004,52, 0.244,281.05, 69.49, 63.30, 66.40,
2005, 1, 0.234,281.05, 65.04, 71.09, 68.06,
2005, 2, 0.231,281.69, 65.74, 70.16, 67.95,
2005, 3, 0.226,282.51, 64.63, 68.16, 66.40,
2005, 4, 0.224,283.42, 64.28, 67.36, 65.82,
2005, 5, 0.223,284.61, 63.43, 65.53, 64.48,
2005, 6, 0.225,285.77, 62.85, 64.65, 63.75,
2005, 7, 0.230,287.13, 60.93, 64.23, 62.58,
2005, 8, 0.240,288.65, 60.26, 63.67, 61.97,
2005, 9, 0.254,290.10, 61.21, 62.07, 61.64,
2005,10, 0.267,291.09, 61.65, 63.27, 62.46,
2005,11, 0.282,292.15, 62.86, 63.10, 62.98,
2005,12, 0.298,293.32, 64.57, 61.31, 62.94,
2005,13, 0.317,294.66, 66.27, 59.14, 62.71,
2005,14, 0.335,295.87, 67.20, 58.10, 62.65,
2005,15, 0.350,296.82, 65.19, 59.41, 62.30,
2005,16, 0.362,297.42, 64.59, 61.42, 63.01,
2005,17,-1.000, -1.00, -1.00, -1.00, -1.00,
2005,18, 0.383,298.36, 65.01, 65.81, 65.41,
2005,19, 0.387,299.18, 64.66, 61.58, 63.12,
2005,20, 0.384,298.01, 62.70, 77.76, 70.23,
2005,21, 0.387,300.41, 64.27, 59.17, 61.72,
2005,22, 0.386,300.92, 66.77, 59.50, 63.13,
2005,23, 0.387,301.60, 70.02, 58.54, 64.28,
2005,24, 0.387,302.20, 72.36, 58.28, 65.32,
2005,25, 0.387,302.81, 73.44, 58.66, 66.05,
2005,26, 0.386,303.43, 75.08, 58.26, 66.67,
2005,27, 0.384,304.14, 76.50, 56.86, 66.68,
2005,28, 0.379,304.73, 76.44, 56.53, 66.48,
2005,29, 0.374,304.75, 76.02, 58.82, 67.42,
2005,30, 0.370,305.42, 76.21, 54.65, 65.43,
2005,31, 0.365,305.43, 75.47, 53.78, 64.63,
2005,32, 0.360,305.20, 74.54, 53.33, 63.93,
2005,33, 0.359,304.52, 74.65, 57.00, 65.83,
2005,34, 0.359,303.84, 76.15, 58.05, 67.10,
2005,35, 0.361,303.56, 78.63, 54.86, 66.74,
2005,36, 0.361,303.11, 80.43, 53.06, 66.75,
2005,37, 0.358,302.44, 81.08, 48.87, 64.98,
2005,38, 0.353,301.51, 80.61, 44.20, 62.41,
2005,39, 0.349,300.18, 81.47, 44.13, 62.80,
2005,40, 0.343,298.96, 82.11, 43.54, 62.82,
2005,41, 0.336,297.70, 82.28, 42.40, 62.34,
2005,42, 0.327,296.40, 81.05, 39.85, 60.45,
2005,43, 0.317,295.27, 78.68, 35.65, 57.17,
2005,44, 0.305,294.17, 75.30, 29.96, 52.63,
2005,45, 0.294,292.98, 73.01, 25.00, 49.01,
2005,46, 0.285,291.31, 71.54, 25.47, 48.50,
2005,47, 0.277,289.35, 70.81, 29.22, 50.02,
2005,48, 0.269,287.86, 70.54, 28.30, 49.42,
2005,49, 0.260,286.98, 69.49, 25.62, 47.56,
2005,50, 0.253,286.72, 69.77, 13.75, 41.76,
2005,51, 0.246,286.89, 70.16,  9.00, 39.58,
2005,52, 0.242,287.25, 71.24,  6.82, 39.03,
2006, 1, 0.237,287.76, 71.56,  6.00, 38.78,
2006, 2, 0.234,288.40, 71.98,  5.41, 38.70,
2006, 3, 0.233,289.02, 73.14,  5.46, 39.30,
2006, 4, 0.231,289.68, 72.80,  6.43, 39.62,
2006, 5, 0.228,290.31, 69.76,  8.10, 38.93,
2006, 6, 0.224,291.15, 64.55, 10.34, 37.44,
2006, 7, 0.222,292.27, 58.16, 12.04, 35.10,
2006, 8, 0.221,293.42, 49.86, 13.91, 31.88,
2006, 9, 0.221,294.70, 42.69, 14.29, 28.49,
2006,10, 0.224,295.67, 36.81, 16.11, 26.46,
2006,11, 0.229,296.60, 31.85, 17.83, 24.84,
2006,12, 0.237,297.57, 29.50, 18.53, 24.02,
2006,13, 0.251,298.51, 28.80, 20.22, 24.51,
2006,14, 0.265,299.41, 28.59, 22.16, 25.37,
2006,15, 0.281,300.43, 28.21, 22.14, 25.18,
2006,16, 0.299,301.49, 30.14, 19.32, 24.73,
2006,17, 0.314,302.20, 31.84, 20.33, 26.09,
2006,18, 0.325,302.38, 32.31, 24.93, 28.62,
2006,19, 0.332,302.84, 32.60, 24.89, 28.75,
2006,20, 0.337,303.77, 33.19, 20.87, 27.03,
2006,21, 0.339,304.79, 34.85, 18.09, 26.47,
2006,22, 0.339,305.81, 37.06, 16.55, 26.80,
2006,23, 0.337,306.26, 38.33, 18.90, 28.61,
2006,24, 0.332,306.40, 37.83, 23.26, 30.54,
2006,25, 0.328,306.69, 37.41, 26.09, 31.75,
2006,26, 0.324,306.77, 38.13, 28.85, 33.49,
2006,27, 0.318,306.93, 38.07, 31.67, 34.87,
2006,28, 0.312,307.04, 38.54, 35.60, 37.07,
2006,29, 0.305,307.08, 38.62, 38.16, 38.39,
2006,30, 0.297,307.02, 37.64, 39.97, 38.80,
2006,31, 0.292,306.65, 36.91, 42.46, 39.69,
2006,32, 0.289,306.08, 36.74, 45.34, 41.04,
2006,33, 0.289,305.39, 37.78, 49.08, 43.43,
2006,34, 0.294,304.44, 41.73, 52.59, 47.16,
2006,35, 0.305,303.61, 48.69, 55.04, 51.86,
2006,36, 0.314,302.90, 55.19, 55.73, 55.46,
2006,37, 0.321,302.36, 60.34, 50.17, 55.26,
2006,38, 0.322,301.81, 63.23, 41.20, 52.21,
2006,39, 0.321,300.72, 65.53, 37.72, 51.62,
2006,40, 0.317,299.55, 67.11, 35.76, 51.43,
2006,41, 0.309,298.33, 67.38, 33.83, 50.61,
2006,42, 0.301,297.06, 66.26, 31.42, 48.84,
2006,43, 0.292,295.94, 64.91, 27.89, 46.40,
2006,44, 0.281,294.79, 62.66, 23.63, 43.14,
2006,45, 0.269,293.36, 59.48, 22.12, 40.80,
2006,46, 0.256,291.97, 55.88, 20.25, 38.07,
2006,47, 0.245,290.51, 52.88, 19.33, 36.11,
2006,48, 0.234,288.56, 50.19, 23.20, 36.69,
2006,49, 0.225,286.90, 48.85, 27.41, 38.13,
2006,50, 0.222,285.77, 50.61, 22.40, 36.51,
2006,51, 0.216,284.65, 50.96, 28.37, 39.67,
2006,52, 0.210,283.68, 50.56, 35.99, 43.27,
2007, 1, 0.206,283.03, 47.10, 50.29, 48.70,
2007, 2, 0.202,282.74, 46.37, 58.05, 52.21,
2007, 3, 0.199,282.65, 46.11, 64.65, 55.38,
2007, 4, 0.198,283.40, 46.21, 65.04, 55.62,
2007, 5, 0.199,284.41, 47.24, 64.85, 56.05,
2007, 6, 0.207,286.02, 50.52, 59.40, 54.96,
2007, 7, 0.220,288.02, 54.10, 52.85, 53.48,
2007, 8, 0.232,289.98, 54.90, 48.27, 51.58,
2007, 9, 0.243,291.29, 54.92, 49.02, 51.97,
2007,10, 0.260,292.90, 58.29, 44.18, 51.23,
2007,11, 0.280,294.29, 62.56, 41.06, 51.81,
2007,12, 0.300,295.17, 67.13, 42.39, 54.76,
2007,13, 0.327,295.86, 73.08, 46.54, 59.81,
2007,14, 0.346,296.34, 74.04, 52.69, 63.37,
2007,15, 0.361,296.78, 71.77, 58.60, 65.19,
2007,16, 0.372,297.26, 70.48, 61.37, 65.93,
2007,17, 0.375,297.57, 66.01, 65.76, 65.89,
2007,18, 0.373,297.49, 60.09, 73.37, 66.73,
2007,19, 0.372,297.42, 55.75, 78.45, 67.10,
2007,20, 0.374,297.50, 55.00, 81.70, 68.35,
2007,21, 0.375,297.76, 56.17, 84.56, 70.36,
2007,22, 0.371,297.84, 55.80, 87.35, 71.58,
2007,23, 0.365,298.12, 54.68, 88.93, 71.80,
2007,24, 0.358,298.27, 52.41, 91.84, 72.12,
2007,25, 0.358,298.91, 53.41, 92.37, 72.89,
2007,26, 0.360,299.88, 57.37, 91.18, 74.28,
2007,27, 0.361,300.77, 61.09, 89.30, 75.20,
2007,28, 0.366,301.70, 67.27, 86.00, 76.63,
2007,29, 0.368,302.68, 72.09, 80.42, 76.26,
2007,30, 0.365,303.19, 73.23, 76.93, 75.08,
2007,31, 0.360,303.52, 73.11, 73.18, 73.15,
2007,32, 0.353,303.63, 70.82, 69.71, 70.27,
2007,33, 0.351,303.94, 70.89, 63.66, 67.27,
2007,34, 0.349,304.00, 71.49, 57.65, 64.57,
2007,35, 0.345,303.44, 71.19, 57.31, 64.25,
2007,36, 0.341,302.74, 70.81, 57.95, 64.38,
2007,37, 0.335,302.03, 69.39, 54.08, 61.74,
2007,38, 0.331,301.47, 68.93, 45.85, 57.39,
2007,39, 0.326,300.83, 69.58, 37.35, 53.47,
2007,40, 0.321,299.85, 70.14, 33.21, 51.67,
2007,41, 0.316,298.59, 72.17, 31.79, 51.98,
2007,42, 0.309,297.09, 71.52, 32.56, 52.04,
2007,43, 0.300,295.55, 69.76, 34.06, 51.91,
2007,44, 0.288,294.15, 67.06, 31.86, 49.46,
2007,45, 0.276,292.85, 64.34, 27.84, 46.09,
2007,46, 0.265,291.24, 61.63, 27.60, 44.61,
2007,47, 0.254,289.53, 59.08, 28.45, 43.77,
2007,48, 0.244,287.75, 58.17, 29.94, 44.06,
2007,49, 0.238,286.24, 57.92, 32.85, 45.39,
2007,50, 0.231,285.15, 58.48, 28.91, 43.69,
2007,51, 0.227,284.18, 59.87, 33.66, 46.76,
2007,52, 0.225,283.62, 62.05, 37.67, 49.86,
2008, 1, 0.224,283.54, 61.82, 47.23, 54.53,
2008, 2, 0.223,283.59, 64.34, 52.06, 58.20,
2008, 3, 0.224,283.85, 66.94, 55.55, 61.24,
2008, 4, 0.223,284.56, 67.08, 56.43, 61.76,
2008, 5, 0.224,285.53, 67.23, 56.59, 61.91,
2008, 6, 0.225,286.60, 65.68, 56.63, 61.16,
2008, 7, 0.228,287.51, 61.79, 61.17, 61.48,
2008, 8, 0.232,288.62, 56.90, 65.41, 61.15,
2008, 9, 0.236,289.96, 52.02, 65.14, 58.58,
2008,10, 0.244,291.52, 48.63, 60.00, 54.32,
2008,11, 0.254,293.12, 46.64, 54.04, 50.34,
2008,12, 0.267,294.62, 46.50, 49.03, 47.76,
2008,13, 0.283,295.85, 46.09, 48.22, 47.16,
2008,14, 0.300,296.94, 47.04, 48.33, 47.69,
2008,15, 0.319,297.91, 47.68, 49.45, 48.57,
2008,16, 0.337,298.71, 50.30, 49.75, 50.02,
2008,17, 0.354,299.55, 53.75, 49.10, 51.42,
2008,18, 0.368,300.32, 56.73, 47.80, 52.26,
2008,19, 0.375,301.11, 58.93, 44.12, 51.52,
2008,20, 0.379,301.88, 60.39, 41.06, 50.72,
2008,21, 0.380,302.35, 62.77, 43.20, 52.99,
2008,22, 0.380,302.97, 66.14, 43.53, 54.84,
2008,23, 0.380,303.61, 69.23, 43.37, 56.30,
2008,24, 0.378,304.00, 70.19, 44.99, 57.59,
2008,25, 0.374,304.21, 69.32, 48.46, 58.89,
2008,26, 0.369,304.21, 68.39, 53.22, 60.81,
2008,27, 0.365,304.36, 68.03, 56.59, 62.31,
2008,28, 0.359,304.61, 67.33, 59.09, 63.21,
2008,29, 0.353,304.78, 66.52, 60.80, 63.66,
2008,30, 0.348,304.62, 65.46, 63.51, 64.49,
2008,31, 0.342,304.39, 64.62, 64.94, 64.78,
2008,32, 0.336,304.01, 61.97, 66.38, 64.18,
2008,33, 0.332,303.50, 60.90, 68.58, 64.74,
2008,34, 0.334,302.70, 62.98, 71.12, 67.05,
2008,35, 0.339,302.05, 67.64, 71.56, 69.60,
2008,36, 0.345,301.60, 72.34, 69.90, 71.12,
2008,37, 0.346,301.25, 74.83, 62.74, 68.79,
2008,38, 0.342,300.68, 75.25, 55.03, 65.14,
2008,39, 0.336,299.63, 75.15, 51.63, 63.39,
2008,40, 0.330,298.46, 75.69, 50.28, 62.99,
2008,41, 0.323,296.98, 75.65, 51.55, 63.60,
2008,42, 0.313,295.63, 73.40, 49.21, 61.31,
2008,43, 0.301,294.08, 70.30, 50.19, 60.25,
2008,44, 0.287,292.52, 65.58, 49.18, 57.38,
2008,45, 0.273,291.36, 61.65, 41.95, 51.80,
2008,46, 0.262,290.33, 59.33, 34.99, 47.16,
2008,47, 0.254,288.97, 58.76, 32.74, 45.75,
2008,48, 0.248,287.65, 59.52, 30.44, 44.98,
2008,49, 0.241,286.64, 59.39, 29.22, 44.31,
2008,50, 0.234,286.11, 59.86, 19.34, 39.60,
2008,51, 0.228,286.02, 60.80, 15.51, 38.15,
2008,52, 0.225,285.92, 62.06, 15.95, 39.00,
2009, 1, 0.222,286.23, 61.33, 21.06, 41.20,
2009, 2, 0.220,286.63, 62.52, 22.60, 42.56,
2009, 3, 0.218,287.27, 62.65, 22.36, 42.51,
2009, 4, 0.218,288.15, 63.24, 21.37, 42.30,
2009, 5, 0.218,288.65, 63.53, 24.96, 44.25,
2009, 6, 0.220,289.18, 62.18, 30.64, 46.41,
2009, 7, 0.223,289.98, 59.44, 35.85, 47.64,
2009, 8, 0.227,291.07, 54.62, 39.33, 46.98,
2009, 9, 0.232,292.45, 50.29, 38.73, 44.51,
2009,10, 0.238,293.82, 46.45, 35.93, 41.19,
2009,11, 0.246,294.63, 42.75, 38.59, 40.67,
2009,12, 0.255,295.63, 40.76, 38.63, 39.70,
2009,13, 0.266,296.44, 37.64, 41.42, 39.53,
2009,14, 0.275,296.99, 33.88, 46.78, 40.33,
2009,15, 0.285,297.69, 29.98, 50.42, 40.20,
2009,16, 0.296,298.49, 28.61, 50.46, 39.53,
2009,17, 0.310,299.38, 29.51, 49.33, 39.42,
2009,18, 0.329,299.95, 33.91, 49.93, 41.92,
2009,19, 0.347,300.32, 40.67, 50.49, 45.58,
2009,20, 0.362,300.88, 47.85, 49.28, 48.57,
2009,21, 0.371,301.66, 54.68, 47.83, 51.26,
2009,22, 0.376,302.50, 61.26, 45.74, 53.50,
2009,23, 0.377,303.11, 64.87, 45.77, 55.32,
2009,24, 0.376,303.56, 65.96, 47.42, 56.69,
2009,25, 0.374,304.04, 66.48, 49.12, 57.80,
2009,26, 0.371,304.68, 67.12, 48.14, 57.63,
2009,27, 0.366,305.14, 66.83, 48.75, 57.79,
2009,28, 0.361,305.55, 67.41, 50.24, 58.82,
2009,29, 0.358,305.48, 68.26, 54.37, 61.31,
2009,30, 0.353,304.82, 67.86, 61.84, 64.85,
2009,31, 0.352,304.34, 69.46, 65.62, 67.54,
2009,32, 0.356,304.36, 72.84, 63.13, 67.98,
2009,33, 0.355,303.65, 73.37, 67.49, 70.43,
2009,34, 0.347,302.36, 70.50, 74.87, 72.68,
2009,35, 0.338,301.15, 67.16, 80.67, 73.92,
2009,36, 0.331,300.38, 64.93, 82.50, 73.71,
2009,37, 0.324,299.33, 62.87, 82.79, 72.83,
2009,38, 0.318,298.48, 61.40, 80.02, 70.71,
2009,39, 0.311,297.34, 59.60, 79.69, 69.65,
2009,40, 0.307,296.19, 60.72, 80.05, 70.38,
2009,41, 0.301,294.98, 61.69, 79.15, 70.42,
2009,42, 0.294,293.58, 60.86, 76.21, 68.53,
2009,43, 0.284,292.03, 58.05, 75.90, 66.97,
2009,44, 0.279,291.41, 59.52, 62.51, 61.01,
2009,45, 0.278,290.75, 63.47, 48.64, 56.05,
2009,46, 0.275,289.45, 65.69, 44.44, 55.06,
2009,47, 0.267,287.78, 65.34, 45.15, 55.25,
2009,48, 0.260,286.52, 65.61, 42.08, 53.85,
2009,49, 0.255,285.25, 65.99, 43.15, 54.57,
2009,50, 0.243,282.61, 63.26, 57.52, 60.39,
2009,51, 0.229,281.07, 58.74, 66.21, 62.48,
2009,52, 0.218,281.20, 55.85, 61.42, 58.64,
2010, 1, 0.202,280.06, 45.64, 78.23, 61.93,
2010, 2, 0.194,280.06, 42.13, 82.10, 62.11,
2010, 3, 0.187,280.10, 38.91, 85.95, 62.43,
2010, 4, 0.184,280.91, 37.41, 86.98, 62.19,
2010, 5, 0.185,282.46, 37.84, 84.00, 60.92,
2010, 6, 0.185,283.58, 36.39, 83.24, 59.82,
2010, 7, 0.190,284.90, 34.68, 83.47, 59.07,
2010, 8, 0.198,286.85, 33.21, 80.06, 56.63,
2010, 9, 0.204,289.03, 29.75, 71.69, 50.72,
2010,10, 0.216,291.10, 30.04, 61.91, 45.98,
2010,11, 0.233,292.36, 32.68, 60.14, 46.41,
2010,12, 0.250,293.83, 35.83, 55.32, 45.57,
2010,13, 0.273,295.60, 40.36, 48.83, 44.60,
2010,14, 0.294,296.58, 44.06, 50.03, 47.04,
2010,15, 0.319,297.59, 48.31, 50.59, 49.45,
2010,16, 0.343,298.30, 54.05, 51.64, 52.85,
2010,17, 0.366,298.52, 61.12, 57.28, 59.20,
2010,18, 0.381,298.74, 64.98, 61.56, 63.27,
2010,19, 0.389,299.37, 67.28, 59.26, 63.27,
2010,20, 0.389,299.76, 66.18, 59.62, 62.90,
2010,21, 0.387,300.27, 65.67, 60.61, 63.14,
2010,22, 0.382,300.85, 65.67, 60.15, 62.91,
2010,23, 0.380,301.58, 67.20, 59.05, 63.12,
2010,24, 0.380,302.52, 69.70, 56.35, 63.03,
2010,25, 0.376,302.78, 68.66, 60.08, 64.37,
2010,26, 0.372,302.71, 68.30, 66.51, 67.40,
2010,27, 0.371,303.07, 70.72, 68.48, 69.60,
2010,28, 0.371,303.54, 73.21, 69.20, 71.20,
2010,29, 0.370,304.03, 74.96, 67.97, 71.46,
2010,30, 0.368,304.44, 75.65, 65.26, 70.45,
2010,31, 0.362,305.01, 74.73, 58.80, 66.77,
2010,32, 0.357,305.42, 73.06, 52.38, 62.72,
2010,33, 0.350,305.10, 70.32, 52.70, 61.51,
2010,34, 0.346,304.86, 69.54, 49.42, 59.48,
2010,35, 0.345,304.73, 70.44, 44.76, 57.60,
2010,36, 0.341,304.07, 70.18, 44.43, 57.30,
2010,37, 0.338,303.55, 70.24, 38.04, 54.14,
2010,38, 0.332,303.06, 69.51, 27.69, 48.60,
2010,39, 0.325,302.25, 68.79, 20.80, 44.80,
2010,40, 0.319,301.31, 68.94, 16.02, 42.48,
2010,41, 0.312,300.13, 69.11, 13.97, 41.54,
2010,42, 0.304,298.53, 68.06, 15.53, 41.79,
2010,43, 0.297,296.77, 67.21, 19.09, 43.15,
2010,44, 0.288,294.94, 65.41, 21.94, 43.67,
2010,45, 0.279,293.00, 64.45, 25.05, 44.75,
2010,46, 0.271,290.91, 63.77, 29.53, 46.65,
2010,47, 0.262,289.00, 61.96, 32.62, 47.29,
2010,48, 0.252,287.31, 60.41, 33.96, 47.19,
2010,49, 0.244,285.77, 59.86, 37.68, 48.77,
2010,50, 0.238,284.67, 60.36, 34.46, 47.41,
2010,51, 0.230,283.61, 59.69, 39.73, 49.71,
2010,52, 0.223,282.87, 59.08, 45.13, 52.11,
2011, 1, 0.218,283.09, 55.78, 51.67, 53.73,
2011, 2, 0.215,283.66, 56.28, 51.37, 53.82,
2011, 3, 0.210,284.53, 54.58, 48.83, 51.70,
2011, 4, 0.204,285.56, 51.40, 46.62, 49.01,
2011, 5, 0.201,287.28, 49.33, 38.19, 43.76,
2011, 6, 0.203,289.23, 48.44, 28.82, 38.63,
2011, 7, 0.209,290.90, 47.35, 24.87, 36.11,
2011, 8, 0.217,292.14, 45.64, 26.31, 35.98,
2011, 9, 0.225,293.69, 43.56, 24.40, 33.98,
2011,10, 0.236,295.26, 43.25, 20.39, 31.82,
2011,11, 0.247,296.83, 42.90, 15.81, 29.36,
2011,12, 0.258,297.87, 41.89, 16.13, 29.01,
2011,13, 0.270,299.26, 39.58, 13.68, 26.63,
2011,14, 0.282,300.73, 38.30, 10.17, 24.24,
2011,15, 0.293,301.80, 35.18,  9.74, 22.46,
2011,16, 0.303,302.48, 32.72, 10.59, 21.65,
2011,17, 0.311,303.01, 30.26, 13.23, 21.75,
2011,18, 0.319,303.47, 28.68, 15.13, 21.90,
2011,19, 0.324,304.10, 27.67, 13.35, 20.51,
2011,20, 0.325,304.95, 26.29, 10.30, 18.29,
2011,21, 0.324,306.13, 25.65,  6.76, 16.20,
2011,22, 0.320,307.33, 24.80,  5.09, 14.94,
2011,23, 0.313,308.34, 23.19,  3.66, 13.43,
2011,24, 0.306,309.25, 20.81,  2.11, 11.46,
2011,25, 0.295,309.90, 17.05,  1.71,  9.38,
2011,26, 0.282,310.09, 13.42,  2.07,  7.74,
2011,27, 0.270,310.40, 10.86,  2.16,  6.51,
2011,28, 0.257,310.88,  8.72,  2.12,  5.42,
2011,29, 0.247,311.08,  7.98,  2.70,  5.34,
2011,30, 0.241,311.08,  8.15,  3.66,  5.90,
2011,31, 0.238,310.85,  9.11,  4.22,  6.66,
2011,32, 0.239,310.53, 10.93,  4.33,  7.63,
2011,33, 0.241,310.30, 13.03,  4.36,  8.69,
2011,34, 0.245,309.54, 15.70,  5.61, 10.66,
2011,35, 0.249,308.66, 18.77,  8.04, 13.41,
2011,36, 0.254,307.72, 22.12,  9.51, 15.82,
2011,37, 0.259,306.41, 25.45,  9.80, 17.63,
2011,38, 0.262,304.79, 28.93,  9.36, 19.15,
2011,39, 0.264,302.95, 32.59, 12.01, 22.30,
2011,40, 0.265,301.26, 36.81, 14.44, 25.62,
2011,41, 0.266,299.38, 40.77, 19.81, 30.29,
2011,42, 0.266,297.12, 44.04, 30.03, 37.03,
2011,43, 0.263,295.12, 45.34, 37.11, 41.22,
2011,44, 0.259,293.16, 47.07, 41.67, 44.37,
2011,45, 0.255,291.24, 49.85, 43.35, 46.60,
2011,46, 0.252,289.68, 52.45, 41.80, 47.13,
2011,47, 0.250,288.06, 55.22, 41.76, 48.49,
2011,48, 0.247,286.47, 58.07, 41.76, 49.92,
2011,49, 0.246,285.60, 60.39, 38.72, 49.56,
2011,50, 0.246,285.24, 64.38, 27.65, 46.01,
2011,51, 0.247,284.98, 68.17, 25.27, 46.72,
2011,52, 0.247,285.03, 71.59, 23.81, 47.70,
2012, 1, 0.248,285.62, 71.78, 26.66, 49.22,
2012, 2, 0.252,286.22, 75.57, 26.26, 50.92,
2012, 3, 0.254,286.73, 77.86, 27.22, 52.54,
2012, 4, 0.256,287.33, 79.25, 28.94, 54.10,
2012, 5, 0.260,288.21, 81.09, 28.99, 55.04,
2012, 6, 0.268,289.19, 82.93, 29.38, 56.16,
2012, 7, 0.279,290.57, 84.25, 28.42, 56.33,
2012, 8, 0.292,291.76, 84.74, 30.30, 57.52,
2012, 9, 0.307,293.06, 85.87, 30.59, 58.23,
2012,10, 0.326,294.67, 87.68, 26.32, 57.00,
2012,11, 0.344,296.17, 89.14, 23.19, 56.17,
2012,12, 0.364,297.14, 91.17, 24.28, 57.72,
2012,13, 0.381,297.83, 91.90, 27.92, 59.91,
2012,14, 0.397,298.41, 92.02, 32.64, 62.33,
2012,15, 0.410,298.92, 90.74, 37.99, 64.36,
2012,16, 0.415,299.44, 88.50, 40.98, 64.74,
2012,17, 0.415,300.06, 84.48, 42.80, 63.64,
2012,18, 0.409,300.99, 79.24, 39.76, 59.50,
2012,19, 0.399,301.94, 72.75, 34.38, 53.56,
2012,20, 0.386,302.73, 64.33, 31.40, 47.86,
2012,21, 0.373,303.29, 57.35, 33.03, 45.19,
2012,22, 0.354,304.48, 46.96, 29.35, 38.16,
2012,23, 0.343,305.25, 42.17, 28.87, 35.52,
2012,24, 0.332,306.16, 37.22, 26.87, 32.04,
2012,25, 0.322,307.13, 33.02, 24.33, 28.68,
2012,26, 0.311,308.16, 30.21, 19.99, 25.10,
2012,27, 0.292,309.21, 24.79, 15.84, 20.31,
2012,28, 0.280,309.98, 23.08, 14.56, 18.82,
2012,29, 0.270,310.47, 21.93, 13.55, 17.74,
2012,30, 0.260,310.66, 20.62, 13.12, 16.87,
2012,31, 0.254,310.58, 19.92, 12.59, 16.25,
2012,32, 0.250,310.35, 19.10, 11.64, 15.37,
2012,33, 0.248,309.89, 19.29, 12.23, 15.76,
2012,34, 0.250,308.96, 20.80, 13.56, 17.18,
2012,35, 0.255,308.19, 23.69, 13.95, 18.82,
2012,36, 0.259,307.23, 26.39, 15.32, 20.85,
2012,37, 0.261,306.16, 28.27, 13.97, 21.12,
2012,38, 0.263,304.83, 30.28, 11.73, 21.00,
2012,39, 0.265,302.86, 33.67, 15.43, 24.55,
2012,40, 0.267,300.93, 38.22, 21.05, 29.64,
2012,41, 0.269,299.32, 43.17, 24.48, 33.82,
2012,42, 0.269,297.78, 46.48, 26.04, 36.26,
2012,43, 0.268,296.23, 49.45, 27.65, 38.55,
2012,44, 0.264,294.73, 51.42, 27.30, 39.36,
2012,45, 0.257,293.43, 51.78, 23.51, 37.64,
2012,46, 0.250,292.42, 52.69, 17.34, 35.01,
2012,47, 0.246,291.14, 54.83, 14.41, 34.62,
2012,48, 0.243,289.89, 57.37, 12.15, 34.76,
2012,49, 0.238,288.83, 58.47, 11.35, 34.91,
2012,50, 0.233,287.64, 59.75,  8.28, 34.01,
2012,51, 0.229,286.83, 61.28, 10.44, 35.86,
2012,52, 0.226,286.04, 62.51, 15.81, 39.16,
2013, 1, 0.216,285.86, 53.27, 24.57, 38.92,
2013, 2, 0.212,286.14, 52.19, 27.17, 39.68,
2013, 3, 0.211,286.80, 52.70, 27.02, 39.86,
2013, 4, 0.216,287.60, 56.35, 26.87, 41.61,
2013, 5, 0.219,288.00, 57.67, 31.78, 44.72,
2013, 6, 0.223,288.36, 57.13, 38.83, 47.98,
2013, 7, 0.227,288.66, 54.53, 49.30, 51.92,
2013, 8, 0.233,289.14, 50.77, 59.42, 55.10,
2013, 9, 0.240,290.12, 47.44, 63.00, 55.22,
2013,10, 0.249,291.34, 44.19, 61.82, 53.01,
2013,11, 0.253,292.18, 38.62, 63.61, 51.12,
2013,12, 0.271,293.49, 41.05, 61.08, 51.06,
2013,13, 0.283,294.61, 39.42, 61.05, 50.23,
2013,14, 0.295,295.47, 38.64, 63.05, 50.84,
2013,15, 0.308,296.51, 38.57, 63.55, 51.05,
2013,16, 0.321,297.63, 39.22, 60.47, 49.85,
2013,17, 0.333,298.82, 40.35, 55.45, 47.89,
2013,18, 0.340,299.96, 40.35, 50.16, 45.25,
2013,19, 0.344,300.91, 40.62, 45.45, 43.03,
2013,20, 0.346,301.65, 40.56, 42.78, 41.67,
2013,21, 0.345,302.18, 40.84, 44.36, 42.60,
2013,22, 0.345,302.71, 43.15, 46.01, 44.58,
2013,23, 0.344,303.24, 44.73, 47.03, 45.88,
2013,24, 0.344,303.93, 46.23, 46.62, 46.43,
2013,25, 0.341,304.46, 46.45, 48.05, 47.25,
2013,26, 0.337,304.90, 47.04, 49.88, 48.46,
2013,27, 0.335,305.00, 49.22, 54.23, 51.73,
2013,28, 0.335,305.00, 52.31, 59.06, 55.68,
2013,29, 0.337,304.92, 56.25, 62.64, 59.45,
2013,30, 0.340,304.40, 60.40, 67.96, 64.18,
2013,31, 0.345,303.93, 64.86, 71.40, 68.13,
2013,32, 0.351,303.93, 68.78, 69.21, 69.00,
2013,33, 0.352,303.92, 70.82, 66.19, 68.51,
2013,34, 0.350,303.71, 71.13, 62.43, 66.78,
2013,35, 0.345,303.23, 70.69, 60.63, 65.66,
2013,36, 0.342,302.76, 70.37, 58.89, 64.63,
2013,37, 0.338,302.21, 70.26, 53.68, 61.97,
2013,38, 0.334,301.10, 70.24, 51.51, 60.87,
2013,39, 0.331,299.79, 71.71, 50.74, 61.23,
2013,40, 0.326,298.28, 72.72, 53.93, 63.33,
2013,41, 0.320,296.78, 73.63, 56.63, 65.13,
2013,42, 0.314,295.46, 74.16, 53.97, 64.07,
2013,43, 0.303,293.47, 71.39, 59.65, 65.52,
2013,44, 0.292,291.64, 68.68, 61.42, 65.05,
2013,45, 0.281,289.82, 66.65, 61.01, 63.83,
2013,46, 0.269,288.03, 63.17, 61.54, 62.36,
2013,47, 0.256,286.76, 59.45, 57.08, 58.27,
2013,48, 0.246,285.82, 57.53, 50.51, 54.02,
2013,49, 0.237,285.26, 56.45, 45.08, 50.76,
2013,50, 0.231,284.95, 57.09, 37.20, 47.14,
2013,51, 0.224,284.58, 57.19, 34.67, 45.93,
2013,52, 0.221,284.64, 58.27, 30.96, 44.62,
2014, 1, 0.215,284.96, 53.04, 34.11, 43.58,
2014, 2, 0.213,285.49, 53.19, 34.14, 43.67,
2014, 3, 0.211,285.98, 52.94, 35.44, 44.19,
2014, 4, 0.214,286.71, 55.05, 36.17, 45.61,
2014, 5, 0.214,287.45, 54.80, 38.03, 46.42,
2014, 6, 0.216,288.48, 53.68, 38.35, 46.02,
2014, 7, 0.219,289.60, 50.53, 40.34, 45.44,
2014, 8, 0.224,291.29, 46.05, 37.25, 41.66,
2014, 9, 0.229,293.15, 41.90, 31.82, 36.87,
2014,10, 0.237,294.96, 38.61, 25.28, 31.96,
2014,11, 0.239,296.28, 32.44, 23.15, 27.81,
2014,12, 0.256,297.77, 34.07, 19.49, 26.79,
2014,13, 0.266,298.85, 31.82, 19.42, 25.63,
2014,14, 0.277,299.86, 30.06, 19.72, 24.90,
2014,15, 0.287,300.73, 28.42, 20.53, 24.48,
2014,16, 0.297,301.38, 26.85, 21.43, 24.14,
2014,17, 0.304,301.86, 25.76, 24.38, 25.07,
2014,18, 0.308,302.18, 23.33, 27.86, 25.59,
2014,19, 0.310,302.35, 20.95, 30.95, 25.95,
2014,20, 0.309,302.29, 19.10, 36.38, 27.74,
2014,21, 0.312,302.17, 20.52, 44.06, 32.29,
2014,22, 0.320,302.09, 26.49, 50.93, 38.71,
2014,23, 0.333,302.13, 35.81, 55.74, 45.77,
2014,24, 0.348,302.30, 47.58, 59.15, 53.36,
2014,25, 0.360,302.42, 57.27, 63.78, 60.53,
2014,26, 0.367,302.70, 63.91, 67.48, 65.70,
2014,27, 0.369,303.28, 67.66, 67.81, 67.73,
2014,28, 0.369,303.92, 70.29, 67.11, 68.70,
2014,29, 0.369,304.23, 72.38, 67.73, 70.06,
2014,30, 0.367,304.29, 73.57, 68.38, 70.98,
2014,31, 0.364,304.35, 74.01, 67.26, 70.64,
2014,32, 0.361,304.33, 73.62, 65.18, 69.40,
2014,33, 0.355,304.03, 71.94, 64.76, 68.35,
2014,34, 0.347,303.29, 69.51, 65.99, 67.75,
2014,35, 0.339,302.40, 66.71, 68.17, 67.44,
2014,36, 0.332,301.78, 64.52, 68.17, 66.35,
2014,37, 0.326,300.91, 63.31, 66.63, 64.97,
2014,38, 0.322,299.82, 62.94, 65.40, 64.17,
2014,39, 0.317,298.90, 63.38, 61.44, 62.41,
2014,40, 0.313,298.14, 64.67, 55.40, 60.04,
2014,41, 0.307,297.49, 65.47, 46.35, 55.91,
2014,42, 0.299,296.28, 64.54, 42.44, 53.49,
2014,43, 0.290,294.67, 62.43, 44.09, 53.26,
2014,44, 0.279,293.08, 60.09, 44.00, 52.04,
2014,45, 0.267,291.11, 57.28, 46.51, 51.89,
2014,46, 0.255,289.32, 53.99, 47.13, 50.56,
2014,47, 0.243,287.46, 51.06, 49.20, 50.13,
2014,48, 0.232,286.16, 48.96, 46.55, 47.76,
2014,49, 0.222,285.25, 47.17, 44.73, 45.94,
2014,50, 0.215,283.99, 46.60, 46.41, 46.50,
2014,51, 0.210,283.22, 47.43, 47.85, 47.63,
2014,52, 0.207,282.77, 48.75, 48.83, 48.79,
2015, 1, 0.203,282.62, 42.18, 57.29, 49.73,
2015, 2, 0.201,283.00, 42.03, 58.63, 50.33,
2015, 3, 0.201,284.01, 42.85, 54.66, 48.75,
2015, 4, 0.209,286.28, 48.64, 40.38, 44.52,
2015, 5, 0.212,287.34, 50.12, 39.26, 44.69,
2015, 6, 0.217,288.15, 51.06, 42.06, 46.56,
2015, 7, 0.222,288.98, 49.38, 47.09, 48.23,
2015, 8, 0.227,290.21, 45.40, 49.20, 47.30,
2015, 9, 0.235,291.84, 42.51, 45.91, 44.22,
2015,10, 0.246,293.60, 41.25, 39.66, 40.47,
2015,11, 0.253,294.73, 37.94, 39.00, 38.50,
2015,12, 0.278,296.07, 44.04, 36.74, 40.40,
2015,13, 0.296,296.89, 46.59, 39.28, 42.94,
2015,14, 0.316,297.25, 49.96, 45.80, 47.89,
2015,15, 0.334,296.91, 52.34, 59.49, 55.93,
2015,16, 0.354,297.25, 56.66, 64.13, 60.40,
2015,17, 0.370,297.81, 61.20, 65.93, 63.57,
2015,18, 0.381,297.99, 63.92, 70.13, 67.03,
2015,19, 0.388,298.15, 66.70, 72.34, 69.52,
2015,20, 0.388,298.30, 66.48, 74.39, 70.44,
2015,21, 0.387,298.66, 66.66, 75.78, 71.22,
2015,22, 0.389,299.43, 69.20, 73.02, 71.11,
2015,23, 0.390,300.34, 72.24, 69.61, 70.93,
2015,24, 0.393,301.14, 75.05, 67.52, 71.28,
2015,25, 0.394,301.76, 77.23, 68.22, 72.73,
2015,26, 0.396,302.48, 79.41, 68.17, 73.79,
2015,27, 0.395,302.93, 81.38, 69.79, 75.58,
2015,28, 0.393,303.34, 82.91, 71.28, 77.09,
2015,29, 0.392,303.83, 84.04, 70.45, 77.25,
2015,30, 0.389,303.97, 84.57, 70.44, 77.51,
2015,31, 0.385,303.86, 84.08, 70.97, 77.52,
2015,32, 0.379,303.61, 82.43, 70.99, 76.71,
2015,33, 0.370,303.31, 79.24, 70.68, 74.96,
2015,34, 0.361,303.15, 76.30, 66.80, 71.55,
2015,35, 0.351,302.83, 73.22, 63.99, 68.61,
2015,36, 0.342,302.23, 69.97, 63.92, 66.94,
2015,37, 0.334,301.54, 67.38, 60.51, 63.95,
2015,38, 0.326,300.78, 65.10, 55.24, 60.17,
2015,39, 0.319,299.89, 64.40, 49.74, 57.07,
2015,40, 0.313,298.66, 64.37, 48.75, 56.56,
2015,41, 0.304,297.47, 63.62, 46.81, 55.22,
2015,42, 0.296,296.21, 62.07, 43.34, 52.70,
2015,43, 0.289,294.75, 61.82, 42.67, 52.24,
2015,44, 0.283,293.26, 61.90, 41.18, 51.54,
2015,45, 0.275,291.49, 61.99, 41.46, 51.73,
2015,46, 0.267,289.94, 61.21, 40.05, 50.63,
2015,47, 0.260,288.61, 60.86, 37.32, 49.09,
2015,48, 0.253,287.40, 60.44, 34.08, 47.26,
2015,49, 0.245,286.20, 59.88, 34.91, 47.39,
2015,50, 0.240,285.40, 60.74, 31.28, 46.00,
2015,51, 0.235,284.95, 61.91, 30.27, 46.09,
2015,52, 0.231,284.61, 62.82, 30.68, 46.75,
2016, 1, 0.226,284.40, 57.69, 39.57, 48.63,
2016, 2, 0.223,284.79, 57.38, 40.98, 49.18,
2016, 3, 0.223,285.58, 58.44, 39.22, 48.83,
2016, 4, 0.229,286.72, 62.44, 35.68, 49.06,
2016, 5, 0.232,287.71, 64.00, 34.75, 49.38,
2016, 6, 0.237,288.84, 64.39, 33.93, 49.16,
2016, 7, 0.242,290.10, 62.25, 34.27, 48.26,
2016, 8, 0.248,291.34, 58.20, 35.66, 46.93,
2016, 9, 0.253,292.47, 53.81, 37.42, 45.61,
2016,10, 0.256,292.92, 47.73, 44.42, 46.08,
2016,11, 0.282,294.50, 54.68, 39.91, 47.29,
2016,12, 0.307,295.53, 60.28, 40.41, 50.34,
2016,13, 0.320,296.15, 59.25, 44.84, 52.05,
2016,14, 0.332,296.61, 58.43, 50.88, 54.66,
2016,15, 0.346,297.31, 58.75, 54.24, 56.50,
2016,16, 0.361,297.87, 60.90, 56.34, 58.62,
2016,17, 0.375,298.44, 63.48, 57.89, 60.68,
2016,18, 0.383,299.08, 65.21, 57.53, 61.37,
2016,19, 0.387,299.72, 66.68, 55.23, 60.95,
2016,20, 0.388,300.52, 66.68, 51.15, 58.92,
2016,21, 0.386,301.14, 66.41, 51.41, 58.91,
2016,22, 0.385,301.50, 67.66, 54.23, 60.95,
2016,23, 0.386,301.92, 69.97, 55.89, 62.93,
2016,24, 0.387,302.34, 72.17, 57.39, 64.78,
2016,25, 0.388,302.67, 74.04, 60.41, 67.23,
2016,26, 0.389,302.95, 75.66, 64.13, 69.89,
2016,27, 0.388,303.24, 77.81, 67.18, 72.49,
2016,28, 0.385,303.49, 78.50, 70.14, 74.32,
2016,29, 0.383,303.65, 79.62, 72.14, 75.88,
2016,30, 0.379,303.76, 79.80, 72.34, 76.07,
2016,31, 0.375,303.85, 79.49, 71.06, 75.27,
2016,32, 0.370,303.62, 78.51, 70.82, 74.66,
2016,33, 0.364,303.22, 76.76, 71.14, 73.95,
2016,34, 0.358,302.72, 75.10, 70.10, 72.60,
2016,35, 0.352,302.14, 74.20, 69.55, 71.88,
2016,36, 0.348,301.79, 73.76, 67.07, 70.41,
2016,37, 0.345,301.37, 73.95, 61.04, 67.49,
2016,38, 0.341,300.74, 74.17, 54.32, 64.25,
2016,39, 0.338,300.20, 75.24, 44.93, 60.09,
2016,40, 0.332,299.56, 75.99, 36.40, 56.20,
2016,41, 0.325,298.64, 75.79, 31.07, 53.43,
2016,42, 0.316,297.54, 74.27, 26.79, 50.53,
2016,43, 0.305,296.14, 72.21, 26.47, 49.34,
2016,44, 0.297,294.73, 70.90, 25.07, 47.99,
2016,45, 0.288,293.06, 70.33, 26.14, 48.23,
2016,46, 0.278,291.35, 67.90, 27.43, 47.66,
2016,47, 0.266,289.18, 65.02, 33.45, 49.24,
2016,48, 0.255,287.34, 62.46, 36.52, 49.49,
2016,49, 0.243,285.87, 59.26, 39.94, 49.60,
2016,50, 0.231,284.85, 56.80, 38.72, 47.76,
2016,51, 0.222,284.26, 55.42, 37.91, 46.67,
2016,52, 0.216,284.17, 55.02, 35.40, 45.21,
2017, 1, 0.209,284.56, 48.27, 37.64, 42.95,
2017, 2, 0.205,285.36, 47.46, 34.94, 41.20,
2017, 3, 0.203,286.18, 46.95, 33.06, 40.01,
2017, 4, 0.207,286.97, 49.69, 33.06, 41.38,
2017, 5, 0.210,287.91, 51.37, 32.67, 42.02,
2017, 6, 0.216,289.33, 52.73, 28.80, 40.77,
2017, 7, 0.223,290.72, 51.73, 27.90, 39.81,
2017, 8, 0.230,292.00, 49.08, 29.24, 39.16,
2017, 9, 0.240,293.47, 47.45, 27.80, 37.63,
2017,10, 0.251,294.84, 46.29, 25.73, 36.01,
2017,11, 0.256,295.61, 41.21, 29.01, 35.11,
2017,12, 0.278,296.77, 45.52, 28.36, 36.93,
2017,13, 0.293,297.44, 45.86, 31.96, 38.91,
2017,14, 0.310,297.97, 47.20, 36.83, 42.01,
2017,15, 0.327,298.51, 48.81, 41.26, 45.03,
2017,16, 0.343,299.05, 51.54, 43.80, 47.67,
2017,17, 0.358,299.55, 54.85, 46.58, 50.72,
2017,18, 0.368,300.27, 57.27, 45.36, 51.31,
2017,19, 0.374,300.76, 59.09, 44.67, 51.88,
2017,20, 0.376,301.27, 59.68, 43.97, 51.82,
2017,21, 0.376,301.84, 60.49, 45.08, 52.78,
2017,22, 0.376,302.44, 62.35, 46.34, 54.34,
2017,23, 0.376,302.94, 64.06, 47.62, 55.84,
2017,24, 0.376,303.36, 65.14, 49.33, 57.23,
2017,25, 0.374,303.73, 65.69, 51.98, 58.83,
2017,26, 0.373,304.19, 66.88, 53.61, 60.24,
2017,27, 0.371,304.42, 68.70, 57.00, 62.85,
2017,28, 0.367,304.44, 69.27, 61.99, 65.63,
2017,29, 0.364,304.37, 69.84, 66.08, 67.96,
2017,30, 0.361,304.06, 70.63, 70.03, 70.33,
2017,31, 0.361,303.78, 72.14, 71.91, 72.02,
2017,32, 0.359,303.08, 72.74, 76.03, 74.39,
2017,33, 0.358,302.76, 73.64, 75.73, 74.69,
2017,34, 0.357,302.83, 74.63, 69.77, 72.20,
2017,35, 0.352,302.71, 73.57, 65.00, 69.29,
2017,36, 0.345,302.38, 71.72, 62.13, 66.93,
2017,37, 0.338,301.68, 69.67, 58.67, 64.17,
2017,38, 0.331,300.57, 67.66, 56.91, 62.28,
2017,39, 0.327,299.39, 68.53, 54.78, 61.65,
2017,40, 0.325,298.31, 71.12, 52.42, 61.77,
2017,41, 0.319,297.23, 72.41, 49.43, 60.92,
2017,42, 0.311,296.21, 71.55, 43.38, 57.46,
2017,43, 0.298,294.93, 68.23, 40.89, 54.56,
2017,44, 0.282,293.52, 62.31, 38.40, 50.36,
2017,45, 0.265,291.57, 56.56, 40.87, 48.72,
2017,46, 0.254,290.30, 54.29, 36.87, 45.58,
2017,47, 0.247,289.35, 54.72, 30.51, 42.62,
2017,48, 0.241,288.31, 55.38, 26.29, 40.84,
2017,49, 0.236,287.33, 56.23, 25.41, 40.82,
2017,50, 0.230,286.48, 57.43, 21.75, 39.59,
2017,51, 0.225,285.84, 58.54, 22.43, 40.49,
2017,52, 0.219,285.20, 59.19, 24.80, 41.99,
2018, 1, 0.214,285.26, 52.83, 31.82, 42.32,
2018, 2, 0.210,285.90, 51.99, 30.98, 41.48,
2018, 3, 0.207,286.61, 50.99, 28.10, 39.55,
2018, 4, 0.209,287.48, 52.75, 27.26, 40.00,
2018, 5, 0.208,288.29, 52.31, 29.18, 40.75,
2018, 6, 0.209,288.96, 50.66, 30.25, 40.46,
2018, 7, 0.212,289.87, 47.01, 35.68, 41.35,
2018, 8, 0.217,291.21, 42.14, 39.27, 40.71,
2018, 9, 0.223,292.72, 38.02, 36.63, 37.33,
2018,10, 0.231,294.15, 34.54, 33.75, 34.15,
2018,11, 0.233,295.23, 28.88, 34.75, 31.84,
2018,12, 0.248,296.33, 30.20, 32.89, 31.55,
2018,13, 0.258,297.23, 27.87, 34.61, 31.25,
2018,14, 0.268,298.19, 26.00, 36.12, 31.07,
2018,15, 0.279,299.38, 24.62, 35.61, 30.12,
2018,16, 0.292,300.33, 24.49, 32.03, 28.26,
2018,17, 0.306,301.21, 26.72, 30.48, 28.60,
2018,18, 0.320,301.90, 30.01, 29.60, 29.81,
2018,19, 0.331,302.31, 34.21, 29.53, 31.87,
2018,20, 0.341,302.61, 38.84, 30.95, 34.89,
2018,21, 0.347,302.73, 42.99, 36.76, 39.88,
2018,22, 0.352,302.78, 47.67, 43.47, 45.57,
2018,23, 0.356,302.86, 51.88, 48.38, 50.13,
2018,24, 0.360,303.00, 55.81, 52.48, 54.14,
2018,25, 0.362,303.11, 58.93, 57.51, 58.22,
2018,26, 0.362,303.24, 61.41, 62.26, 61.84,
2018,27, 0.360,303.31, 63.20, 67.02, 65.11,
2018,28, 0.359,303.55, 65.01, 69.76, 67.39,
2018,29, 0.358,303.90, 67.21, 70.07, 68.64,
2018,30, 0.354,303.56, 67.31, 74.38, 70.85,
2018,31, 0.352,303.26, 68.26, 76.63, 72.45,
2018,32, 0.355,303.21, 71.30, 74.87, 73.08,
2018,33, 0.355,302.79, 72.58, 75.40, 73.99,
2018,34, 0.352,302.08, 72.44, 76.56, 74.50,
2018,35, 0.349,301.15, 72.36, 79.44, 75.90,
2018,36, 0.346,300.45, 72.67, 80.64, 76.65,
2018,37, 0.342,299.90, 72.48, 76.30, 74.39,
2018,38, 0.337,299.16, 71.97, 72.02, 72.00,
2018,39, 0.334,298.02, 72.89, 71.21, 72.05,
2018,40, 0.328,296.53, 73.35, 75.56, 74.46,
2018,41, 0.319,294.92, 72.57, 80.09, 76.33,
2018,42, 0.308,293.41, 70.10, 79.07, 74.59,
2018,43, 0.294,291.82, 65.52, 79.37, 72.45,
2018,44, 0.283,290.79, 62.78, 71.23, 67.00,
2018,45, 0.273,289.63, 61.63, 62.73, 62.18,
2018,46, 0.262,288.59, 58.85, 55.32, 57.09,
2018,47, 0.252,287.52, 57.49, 49.16, 53.32,
2018,48, 0.243,286.46, 56.72, 44.20, 50.46,
2018,49, 0.235,285.82, 55.87, 39.85, 47.86,
2018,50, 0.229,285.48, 56.15, 31.83, 43.98,
2018,51, 0.224,285.35, 57.23, 27.22, 42.22,
2018,52, 0.219,284.89, 57.62, 28.94, 43.28,
2019, 1, 0.213,284.42, 51.84, 39.58, 45.71,
2019, 2, 0.210,284.70, 51.42, 41.86, 46.64,
2019, 3, 0.207,284.20, 50.08, 52.79, 51.44,
2019, 4, 0.209,284.08, 51.45, 62.14, 56.80,
2019, 5, 0.211,284.83, 52.66, 64.88, 58.77,
2019, 6, 0.214,285.57, 51.98, 68.40, 60.19,
2019, 7, 0.216,286.36, 48.18, 73.80, 60.99,
2019, 8, 0.221,287.74, 44.13, 74.73, 59.44,
2019, 9, 0.230,289.28, 41.83, 72.02, 56.93,
2019,10, 0.241,290.57, 40.47, 69.59, 55.03,
2019,11, 0.249,291.66, 37.10, 68.55, 52.84,
2019,12, 0.273,293.18, 42.72, 63.59, 53.15,
2019,13, 0.291,294.10, 44.64, 65.59, 55.12,
2019,14, 0.313,295.36, 48.74, 63.66, 56.21,
2019,15, 0.335,296.41, 52.97, 63.35, 58.16,
2019,16, 0.352,296.74, 56.07, 68.44, 62.26,
2019,17, 0.367,297.25, 59.54, 71.02, 65.28,
2019,18, 0.380,297.94, 63.32, 70.01, 66.67,
2019,19, 0.388,298.28, 66.90, 70.50, 68.70,
2019,20, 0.392,298.83, 68.91, 68.54, 68.73,
2019,21, 0.393,299.29, 70.57, 69.41, 69.99,
2019,22, 0.393,299.60, 73.09, 71.24, 72.16,
2019,23, 0.394,300.15, 75.45, 71.29, 73.37,
2019,24, 0.395,300.84, 77.19, 70.23, 73.71,
2019,25, 0.394,301.26, 77.90, 72.87, 75.39,
2019,26, 0.393,301.85, 78.24, 74.46, 76.35,
2019,27, 0.390,302.88, 78.93, 70.95, 74.94,
2019,28, 0.385,303.76, 79.01, 68.18, 73.59,
2019,29, 0.380,304.18, 78.22, 67.92, 73.07,
2019,30, 0.374,304.59, 77.48, 65.55, 71.51,
2019,31, 0.370,304.72, 77.05, 63.74, 70.40,
2019,32, 0.365,304.35, 76.03, 64.81, 70.42,
2019,33, 0.361,304.08, 75.11, 64.06, 69.59,
2019,34, 0.357,303.55, 74.77, 63.17, 68.97,
2019,35, 0.353,302.68, 74.41, 65.33, 69.87,
2019,36, 0.348,302.07, 73.86, 65.27, 69.56,
2019,37, 0.344,301.43, 73.66, 61.25, 67.46,
2019,38, 0.339,300.33, 73.18, 59.61, 66.39,
2019,39, 0.334,299.13, 73.10, 58.27, 65.69,
2019,40, 0.327,298.08, 73.12, 56.22, 64.67,
2019,41, 0.317,296.99, 71.64, 53.58, 62.61,
2019,42, 0.302,295.61, 66.09, 51.57, 58.83,
2019,43, 0.285,294.01, 59.73, 52.81, 56.27,
2019,44, 0.269,292.54, 54.05, 50.87, 52.46,
2019,45, 0.255,290.85, 50.07, 49.67, 49.87,
2019,46, 0.243,289.46, 47.52, 46.03, 46.77,
2019,47, 0.233,288.26, 46.52, 41.10, 43.81,
2019,48, 0.225,287.20, 46.30, 36.28, 41.29,
2019,49, 0.219,286.31, 46.56, 34.23, 40.39,
2019,50, 0.215,285.86, 48.19, 27.09, 37.63,
2019,51, 0.213,285.69, 50.85, 23.18, 37.01,
2019,52, 0.211,285.29, 53.07, 24.34, 38.70,
2020, 1, 0.208,284.98, 48.74, 33.80, 41.27,
2020, 2, 0.207,285.30, 49.42, 35.88, 42.65,
2020, 3, 0.207,285.71, 50.13, 38.06, 44.10,
2020, 4, 0.212,286.09, 53.49, 42.14, 47.82,
2020, 5, 0.213,286.14, 53.45, 51.33, 52.39,
2020, 6, 0.216,286.54, 52.95, 58.06, 55.51,
2020, 7, 0.223,287.48, 52.06, 61.76, 56.92,
2020, 8, 0.229,288.67, 48.61, 64.59, 56.61,
2020, 9, 0.237,290.21, 45.75, 62.02, 53.89,
2020,10, 0.249,291.65, 44.53, 58.28, 51.41,
2020,11, 0.255,292.58, 40.21, 59.15, 49.70,
2020,12, 0.278,294.15, 44.93, 54.14, 49.54,
2020,13, 0.293,295.15, 45.39, 55.31, 50.35,
2020,14, 0.309,296.10, 46.43, 56.84, 51.65,
2020,15, 0.325,297.34, 47.33, 55.12, 51.23,
2020,16, 0.338,298.31, 48.58, 53.81, 51.20,
2020,17, 0.351,299.12, 50.76, 53.48, 52.12,
2020,18, 0.359,299.88, 51.43, 52.56, 51.99,
2020,19, 0.362,300.33, 51.94, 52.64, 52.29,
2020,20, 0.364,300.88, 52.77, 51.13, 51.95,
2020,21, 0.363,301.45, 52.71, 51.80, 52.25,
2020,22, 0.360,302.09, 53.20, 51.72, 52.46,
2020,23, 0.359,302.62, 54.12, 52.22, 53.17,
2020,24, 0.358,303.05, 55.24, 53.68, 54.46,
2020,25, 0.357,303.53, 56.60, 55.37, 55.99,
2020,26, 0.357,303.71, 58.84, 59.60, 59.22,
2020,27, 0.357,303.67, 61.71, 65.04, 63.38,
2020,28, 0.357,303.80, 64.55, 68.65, 66.60,
2020,29, 0.358,303.89, 67.76, 71.13, 69.44,
2020,30, 0.361,303.83, 70.94, 72.68, 71.81,
2020,31, 0.360,303.66, 72.24, 73.60, 72.92,
2020,32, 0.358,303.69, 72.44, 71.20, 71.82,
2020,33, 0.356,304.00, 73.00, 65.30, 69.15,
2020,34, 0.350,303.81, 71.37, 61.40, 66.39,
2020,35, 0.341,303.56, 68.09, 57.53, 62.81,
2020,36, 0.332,303.31, 64.97, 53.44, 59.20,
2020,37, 0.325,302.43, 62.50, 51.45, 56.98,
2020,38, 0.318,301.44, 60.62, 48.24, 54.43,
2020,39, 0.312,300.67, 59.83, 40.71, 50.27,
2020,40, 0.305,299.89, 59.59, 33.43, 46.51,
2020,41, 0.296,298.87, 58.40, 28.88, 43.64,
2020,42, 0.287,297.31, 56.19, 29.70, 42.95,
2020,43, 0.278,295.37, 54.46, 35.11, 44.78,
2020,44, 0.267,293.91, 52.17, 33.45, 42.80,
2020,45, 0.259,292.46, 52.02, 31.19, 41.60,
2020,46, 0.253,291.21, 52.99, 27.39, 40.19,
2020,47, 0.246,289.92, 53.59, 24.57, 39.08,
2020,48, 0.240,288.83, 54.37, 20.93, 37.65,
2020,49, 0.234,287.88, 54.98, 19.79, 37.38,
2020,50, 0.229,287.01, 56.11, 15.83, 35.97,
2020,51, 0.226,286.52, 57.77, 15.45, 36.61,
2020,52, 0.222,286.09, 58.79, 17.22, 38.01,
2021, 1, 0.214,285.19, 51.98, 31.67, 41.82,
2021, 2, 0.211,285.25, 51.52, 36.18, 43.85,
2021, 3, 0.212,286.06, 53.24, 34.34, 43.79,
2021, 4, 0.215,286.48, 55.06, 38.04, 46.55,
2021, 5, 0.214,286.72, 54.27, 44.94, 49.60,
2021, 6, 0.217,287.22, 53.46, 50.62, 52.04,
2021, 7, 0.221,288.47, 51.37, 51.09, 51.23,
2021, 8, 0.228,290.20, 48.09, 47.76, 47.93,
2021, 9, 0.236,291.80, 45.59, 44.78, 45.18,
2021,10, 0.248,293.06, 44.31, 43.50, 43.91,
2021,11, 0.255,293.90, 40.56, 45.66, 43.13,
2021,12, 0.279,295.38, 46.21, 41.64, 43.92,
2021,13, 0.294,296.45, 46.21, 41.67, 43.94,
2021,14, 0.305,296.99, 44.45, 47.03, 45.74,
2021,15, 0.316,297.73, 43.30, 50.04, 46.67,
2021,16, 0.330,298.56, 44.25, 49.72, 46.99,
2021,17, 0.340,299.00, 44.85, 53.46, 49.15,
2021,18, 0.346,299.32, 44.08, 56.99, 50.53,
2021,19, 0.350,299.38, 43.81, 61.09, 52.45,
2021,20, 0.350,299.44, 42.72, 64.65, 53.69,
2021,21, 0.352,299.88, 43.70, 65.97, 54.83,
2021,22, 0.358,300.57, 49.44, 64.36, 56.90,
2021,23, 0.362,301.23, 54.05, 63.37, 58.71,
2021,24, 0.367,301.86, 58.93, 62.76, 60.84,
2021,25, 0.370,302.46, 63.01, 63.34, 63.18,
2021,26, 0.371,302.84, 65.85, 66.12, 65.98,
2021,27, 0.370,302.86, 67.73, 71.61, 69.67,
2021,28, 0.369,303.05, 69.79, 74.80, 72.29,
2021,29, 0.369,303.52, 72.40, 73.89, 73.14,
2021,30, 0.366,303.68, 73.15, 73.58, 73.36,
2021,31, 0.363,303.88, 73.45, 71.24, 72.35,
2021,32, 0.360,303.90, 73.53, 68.87, 71.20,
2021,33, 0.354,303.86, 71.70, 66.07, 68.89,
2021,34, 0.346,303.73, 69.59, 61.48, 65.53,
2021,35, 0.339,303.33, 67.38, 58.85, 63.12,
2021,36, 0.332,303.11, 65.22, 54.67, 59.95,
2021,37, 0.325,302.78, 63.36, 47.17, 55.27,
2021,38, 0.319,302.10, 61.49, 39.94, 50.71,
2021,39, 0.314,301.25, 61.50, 32.92, 47.21,
2021,40, 0.310,300.09, 62.91, 29.99, 46.45,
2021,41, 0.305,298.86, 64.34, 28.31, 46.33,
2021,42, 0.300,297.64, 65.06, 25.62, 45.34,
2021,43, 0.293,296.20, 65.21, 25.62, 45.41,
2021,44, 0.287,294.84, 65.55, 23.74, 44.64,
2021,45, 0.280,293.30, 66.01, 23.66, 44.84,
2021,46, 0.271,292.32, 64.82, 17.79, 41.31,
2021,47, 0.262,291.21, 63.36, 13.61, 38.49,
2021,48, 0.254,290.00, 63.26, 11.25, 37.26,
2021,49, 0.248,289.05, 63.18,  9.88, 36.53,
2021,50, 0.242,287.98, 64.04,  6.87, 35.45,
2021,51, 0.237,287.53, 65.12,  5.94, 35.53,
2021,52, 0.233,287.26, 66.18,  6.33, 36.26,
2022, 1, 0.228,287.01, 62.57, 13.90, 38.24,
2022, 2, 0.224,287.03, 61.50, 18.87, 40.18,
2022, 3, 0.221,287.61, 60.55, 19.32, 39.93,
2022, 4, 0.223,288.46, 61.94, 18.74, 40.34,
2022, 5, 0.222,288.89, 61.24, 23.04, 42.14,
2022, 6, 0.223,289.61, 59.38, 26.36, 42.88,
2022, 7, 0.225,290.55, 55.45, 29.92, 42.69,
2022, 8, 0.228,291.63, 50.29, 33.33, 41.81,
2022, 9, 0.233,293.25, 45.38, 30.63, 38.01,
2022,10, 0.238,294.78, 40.52, 27.06, 33.80,
2022,11, 0.239,295.85, 33.39, 27.22, 30.33,
2022,12, 0.255,297.19, 34.64, 24.87, 29.76,
2022,13, 0.265,298.31, 32.24, 24.66, 28.45,
2022,14, 0.276,299.31, 30.14, 25.47, 27.80,
2022,15, 0.286,300.15, 28.13, 27.42, 27.77,
2022,16, 0.296,301.03, 27.08, 26.55, 26.81,
2022,17, 0.309,301.83, 28.61, 26.32, 27.46,
2022,18, 0.321,302.57, 31.01, 24.88, 27.94,
2022,19, 0.331,303.03, 33.93, 24.32, 29.12,
2022,20, 0.337,303.26, 36.80, 26.71, 31.75,
2022,21, 0.342,303.38, 40.21, 32.20, 36.20,
2022,22, 0.347,303.77, 45.18, 35.63, 40.41,
2022,23, 0.352,304.23, 49.88, 37.29, 43.59,
2022,24, 0.355,304.70, 53.66, 38.34, 46.00,
2022,25, 0.355,305.47, 55.40, 37.29, 46.35,
2022,26, 0.352,306.35, 55.38, 34.58, 44.98,
2022,27, 0.345,306.99, 54.83, 33.94, 44.38,
2022,28, 0.338,307.42, 54.12, 35.19, 44.65,
2022,29, 0.332,307.64, 54.08, 36.52, 45.30,
2022,30, 0.327,307.53, 54.04, 39.25, 46.65,
2022,31, 0.325,307.62, 55.10, 37.54, 46.32,
2022,32, 0.323,307.27, 55.36, 38.13, 46.75,
2022,33, 0.320,307.00, 55.14, 37.44, 46.29,
2022,34, 0.317,306.72, 54.63, 33.75, 44.19,
2022,35, 0.313,306.18, 53.91, 32.26, 43.08,
2022,36, 0.309,305.65, 52.90, 30.27, 41.58,
2022,37, 0.304,305.24, 51.26, 22.72, 36.99,
2022,38, 0.297,304.47, 48.99, 14.66, 31.83,
2022,39, 0.290,303.15, 47.38, 11.03, 29.20,
2022,40, 0.282,301.72, 46.39, 10.03, 28.21,
2022,41, 0.273,300.19, 44.64, 11.62, 28.13,
2022,42, 0.262,298.31, 41.66, 17.31, 29.48,
2022,43, 0.252,296.27, 39.01, 24.73, 31.87,
2022,44, 0.243,294.12, 37.97, 32.07, 35.02,
2022,45, 0.236,291.71, 38.72, 40.16, 39.44,
2022,46, 0.229,289.83, 39.25, 42.55, 40.90,
2022,47, 0.223,288.24, 40.33, 42.16, 41.25,
2022,48, 0.217,286.95, 41.62, 39.61, 40.62,
2022,49, 0.212,285.98, 42.56, 38.24, 40.40,
2022,50, 0.208,285.41, 44.13, 32.31, 38.22,
2022,51, 0.205,285.35, 45.69, 26.97, 36.33,
2022,52, 0.202,285.55, 47.62, 22.37, 34.99,
2023, 1, 0.200,285.70, 42.96, 27.16, 35.05,
2023, 2, 0.200,286.17, 43.92, 27.56, 35.74,
2023, 3, 0.201,286.80, 45.21, 27.47, 36.34,
2023, 4, 0.206,287.55, 48.94, 27.73, 38.34,
2023, 5, 0.210,287.60, 50.77, 36.27, 43.52,
2023, 6, 0.215,288.10, 51.71, 42.03, 46.87,
2023, 7, 0.222,289.31, 50.47, 42.90, 46.69,
2023, 8, 0.230,290.63, 48.29, 43.79, 46.05,
2023, 9, 0.239,292.19, 46.31, 41.37, 43.85,
2023,10, 0.250,293.77, 44.61, 36.99, 40.81,
2023,11, 0.256,294.71, 39.94, 38.59, 39.30,
2023,12, 0.276,296.25, 42.84, 34.30, 38.58,
2023,13, 0.288,297.85, 41.79, 29.22, 35.51,
2023,14, 0.300,298.90, 40.90, 29.12, 35.02,
2023,15, 0.310,299.50, 39.29, 32.80, 36.06,
2023,16, 0.320,300.25, 38.85, 33.09, 35.98,
2023,17, 0.331,300.84, 39.85, 35.11, 37.48,
2023,18, 0.338,300.82, 40.30, 42.14, 41.22,
2023,19, 0.344,300.63, 41.79, 48.24, 45.01,
2023,20, 0.350,300.78, 44.52, 50.19, 47.35,
2023,21, 0.358,300.71, 49.36, 56.15, 52.76,
2023,22, 0.369,300.86, 57.47, 60.03, 58.75,
2023,23, 0.379,301.33, 65.48, 60.68, 63.08,
2023,24, 0.387,301.80, 71.68, 61.53, 66.60,
2023,25, 0.391,302.43, 75.39, 62.11, 68.75,
2023,26, 0.394,302.87, 78.27, 64.46, 71.36,
2023,27, 0.394,303.07, 81.05, 68.58, 74.82,
2023,28, 0.393,303.57, 82.52, 69.37, 75.95,
2023,29, 0.390,304.27, 83.38, 66.79, 75.08,
2023,30, 0.387,304.84, 83.69, 63.06, 73.38,
2023,31, 0.381,305.10, 82.41, 60.18, 71.29,
2023,32, 0.375,305.40, 80.70, 55.26, 67.98,
2023,33, 0.368,305.97, 78.95, 46.93, 62.94,
2023,34, 0.358,305.71, 75.57, 43.34, 59.46,
2023,35, 0.348,305.19, 72.15, 41.93, 57.04,
2023,36, 0.341,304.63, 69.80, 40.45, 55.12,
2023,37, 0.334,303.73, 68.01, 38.18, 53.09,
2023,38, 0.328,302.41, 66.79, 37.25, 52.02,
2023,39, 0.323,301.12, 67.33, 34.83, 51.08,
2023,40, 0.319,300.14, 68.43, 29.47, 48.95,
2023,41, 0.311,298.81, 68.48, 29.00, 48.74,
2023,42, 0.302,297.05, 66.41, 32.58, 49.50,
2023,43, 0.289,295.50, 62.95, 33.51, 48.23,
2023,44, 0.277,293.88, 59.37, 34.12, 46.74,
2023,45, 0.267,291.92, 57.70, 37.32, 47.51,
2023,46, 0.259,290.14, 57.20, 38.66, 47.93,
2023,47, 0.252,288.65, 57.17, 37.34, 47.26,
2023,48, 0.247,287.27, 58.30, 35.84, 47.07,
2023,49, 0.242,286.02, 59.04, 37.21, 48.12,
2023,50, 0.236,285.39, 59.80, 32.11, 45.95,
2023,51, 0.232,285.18, 60.88, 28.48, 44.67,
2023,52, 0.228,284.90, 61.65, 28.25, 44.95,
2024, 1, 0.223,284.76, 56.13, 35.70, 45.92,
2024, 2, 0.219,285.30, 55.12, 35.43, 45.27,
2024, 3, 0.217,286.39, 54.84, 30.81, 42.83,
2024, 4, 0.221,287.75, 57.16, 25.06, 41.11,
2024, 5, 0.223,288.99, 58.35, 21.25, 39.80,
2024, 6, 0.230,290.27, 59.63, 18.90, 39.26,
2024, 7, 0.237,291.43, 59.10, 20.15, 39.62,
2024, 8, 0.247,292.70, 57.82, 21.34, 39.58,
2024, 9, 0.263,293.95, 60.22, 22.05, 41.13,
2024,10, 0.277,294.90, 60.12, 24.51, 42.30,
2024,11, 0.283,295.46, 55.76, 29.96, 42.87,
2024,12, 0.308,296.44, 61.12, 31.36, 46.26,
2024,13, 0.323,297.27, 61.20, 33.48, 47.38,
2024,14, 0.338,298.17, 61.61, 34.77, 48.24,
2024,15, 0.352,299.26, 61.79, 33.64, 47.79,
2024,16, 0.363,300.03, 62.01, 33.64, 47.89,
2024,17, 0.373,300.57, 63.13, 36.06, 49.65,
2024,18, 0.381,301.19, 64.46, 36.17, 50.36,
2024,19, 0.383,301.51, 64.87, 37.24, 51.08,
2024,20, 0.383,301.89, 64.03, 37.65, 50.85,
2024,21, 0.380,302.19, 63.08, 41.20, 52.15,
2024,22, 0.376,302.41, 62.71, 45.81, 54.27,
2024,23, 0.374,302.88, 62.89, 47.38, 55.14,
2024,24, 0.372,303.07, 62.76, 51.22, 57.00,
2024,25, 0.370,303.47, 63.28, 53.77, 58.53,
2024,26, 0.366,303.97, 63.19, 55.41, 59.31,
2024,27, 0.362,304.35, 63.77, 57.79, 60.79,
2024,28, 0.359,304.75, 64.74, 59.66, 62.21,
2024,29, 0.354,305.18, 64.63, 59.22, 61.94,
2024,30, 0.349,305.48, 64.40, 57.71, 61.07,
2024,31, 0.346,305.96, 64.98, 52.73, 58.87,
2024,32, 0.342,306.16, 64.32, 48.71, 56.53,
2024,33, 0.337,306.22, 63.11, 45.16, 54.15,
2024,34, 0.330,306.26, 61.14, 38.64, 49.90,
2024,35, 0.322,306.13, 58.19, 33.44, 45.82,
2024,36, 0.314,305.65, 55.05, 30.85, 42.96,
2024,37, 0.307,305.18, 52.73, 23.80, 38.27,
2024,38, 0.299,304.46, 50.46, 15.22, 32.84,
2024,39, 0.292,303.19, 49.02, 10.90, 29.96,
2024,40, 0.286,301.85, 48.66,  8.60, 28.63,
2024,41, 0.278,300.48, 48.09,  7.99, 28.04,
2024,42, 0.270,298.89, 46.38, 10.05, 28.21,
2024,43, 0.262,297.03, 45.11, 15.07, 30.09,
2024,44, 0.255,295.22, 44.93, 18.34, 31.63,
2024,45, 0.249,293.06, 46.33, 24.45, 35.39,
2024,46, 0.243,291.23, 47.81, 26.75, 37.28,
2024,47, 0.239,289.47, 49.83, 28.62, 39.23,
2024,48, 0.235,287.88, 52.06, 29.56, 40.82,
2024,49, 0.232,286.64, 53.63, 31.24, 42.44,
2024,50, 0.227,285.97, 55.14, 26.33, 40.73,
2024,51, 0.223,285.78, 56.35, 22.56, 39.44,
2024,52, 0.218,285.28, 56.59, 24.89, 40.74,
2025, 1, 0.213,284.61, 50.74, 37.54, 44.14,
2025, 2, 0.211,284.78, 50.58, 41.04, 45.81,
2025, 3, 0.209,285.24, 50.08, 42.69, 46.40,
2025, 4, 0.211,285.69, 51.53, 46.28, 48.94,
2025, 5, 0.211,286.40, 51.31, 48.82, 50.10,
2025, 6, 0.214,287.69, 50.76, 46.50, 48.66,
2025, 7, 0.219,289.28, 48.94, 43.36, 46.18,
2025, 8, 0.226,291.08, 46.36, 38.87, 42.64,
2025, 9, 0.237,293.17, 45.66, 30.79, 38.25,
2025,10, 0.251,294.69, 46.41, 27.13, 36.80,
2025,11, 0.258,295.45, 42.67, 30.22, 36.50,
2025,12, 0.282,296.57, 48.07, 30.03, 39.08,
2025,13, 0.300,297.24, 49.85, 33.63, 41.77,
2025,14, 0.317,297.76, 51.58, 38.81, 45.25,
2025,15, 0.336,298.51, 53.78, 41.08, 47.50,
2025,16, 0.353,299.04, 56.81, 43.66, 50.29,
2025,17, 0.368,299.51, 60.43, 46.85, 53.69,
2025,18, 0.379,300.22, 63.15, 46.31, 54.76,
2025,19, 0.385,300.83, 65.29, 44.57, 54.94,
2025,20, 0.388,301.27, 66.56, 44.07, 55.32,
2025,21, 0.386,301.55, 66.41, 47.63, 57.02,
2025,22, 0.385,301.93, 67.84, 50.33, 59.09,
2025,23, 0.386,302.14, 70.55, 53.91, 62.23,
2025,24, 0.387,302.15, 72.42, 59.14, 65.78,
2025,25, 0.388,302.31, 74.11, 63.86, 68.99,
2025,26, 0.389,302.61, 75.98, 67.58, 71.78,
2025,27, 0.387,303.04, 77.60, 69.51, 73.56,
2025,28, 0.384,303.55, 78.25, 69.94, 74.10,
2025,29, 0.379,303.77, 77.80, 71.41, 74.62,
2025,30, 0.376,303.88, 77.79, 71.63, 74.72,
2025,31, 0.372,304.33, 78.13, 66.89, 72.54,
2025,32, 0.368,304.36, 77.13, 64.43, 70.79,
2025,33, 0.362,304.09, 75.83, 63.79, 69.83,
2025,34, 0.356,303.71, 74.37, 61.73, 68.07,
2025,35, 0.350,303.11, 73.14, 61.38, 67.27,
2025,36, 0.346,302.52, 72.53, 60.93, 66.74,
2025,37, 0.341,302.12, 71.92, 54.25, 63.09,
2025,38, 0.336,301.55, 71.10, 46.18, 58.63,
2025,39, 0.331,300.60, 71.05, 40.61, 55.83,
2025,40, 0.324,299.88, 70.61, 32.40, 51.50,
2025,41, 0.314,298.94, 69.25, 26.70, 47.97,
2025,42, 0.302,297.06, 65.94, 31.82, 48.88,
2025,43, 0.290,295.27, 62.58, 35.71, 49.15,
2025,44, 0.279,293.98, 59.89, 32.26, 46.08,
2025,45, 0.267,292.14, 57.02, 34.07, 45.55,
2025,46, 0.254,290.62, 53.87, 32.82, 43.35,
2025,47, 0.244,289.21, 52.00, 31.19, 41.60,
2025,48, 0.236,288.03, 51.91, 28.20, 40.06,
2025,49, 0.231,287.25, 52.73, 25.43, 39.07,
2025,50, 0.223,286.55, 52.59, 20.26, 36.40,
2025,51, 0.219,286.66, 53.91, 13.84, 33.85,
2025,52, 0.220,287.11, 57.76,  7.08, 32.40,
</pre></tt>