report_date,published_at,publication_time_status,release_time_eastern,marketing_year,marketing_year_start,wasde_number,projection_estimate_flag,source_file,source_sha256,yield_bu_acre,harvested_area_m_acres,production_m_bu,ending_stocks_m_bu,domestic_use_m_bu,total_use_m_bu,exports_m_bu,beginning_stocks_m_bu,imports_m_bu,total_supply_m_bu
2010-04-09,2010-04-09T12:30:00+00:00,official_csv_release_date_and_time;Eastern_timezone_documented_by_USDA,08:30:00,2007/08,2007,481,,oce-wasde-report-data-2010-04-to-2015-12.zip,7eb285818ea748e15b562fe7aa88107999c42d8d6817f692d8f9818f16fddead,150.7,86.5,13038,1624,10300,12737,2437,1304,20,14362
2010-04-09,2010-04-09T12:30:00+00:00,official_csv_release_date_and_time;Eastern_timezone_documented_by_USDA,08:30:00,2008/09,2008,481,Est.,oce-wasde-report-data-2010-04-to-2015-12.zip,7eb285818ea748e15b562fe7aa88107999c42d8d6817f692d8f9818f16fddead,153.9,78.6,12092,1673,10198,12056,1858,1624,14,13729
2010-04-09,2010-04-09T12:30:00+00:00,official_csv_release_date_and_time;Eastern_timezone_documented_by_USDA,08:30:00,2009/10,2009,481,Proj.,oce-wasde-report-data-2010-04-to-2015-12.zip,7eb285818ea748e15b562fe7aa88107999c42d8d6817f692d8f9818f16fddead,164.9,79.6,13131,1899,11015,12915,1900,1673,10,14814
2010-05-11,2010-05-11T12:30:00+00:00,official_csv_release_date_and_time;Eastern_timezone_documented_by_USDA,08:30:00,2008/09,2008,482,,oce-wasde-report-data-2010-04-to-2015-12.zip,7eb285818ea748e15b562fe7aa88107999c42d8d6817f692d8f9818f16fddead,153.9,78.6,12092,1673,10198,12056,1858,1624,14,13729
2010-05-11,2010-05-11T12:30:00+00:00,official_csv_release_date_and_time;Eastern_timezone_documented_by_USDA,08:30:00,2009/10,2009,482,Est.,oce-wasde-report-data-2010-04-to-2015-12.zip,7eb285818ea748e15b562fe7aa88107999c42d8d6817f692d8f9818f16fddead,164.7,79.6,13110,1738,11105,13055,1950,1673,10,14793
2010-05-11,2010-05-11T12:30:00+00:00,official_csv_release_date_and_time;Eastern_timezone_documented_by_USDA,08:30:00,2010/11,2010,482,Proj.,oce-wasde-report-data-2010-04-to-2015-12.zip,7eb285818ea748e15b562fe7aa88107999c42d8d6817f692d8f9818f16fddead,163.5,81.8,13370,1818,11300,13300,2000,1738,10,15118
2010-06-10,2010-06-10T12:30:00+00:00,official_csv_release_date_and_time;Eastern_timezone_documented_by_USDA,08:30:00,2008/09,2008,483,,oce-wasde-report-data-2010-04-to-2015-12.zip,7eb285818ea748e15b562fe7aa88107999c42d8d6817f692d8f9818f16fddead,153.9,78.6,12092,1673,10198,12056,1858,1624,14,13729
2010-06-10,2010-06-10T12:30:00+00:00,official_csv_release_date_and_time;Eastern_timezone_documented_by_USDA,08:30:00,2009/10,2009,483,Est.,oce-wasde-report-data-2010-04-to-2015-12.zip,7eb285818ea748e15b562fe7aa88107999c42d8d6817f692d8f9818f16fddead,164.7,79.6,13110,1603,11240,13190,1950,1673,10,14793
2010-06-10,2010-06-10T12:30:00+00:00,official_csv_release_date_and_time;Eastern_timezone_documented_by_USDA,08:30:00,2010/11,2010,483,Proj.,oce-wasde-report-data-2010-04-to-2015-12.zip,7eb285818ea748e15b562fe7aa88107999c42d8d6817f692d8f9818f16fddead,163.5,81.8,13370,1573,11410,13410,2000,1603,10,14983
2010-07-09,2010-07-09T12:30:00+00:00,official_csv_release_date_and_time;Eastern_timezone_documented_by_USDA,08:30:00,2008/09,2008,484,,oce-wasde-report-data-2010-04-to-2015-12.zip,7eb285818ea748e15b562fe7aa88107999c42d8d6817f692d8f9818f16fddead,153.9,78.6,12092,1673,10198,12056,1858,1624,14,13729
2010-07-09,2010-07-09T12:30:00+00:00,official_csv_release_date_and_time;Eastern_timezone_documented_by_USDA,08:30:00,2009/10,2009,484,Est.,oce-wasde-report-data-2010-04-to-2015-12.zip,7eb285818ea748e15b562fe7aa88107999c42d8d6817f692d8f9818f16fddead,164.7,79.6,13110,1478,11365,13315,1950,1673,10,14793
2010-07-09,2010-07-09T12:30:00+00:00,official_csv_release_date_and_time;Eastern_timezone_documented_by_USDA,08:30:00,2010/11,2010,484,Proj.,oce-wasde-report-data-2010-04-to-2015-12.zip,7eb285818ea748e15b562fe7aa88107999c42d8d6817f692d8f9818f16fddead,163.5,81,13245,1373,11410,13360,1950,1478,10,14733
2010-08-12,2010-08-12T12:30:00+00:00,official_csv_release_date_and_time;Eastern_timezone_documented_by_USDA,08:30:00,2008/09,2008,485,,oce-wasde-report-data-2010-04-to-2015-12.zip,7eb285818ea748e15b562fe7aa88107999c42d8d6817f692d8f9818f16fddead,153.9,78.6,12092,1673,10207,12056,1849,1624,14,13729
2010-08-12,2010-08-12T12:30:00+00:00,official_csv_release_date_and_time;Eastern_timezone_documented_by_USDA,08:30:00,2009/10,2009,485,Est.,oce-wasde-report-data-2010-04-to-2015-12.zip,7eb285818ea748e15b562fe7aa88107999c42d8d6817f692d8f9818f16fddead,164.7,79.6,13110,1426,11390,13365,1975,1673,8,14791
2010-08-12,2010-08-12T12:30:00+00:00,official_csv_release_date_and_time;Eastern_timezone_documented_by_USDA,08:30:00,2010/11,2010,485,Proj.,oce-wasde-report-data-2010-04-to-2015-12.zip,7eb285818ea748e15b562fe7aa88107999c42d8d6817f692d8f9818f16fddead,165,81,13365,1312,11440,13490,2050,1426,10,14802
2010-09-10,2010-09-10T12:30:00+00:00,official_csv_release_date_and_time;Eastern_timezone_documented_by_USDA,08:30:00,2008/09,2008,486,,oce-wasde-report-data-2010-04-to-2015-12.zip,7eb285818ea748e15b562fe7aa88107999c42d8d6817f692d8f9818f16fddead,153.9,78.6,12092,1673,10207,12056,1849,1624,14,13729
2010-09-10,2010-09-10T12:30:00+00:00,official_csv_release_date_and_time;Eastern_timezone_documented_by_USDA,08:30:00,2009/10,2009,486,Est.,oce-wasde-report-data-2010-04-to-2015-12.zip,7eb285818ea748e15b562fe7aa88107999c42d8d6817f692d8f9818f16fddead,164.7,79.6,13110,1386,11425,13405,1980,1673,8,14791
2010-09-10,2010-09-10T12:30:00+00:00,official_csv_release_date_and_time;Eastern_timezone_documented_by_USDA,08:30:00,2010/11,2010,486,Proj.,oce-wasde-report-data-2010-04-to-2015-12.zip,7eb285818ea748e15b562fe7aa88107999c42d8d6817f692d8f9818f16fddead,162.5,81,13160,1116,11340,13440,2100,1386,10,14556
2010-10-08,2010-10-08T12:30:00+00:00,official_csv_release_date_and_time;Eastern_timezone_documented_by_USDA,08:30:00,2008/09,2008,487,,oce-wasde-report-data-2010-04-to-2015-12.zip,7eb285818ea748e15b562fe7aa88107999c42d8d6817f692d8f9818f16fddead,153.9,78.6,12092,1673,10207,12056,1849,1624,14,13729
2010-10-08,2010-10-08T12:30:00+00:00,official_csv_release_date_and_time;Eastern_timezone_documented_by_USDA,08:30:00,2009/10,2009,487,Est.,oce-wasde-report-data-2010-04-to-2015-12.zip,7eb285818ea748e15b562fe7aa88107999c42d8d6817f692d8f9818f16fddead,164.7,79.6,13110,1708,11097,13084,1987,1673,8,14791
2010-10-08,2010-10-08T12:30:00+00:00,official_csv_release_date_and_time;Eastern_timezone_documented_by_USDA,08:30:00,2010/11,2010,487,Proj.,oce-wasde-report-data-2010-04-to-2015-12.zip,7eb285818ea748e15b562fe7aa88107999c42d8d6817f692d8f9818f16fddead,155.8,81.3,12664,902,11480,13480,2000,1708,10,14382
2010-11-09,2010-11-09T13:30:00+00:00,official_csv_release_date_and_time;Eastern_timezone_documented_by_USDA,08:30:00,2008/09,2008,488,,oce-wasde-report-data-2010-04-to-2015-12.zip,7eb285818ea748e15b562fe7aa88107999c42d8d6817f692d8f9818f16fddead,153.9,78.6,12092,1673,10207,12056,1849,1624,14,13729
2010-11-09,2010-11-09T13:30:00+00:00,official_csv_release_date_and_time;Eastern_timezone_documented_by_USDA,08:30:00,2009/10,2009,488,Est.,oce-wasde-report-data-2010-04-to-2015-12.zip,7eb285818ea748e15b562fe7aa88107999c42d8d6817f692d8f9818f16fddead,164.7,79.6,13110,1708,11098,13084,1987,1673,8,14792
2010-11-09,2010-11-09T13:30:00+00:00,official_csv_release_date_and_time;Eastern_timezone_documented_by_USDA,08:30:00,2010/11,2010,488,Proj.,oce-wasde-report-data-2010-04-to-2015-12.zip,7eb285818ea748e15b562fe7aa88107999c42d8d6817f692d8f9818f16fddead,154.3,81.3,12540,827,11480,13430,1950,1708,10,14257
2010-12-10,2010-12-10T13:30:00+00:00,official_csv_release_date_and_time;Eastern_timezone_documented_by_USDA,08:30:00,2008/09,2008,489,,oce-wasde-report-data-2010-04-to-2015-12.zip,7eb285818ea748e15b562fe7aa88107999c42d8d6817f692d8f9818f16fddead,153.9,78.6,12092,1673,10207,12056,1849,1624,14,13729
2010-12-10,2010-12-10T13:30:00+00:00,official_csv_release_date_and_time;Eastern_timezone_documented_by_USDA,08:30:00,2009/10,2009,489,Est.,oce-wasde-report-data-2010-04-to-2015-12.zip,7eb285818ea748e15b562fe7aa88107999c42d8d6817f692d8f9818f16fddead,164.7,79.6,13110,1708,11098,13084,1987,1673,8,14792
2010-12-10,2010-12-10T13:30:00+00:00,official_csv_release_date_and_time;Eastern_timezone_documented_by_USDA,08:30:00,2010/11,2010,489,Proj.,oce-wasde-report-data-2010-04-to-2015-12.zip,7eb285818ea748e15b562fe7aa88107999c42d8d6817f692d8f9818f16fddead,154.3,81.3,12540,832,11480,13430,1950,1708,15,14262
2011-01-12,2011-01-12T13:30:00+00:00,official_csv_release_date_and_time;Eastern_timezone_documented_by_USDA,08:30:00,2008/09,2008,490,,oce-wasde-report-data-2010-04-to-2015-12.zip,7eb285818ea748e15b562fe7aa88107999c42d8d6817f692d8f9818f16fddead,153.9,78.6,12092,1673,10207,12056,1849,1624,14,13729
2011-01-12,2011-01-12T13:30:00+00:00,official_csv_release_date_and_time;Eastern_timezone_documented_by_USDA,08:30:00,2009/10,2009,490,Est.,oce-wasde-report-data-2010-04-to-2015-12.zip,7eb285818ea748e15b562fe7aa88107999c42d8d6817f692d8f9818f16fddead,164.7,79.5,13092,1708,11079,13066,1987,1673,8,14774
2011-01-12,2011-01-12T13:30:00+00:00,official_csv_release_date_and_time;Eastern_timezone_documented_by_USDA,08:30:00,2010/11,2010,490,Proj.,oce-wasde-report-data-2010-04-to-2015-12.zip,7eb285818ea748e15b562fe7aa88107999c42d8d6817f692d8f9818f16fddead,152.8,81.4,12447,745,11480,13430,1950,1708,20,14175
2011-02-09,2011-02-09T13:30:00+00:00,official_csv_release_date_and_time;Eastern_timezone_documented_by_USDA,08:30:00,2008/09,2008,491,,oce-wasde-report-data-2010-04-to-2015-12.zip,7eb285818ea748e15b562fe7aa88107999c42d8d6817f692d8f9818f16fddead,153.9,78.6,12092,1673,10207,12056,1849,1624,14,13729
2011-02-09,2011-02-09T13:30:00+00:00,official_csv_release_date_and_time;Eastern_timezone_documented_by_USDA,08:30:00,2009/10,2009,491,Est.,oce-wasde-report-data-2010-04-to-2015-12.zip,7eb285818ea748e15b562fe7aa88107999c42d8d6817f692d8f9818f16fddead,164.7,79.5,13092,1708,11079,13066,1987,1673,8,14774
2011-02-09,2011-02-09T13:30:00+00:00,official_csv_release_date_and_time;Eastern_timezone_documented_by_USDA,08:30:00,2010/11,2010,491,Proj.,oce-wasde-report-data-2010-04-to-2015-12.zip,7eb285818ea748e15b562fe7aa88107999c42d8d6817f692d8f9818f16fddead,152.8,81.4,12447,675,11550,13500,1950,1708,20,14175
2011-03-10,2011-03-10T13:30:00+00:00,official_csv_release_date_and_time;Eastern_timezone_documented_by_USDA,08:30:00,2008/09,2008,492,,oce-wasde-report-data-2010-04-to-2015-12.zip,7eb285818ea748e15b562fe7aa88107999c42d8d6817f692d8f9818f16fddead,153.9,78.6,12092,1673,10207,12056,1849,1624,14,13729
2011-03-10,2011-03-10T13:30:00+00:00,official_csv_release_date_and_time;Eastern_timezone_documented_by_USDA,08:30:00,2009/10,2009,492,Est.,oce-wasde-report-data-2010-04-to-2015-12.zip,7eb285818ea748e15b562fe7aa88107999c42d8d6817f692d8f9818f16fddead,164.7,79.5,13092,1708,11079,13066,1987,1673,8,14774
2011-03-10,2011-03-10T13:30:00+00:00,official_csv_release_date_and_time;Eastern_timezone_documented_by_USDA,08:30:00,2010/11,2010,492,Proj.,oce-wasde-report-data-2010-04-to-2015-12.zip,7eb285818ea748e15b562fe7aa88107999c42d8d6817f692d8f9818f16fddead,152.8,81.4,12447,675,11550,13500,1950,1708,20,14175
2011-04-08,2011-04-08T12:30:00+00:00,official_csv_release_date_and_time;Eastern_timezone_documented_by_USDA,08:30:00,2008/09,2008,493,,oce-wasde-report-data-2010-04-to-2015-12.zip,7eb285818ea748e15b562fe7aa88107999c42d8d6817f692d8f9818f16fddead,153.9,78.6,12092,1673,10207,12056,1849,1624,14,13729
2011-04-08,2011-04-08T12:30:00+00:00,official_csv_release_date_and_time;Eastern_timezone_documented_by_USDA,08:30:00,2009/10,2009,493,Est.,oce-wasde-report-data-2010-04-to-2015-12.zip,7eb285818ea748e15b562fe7aa88107999c42d8d6817f692d8f9818f16fddead,164.7,79.5,13092,1708,11079,13066,1987,1673,8,14774
2011-04-08,2011-04-08T12:30:00+00:00,official_csv_release_date_and_time;Eastern_timezone_documented_by_USDA,08:30:00,2010/11,2010,493,Proj.,oce-wasde-report-data-2010-04-to-2015-12.zip,7eb285818ea748e15b562fe7aa88107999c42d8d6817f692d8f9818f16fddead,152.8,81.4,12447,675,11550,13500,1950,1708,20,14175
2011-05-11,2011-05-11T12:30:00+00:00,official_csv_release_date_and_time;Eastern_timezone_documented_by_USDA,08:30:00,2009/10,2009,494,,oce-wasde-report-data-2010-04-to-2015-12.zip,7eb285818ea748e15b562fe7aa88107999c42d8d6817f692d8f9818f16fddead,164.7,79.5,13092,1708,11079,13066,1987,1673,8,14774
2011-05-11,2011-05-11T12:30:00+00:00,official_csv_release_date_and_time;Eastern_timezone_documented_by_USDA,08:30:00,2010/11,2010,494,Est.,oce-wasde-report-data-2010-04-to-2015-12.zip,7eb285818ea748e15b562fe7aa88107999c42d8d6817f692d8f9818f16fddead,152.8,81.4,12447,730,11550,13450,1900,1708,25,14180
2011-05-11,2011-05-11T12:30:00+00:00,official_csv_release_date_and_time;Eastern_timezone_documented_by_USDA,08:30:00,2011/12,2011,494,Proj.,oce-wasde-report-data-2010-04-to-2015-12.zip,7eb285818ea748e15b562fe7aa88107999c42d8d6817f692d8f9818f16fddead,158.7,85.1,13505,900,11555,13355,1800,730,20,14255
2011-06-09,2011-06-09T12:30:00+00:00,official_csv_release_date_and_time;Eastern_timezone_documented_by_USDA,08:30:00,2009/10,2009,495,,oce-wasde-report-data-2010-04-to-2015-12.zip,7eb285818ea748e15b562fe7aa88107999c42d8d6817f692d8f9818f16fddead,164.7,79.5,13092,1708,11079,13066,1987,1673,8,14774
2011-06-09,2011-06-09T12:30:00+00:00,official_csv_release_date_and_time;Eastern_timezone_documented_by_USDA,08:30:00,2010/11,2010,495,Est.,oce-wasde-report-data-2010-04-to-2015-12.zip,7eb285818ea748e15b562fe7aa88107999c42d8d6817f692d8f9818f16fddead,152.8,81.4,12447,730,11550,13450,1900,1708,25,14180
2011-06-09,2011-06-09T12:30:00+00:00,official_csv_release_date_and_time;Eastern_timezone_documented_by_USDA,08:30:00,2011/12,2011,495,Proj.,oce-wasde-report-data-2010-04-to-2015-12.zip,7eb285818ea748e15b562fe7aa88107999c42d8d6817f692d8f9818f16fddead,158.7,83.2,13200,695,11455,13255,1800,730,20,13950
2011-07-12,2011-07-12T12:30:00+00:00,official_csv_release_date_and_time;Eastern_timezone_documented_by_USDA,08:30:00,2009/10,2009,496,,oce-wasde-report-data-2010-04-to-2015-12.zip,7eb285818ea748e15b562fe7aa88107999c42d8d6817f692d8f9818f16fddead,164.7,79.5,13092,1708,11079,13066,1987,1673,8,14774
2011-07-12,2011-07-12T12:30:00+00:00,official_csv_release_date_and_time;Eastern_timezone_documented_by_USDA,08:30:00,2010/11,2010,496,Est.,oce-wasde-report-data-2010-04-to-2015-12.zip,7eb285818ea748e15b562fe7aa88107999c42d8d6817f692d8f9818f16fddead,152.8,81.4,12447,880,11430,13305,1875,1708,30,14185
2011-07-12,2011-07-12T12:30:00+00:00,official_csv_release_date_and_time;Eastern_timezone_documented_by_USDA,08:30:00,2011/12,2011,496,Proj.,oce-wasde-report-data-2010-04-to-2015-12.zip,7eb285818ea748e15b562fe7aa88107999c42d8d6817f692d8f9818f16fddead,158.7,84.9,13470,870,11600,13500,1900,880,20,14370
2011-08-11,2011-08-11T12:30:00+00:00,official_csv_release_date_and_time;Eastern_timezone_documented_by_USDA,08:30:00,2009/10,2009,497,,oce-wasde-report-data-2010-04-to-2015-12.zip,7eb285818ea748e15b562fe7aa88107999c42d8d6817f692d8f9818f16fddead,164.7,79.5,13092,1708,11086,13066,1980,1673,8,14774
2011-08-11,2011-08-11T12:30:00+00:00,official_csv_release_date_and_time;Eastern_timezone_documented_by_USDA,08:30:00,2010/11,2010,497,Est.,oce-wasde-report-data-2010-04-to-2015-12.zip,7eb285818ea748e15b562fe7aa88107999c42d8d6817f692d8f9818f16fddead,152.8,81.4,12447,940,11420,13245,1825,1708,30,14185
2011-08-11,2011-08-11T12:30:00+00:00,official_csv_release_date_and_time;Eastern_timezone_documented_by_USDA,08:30:00,2011/12,2011,497,Proj.,oce-wasde-report-data-2010-04-to-2015-12.zip,7eb285818ea748e15b562fe7aa88107999c42d8d6817f692d8f9818f16fddead,153,84.4,12914,714,11410,13160,1750,940,20,13874
2011-09-12,2011-09-12T12:30:00+00:00,official_csv_release_date_and_time;Eastern_timezone_documented_by_USDA,08:30:00,2009/10,2009,498,,oce-wasde-report-data-2010-04-to-2015-12.zip,7eb285818ea748e15b562fe7aa88107999c42d8d6817f692d8f9818f16fddead,164.7,79.5,13092,1708,11086,13066,1980,1673,8,14774
2011-09-12,2011-09-12T12:30:00+00:00,official_csv_release_date_and_time;Eastern_timezone_documented_by_USDA,08:30:00,2010/11,2010,498,Est.,oce-wasde-report-data-2010-04-to-2015-12.zip,7eb285818ea748e15b562fe7aa88107999c42d8d6817f692d8f9818f16fddead,152.8,81.4,12447,920,11430,13265,1835,1708,30,14185
2011-09-12,2011-09-12T12:30:00+00:00,official_csv_release_date_and_time;Eastern_timezone_documented_by_USDA,08:30:00,2011/12,2011,498,Proj.,oce-wasde-report-data-2010-04-to-2015-12.zip,7eb285818ea748e15b562fe7aa88107999c42d8d6817f692d8f9818f16fddead,148.1,84.4,12497,672,11110,12760,1650,920,15,13432
2011-10-12,2011-10-12T12:30:00+00:00,official_csv_release_date_and_time;Eastern_timezone_documented_by_USDA,08:30:00,2009/10,2009,499,,oce-wasde-report-data-2010-04-to-2015-12.zip,7eb285818ea748e15b562fe7aa88107999c42d8d6817f692d8f9818f16fddead,164.7,79.5,13092,1708,11086,13066,1980,1673,8,14774
2011-10-12,2011-10-12T12:30:00+00:00,official_csv_release_date_and_time;Eastern_timezone_documented_by_USDA,08:30:00,2010/11,2010,499,Est.,oce-wasde-report-data-2010-04-to-2015-12.zip,7eb285818ea748e15b562fe7aa88107999c42d8d6817f692d8f9818f16fddead,152.8,81.4,12447,1128,11218,13053,1835,1708,27,14182
2011-10-12,2011-10-12T12:30:00+00:00,official_csv_release_date_and_time;Eastern_timezone_documented_by_USDA,08:30:00,2011/12,2011,499,Proj.,oce-wasde-report-data-2010-04-to-2015-12.zip,7eb285818ea748e15b562fe7aa88107999c42d8d6817f692d8f9818f16fddead,148.1,83.9,12433,866,11110,12710,1600,1128,15,13576
2011-11-09,2011-11-09T13:30:00+00:00,official_csv_release_date_and_time;Eastern_timezone_documented_by_USDA,08:30:00,2009/10,2009,500,,oce-wasde-report-data-2010-04-to-2015-12.zip,7eb285818ea748e15b562fe7aa88107999c42d8d6817f692d8f9818f16fddead,164.7,79.5,13092,1708,11086,13066,1980,1673,8,14774
2011-11-09,2011-11-09T13:30:00+00:00,official_csv_release_date_and_time;Eastern_timezone_documented_by_USDA,08:30:00,2010/11,2010,500,Est.,oce-wasde-report-data-2010-04-to-2015-12.zip,7eb285818ea748e15b562fe7aa88107999c42d8d6817f692d8f9818f16fddead,152.8,81.4,12447,1128,11220,13054,1835,1708,28,14182
2011-11-09,2011-11-09T13:30:00+00:00,official_csv_release_date_and_time;Eastern_timezone_documented_by_USDA,08:30:00,2011/12,2011,500,Proj.,oce-wasde-report-data-2010-04-to-2015-12.zip,7eb285818ea748e15b562fe7aa88107999c42d8d6817f692d8f9818f16fddead,146.7,83.9,12310,843,11010,12610,1600,1128,15,13453
2011-12-09,2011-12-09T13:30:00+00:00,official_csv_release_date_and_time;Eastern_timezone_documented_by_USDA,08:30:00,2009/10,2009,501,,oce-wasde-report-data-2010-04-to-2015-12.zip,7eb285818ea748e15b562fe7aa88107999c42d8d6817f692d8f9818f16fddead,164.7,79.5,13092,1708,11086,13066,1980,1673,8,14774
2011-12-09,2011-12-09T13:30:00+00:00,official_csv_release_date_and_time;Eastern_timezone_documented_by_USDA,08:30:00,2010/11,2010,501,Est.,oce-wasde-report-data-2010-04-to-2015-12.zip,7eb285818ea748e15b562fe7aa88107999c42d8d6817f692d8f9818f16fddead,152.8,81.4,12447,1128,11220,13054,1835,1708,28,14182
2011-12-09,2011-12-09T13:30:00+00:00,official_csv_release_date_and_time;Eastern_timezone_documented_by_USDA,08:30:00,2011/12,2011,501,Proj.,oce-wasde-report-data-2010-04-to-2015-12.zip,7eb285818ea748e15b562fe7aa88107999c42d8d6817f692d8f9818f16fddead,146.7,83.9,12310,848,11005,12605,1600,1128,15,13453
2012-01-12,2012-01-12T13:30:00+00:00,official_csv_release_date_and_time;Eastern_timezone_documented_by_USDA,08:30:00,2009/10,2009,502,,oce-wasde-report-data-2010-04-to-2015-12.zip,7eb285818ea748e15b562fe7aa88107999c42d8d6817f692d8f9818f16fddead,164.7,79.5,13092,1708,11086,13066,1980,1673,8,14774
2012-01-12,2012-01-12T13:30:00+00:00,official_csv_release_date_and_time;Eastern_timezone_documented_by_USDA,08:30:00,2010/11,2010,502,Est.,oce-wasde-report-data-2010-04-to-2015-12.zip,7eb285818ea748e15b562fe7aa88107999c42d8d6817f692d8f9818f16fddead,152.8,81.4,12447,1128,11220,13055,1835,1708,28,14182
2012-01-12,2012-01-12T13:30:00+00:00,official_csv_release_date_and_time;Eastern_timezone_documented_by_USDA,08:30:00,2011/12,2011,502,Proj.,oce-wasde-report-data-2010-04-to-2015-12.zip,7eb285818ea748e15b562fe7aa88107999c42d8d6817f692d8f9818f16fddead,147.2,84,12358,846,11005,12655,1650,1128,15,13501
2012-02-09,2012-02-09T13:30:00+00:00,official_csv_release_date_and_time;Eastern_timezone_documented_by_USDA,08:30:00,2009/10,2009,503,,oce-wasde-report-data-2010-04-to-2015-12.zip,7eb285818ea748e15b562fe7aa88107999c42d8d6817f692d8f9818f16fddead,164.7,79.5,13092,1708,11086,13066,1980,1673,8,14774
2012-02-09,2012-02-09T13:30:00+00:00,official_csv_release_date_and_time;Eastern_timezone_documented_by_USDA,08:30:00,2010/11,2010,503,Est.,oce-wasde-report-data-2010-04-to-2015-12.zip,7eb285818ea748e15b562fe7aa88107999c42d8d6817f692d8f9818f16fddead,152.8,81.4,12447,1128,11220,13055,1835,1708,28,14182
2012-02-09,2012-02-09T13:30:00+00:00,official_csv_release_date_and_time;Eastern_timezone_documented_by_USDA,08:30:00,2011/12,2011,503,Proj.,oce-wasde-report-data-2010-04-to-2015-12.zip,7eb285818ea748e15b562fe7aa88107999c42d8d6817f692d8f9818f16fddead,147.2,84,12358,801,11005,12705,1700,1128,20,13506
2012-03-09,2012-03-09T13:30:00+00:00,official_csv_release_date_and_time;Eastern_timezone_documented_by_USDA,08:30:00,2009/10,2009,504,,oce-wasde-report-data-2010-04-to-2015-12.zip,7eb285818ea748e15b562fe7aa88107999c42d8d6817f692d8f9818f16fddead,164.7,79.5,13092,1708,11086,13066,1980,1673,8,14774
2012-03-09,2012-03-09T13:30:00+00:00,official_csv_release_date_and_time;Eastern_timezone_documented_by_USDA,08:30:00,2010/11,2010,504,Est.,oce-wasde-report-data-2010-04-to-2015-12.zip,7eb285818ea748e15b562fe7aa88107999c42d8d6817f692d8f9818f16fddead,152.8,81.4,12447,1128,11220,13055,1835,1708,28,14182
2012-03-09,2012-03-09T13:30:00+00:00,official_csv_release_date_and_time;Eastern_timezone_documented_by_USDA,08:30:00,2011/12,2011,504,Proj.,oce-wasde-report-data-2010-04-to-2015-12.zip,7eb285818ea748e15b562fe7aa88107999c42d8d6817f692d8f9818f16fddead,147.2,84,12358,801,11005,12705,1700,1128,20,13506
2012-04-10,2012-04-10T12:30:00+00:00,official_csv_release_date_and_time;Eastern_timezone_documented_by_USDA,08:30:00,2009/10,2009,505,,oce-wasde-report-data-2010-04-to-2015-12.zip,7eb285818ea748e15b562fe7aa88107999c42d8d6817f692d8f9818f16fddead,164.7,79.5,13092,1708,11086,13066,1980,1673,8,14774
2012-04-10,2012-04-10T12:30:00+00:00,official_csv_release_date_and_time;Eastern_timezone_documented_by_USDA,08:30:00,2010/11,2010,505,Est.,oce-wasde-report-data-2010-04-to-2015-12.zip,7eb285818ea748e15b562fe7aa88107999c42d8d6817f692d8f9818f16fddead,152.8,81.4,12447,1128,11220,13055,1835,1708,28,14182
2012-04-10,2012-04-10T12:30:00+00:00,official_csv_release_date_and_time;Eastern_timezone_documented_by_USDA,08:30:00,2011/12,2011,505,Proj.,oce-wasde-report-data-2010-04-to-2015-12.zip,7eb285818ea748e15b562fe7aa88107999c42d8d6817f692d8f9818f16fddead,147.2,84,12358,801,11005,12705,1700,1128,20,13506
2012-05-10,2012-05-10T12:30:00+00:00,official_csv_release_date_and_time;Eastern_timezone_documented_by_USDA,08:30:00,2010/11,2010,506,,oce-wasde-report-data-2010-04-to-2015-12.zip,7eb285818ea748e15b562fe7aa88107999c42d8d6817f692d8f9818f16fddead,152.8,81.4,12447,1128,11220,13055,1835,1708,28,14182
2012-05-10,2012-05-10T12:30:00+00:00,official_csv_release_date_and_time;Eastern_timezone_documented_by_USDA,08:30:00,2011/12,2011,506,Est.,oce-wasde-report-data-2010-04-to-2015-12.zip,7eb285818ea748e15b562fe7aa88107999c42d8d6817f692d8f9818f16fddead,147.2,84,12358,851,10955,12655,1700,1128,20,13506
2012-05-10,2012-05-10T12:30:00+00:00,official_csv_release_date_and_time;Eastern_timezone_documented_by_USDA,08:30:00,2012/13,2012,506,Proj.,oce-wasde-report-data-2010-04-to-2015-12.zip,7eb285818ea748e15b562fe7aa88107999c42d8d6817f692d8f9818f16fddead,166,89.1,14790,1881,11875,13775,1900,851,15,15656
2012-06-12,2012-06-12T12:30:00+00:00,official_csv_release_date_and_time;Eastern_timezone_documented_by_USDA,08:30:00,2010/11,2010,507,,oce-wasde-report-data-2010-04-to-2015-12.zip,7eb285818ea748e15b562fe7aa88107999c42d8d6817f692d8f9818f16fddead,152.8,81.4,12447,1128,11220,13055,1835,1708,28,14182
2012-06-12,2012-06-12T12:30:00+00:00,official_csv_release_date_and_time;Eastern_timezone_documented_by_USDA,08:30:00,2011/12,2011,507,Est.,oce-wasde-report-data-2010-04-to-2015-12.zip,7eb285818ea748e15b562fe7aa88107999c42d8d6817f692d8f9818f16fddead,147.2,84,12358,851,11005,12655,1650,1128,20,13506
2012-06-12,2012-06-12T12:30:00+00:00,official_csv_release_date_and_time;Eastern_timezone_documented_by_USDA,08:30:00,2012/13,2012,507,Proj.,oce-wasde-report-data-2010-04-to-2015-12.zip,7eb285818ea748e15b562fe7aa88107999c42d8d6817f692d8f9818f16fddead,166,89.1,14790,1881,11875,13775,1900,851,15,15656
2012-07-11,2012-07-11T12:30:00+00:00,official_csv_release_date_and_time;Eastern_timezone_documented_by_USDA,08:30:00,2010/11,2010,508,,oce-wasde-report-data-2010-04-to-2015-12.zip,7eb285818ea748e15b562fe7aa88107999c42d8d6817f692d8f9818f16fddead,152.8,81.4,12447,1128,11220,13055,1835,1708,28,14182
2012-07-11,2012-07-11T12:30:00+00:00,official_csv_release_date_and_time;Eastern_timezone_documented_by_USDA,08:30:00,2011/12,2011,508,Est.,oce-wasde-report-data-2010-04-to-2015-12.zip,7eb285818ea748e15b562fe7aa88107999c42d8d6817f692d8f9818f16fddead,147.2,84,12358,903,11005,12605,1600,1128,22,13508
2012-07-11,2012-07-11T12:30:00+00:00,official_csv_release_date_and_time;Eastern_timezone_documented_by_USDA,08:30:00,2012/13,2012,508,Proj.,oce-wasde-report-data-2010-04-to-2015-12.zip,7eb285818ea748e15b562fe7aa88107999c42d8d6817f692d8f9818f16fddead,146,88.9,12970,1183,11120,12720,1600,903,30,13903
2012-08-10,2012-08-10T12:30:00+00:00,official_csv_release_date_and_time;Eastern_timezone_documented_by_USDA,08:30:00,2010/11,2010,509,,oce-wasde-report-data-2010-04-to-2015-12.zip,7eb285818ea748e15b562fe7aa88107999c42d8d6817f692d8f9818f16fddead,152.8,81.4,12447,1128,11221,13055,1834,1708,28,14182
2012-08-10,2012-08-10T12:30:00+00:00,official_csv_release_date_and_time;Eastern_timezone_documented_by_USDA,08:30:00,2011/12,2011,509,Est.,oce-wasde-report-data-2010-04-to-2015-12.zip,7eb285818ea748e15b562fe7aa88107999c42d8d6817f692d8f9818f16fddead,147.2,84,12358,1021,10940,12490,1550,1128,25,13511
2012-08-10,2012-08-10T12:30:00+00:00,official_csv_release_date_and_time;Eastern_timezone_documented_by_USDA,08:30:00,2012/13,2012,509,Proj.,oce-wasde-report-data-2010-04-to-2015-12.zip,7eb285818ea748e15b562fe7aa88107999c42d8d6817f692d8f9818f16fddead,123.4,87.4,10779,650,9925,11225,1300,1021,75,11875
2012-09-12,2012-09-12T12:30:00+00:00,official_csv_release_date_and_time;Eastern_timezone_documented_by_USDA,08:30:00,2010/11,2010,510,,oce-wasde-report-data-2010-04-to-2015-12.zip,7eb285818ea748e15b562fe7aa88107999c42d8d6817f692d8f9818f16fddead,152.8,81.4,12447,1128,11221,13055,1834,1708,28,14182
2012-09-12,2012-09-12T12:30:00+00:00,official_csv_release_date_and_time;Eastern_timezone_documented_by_USDA,08:30:00,2011/12,2011,510,Est.,oce-wasde-report-data-2010-04-to-2015-12.zip,7eb285818ea748e15b562fe7aa88107999c42d8d6817f692d8f9818f16fddead,147.2,84,12358,1181,10790,12330,1540,1128,25,13511
2012-09-12,2012-09-12T12:30:00+00:00,official_csv_release_date_and_time;Eastern_timezone_documented_by_USDA,08:30:00,2012/13,2012,510,Proj.,oce-wasde-report-data-2010-04-to-2015-12.zip,7eb285818ea748e15b562fe7aa88107999c42d8d6817f692d8f9818f16fddead,122.8,87.4,10727,733,10000,11250,1250,1181,75,11983
2012-10-11,2012-10-11T12:30:00+00:00,official_csv_release_date_and_time;Eastern_timezone_documented_by_USDA,08:30:00,2010/11,2010,511,,oce-wasde-report-data-2010-04-to-2015-12.zip,7eb285818ea748e15b562fe7aa88107999c42d8d6817f692d8f9818f16fddead,152.8,81.4,12447,1128,11221,13055,1834,1708,28,14182
2012-10-11,2012-10-11T12:30:00+00:00,official_csv_release_date_and_time;Eastern_timezone_documented_by_USDA,08:30:00,2011/12,2011,511,Est.,oce-wasde-report-data-2010-04-to-2015-12.zip,7eb285818ea748e15b562fe7aa88107999c42d8d6817f692d8f9818f16fddead,147.2,84,12358,988,10983,12526,1543,1128,28,13514
2012-10-11,2012-10-11T12:30:00+00:00,official_csv_release_date_and_time;Eastern_timezone_documented_by_USDA,08:30:00,2012/13,2012,511,Proj.,oce-wasde-report-data-2010-04-to-2015-12.zip,7eb285818ea748e15b562fe7aa88107999c42d8d6817f692d8f9818f16fddead,122,87.7,10706,619,10000,11150,1150,988,75,11769
2012-11-09,2012-11-09T13:30:00+00:00,official_csv_release_date_and_time;Eastern_timezone_documented_by_USDA,08:30:00,2010/11,2010,512,,oce-wasde-report-data-2010-04-to-2015-12.zip,7eb285818ea748e15b562fe7aa88107999c42d8d6817f692d8f9818f16fddead,152.8,81.4,12447,1128,11221,13055,1834,1708,28,14182
2012-11-09,2012-11-09T13:30:00+00:00,official_csv_release_date_and_time;Eastern_timezone_documented_by_USDA,08:30:00,2011/12,2011,512,Est.,oce-wasde-report-data-2010-04-to-2015-12.zip,7eb285818ea748e15b562fe7aa88107999c42d8d6817f692d8f9818f16fddead,147.2,84,12358,988,10984,12527,1543,1128,29,13515
2012-11-09,2012-11-09T13:30:00+00:00,official_csv_release_date_and_time;Eastern_timezone_documented_by_USDA,08:30:00,2012/13,2012,512,Proj.,oce-wasde-report-data-2010-04-to-2015-12.zip,7eb285818ea748e15b562fe7aa88107999c42d8d6817f692d8f9818f16fddead,122.3,87.7,10725,647,10017,11167,1150,988,100,11814
2012-12-11,2012-12-11T13:30:00+00:00,official_csv_release_date_and_time;Eastern_timezone_documented_by_USDA,08:30:00,2010/11,2010,513,,oce-wasde-report-data-2010-04-to-2015-12.zip,7eb285818ea748e15b562fe7aa88107999c42d8d6817f692d8f9818f16fddead,152.8,81.4,12447,1128,11221,13055,1834,1708,28,14182
2012-12-11,2012-12-11T13:30:00+00:00,official_csv_release_date_and_time;Eastern_timezone_documented_by_USDA,08:30:00,2011/12,2011,513,Est.,oce-wasde-report-data-2010-04-to-2015-12.zip,7eb285818ea748e15b562fe7aa88107999c42d8d6817f692d8f9818f16fddead,147.2,84,12358,988,10984,12527,1543,1128,29,13515
2012-12-11,2012-12-11T13:30:00+00:00,official_csv_release_date_and_time;Eastern_timezone_documented_by_USDA,08:30:00,2012/13,2012,513,Proj.,oce-wasde-report-data-2010-04-to-2015-12.zip,7eb285818ea748e15b562fe7aa88107999c42d8d6817f692d8f9818f16fddead,122.3,87.7,10725,647,10017,11167,1150,988,100,11814
2013-01-11,2013-01-11T17:00:00+00:00,official_csv_release_date_and_time;Eastern_timezone_documented_by_USDA,12:00:00,2010/11,2010,514,,oce-wasde-report-data-2010-04-to-2015-12.zip,7eb285818ea748e15b562fe7aa88107999c42d8d6817f692d8f9818f16fddead,152.8,81.4,12447,1128,11221,13055,1834,1708,28,14182
2013-01-11,2013-01-11T17:00:00+00:00,official_csv_release_date_and_time;Eastern_timezone_documented_by_USDA,12:00:00,2011/12,2011,514,Est.,oce-wasde-report-data-2010-04-to-2015-12.zip,7eb285818ea748e15b562fe7aa88107999c42d8d6817f692d8f9818f16fddead,147.2,84,12360,989,10985,12527,1543,1128,29,13516
2013-01-11,2013-01-11T17:00:00+00:00,official_csv_release_date_and_time;Eastern_timezone_documented_by_USDA,12:00:00,2012/13,2012,514,Proj.,oce-wasde-report-data-2010-04-to-2015-12.zip,7eb285818ea748e15b562fe7aa88107999c42d8d6817f692d8f9818f16fddead,123.4,87.4,10780,602,10317,11267,950,989,100,11869
2013-02-08,2013-02-08T17:00:00+00:00,official_csv_release_date_and_time;Eastern_timezone_documented_by_USDA,12:00:00,2010/11,2010,515,,oce-wasde-report-data-2010-04-to-2015-12.zip,7eb285818ea748e15b562fe7aa88107999c42d8d6817f692d8f9818f16fddead,152.8,81.4,12447,1128,11221,13055,1834,1708,28,14182
2013-02-08,2013-02-08T17:00:00+00:00,official_csv_release_date_and_time;Eastern_timezone_documented_by_USDA,12:00:00,2011/12,2011,515,Est.,oce-wasde-report-data-2010-04-to-2015-12.zip,7eb285818ea748e15b562fe7aa88107999c42d8d6817f692d8f9818f16fddead,147.2,84,12360,989,10985,12527,1543,1128,29,13516
2013-02-08,2013-02-08T17:00:00+00:00,official_csv_release_date_and_time;Eastern_timezone_documented_by_USDA,12:00:00,2012/13,2012,515,Proj.,oce-wasde-report-data-2010-04-to-2015-12.zip,7eb285818ea748e15b562fe7aa88107999c42d8d6817f692d8f9818f16fddead,123.4,87.4,10780,632,10337,11237,900,989,100,11869
2013-03-08,2013-03-08T17:00:00+00:00,official_csv_release_date_and_time;Eastern_timezone_documented_by_USDA,12:00:00,2010/11,2010,516,,oce-wasde-report-data-2010-04-to-2015-12.zip,7eb285818ea748e15b562fe7aa88107999c42d8d6817f692d8f9818f16fddead,152.8,81.4,12447,1128,11221,13055,1834,1708,28,14182
2013-03-08,2013-03-08T17:00:00+00:00,official_csv_release_date_and_time;Eastern_timezone_documented_by_USDA,12:00:00,2011/12,2011,516,Est.,oce-wasde-report-data-2010-04-to-2015-12.zip,7eb285818ea748e15b562fe7aa88107999c42d8d6817f692d8f9818f16fddead,147.2,84,12360,989,10985,12527,1543,1128,29,13516
2013-03-08,2013-03-08T17:00:00+00:00,official_csv_release_date_and_time;Eastern_timezone_documented_by_USDA,12:00:00,2012/13,2012,516,Proj.,oce-wasde-report-data-2010-04-to-2015-12.zip,7eb285818ea748e15b562fe7aa88107999c42d8d6817f692d8f9818f16fddead,123.4,87.4,10780,632,10437,11262,825,989,125,11894
2013-04-10,2013-04-10T16:00:00+00:00,official_csv_release_date_and_time;Eastern_timezone_documented_by_USDA,12:00:00,2010/11,2010,517,,oce-wasde-report-data-2010-04-to-2015-12.zip,7eb285818ea748e15b562fe7aa88107999c42d8d6817f692d8f9818f16fddead,152.8,81.4,12447,1128,11221,13055,1834,1708,28,14182
2013-04-10,2013-04-10T16:00:00+00:00,official_csv_release_date_and_time;Eastern_timezone_documented_by_USDA,12:00:00,2011/12,2011,517,Est.,oce-wasde-report-data-2010-04-to-2015-12.zip,7eb285818ea748e15b562fe7aa88107999c42d8d6817f692d8f9818f16fddead,147.2,84,12360,989,10985,12527,1543,1128,29,13516
2013-04-10,2013-04-10T16:00:00+00:00,official_csv_release_date_and_time;Eastern_timezone_documented_by_USDA,12:00:00,2012/13,2012,517,Proj.,oce-wasde-report-data-2010-04-to-2015-12.zip,7eb285818ea748e15b562fe7aa88107999c42d8d6817f692d8f9818f16fddead,123.4,87.4,10780,757,10337,11137,800,989,125,11894
2013-05-10,2013-05-10T16:00:00+00:00,official_csv_release_date_and_time;Eastern_timezone_documented_by_USDA,12:00:00,2011/12,2011,518,,oce-wasde-report-data-2010-04-to-2015-12.zip,7eb285818ea748e15b562fe7aa88107999c42d8d6817f692d8f9818f16fddead,147.2,84,12360,989,10985,12527,1543,1128,29,13516
2013-05-10,2013-05-10T16:00:00+00:00,official_csv_release_date_and_time;Eastern_timezone_documented_by_USDA,12:00:00,2012/13,2012,518,Est.,oce-wasde-report-data-2010-04-to-2015-12.zip,7eb285818ea748e15b562fe7aa88107999c42d8d6817f692d8f9818f16fddead,123.4,87.4,10780,759,10385,11135,750,989,125,11894
2013-05-10,2013-05-10T16:00:00+00:00,official_csv_release_date_and_time;Eastern_timezone_documented_by_USDA,12:00:00,2013/14,2013,518,Proj.,oce-wasde-report-data-2010-04-to-2015-12.zip,7eb285818ea748e15b562fe7aa88107999c42d8d6817f692d8f9818f16fddead,158,89.5,14140,2004,11620,12920,1300,759,25,14924
2013-06-12,2013-06-12T16:00:00+00:00,official_csv_release_date_and_time;Eastern_timezone_documented_by_USDA,12:00:00,2011/12,2011,519,,oce-wasde-report-data-2010-04-to-2015-12.zip,7eb285818ea748e15b562fe7aa88107999c42d8d6817f692d8f9818f16fddead,147.2,84,12360,989,10985,12527,1543,1128,29,13516
2013-06-12,2013-06-12T16:00:00+00:00,official_csv_release_date_and_time;Eastern_timezone_documented_by_USDA,12:00:00,2012/13,2012,519,Est.,oce-wasde-report-data-2010-04-to-2015-12.zip,7eb285818ea748e15b562fe7aa88107999c42d8d6817f692d8f9818f16fddead,123.4,87.4,10780,769,10450,11150,700,989,150,11919
2013-06-12,2013-06-12T16:00:00+00:00,official_csv_release_date_and_time;Eastern_timezone_documented_by_USDA,12:00:00,2013/14,2013,519,Proj.,oce-wasde-report-data-2010-04-to-2015-12.zip,7eb285818ea748e15b562fe7aa88107999c42d8d6817f692d8f9818f16fddead,156.5,89.5,14005,1949,11550,12850,1300,769,25,14799
2013-07-11,2013-07-11T16:00:00+00:00,official_csv_release_date_and_time;Eastern_timezone_documented_by_USDA,12:00:00,2011/12,2011,520,,oce-wasde-report-data-2010-04-to-2015-12.zip,7eb285818ea748e15b562fe7aa88107999c42d8d6817f692d8f9818f16fddead,147.2,84,12360,989,10985,12527,1543,1128,29,13516
2013-07-11,2013-07-11T16:00:00+00:00,official_csv_release_date_and_time;Eastern_timezone_documented_by_USDA,12:00:00,2012/13,2012,520,Est.,oce-wasde-report-data-2010-04-to-2015-12.zip,7eb285818ea748e15b562fe7aa88107999c42d8d6817f692d8f9818f16fddead,123.4,87.4,10780,729,10500,11200,700,989,160,11929
2013-07-11,2013-07-11T16:00:00+00:00,official_csv_release_date_and_time;Eastern_timezone_documented_by_USDA,12:00:00,2013/14,2013,520,Proj.,oce-wasde-report-data-2010-04-to-2015-12.zip,7eb285818ea748e15b562fe7aa88107999c42d8d6817f692d8f9818f16fddead,156.5,89.1,13950,1959,11500,12750,1250,729,30,14709
2013-08-12,2013-08-12T16:00:00+00:00,official_csv_release_date_and_time;Eastern_timezone_documented_by_USDA,12:00:00,2011/12,2011,521,,oce-wasde-report-data-2010-04-to-2015-12.zip,7eb285818ea748e15b562fe7aa88107999c42d8d6817f692d8f9818f16fddead,147.2,84,12360,989,10985,12528,1543,1128,29,13517
2013-08-12,2013-08-12T16:00:00+00:00,official_csv_release_date_and_time;Eastern_timezone_documented_by_USDA,12:00:00,2012/13,2012,521,Est.,oce-wasde-report-data-2010-04-to-2015-12.zip,7eb285818ea748e15b562fe7aa88107999c42d8d6817f692d8f9818f16fddead,123.4,87.4,10780,719,10500,11215,715,989,165,11934
2013-08-12,2013-08-12T16:00:00+00:00,official_csv_release_date_and_time;Eastern_timezone_documented_by_USDA,12:00:00,2013/14,2013,521,Proj.,oce-wasde-report-data-2010-04-to-2015-12.zip,7eb285818ea748e15b562fe7aa88107999c42d8d6817f692d8f9818f16fddead,154.4,89.1,13763,1837,11450,12675,1225,719,30,14512
2013-09-12,2013-09-12T16:00:00+00:00,official_csv_release_date_and_time;Eastern_timezone_documented_by_USDA,12:00:00,2011/12,2011,522,,oce-wasde-report-data-2010-04-to-2015-12.zip,7eb285818ea748e15b562fe7aa88107999c42d8d6817f692d8f9818f16fddead,147.2,84,12360,989,10985,12528,1543,1128,29,13517
2013-09-12,2013-09-12T16:00:00+00:00,official_csv_release_date_and_time;Eastern_timezone_documented_by_USDA,12:00:00,2012/13,2012,522,Est.,oce-wasde-report-data-2010-04-to-2015-12.zip,7eb285818ea748e15b562fe7aa88107999c42d8d6817f692d8f9818f16fddead,123.4,87.4,10780,661,10535,11270,735,989,162,11931
2013-09-12,2013-09-12T16:00:00+00:00,official_csv_release_date_and_time;Eastern_timezone_documented_by_USDA,12:00:00,2013/14,2013,522,Proj.,oce-wasde-report-data-2010-04-to-2015-12.zip,7eb285818ea748e15b562fe7aa88107999c42d8d6817f692d8f9818f16fddead,155.3,89.1,13843,1855,11450,12675,1225,661,25,14530
2013-11-08,2013-11-08T17:00:00+00:00,official_csv_release_date_and_time;Eastern_timezone_documented_by_USDA,12:00:00,2011/12,2011,523,,oce-wasde-report-data-2010-04-to-2015-12.zip,7eb285818ea748e15b562fe7aa88107999c42d8d6817f692d8f9818f16fddead,147.2,84,12360,989,10985,12528,1543,1128,29,13517
2013-11-08,2013-11-08T17:00:00+00:00,official_csv_release_date_and_time;Eastern_timezone_documented_by_USDA,12:00:00,2012/13,2012,523,Est.,oce-wasde-report-data-2010-04-to-2015-12.zip,7eb285818ea748e15b562fe7aa88107999c42d8d6817f692d8f9818f16fddead,123.4,87.4,10780,824,10377,11108,731,989,162,11932
2013-11-08,2013-11-08T17:00:00+00:00,official_csv_release_date_and_time;Eastern_timezone_documented_by_USDA,12:00:00,2013/14,2013,523,Proj.,oce-wasde-report-data-2010-04-to-2015-12.zip,7eb285818ea748e15b562fe7aa88107999c42d8d6817f692d8f9818f16fddead,160.4,87.2,13989,1887,11550,12950,1400,824,25,14837
2013-12-10,2013-12-10T17:00:00+00:00,official_csv_release_date_and_time;Eastern_timezone_documented_by_USDA,12:00:00,2011/12,2011,524,,oce-wasde-report-data-2010-04-to-2015-12.zip,7eb285818ea748e15b562fe7aa88107999c42d8d6817f692d8f9818f16fddead,147.2,84,12360,989,10985,12528,1543,1128,29,13517
2013-12-10,2013-12-10T17:00:00+00:00,official_csv_release_date_and_time;Eastern_timezone_documented_by_USDA,12:00:00,2012/13,2012,524,Est.,oce-wasde-report-data-2010-04-to-2015-12.zip,7eb285818ea748e15b562fe7aa88107999c42d8d6817f692d8f9818f16fddead,123.4,87.4,10780,824,10377,11108,731,989,162,11932
2013-12-10,2013-12-10T17:00:00+00:00,official_csv_release_date_and_time;Eastern_timezone_documented_by_USDA,12:00:00,2013/14,2013,524,Proj.,oce-wasde-report-data-2010-04-to-2015-12.zip,7eb285818ea748e15b562fe7aa88107999c42d8d6817f692d8f9818f16fddead,160.4,87.2,13989,1792,11600,13050,1450,824,30,14842
2014-01-10,2014-01-10T17:00:00+00:00,official_csv_release_date_and_time;Eastern_timezone_documented_by_USDA,12:00:00,2011/12,2011,525,,oce-wasde-report-data-2010-04-to-2015-12.zip,7eb285818ea748e15b562fe7aa88107999c42d8d6817f692d8f9818f16fddead,147.2,84,12360,989,10985,12528,1543,1128,29,13517
2014-01-10,2014-01-10T17:00:00+00:00,official_csv_release_date_and_time;Eastern_timezone_documented_by_USDA,12:00:00,2012/13,2012,525,Est.,oce-wasde-report-data-2010-04-to-2015-12.zip,7eb285818ea748e15b562fe7aa88107999c42d8d6817f692d8f9818f16fddead,123.4,87.4,10780,821,10379,11111,731,989,162,11932
2014-01-10,2014-01-10T17:00:00+00:00,official_csv_release_date_and_time;Eastern_timezone_documented_by_USDA,12:00:00,2013/14,2013,525,Proj.,oce-wasde-report-data-2010-04-to-2015-12.zip,7eb285818ea748e15b562fe7aa88107999c42d8d6817f692d8f9818f16fddead,158.8,87.7,13925,1631,11700,13150,1450,821,35,14781
2014-02-10,2014-02-10T17:00:00+00:00,official_csv_release_date_and_time;Eastern_timezone_documented_by_USDA,12:00:00,2011/12,2011,526,,oce-wasde-report-data-2010-04-to-2015-12.zip,7eb285818ea748e15b562fe7aa88107999c42d8d6817f692d8f9818f16fddead,147.2,84,12360,989,10985,12528,1543,1128,29,13517
2014-02-10,2014-02-10T17:00:00+00:00,official_csv_release_date_and_time;Eastern_timezone_documented_by_USDA,12:00:00,2012/13,2012,526,Est.,oce-wasde-report-data-2010-04-to-2015-12.zip,7eb285818ea748e15b562fe7aa88107999c42d8d6817f692d8f9818f16fddead,123.4,87.4,10780,821,10379,11111,731,989,162,11932
2014-02-10,2014-02-10T17:00:00+00:00,official_csv_release_date_and_time;Eastern_timezone_documented_by_USDA,12:00:00,2013/14,2013,526,Proj.,oce-wasde-report-data-2010-04-to-2015-12.zip,7eb285818ea748e15b562fe7aa88107999c42d8d6817f692d8f9818f16fddead,158.8,87.7,13925,1481,11700,13300,1600,821,35,14781
2014-03-10,2014-03-10T16:00:00+00:00,official_csv_release_date_and_time;Eastern_timezone_documented_by_USDA,12:00:00,2011/12,2011,527,,oce-wasde-report-data-2010-04-to-2015-12.zip,7eb285818ea748e15b562fe7aa88107999c42d8d6817f692d8f9818f16fddead,147.2,84,12360,989,10985,12528,1543,1128,29,13517
2014-03-10,2014-03-10T16:00:00+00:00,official_csv_release_date_and_time;Eastern_timezone_documented_by_USDA,12:00:00,2012/13,2012,527,Est.,oce-wasde-report-data-2010-04-to-2015-12.zip,7eb285818ea748e15b562fe7aa88107999c42d8d6817f692d8f9818f16fddead,123.4,87.4,10780,821,10379,11111,731,989,162,11932
2014-03-10,2014-03-10T16:00:00+00:00,official_csv_release_date_and_time;Eastern_timezone_documented_by_USDA,12:00:00,2013/14,2013,527,Proj.,oce-wasde-report-data-2010-04-to-2015-12.zip,7eb285818ea748e15b562fe7aa88107999c42d8d6817f692d8f9818f16fddead,158.8,87.7,13925,1456,11700,13325,1625,821,35,14781
2014-04-09,2014-04-09T16:00:00+00:00,official_csv_release_date_and_time;Eastern_timezone_documented_by_USDA,12:00:00,2011/12,2011,528,,oce-wasde-report-data-2010-04-to-2015-12.zip,7eb285818ea748e15b562fe7aa88107999c42d8d6817f692d8f9818f16fddead,147.2,84,12360,989,10985,12528,1543,1128,29,13517
2014-04-09,2014-04-09T16:00:00+00:00,official_csv_release_date_and_time;Eastern_timezone_documented_by_USDA,12:00:00,2012/13,2012,528,Est.,oce-wasde-report-data-2010-04-to-2015-12.zip,7eb285818ea748e15b562fe7aa88107999c42d8d6817f692d8f9818f16fddead,123.4,87.4,10780,821,10379,11111,731,989,162,11932
2014-04-09,2014-04-09T16:00:00+00:00,official_csv_release_date_and_time;Eastern_timezone_documented_by_USDA,12:00:00,2013/14,2013,528,Proj.,oce-wasde-report-data-2010-04-to-2015-12.zip,7eb285818ea748e15b562fe7aa88107999c42d8d6817f692d8f9818f16fddead,158.8,87.7,13925,1331,11700,13450,1750,821,35,14781
2014-05-09,2014-05-09T16:00:00+00:00,official_csv_release_date_and_time;Eastern_timezone_documented_by_USDA,12:00:00,2012/13,2012,529,,oce-wasde-report-data-2010-04-to-2015-12.zip,7eb285818ea748e15b562fe7aa88107999c42d8d6817f692d8f9818f16fddead,123.4,87.4,10780,821,10379,11111,731,989,162,11932
2014-05-09,2014-05-09T16:00:00+00:00,official_csv_release_date_and_time;Eastern_timezone_documented_by_USDA,12:00:00,2013/14,2013,529,Est.,oce-wasde-report-data-2010-04-to-2015-12.zip,7eb285818ea748e15b562fe7aa88107999c42d8d6817f692d8f9818f16fddead,158.8,87.7,13925,1146,11735,13635,1900,821,35,14781
2014-05-09,2014-05-09T16:00:00+00:00,official_csv_release_date_and_time;Eastern_timezone_documented_by_USDA,12:00:00,2014/15,2014,529,Proj.,oce-wasde-report-data-2010-04-to-2015-12.zip,7eb285818ea748e15b562fe7aa88107999c42d8d6817f692d8f9818f16fddead,165.3,84.3,13935,1726,11685,13385,1700,1146,30,15111
2014-06-11,2014-06-11T16:00:00+00:00,official_csv_release_date_and_time;Eastern_timezone_documented_by_USDA,12:00:00,2012/13,2012,530,,oce-wasde-report-data-2010-04-to-2015-12.zip,7eb285818ea748e15b562fe7aa88107999c42d8d6817f692d8f9818f16fddead,123.4,87.4,10780,821,10379,11111,731,989,162,11932
2014-06-11,2014-06-11T16:00:00+00:00,official_csv_release_date_and_time;Eastern_timezone_documented_by_USDA,12:00:00,2013/14,2013,530,Est.,oce-wasde-report-data-2010-04-to-2015-12.zip,7eb285818ea748e15b562fe7aa88107999c42d8d6817f692d8f9818f16fddead,158.8,87.7,13925,1146,11735,13635,1900,821,35,14781
2014-06-11,2014-06-11T16:00:00+00:00,official_csv_release_date_and_time;Eastern_timezone_documented_by_USDA,12:00:00,2014/15,2014,530,Proj.,oce-wasde-report-data-2010-04-to-2015-12.zip,7eb285818ea748e15b562fe7aa88107999c42d8d6817f692d8f9818f16fddead,165.3,84.3,13935,1726,11685,13385,1700,1146,30,15111
2014-07-11,2014-07-11T16:00:00+00:00,official_csv_release_date_and_time;Eastern_timezone_documented_by_USDA,12:00:00,2012/13,2012,531,,oce-wasde-report-data-2010-04-to-2015-12.zip,7eb285818ea748e15b562fe7aa88107999c42d8d6817f692d8f9818f16fddead,123.4,87.4,10780,821,10379,11111,731,989,162,11932
2014-07-11,2014-07-11T16:00:00+00:00,official_csv_release_date_and_time;Eastern_timezone_documented_by_USDA,12:00:00,2013/14,2013,531,Est.,oce-wasde-report-data-2010-04-to-2015-12.zip,7eb285818ea748e15b562fe7aa88107999c42d8d6817f692d8f9818f16fddead,158.8,87.7,13925,1246,11635,13535,1900,821,35,14781
2014-07-11,2014-07-11T16:00:00+00:00,official_csv_release_date_and_time;Eastern_timezone_documented_by_USDA,12:00:00,2014/15,2014,531,Proj.,oce-wasde-report-data-2010-04-to-2015-12.zip,7eb285818ea748e15b562fe7aa88107999c42d8d6817f692d8f9818f16fddead,165.3,83.8,13860,1801,11635,13335,1700,1246,30,15136
2014-08-12,2014-08-12T16:00:00+00:00,official_csv_release_date_and_time;Eastern_timezone_documented_by_USDA,12:00:00,2012/13,2012,532,,oce-wasde-report-data-2010-04-to-2015-12.zip,7eb285818ea748e15b562fe7aa88107999c42d8d6817f692d8f9818f16fddead,123.4,87.4,10780,821,10378,11108,730,989,160,11929
2014-08-12,2014-08-12T16:00:00+00:00,official_csv_release_date_and_time;Eastern_timezone_documented_by_USDA,12:00:00,2013/14,2013,532,Est.,oce-wasde-report-data-2010-04-to-2015-12.zip,7eb285818ea748e15b562fe7aa88107999c42d8d6817f692d8f9818f16fddead,158.8,87.7,13925,1181,11680,13600,1920,821,35,14781
2014-08-12,2014-08-12T16:00:00+00:00,official_csv_release_date_and_time;Eastern_timezone_documented_by_USDA,12:00:00,2014/15,2014,532,Proj.,oce-wasde-report-data-2010-04-to-2015-12.zip,7eb285818ea748e15b562fe7aa88107999c42d8d6817f692d8f9818f16fddead,167.4,83.8,14032,1808,11710,13435,1725,1181,30,15243
2014-09-11,2014-09-11T16:00:00+00:00,official_csv_release_date_and_time;Eastern_timezone_documented_by_USDA,12:00:00,2012/13,2012,533,,oce-wasde-report-data-2010-04-to-2015-12.zip,7eb285818ea748e15b562fe7aa88107999c42d8d6817f692d8f9818f16fddead,123.4,87.4,10780,821,10378,11108,730,989,160,11929
2014-09-11,2014-09-11T16:00:00+00:00,official_csv_release_date_and_time;Eastern_timezone_documented_by_USDA,12:00:00,2013/14,2013,533,Est.,oce-wasde-report-data-2010-04-to-2015-12.zip,7eb285818ea748e15b562fe7aa88107999c42d8d6817f692d8f9818f16fddead,158.8,87.7,13925,1181,11675,13600,1925,821,35,14781
2014-09-11,2014-09-11T16:00:00+00:00,official_csv_release_date_and_time;Eastern_timezone_documented_by_USDA,12:00:00,2014/15,2014,533,Proj.,oce-wasde-report-data-2010-04-to-2015-12.zip,7eb285818ea748e15b562fe7aa88107999c42d8d6817f692d8f9818f16fddead,171.7,83.8,14395,2002,11855,13605,1750,1181,30,15607
2014-10-10,2014-10-10T16:00:00+00:00,official_csv_release_date_and_time;Eastern_timezone_documented_by_USDA,12:00:00,2012/13,2012,534,,oce-wasde-report-data-2010-04-to-2015-12.zip,7eb285818ea748e15b562fe7aa88107999c42d8d6817f692d8f9818f16fddead,123.4,87.4,10780,821,10378,11108,730,989,160,11929
2014-10-10,2014-10-10T16:00:00+00:00,official_csv_release_date_and_time;Eastern_timezone_documented_by_USDA,12:00:00,2013/14,2013,534,Est.,oce-wasde-report-data-2010-04-to-2015-12.zip,7eb285818ea748e15b562fe7aa88107999c42d8d6817f692d8f9818f16fddead,158.8,87.7,13925,1236,11629,13546,1917,821,36,14782
2014-10-10,2014-10-10T16:00:00+00:00,official_csv_release_date_and_time;Eastern_timezone_documented_by_USDA,12:00:00,2014/15,2014,534,Proj.,oce-wasde-report-data-2010-04-to-2015-12.zip,7eb285818ea748e15b562fe7aa88107999c42d8d6817f692d8f9818f16fddead,174.2,83.1,14475,2081,11905,13655,1750,1236,25,15736
2014-11-10,2014-11-10T17:00:00+00:00,official_csv_release_date_and_time;Eastern_timezone_documented_by_USDA,12:00:00,2012/13,2012,535,,oce-wasde-report-data-2010-04-to-2015-12.zip,7eb285818ea748e15b562fe7aa88107999c42d8d6817f692d8f9818f16fddead,123.1,87.4,10755,821,10353,11083,730,989,160,11904
2014-11-10,2014-11-10T17:00:00+00:00,official_csv_release_date_and_time;Eastern_timezone_documented_by_USDA,12:00:00,2013/14,2013,535,Est.,oce-wasde-report-data-2010-04-to-2015-12.zip,7eb285818ea748e15b562fe7aa88107999c42d8d6817f692d8f9818f16fddead,158.8,87.7,13925,1236,11629,13546,1917,821,36,14782
2014-11-10,2014-11-10T17:00:00+00:00,official_csv_release_date_and_time;Eastern_timezone_documented_by_USDA,12:00:00,2014/15,2014,535,Proj.,oce-wasde-report-data-2010-04-to-2015-12.zip,7eb285818ea748e15b562fe7aa88107999c42d8d6817f692d8f9818f16fddead,173.4,83.1,14407,2008,11910,13660,1750,1236,25,15668
2014-12-10,2014-12-10T17:00:00+00:00,official_csv_release_date_and_time;Eastern_timezone_documented_by_USDA,12:00:00,2012/13,2012,536,,oce-wasde-report-data-2010-04-to-2015-12.zip,7eb285818ea748e15b562fe7aa88107999c42d8d6817f692d8f9818f16fddead,123.1,87.4,10755,821,10353,11083,730,989,160,11904
2014-12-10,2014-12-10T17:00:00+00:00,official_csv_release_date_and_time;Eastern_timezone_documented_by_USDA,12:00:00,2013/14,2013,536,Est.,oce-wasde-report-data-2010-04-to-2015-12.zip,7eb285818ea748e15b562fe7aa88107999c42d8d6817f692d8f9818f16fddead,158.8,87.7,13925,1236,11629,13546,1917,821,36,14782
2014-12-10,2014-12-10T17:00:00+00:00,official_csv_release_date_and_time;Eastern_timezone_documented_by_USDA,12:00:00,2014/15,2014,536,Proj.,oce-wasde-report-data-2010-04-to-2015-12.zip,7eb285818ea748e15b562fe7aa88107999c42d8d6817f692d8f9818f16fddead,173.4,83.1,14407,1998,11920,13670,1750,1236,25,15668
2015-01-12,2015-01-12T17:00:00+00:00,official_csv_release_date_and_time;Eastern_timezone_documented_by_USDA,12:00:00,2012/13,2012,537,,oce-wasde-report-data-2010-04-to-2015-12.zip,7eb285818ea748e15b562fe7aa88107999c42d8d6817f692d8f9818f16fddead,123.1,87.4,10755,821,10353,11083,730,989,160,11904
2015-01-12,2015-01-12T17:00:00+00:00,official_csv_release_date_and_time;Eastern_timezone_documented_by_USDA,12:00:00,2013/14,2013,537,Est.,oce-wasde-report-data-2010-04-to-2015-12.zip,7eb285818ea748e15b562fe7aa88107999c42d8d6817f692d8f9818f16fddead,158.1,87.5,13829,1232,11537,13454,1917,821,36,14686
2015-01-12,2015-01-12T17:00:00+00:00,official_csv_release_date_and_time;Eastern_timezone_documented_by_USDA,12:00:00,2014/15,2014,537,Proj.,oce-wasde-report-data-2010-04-to-2015-12.zip,7eb285818ea748e15b562fe7aa88107999c42d8d6817f692d8f9818f16fddead,171,83.1,14216,1877,11845,13595,1750,1232,25,15472
2015-02-10,2015-02-10T17:00:00+00:00,official_csv_release_date_and_time;Eastern_timezone_documented_by_USDA,12:00:00,2012/13,2012,538,,oce-wasde-report-data-2010-04-to-2015-12.zip,7eb285818ea748e15b562fe7aa88107999c42d8d6817f692d8f9818f16fddead,123.1,87.4,10755,821,10353,11083,730,989,160,11904
2015-02-10,2015-02-10T17:00:00+00:00,official_csv_release_date_and_time;Eastern_timezone_documented_by_USDA,12:00:00,2013/14,2013,538,Est.,oce-wasde-report-data-2010-04-to-2015-12.zip,7eb285818ea748e15b562fe7aa88107999c42d8d6817f692d8f9818f16fddead,158.1,87.5,13829,1232,11537,13454,1917,821,36,14686
2015-02-10,2015-02-10T17:00:00+00:00,official_csv_release_date_and_time;Eastern_timezone_documented_by_USDA,12:00:00,2014/15,2014,538,Proj.,oce-wasde-report-data-2010-04-to-2015-12.zip,7eb285818ea748e15b562fe7aa88107999c42d8d6817f692d8f9818f16fddead,171,83.1,14216,1827,11895,13645,1750,1232,25,15472
2015-03-10,2015-03-10T16:00:00+00:00,official_csv_release_date_and_time;Eastern_timezone_documented_by_USDA,12:00:00,2012/13,2012,539,,oce-wasde-report-data-2010-04-to-2015-12.zip,7eb285818ea748e15b562fe7aa88107999c42d8d6817f692d8f9818f16fddead,123.1,87.4,10755,821,10353,11083,730,989,160,11904
2015-03-10,2015-03-10T16:00:00+00:00,official_csv_release_date_and_time;Eastern_timezone_documented_by_USDA,12:00:00,2013/14,2013,539,Est.,oce-wasde-report-data-2010-04-to-2015-12.zip,7eb285818ea748e15b562fe7aa88107999c42d8d6817f692d8f9818f16fddead,158.1,87.5,13829,1232,11537,13454,1917,821,36,14686
2015-03-10,2015-03-10T16:00:00+00:00,official_csv_release_date_and_time;Eastern_timezone_documented_by_USDA,12:00:00,2014/15,2014,539,Proj.,oce-wasde-report-data-2010-04-to-2015-12.zip,7eb285818ea748e15b562fe7aa88107999c42d8d6817f692d8f9818f16fddead,171,83.1,14216,1777,11895,13695,1800,1232,25,15472
2015-04-09,2015-04-09T16:00:00+00:00,official_csv_release_date_and_time;Eastern_timezone_documented_by_USDA,12:00:00,2012/13,2012,540,,oce-wasde-report-data-2010-04-to-2015-12.zip,7eb285818ea748e15b562fe7aa88107999c42d8d6817f692d8f9818f16fddead,123.1,87.4,10755,821,10353,11083,730,989,160,11904
2015-04-09,2015-04-09T16:00:00+00:00,official_csv_release_date_and_time;Eastern_timezone_documented_by_USDA,12:00:00,2013/14,2013,540,Est.,oce-wasde-report-data-2010-04-to-2015-12.zip,7eb285818ea748e15b562fe7aa88107999c42d8d6817f692d8f9818f16fddead,158.1,87.5,13829,1232,11537,13454,1917,821,36,14686
2015-04-09,2015-04-09T16:00:00+00:00,official_csv_release_date_and_time;Eastern_timezone_documented_by_USDA,12:00:00,2014/15,2014,540,Proj.,oce-wasde-report-data-2010-04-to-2015-12.zip,7eb285818ea748e15b562fe7aa88107999c42d8d6817f692d8f9818f16fddead,171,83.1,14216,1827,11845,13645,1800,1232,25,15472
2015-05-12,2015-05-12T16:00:00+00:00,official_csv_release_date_and_time;Eastern_timezone_documented_by_USDA,12:00:00,2013/14,2013,541,,oce-wasde-report-data-2010-04-to-2015-12.zip,7eb285818ea748e15b562fe7aa88107999c42d8d6817f692d8f9818f16fddead,158.1,87.5,13829,1232,11537,13454,1917,821,36,14686
2015-05-12,2015-05-12T16:00:00+00:00,official_csv_release_date_and_time;Eastern_timezone_documented_by_USDA,12:00:00,2014/15,2014,541,Est.,oce-wasde-report-data-2010-04-to-2015-12.zip,7eb285818ea748e15b562fe7aa88107999c42d8d6817f692d8f9818f16fddead,171,83.1,14216,1851,11797,13622,1825,1232,25,15472
2015-05-12,2015-05-12T16:00:00+00:00,official_csv_release_date_and_time;Eastern_timezone_documented_by_USDA,12:00:00,2015/16,2015,541,Proj.,oce-wasde-report-data-2010-04-to-2015-12.zip,7eb285818ea748e15b562fe7aa88107999c42d8d6817f692d8f9818f16fddead,166.8,81.7,13630,1746,11860,13760,1900,1851,25,15506
2015-06-10,2015-06-10T16:00:00+00:00,official_csv_release_date_and_time;Eastern_timezone_documented_by_USDA,12:00:00,2013/14,2013,542,,oce-wasde-report-data-2010-04-to-2015-12.zip,7eb285818ea748e15b562fe7aa88107999c42d8d6817f692d8f9818f16fddead,158.1,87.5,13829,1232,11537,13454,1917,821,36,14686
2015-06-10,2015-06-10T16:00:00+00:00,official_csv_release_date_and_time;Eastern_timezone_documented_by_USDA,12:00:00,2014/15,2014,542,Est.,oce-wasde-report-data-2010-04-to-2015-12.zip,7eb285818ea748e15b562fe7aa88107999c42d8d6817f692d8f9818f16fddead,171,83.1,14216,1876,11772,13597,1825,1232,25,15472
2015-06-10,2015-06-10T16:00:00+00:00,official_csv_release_date_and_time;Eastern_timezone_documented_by_USDA,12:00:00,2015/16,2015,542,Proj.,oce-wasde-report-data-2010-04-to-2015-12.zip,7eb285818ea748e15b562fe7aa88107999c42d8d6817f692d8f9818f16fddead,166.8,81.7,13630,1771,11860,13760,1900,1876,25,15531
2015-07-10,2015-07-10T16:00:00+00:00,official_csv_release_date_and_time;Eastern_timezone_documented_by_USDA,12:00:00,2013/14,2013,543,,oce-wasde-report-data-2010-04-to-2015-12.zip,7eb285818ea748e15b562fe7aa88107999c42d8d6817f692d8f9818f16fddead,158.1,87.5,13829,1232,11537,13454,1917,821,36,14686
2015-07-10,2015-07-10T16:00:00+00:00,official_csv_release_date_and_time;Eastern_timezone_documented_by_USDA,12:00:00,2014/15,2014,543,Est.,oce-wasde-report-data-2010-04-to-2015-12.zip,7eb285818ea748e15b562fe7aa88107999c42d8d6817f692d8f9818f16fddead,171,83.1,14216,1779,11846,13696,1850,1232,27,15474
2015-07-10,2015-07-10T16:00:00+00:00,official_csv_release_date_and_time;Eastern_timezone_documented_by_USDA,12:00:00,2015/16,2015,543,Proj.,oce-wasde-report-data-2010-04-to-2015-12.zip,7eb285818ea748e15b562fe7aa88107999c42d8d6817f692d8f9818f16fddead,166.8,81.1,13530,1599,11860,13735,1875,1779,25,15334
2015-08-12,2015-08-12T16:00:00+00:00,official_csv_release_date_and_time;Eastern_timezone_documented_by_USDA,12:00:00,2013/14,2013,544,,oce-wasde-report-data-2010-04-to-2015-12.zip,7eb285818ea748e15b562fe7aa88107999c42d8d6817f692d8f9818f16fddead,158.1,87.5,13829,1232,11534,13454,1920,821,36,14686
2015-08-12,2015-08-12T16:00:00+00:00,official_csv_release_date_and_time;Eastern_timezone_documented_by_USDA,12:00:00,2014/15,2014,544,Est.,oce-wasde-report-data-2010-04-to-2015-12.zip,7eb285818ea748e15b562fe7aa88107999c42d8d6817f692d8f9818f16fddead,171,83.1,14216,1772,11855,13705,1850,1232,30,15477
2015-08-12,2015-08-12T16:00:00+00:00,official_csv_release_date_and_time;Eastern_timezone_documented_by_USDA,12:00:00,2015/16,2015,544,Proj.,oce-wasde-report-data-2010-04-to-2015-12.zip,7eb285818ea748e15b562fe7aa88107999c42d8d6817f692d8f9818f16fddead,168.8,81.1,13686,1713,11925,13775,1850,1772,30,15488
2015-09-11,2015-09-11T16:00:00+00:00,official_csv_release_date_and_time;Eastern_timezone_documented_by_USDA,12:00:00,2013/14,2013,545,,oce-wasde-report-data-2010-04-to-2015-12.zip,7eb285818ea748e15b562fe7aa88107999c42d8d6817f692d8f9818f16fddead,158.1,87.5,13829,1232,11534,13454,1920,821,36,14686
2015-09-11,2015-09-11T16:00:00+00:00,official_csv_release_date_and_time;Eastern_timezone_documented_by_USDA,12:00:00,2014/15,2014,545,Est.,oce-wasde-report-data-2010-04-to-2015-12.zip,7eb285818ea748e15b562fe7aa88107999c42d8d6817f692d8f9818f16fddead,171,83.1,14216,1732,11870,13745,1875,1232,30,15477
2015-09-11,2015-09-11T16:00:00+00:00,official_csv_release_date_and_time;Eastern_timezone_documented_by_USDA,12:00:00,2015/16,2015,545,Proj.,oce-wasde-report-data-2010-04-to-2015-12.zip,7eb285818ea748e15b562fe7aa88107999c42d8d6817f692d8f9818f16fddead,167.5,81.1,13585,1592,11905,13755,1850,1732,30,15347
2015-10-09,2015-10-09T16:00:00+00:00,official_csv_release_date_and_time;Eastern_timezone_documented_by_USDA,12:00:00,2013/14,2013,546,,oce-wasde-report-data-2010-04-to-2015-12.zip,7eb285818ea748e15b562fe7aa88107999c42d8d6817f692d8f9818f16fddead,158.1,87.5,13829,1232,11534,13454,1920,821,36,14686
2015-10-09,2015-10-09T16:00:00+00:00,official_csv_release_date_and_time;Eastern_timezone_documented_by_USDA,12:00:00,2014/15,2014,546,Est.,oce-wasde-report-data-2010-04-to-2015-12.zip,7eb285818ea748e15b562fe7aa88107999c42d8d6817f692d8f9818f16fddead,171,83.1,14216,1731,11883,13748,1864,1232,32,15479
2015-10-09,2015-10-09T16:00:00+00:00,official_csv_release_date_and_time;Eastern_timezone_documented_by_USDA,12:00:00,2015/16,2015,546,Proj.,oce-wasde-report-data-2010-04-to-2015-12.zip,7eb285818ea748e15b562fe7aa88107999c42d8d6817f692d8f9818f16fddead,168,80.7,13555,1561,11905,13755,1850,1731,30,15316
2015-11-10,2015-11-10T17:00:00+00:00,official_csv_release_date_and_time;Eastern_timezone_documented_by_USDA,12:00:00,2013/14,2013,547,,oce-wasde-report-data-2010-04-to-2015-12.zip,7eb285818ea748e15b562fe7aa88107999c42d8d6817f692d8f9818f16fddead,158.1,87.5,13829,1232,11534,13454,1920,821,36,14686
2015-11-10,2015-11-10T17:00:00+00:00,official_csv_release_date_and_time;Eastern_timezone_documented_by_USDA,12:00:00,2014/15,2014,547,Est.,oce-wasde-report-data-2010-04-to-2015-12.zip,7eb285818ea748e15b562fe7aa88107999c42d8d6817f692d8f9818f16fddead,171,83.1,14216,1731,11883,13748,1864,1232,32,15479
2015-11-10,2015-11-10T17:00:00+00:00,official_csv_release_date_and_time;Eastern_timezone_documented_by_USDA,12:00:00,2015/16,2015,547,Proj.,oce-wasde-report-data-2010-04-to-2015-12.zip,7eb285818ea748e15b562fe7aa88107999c42d8d6817f692d8f9818f16fddead,169.3,80.7,13654,1760,11855,13655,1800,1731,30,15415
2015-12-09,2015-12-09T17:00:00+00:00,official_csv_release_date_and_time;Eastern_timezone_documented_by_USDA,12:00:00,2013/14,2013,548,,oce-wasde-report-data-2010-04-to-2015-12.zip,7eb285818ea748e15b562fe7aa88107999c42d8d6817f692d8f9818f16fddead,158.1,87.5,13829,1232,11534,13454,1920,821,36,14686
2015-12-09,2015-12-09T17:00:00+00:00,official_csv_release_date_and_time;Eastern_timezone_documented_by_USDA,12:00:00,2014/15,2014,548,Est.,oce-wasde-report-data-2010-04-to-2015-12.zip,7eb285818ea748e15b562fe7aa88107999c42d8d6817f692d8f9818f16fddead,171,83.1,14216,1731,11883,13748,1864,1232,32,15479
2015-12-09,2015-12-09T17:00:00+00:00,official_csv_release_date_and_time;Eastern_timezone_documented_by_USDA,12:00:00,2015/16,2015,548,Proj.,oce-wasde-report-data-2010-04-to-2015-12.zip,7eb285818ea748e15b562fe7aa88107999c42d8d6817f692d8f9818f16fddead,169.3,80.7,13654,1785,11880,13630,1750,1731,30,15415
2016-01-12,2016-01-12T17:00:00+00:00,official_csv_release_date_and_time;Eastern_timezone_documented_by_USDA,12:00:00,2013/14,2013,549,,oce-wasde-report-data-2016-01-to-2020-12.zip,1cffbc4aa0ec436c832afb306b19631eaac42c2aaf3fffbf8dd9923052bfefb5,158.1,87.5,13829,1232,11534,13454,1920,821,36,14686
2016-01-12,2016-01-12T17:00:00+00:00,official_csv_release_date_and_time;Eastern_timezone_documented_by_USDA,12:00:00,2014/15,2014,549,Est.,oce-wasde-report-data-2016-01-to-2020-12.zip,1cffbc4aa0ec436c832afb306b19631eaac42c2aaf3fffbf8dd9923052bfefb5,171,83.1,14216,1731,11883,13748,1864,1232,32,15479
2016-01-12,2016-01-12T17:00:00+00:00,official_csv_release_date_and_time;Eastern_timezone_documented_by_USDA,12:00:00,2015/16,2015,549,Proj.,oce-wasde-report-data-2016-01-to-2020-12.zip,1cffbc4aa0ec436c832afb306b19631eaac42c2aaf3fffbf8dd9923052bfefb5,168.4,80.7,13601,1802,11870,13570,1700,1731,40,15372
2016-02-09,2016-02-09T17:00:00+00:00,official_csv_release_date_and_time;Eastern_timezone_documented_by_USDA,12:00:00,2013/14,2013,550,,oce-wasde-report-data-2016-01-to-2020-12.zip,1cffbc4aa0ec436c832afb306b19631eaac42c2aaf3fffbf8dd9923052bfefb5,158.1,87.5,13829,1232,11534,13454,1920,821,36,14686
2016-02-09,2016-02-09T17:00:00+00:00,official_csv_release_date_and_time;Eastern_timezone_documented_by_USDA,12:00:00,2014/15,2014,550,Est.,oce-wasde-report-data-2016-01-to-2020-12.zip,1cffbc4aa0ec436c832afb306b19631eaac42c2aaf3fffbf8dd9923052bfefb5,171,83.1,14216,1731,11883,13748,1864,1232,32,15479
2016-02-09,2016-02-09T17:00:00+00:00,official_csv_release_date_and_time;Eastern_timezone_documented_by_USDA,12:00:00,2015/16,2015,550,Proj.,oce-wasde-report-data-2016-01-to-2020-12.zip,1cffbc4aa0ec436c832afb306b19631eaac42c2aaf3fffbf8dd9923052bfefb5,168.4,80.7,13601,1837,11895,13545,1650,1731,50,15382
2016-03-09,2016-03-09T17:00:00+00:00,official_csv_release_date_and_time;Eastern_timezone_documented_by_USDA,12:00:00,2013/14,2013,551,,oce-wasde-report-data-2016-01-to-2020-12.zip,1cffbc4aa0ec436c832afb306b19631eaac42c2aaf3fffbf8dd9923052bfefb5,158.1,87.5,13829,1232,11534,13454,1920,821,36,14686
2016-03-09,2016-03-09T17:00:00+00:00,official_csv_release_date_and_time;Eastern_timezone_documented_by_USDA,12:00:00,2014/15,2014,551,Est.,oce-wasde-report-data-2016-01-to-2020-12.zip,1cffbc4aa0ec436c832afb306b19631eaac42c2aaf3fffbf8dd9923052bfefb5,171,83.1,14216,1731,11883,13748,1864,1232,32,15479
2016-03-09,2016-03-09T17:00:00+00:00,official_csv_release_date_and_time;Eastern_timezone_documented_by_USDA,12:00:00,2015/16,2015,551,Proj.,oce-wasde-report-data-2016-01-to-2020-12.zip,1cffbc4aa0ec436c832afb306b19631eaac42c2aaf3fffbf8dd9923052bfefb5,168.4,80.7,13601,1837,11895,13545,1650,1731,50,15382
2016-04-12,2016-04-12T16:00:00+00:00,official_csv_release_date_and_time;Eastern_timezone_documented_by_USDA,12:00:00,2013/14,2013,552,,oce-wasde-report-data-2016-01-to-2020-12.zip,1cffbc4aa0ec436c832afb306b19631eaac42c2aaf3fffbf8dd9923052bfefb5,158.1,87.5,13829,1232,11534,13454,1920,821,36,14686
2016-04-12,2016-04-12T16:00:00+00:00,official_csv_release_date_and_time;Eastern_timezone_documented_by_USDA,12:00:00,2014/15,2014,552,Est.,oce-wasde-report-data-2016-01-to-2020-12.zip,1cffbc4aa0ec436c832afb306b19631eaac42c2aaf3fffbf8dd9923052bfefb5,171,83.1,14216,1731,11883,13748,1864,1232,32,15479
2016-04-12,2016-04-12T16:00:00+00:00,official_csv_release_date_and_time;Eastern_timezone_documented_by_USDA,12:00:00,2015/16,2015,552,Proj.,oce-wasde-report-data-2016-01-to-2020-12.zip,1cffbc4aa0ec436c832afb306b19631eaac42c2aaf3fffbf8dd9923052bfefb5,168.4,80.7,13601,1862,11871,13521,1650,1731,50,15382
2016-05-10,2016-05-10T16:00:00+00:00,official_csv_release_date_and_time;Eastern_timezone_documented_by_USDA,12:00:00,2014/15,2014,553,,oce-wasde-report-data-2016-01-to-2020-12.zip,1cffbc4aa0ec436c832afb306b19631eaac42c2aaf3fffbf8dd9923052bfefb5,171,83.1,14216,1731,11883,13748,1864,1232,32,15479
2016-05-10,2016-05-10T16:00:00+00:00,official_csv_release_date_and_time;Eastern_timezone_documented_by_USDA,12:00:00,2015/16,2015,553,Est.,oce-wasde-report-data-2016-01-to-2020-12.zip,1cffbc4aa0ec436c832afb306b19631eaac42c2aaf3fffbf8dd9923052bfefb5,168.4,80.7,13601,1803,11860,13585,1725,1731,55,15387
2016-05-10,2016-05-10T16:00:00+00:00,official_csv_release_date_and_time;Eastern_timezone_documented_by_USDA,12:00:00,2016/17,2016,553,Proj.,oce-wasde-report-data-2016-01-to-2020-12.zip,1cffbc4aa0ec436c832afb306b19631eaac42c2aaf3fffbf8dd9923052bfefb5,168,85.9,14430,2153,12220,14120,1900,1803,40,16273
2016-06-10,2016-06-10T16:00:00+00:00,official_csv_release_date_and_time;Eastern_timezone_documented_by_USDA,12:00:00,2014/15,2014,554,,oce-wasde-report-data-2016-01-to-2020-12.zip,1cffbc4aa0ec436c832afb306b19631eaac42c2aaf3fffbf8dd9923052bfefb5,171,83.1,14216,1731,11883,13748,1864,1232,32,15479
2016-06-10,2016-06-10T16:00:00+00:00,official_csv_release_date_and_time;Eastern_timezone_documented_by_USDA,12:00:00,2015/16,2015,554,Est.,oce-wasde-report-data-2016-01-to-2020-12.zip,1cffbc4aa0ec436c832afb306b19631eaac42c2aaf3fffbf8dd9923052bfefb5,168.4,80.7,13601,1708,11860,13685,1825,1731,60,15392
2016-06-10,2016-06-10T16:00:00+00:00,official_csv_release_date_and_time;Eastern_timezone_documented_by_USDA,12:00:00,2016/17,2016,554,Proj.,oce-wasde-report-data-2016-01-to-2020-12.zip,1cffbc4aa0ec436c832afb306b19631eaac42c2aaf3fffbf8dd9923052bfefb5,168,85.9,14430,2008,12220,14170,1950,1708,40,16178
2016-07-12,2016-07-12T16:00:00+00:00,official_csv_release_date_and_time;Eastern_timezone_documented_by_USDA,12:00:00,2014/15,2014,555,,oce-wasde-report-data-2016-01-to-2020-12.zip,1cffbc4aa0ec436c832afb306b19631eaac42c2aaf3fffbf8dd9923052bfefb5,171,83.1,14216,1731,11883,13748,1864,1232,32,15479
2016-07-12,2016-07-12T16:00:00+00:00,official_csv_release_date_and_time;Eastern_timezone_documented_by_USDA,12:00:00,2015/16,2015,555,Est.,oce-wasde-report-data-2016-01-to-2020-12.zip,1cffbc4aa0ec436c832afb306b19631eaac42c2aaf3fffbf8dd9923052bfefb5,168.4,80.7,13601,1701,11792,13692,1900,1731,60,15392
2016-07-12,2016-07-12T16:00:00+00:00,official_csv_release_date_and_time;Eastern_timezone_documented_by_USDA,12:00:00,2016/17,2016,555,Proj.,oce-wasde-report-data-2016-01-to-2020-12.zip,1cffbc4aa0ec436c832afb306b19631eaac42c2aaf3fffbf8dd9923052bfefb5,168,86.6,14540,2081,12150,14200,2050,1701,40,16281
2016-08-12,2016-08-12T16:00:00+00:00,official_csv_release_date_and_time;Eastern_timezone_documented_by_USDA,12:00:00,2014/15,2014,556,,oce-wasde-report-data-2016-01-to-2020-12.zip,1cffbc4aa0ec436c832afb306b19631eaac42c2aaf3fffbf8dd9923052bfefb5,171,83.1,14216,1731,11881,13748,1867,1232,32,15479
2016-08-12,2016-08-12T16:00:00+00:00,official_csv_release_date_and_time;Eastern_timezone_documented_by_USDA,12:00:00,2015/16,2015,556,Est.,oce-wasde-report-data-2016-01-to-2020-12.zip,1cffbc4aa0ec436c832afb306b19631eaac42c2aaf3fffbf8dd9923052bfefb5,168.4,80.7,13601,1706,11767,13692,1925,1731,65,15397
2016-08-12,2016-08-12T16:00:00+00:00,official_csv_release_date_and_time;Eastern_timezone_documented_by_USDA,12:00:00,2016/17,2016,556,Proj.,oce-wasde-report-data-2016-01-to-2020-12.zip,1cffbc4aa0ec436c832afb306b19631eaac42c2aaf3fffbf8dd9923052bfefb5,175.1,86.6,15153,2409,12325,14500,2175,1706,50,16909
2016-09-12,2016-09-12T16:00:00+00:00,official_csv_release_date_and_time;Eastern_timezone_documented_by_USDA,12:00:00,2014/15,2014,557,,oce-wasde-report-data-2016-01-to-2020-12.zip,1cffbc4aa0ec436c832afb306b19631eaac42c2aaf3fffbf8dd9923052bfefb5,171,83.1,14216,1731,11881,13748,1867,1232,32,15479
2016-09-12,2016-09-12T16:00:00+00:00,official_csv_release_date_and_time;Eastern_timezone_documented_by_USDA,12:00:00,2015/16,2015,557,Est.,oce-wasde-report-data-2016-01-to-2020-12.zip,1cffbc4aa0ec436c832afb306b19631eaac42c2aaf3fffbf8dd9923052bfefb5,168.4,80.7,13601,1716,11767,13682,1915,1731,65,15397
2016-09-12,2016-09-12T16:00:00+00:00,official_csv_release_date_and_time;Eastern_timezone_documented_by_USDA,12:00:00,2016/17,2016,557,Proj.,oce-wasde-report-data-2016-01-to-2020-12.zip,1cffbc4aa0ec436c832afb306b19631eaac42c2aaf3fffbf8dd9923052bfefb5,174.4,86.6,15093,2384,12300,14475,2175,1716,50,16859
2016-10-12,2016-10-12T16:00:00+00:00,official_csv_release_date_and_time;Eastern_timezone_documented_by_USDA,12:00:00,2014/15,2014,558,,oce-wasde-report-data-2016-01-to-2020-12.zip,1cffbc4aa0ec436c832afb306b19631eaac42c2aaf3fffbf8dd9923052bfefb5,171,83.1,14216,1731,11881,13748,1867,1232,32,15479
2016-10-12,2016-10-12T16:00:00+00:00,official_csv_release_date_and_time;Eastern_timezone_documented_by_USDA,12:00:00,2015/16,2015,558,Est.,oce-wasde-report-data-2016-01-to-2020-12.zip,1cffbc4aa0ec436c832afb306b19631eaac42c2aaf3fffbf8dd9923052bfefb5,168.4,80.7,13601,1738,11764,13662,1898,1731,67,15400
2016-10-12,2016-10-12T16:00:00+00:00,official_csv_release_date_and_time;Eastern_timezone_documented_by_USDA,12:00:00,2016/17,2016,558,Proj.,oce-wasde-report-data-2016-01-to-2020-12.zip,1cffbc4aa0ec436c832afb306b19631eaac42c2aaf3fffbf8dd9923052bfefb5,173.4,86.8,15057,2320,12300,14525,2225,1738,50,16845
2016-11-09,2016-11-09T17:00:00+00:00,official_csv_release_date_and_time;Eastern_timezone_documented_by_USDA,12:00:00,2014/15,2014,559,,oce-wasde-report-data-2016-01-to-2020-12.zip,1cffbc4aa0ec436c832afb306b19631eaac42c2aaf3fffbf8dd9923052bfefb5,171,83.1,14216,1731,11881,13748,1867,1232,32,15479
2016-11-09,2016-11-09T17:00:00+00:00,official_csv_release_date_and_time;Eastern_timezone_documented_by_USDA,12:00:00,2015/16,2015,559,Est.,oce-wasde-report-data-2016-01-to-2020-12.zip,1cffbc4aa0ec436c832afb306b19631eaac42c2aaf3fffbf8dd9923052bfefb5,168.4,80.7,13601,1738,11764,13662,1898,1731,67,15400
2016-11-09,2016-11-09T17:00:00+00:00,official_csv_release_date_and_time;Eastern_timezone_documented_by_USDA,12:00:00,2016/17,2016,559,Proj.,oce-wasde-report-data-2016-01-to-2020-12.zip,1cffbc4aa0ec436c832afb306b19631eaac42c2aaf3fffbf8dd9923052bfefb5,175.3,86.8,15226,2403,12385,14610,2225,1738,50,17013
2016-12-09,2016-12-09T17:00:00+00:00,official_csv_release_date_and_time;Eastern_timezone_documented_by_USDA,12:00:00,2014/15,2014,560,,oce-wasde-report-data-2016-01-to-2020-12.zip,1cffbc4aa0ec436c832afb306b19631eaac42c2aaf3fffbf8dd9923052bfefb5,171,83.1,14216,1731,11881,13748,1867,1232,32,15479
2016-12-09,2016-12-09T17:00:00+00:00,official_csv_release_date_and_time;Eastern_timezone_documented_by_USDA,12:00:00,2015/16,2015,560,Est.,oce-wasde-report-data-2016-01-to-2020-12.zip,1cffbc4aa0ec436c832afb306b19631eaac42c2aaf3fffbf8dd9923052bfefb5,168.4,80.7,13601,1738,11764,13662,1898,1731,67,15400
2016-12-09,2016-12-09T17:00:00+00:00,official_csv_release_date_and_time;Eastern_timezone_documented_by_USDA,12:00:00,2016/17,2016,560,Proj.,oce-wasde-report-data-2016-01-to-2020-12.zip,1cffbc4aa0ec436c832afb306b19631eaac42c2aaf3fffbf8dd9923052bfefb5,175.3,86.8,15226,2403,12385,14610,2225,1738,50,17013
2017-01-12,2017-01-12T17:00:00+00:00,official_csv_release_date_and_time;Eastern_timezone_documented_by_USDA,12:00:00,2014/15,2014,561,,oce-wasde-report-data-2016-01-to-2020-12.zip,1cffbc4aa0ec436c832afb306b19631eaac42c2aaf3fffbf8dd9923052bfefb5,171,83.1,14216,1731,11881,13748,1867,1232,32,15479
2017-01-12,2017-01-12T17:00:00+00:00,official_csv_release_date_and_time;Eastern_timezone_documented_by_USDA,12:00:00,2015/16,2015,561,Est.,oce-wasde-report-data-2016-01-to-2020-12.zip,1cffbc4aa0ec436c832afb306b19631eaac42c2aaf3fffbf8dd9923052bfefb5,168.4,80.8,13602,1737,11766,13664,1898,1731,67,15401
2017-01-12,2017-01-12T17:00:00+00:00,official_csv_release_date_and_time;Eastern_timezone_documented_by_USDA,12:00:00,2016/17,2016,561,Proj.,oce-wasde-report-data-2016-01-to-2020-12.zip,1cffbc4aa0ec436c832afb306b19631eaac42c2aaf3fffbf8dd9923052bfefb5,174.6,86.7,15148,2355,12360,14585,2225,1737,55,16940
2017-02-09,2017-02-09T17:00:00+00:00,official_csv_release_date_and_time;Eastern_timezone_documented_by_USDA,12:00:00,2014/15,2014,562,,oce-wasde-report-data-2016-01-to-2020-12.zip,1cffbc4aa0ec436c832afb306b19631eaac42c2aaf3fffbf8dd9923052bfefb5,171,83.1,14216,1731,11881,13748,1867,1232,32,15479
2017-02-09,2017-02-09T17:00:00+00:00,official_csv_release_date_and_time;Eastern_timezone_documented_by_USDA,12:00:00,2015/16,2015,562,Est.,oce-wasde-report-data-2016-01-to-2020-12.zip,1cffbc4aa0ec436c832afb306b19631eaac42c2aaf3fffbf8dd9923052bfefb5,168.4,80.8,13602,1737,11766,13664,1898,1731,67,15401
2017-02-09,2017-02-09T17:00:00+00:00,official_csv_release_date_and_time;Eastern_timezone_documented_by_USDA,12:00:00,2016/17,2016,562,Proj.,oce-wasde-report-data-2016-01-to-2020-12.zip,1cffbc4aa0ec436c832afb306b19631eaac42c2aaf3fffbf8dd9923052bfefb5,174.6,86.7,15148,2320,12395,14620,2225,1737,55,16940
2017-03-09,2017-03-09T17:00:00+00:00,official_csv_release_date_and_time;Eastern_timezone_documented_by_USDA,12:00:00,2014/15,2014,563,,oce-wasde-report-data-2016-01-to-2020-12.zip,1cffbc4aa0ec436c832afb306b19631eaac42c2aaf3fffbf8dd9923052bfefb5,171,83.1,14216,1731,11881,13748,1867,1232,32,15479
2017-03-09,2017-03-09T17:00:00+00:00,official_csv_release_date_and_time;Eastern_timezone_documented_by_USDA,12:00:00,2015/16,2015,563,Est.,oce-wasde-report-data-2016-01-to-2020-12.zip,1cffbc4aa0ec436c832afb306b19631eaac42c2aaf3fffbf8dd9923052bfefb5,168.4,80.8,13602,1737,11766,13664,1898,1731,67,15401
2017-03-09,2017-03-09T17:00:00+00:00,official_csv_release_date_and_time;Eastern_timezone_documented_by_USDA,12:00:00,2016/17,2016,563,Proj.,oce-wasde-report-data-2016-01-to-2020-12.zip,1cffbc4aa0ec436c832afb306b19631eaac42c2aaf3fffbf8dd9923052bfefb5,174.6,86.7,15148,2320,12395,14620,2225,1737,55,16940
2017-04-11,2017-04-11T16:00:00+00:00,official_csv_release_date_and_time;Eastern_timezone_documented_by_USDA,12:00:00,2014/15,2014,564,,oce-wasde-report-data-2016-01-to-2020-12.zip,1cffbc4aa0ec436c832afb306b19631eaac42c2aaf3fffbf8dd9923052bfefb5,171,83.1,14216,1731,11881,13748,1867,1232,32,15479
2017-04-11,2017-04-11T16:00:00+00:00,official_csv_release_date_and_time;Eastern_timezone_documented_by_USDA,12:00:00,2015/16,2015,564,Est.,oce-wasde-report-data-2016-01-to-2020-12.zip,1cffbc4aa0ec436c832afb306b19631eaac42c2aaf3fffbf8dd9923052bfefb5,168.4,80.8,13602,1737,11766,13664,1898,1731,67,15401
2017-04-11,2017-04-11T16:00:00+00:00,official_csv_release_date_and_time;Eastern_timezone_documented_by_USDA,12:00:00,2016/17,2016,564,Proj.,oce-wasde-report-data-2016-01-to-2020-12.zip,1cffbc4aa0ec436c832afb306b19631eaac42c2aaf3fffbf8dd9923052bfefb5,174.6,86.7,15148,2320,12395,14620,2225,1737,55,16940
2017-05-10,2017-05-10T16:00:00+00:00,official_csv_release_date_and_time;Eastern_timezone_documented_by_USDA,12:00:00,2015/16,2015,565,,oce-wasde-report-data-2016-01-to-2020-12.zip,1cffbc4aa0ec436c832afb306b19631eaac42c2aaf3fffbf8dd9923052bfefb5,168.4,80.8,13602,1737,11766,13664,1898,1731,67,15401
2017-05-10,2017-05-10T16:00:00+00:00,official_csv_release_date_and_time;Eastern_timezone_documented_by_USDA,12:00:00,2016/17,2016,565,Est.,oce-wasde-report-data-2016-01-to-2020-12.zip,1cffbc4aa0ec436c832afb306b19631eaac42c2aaf3fffbf8dd9923052bfefb5,174.6,86.7,15148,2295,12420,14645,2225,1737,55,16940
2017-05-10,2017-05-10T16:00:00+00:00,official_csv_release_date_and_time;Eastern_timezone_documented_by_USDA,12:00:00,2017/18,2017,565,Proj.,oce-wasde-report-data-2016-01-to-2020-12.zip,1cffbc4aa0ec436c832afb306b19631eaac42c2aaf3fffbf8dd9923052bfefb5,170.7,82.4,14065,2110,12425,14300,1875,2295,50,16410
2017-06-09,2017-06-09T16:00:00+00:00,official_csv_release_date_and_time;Eastern_timezone_documented_by_USDA,12:00:00,2015/16,2015,566,,oce-wasde-report-data-2016-01-to-2020-12.zip,1cffbc4aa0ec436c832afb306b19631eaac42c2aaf3fffbf8dd9923052bfefb5,168.4,80.8,13602,1737,11766,13664,1898,1731,67,15401
2017-06-09,2017-06-09T16:00:00+00:00,official_csv_release_date_and_time;Eastern_timezone_documented_by_USDA,12:00:00,2016/17,2016,566,Est.,oce-wasde-report-data-2016-01-to-2020-12.zip,1cffbc4aa0ec436c832afb306b19631eaac42c2aaf3fffbf8dd9923052bfefb5,174.6,86.7,15148,2295,12420,14645,2225,1737,55,16940
2017-06-09,2017-06-09T16:00:00+00:00,official_csv_release_date_and_time;Eastern_timezone_documented_by_USDA,12:00:00,2017/18,2017,566,Proj.,oce-wasde-report-data-2016-01-to-2020-12.zip,1cffbc4aa0ec436c832afb306b19631eaac42c2aaf3fffbf8dd9923052bfefb5,170.7,82.4,14065,2110,12425,14300,1875,2295,50,16410
2017-07-12,2017-07-12T16:00:00+00:00,official_csv_release_date_and_time;Eastern_timezone_documented_by_USDA,12:00:00,2015/16,2015,567,,oce-wasde-report-data-2016-01-to-2020-12.zip,1cffbc4aa0ec436c832afb306b19631eaac42c2aaf3fffbf8dd9923052bfefb5,168.4,80.8,13602,1737,11763,13664,1901,1731,68,15401
2017-07-12,2017-07-12T16:00:00+00:00,official_csv_release_date_and_time;Eastern_timezone_documented_by_USDA,12:00:00,2016/17,2016,567,Est.,oce-wasde-report-data-2016-01-to-2020-12.zip,1cffbc4aa0ec436c832afb306b19631eaac42c2aaf3fffbf8dd9923052bfefb5,174.6,86.7,15148,2370,12345,14570,2225,1737,55,16940
2017-07-12,2017-07-12T16:00:00+00:00,official_csv_release_date_and_time;Eastern_timezone_documented_by_USDA,12:00:00,2017/18,2017,567,Proj.,oce-wasde-report-data-2016-01-to-2020-12.zip,1cffbc4aa0ec436c832afb306b19631eaac42c2aaf3fffbf8dd9923052bfefb5,170.7,83.5,14255,2325,12475,14350,1875,2370,50,16675
2017-08-10,2017-08-10T16:00:00+00:00,official_csv_release_date_and_time;Eastern_timezone_documented_by_USDA,12:00:00,2015/16,2015,568,,oce-wasde-report-data-2016-01-to-2020-12.zip,1cffbc4aa0ec436c832afb306b19631eaac42c2aaf3fffbf8dd9923052bfefb5,168.4,80.8,13602,1737,11763,13664,1901,1731,68,15401
2017-08-10,2017-08-10T16:00:00+00:00,official_csv_release_date_and_time;Eastern_timezone_documented_by_USDA,12:00:00,2016/17,2016,568,Est.,oce-wasde-report-data-2016-01-to-2020-12.zip,1cffbc4aa0ec436c832afb306b19631eaac42c2aaf3fffbf8dd9923052bfefb5,174.6,86.7,15148,2370,12345,14570,2225,1737,55,16940
2017-08-10,2017-08-10T16:00:00+00:00,official_csv_release_date_and_time;Eastern_timezone_documented_by_USDA,12:00:00,2017/18,2017,568,Proj.,oce-wasde-report-data-2016-01-to-2020-12.zip,1cffbc4aa0ec436c832afb306b19631eaac42c2aaf3fffbf8dd9923052bfefb5,169.5,83.5,14153,2273,12450,14300,1850,2370,50,16573
2017-09-12,2017-09-12T16:00:00+00:00,official_csv_release_date_and_time;Eastern_timezone_documented_by_USDA,12:00:00,2015/16,2015,569,,oce-wasde-report-data-2016-01-to-2020-12.zip,1cffbc4aa0ec436c832afb306b19631eaac42c2aaf3fffbf8dd9923052bfefb5,168.4,80.8,13602,1737,11763,13664,1901,1731,68,15401
2017-09-12,2017-09-12T16:00:00+00:00,official_csv_release_date_and_time;Eastern_timezone_documented_by_USDA,12:00:00,2016/17,2016,569,Est.,oce-wasde-report-data-2016-01-to-2020-12.zip,1cffbc4aa0ec436c832afb306b19631eaac42c2aaf3fffbf8dd9923052bfefb5,174.6,86.7,15148,2350,12295,14590,2295,1737,55,16940
2017-09-12,2017-09-12T16:00:00+00:00,official_csv_release_date_and_time;Eastern_timezone_documented_by_USDA,12:00:00,2017/18,2017,569,Proj.,oce-wasde-report-data-2016-01-to-2020-12.zip,1cffbc4aa0ec436c832afb306b19631eaac42c2aaf3fffbf8dd9923052bfefb5,169.9,83.5,14184,2335,12400,14250,1850,2350,50,16585
2017-10-12,2017-10-12T16:00:00+00:00,official_csv_release_date_and_time;Eastern_timezone_documented_by_USDA,12:00:00,2015/16,2015,570,,oce-wasde-report-data-2016-01-to-2020-12.zip,1cffbc4aa0ec436c832afb306b19631eaac42c2aaf3fffbf8dd9923052bfefb5,168.4,80.8,13602,1737,11763,13664,1901,1731,68,15401
2017-10-12,2017-10-12T16:00:00+00:00,official_csv_release_date_and_time;Eastern_timezone_documented_by_USDA,12:00:00,2016/17,2016,570,Est.,oce-wasde-report-data-2016-01-to-2020-12.zip,1cffbc4aa0ec436c832afb306b19631eaac42c2aaf3fffbf8dd9923052bfefb5,174.6,86.7,15148,2295,12354,14647,2293,1737,57,16942
2017-10-12,2017-10-12T16:00:00+00:00,official_csv_release_date_and_time;Eastern_timezone_documented_by_USDA,12:00:00,2017/18,2017,570,Proj.,oce-wasde-report-data-2016-01-to-2020-12.zip,1cffbc4aa0ec436c832afb306b19631eaac42c2aaf3fffbf8dd9923052bfefb5,171.8,83.1,14280,2340,12435,14285,1850,2295,50,16625
2017-11-09,2017-11-09T17:00:00+00:00,official_csv_release_date_and_time;Eastern_timezone_documented_by_USDA,12:00:00,2015/16,2015,571,,oce-wasde-report-data-2016-01-to-2020-12.zip,1cffbc4aa0ec436c832afb306b19631eaac42c2aaf3fffbf8dd9923052bfefb5,168.4,80.8,13602,1737,11763,13664,1901,1731,68,15401
2017-11-09,2017-11-09T17:00:00+00:00,official_csv_release_date_and_time;Eastern_timezone_documented_by_USDA,12:00:00,2016/17,2016,571,Est.,oce-wasde-report-data-2016-01-to-2020-12.zip,1cffbc4aa0ec436c832afb306b19631eaac42c2aaf3fffbf8dd9923052bfefb5,174.6,86.7,15148,2295,12354,14647,2293,1737,57,16942
2017-11-09,2017-11-09T17:00:00+00:00,official_csv_release_date_and_time;Eastern_timezone_documented_by_USDA,12:00:00,2017/18,2017,571,Proj.,oce-wasde-report-data-2016-01-to-2020-12.zip,1cffbc4aa0ec436c832afb306b19631eaac42c2aaf3fffbf8dd9923052bfefb5,175.4,83.1,14578,2487,12510,14435,1925,2295,50,16922
2017-12-12,2017-12-12T17:00:00+00:00,official_csv_release_date_and_time;Eastern_timezone_documented_by_USDA,12:00:00,2015/16,2015,572,,oce-wasde-report-data-2016-01-to-2020-12.zip,1cffbc4aa0ec436c832afb306b19631eaac42c2aaf3fffbf8dd9923052bfefb5,168.4,80.8,13602,1737,11763,13664,1901,1731,68,15401
2017-12-12,2017-12-12T17:00:00+00:00,official_csv_release_date_and_time;Eastern_timezone_documented_by_USDA,12:00:00,2016/17,2016,572,Est.,oce-wasde-report-data-2016-01-to-2020-12.zip,1cffbc4aa0ec436c832afb306b19631eaac42c2aaf3fffbf8dd9923052bfefb5,174.6,86.7,15148,2295,12354,14647,2293,1737,57,16942
2017-12-12,2017-12-12T17:00:00+00:00,official_csv_release_date_and_time;Eastern_timezone_documented_by_USDA,12:00:00,2017/18,2017,572,Proj.,oce-wasde-report-data-2016-01-to-2020-12.zip,1cffbc4aa0ec436c832afb306b19631eaac42c2aaf3fffbf8dd9923052bfefb5,175.4,83.1,14578,2437,12560,14485,1925,2295,50,16922
2018-01-12,2018-01-12T17:00:00+00:00,official_csv_release_date_and_time;Eastern_timezone_documented_by_USDA,12:00:00,2015/16,2015,573,,oce-wasde-report-data-2016-01-to-2020-12.zip,1cffbc4aa0ec436c832afb306b19631eaac42c2aaf3fffbf8dd9923052bfefb5,168.4,80.8,13602,1737,11763,13664,1901,1731,68,15401
2018-01-12,2018-01-12T17:00:00+00:00,official_csv_release_date_and_time;Eastern_timezone_documented_by_USDA,12:00:00,2016/17,2016,573,Est.,oce-wasde-report-data-2016-01-to-2020-12.zip,1cffbc4aa0ec436c832afb306b19631eaac42c2aaf3fffbf8dd9923052bfefb5,174.6,86.7,15148,2293,12356,14649,2293,1737,57,16942
2018-01-12,2018-01-12T17:00:00+00:00,official_csv_release_date_and_time;Eastern_timezone_documented_by_USDA,12:00:00,2017/18,2017,573,Proj.,oce-wasde-report-data-2016-01-to-2020-12.zip,1cffbc4aa0ec436c832afb306b19631eaac42c2aaf3fffbf8dd9923052bfefb5,176.6,82.7,14604,2477,12545,14470,1925,2293,50,16947
2018-02-08,2018-02-08T17:00:00+00:00,official_csv_release_date_and_time;Eastern_timezone_documented_by_USDA,12:00:00,2015/16,2015,574,,oce-wasde-report-data-2016-01-to-2020-12.zip,1cffbc4aa0ec436c832afb306b19631eaac42c2aaf3fffbf8dd9923052bfefb5,168.4,80.8,13602,1737,11763,13664,1901,1731,68,15401
2018-02-08,2018-02-08T17:00:00+00:00,official_csv_release_date_and_time;Eastern_timezone_documented_by_USDA,12:00:00,2016/17,2016,574,Est.,oce-wasde-report-data-2016-01-to-2020-12.zip,1cffbc4aa0ec436c832afb306b19631eaac42c2aaf3fffbf8dd9923052bfefb5,174.6,86.7,15148,2293,12356,14649,2293,1737,57,16942
2018-02-08,2018-02-08T17:00:00+00:00,official_csv_release_date_and_time;Eastern_timezone_documented_by_USDA,12:00:00,2017/18,2017,574,Proj.,oce-wasde-report-data-2016-01-to-2020-12.zip,1cffbc4aa0ec436c832afb306b19631eaac42c2aaf3fffbf8dd9923052bfefb5,176.6,82.7,14604,2352,12545,14595,2050,2293,50,16947
2018-03-08,2018-03-08T17:00:00+00:00,official_csv_release_date_and_time;Eastern_timezone_documented_by_USDA,12:00:00,2015/16,2015,575,,oce-wasde-report-data-2016-01-to-2020-12.zip,1cffbc4aa0ec436c832afb306b19631eaac42c2aaf3fffbf8dd9923052bfefb5,168.4,80.8,13602,1737,11763,13664,1901,1731,68,15401
2018-03-08,2018-03-08T17:00:00+00:00,official_csv_release_date_and_time;Eastern_timezone_documented_by_USDA,12:00:00,2016/17,2016,575,Est.,oce-wasde-report-data-2016-01-to-2020-12.zip,1cffbc4aa0ec436c832afb306b19631eaac42c2aaf3fffbf8dd9923052bfefb5,174.6,86.7,15148,2293,12356,14649,2293,1737,57,16942
2018-03-08,2018-03-08T17:00:00+00:00,official_csv_release_date_and_time;Eastern_timezone_documented_by_USDA,12:00:00,2017/18,2017,575,Proj.,oce-wasde-report-data-2016-01-to-2020-12.zip,1cffbc4aa0ec436c832afb306b19631eaac42c2aaf3fffbf8dd9923052bfefb5,176.6,82.7,14604,2127,12595,14820,2225,2293,50,16947
2018-04-10,2018-04-10T16:00:00+00:00,official_csv_release_date_and_time;Eastern_timezone_documented_by_USDA,12:00:00,2015/16,2015,576,,oce-wasde-report-data-2016-01-to-2020-12.zip,1cffbc4aa0ec436c832afb306b19631eaac42c2aaf3fffbf8dd9923052bfefb5,168.4,80.8,13602,1737,11763,13664,1901,1731,68,15401
2018-04-10,2018-04-10T16:00:00+00:00,official_csv_release_date_and_time;Eastern_timezone_documented_by_USDA,12:00:00,2016/17,2016,576,Est.,oce-wasde-report-data-2016-01-to-2020-12.zip,1cffbc4aa0ec436c832afb306b19631eaac42c2aaf3fffbf8dd9923052bfefb5,174.6,86.7,15148,2293,12356,14649,2293,1737,57,16942
2018-04-10,2018-04-10T16:00:00+00:00,official_csv_release_date_and_time;Eastern_timezone_documented_by_USDA,12:00:00,2017/18,2017,576,Proj.,oce-wasde-report-data-2016-01-to-2020-12.zip,1cffbc4aa0ec436c832afb306b19631eaac42c2aaf3fffbf8dd9923052bfefb5,176.6,82.7,14604,2182,12540,14765,2225,2293,50,16947
2018-05-10,2018-05-10T16:00:00+00:00,official_csv_release_date_and_time;Eastern_timezone_documented_by_USDA,12:00:00,2016/17,2016,577,,oce-wasde-report-data-2016-01-to-2020-12.zip,1cffbc4aa0ec436c832afb306b19631eaac42c2aaf3fffbf8dd9923052bfefb5,174.6,86.7,15148,2293,12356,14649,2293,1737,57,16942
2018-05-10,2018-05-10T16:00:00+00:00,official_csv_release_date_and_time;Eastern_timezone_documented_by_USDA,12:00:00,2017/18,2017,577,Est.,oce-wasde-report-data-2016-01-to-2020-12.zip,1cffbc4aa0ec436c832afb306b19631eaac42c2aaf3fffbf8dd9923052bfefb5,176.6,82.7,14604,2182,12540,14765,2225,2293,50,16947
2018-05-10,2018-05-10T16:00:00+00:00,official_csv_release_date_and_time;Eastern_timezone_documented_by_USDA,12:00:00,2018/19,2018,577,Proj.,oce-wasde-report-data-2016-01-to-2020-12.zip,1cffbc4aa0ec436c832afb306b19631eaac42c2aaf3fffbf8dd9923052bfefb5,174,80.7,14040,1682,12490,14590,2100,2182,50,16272
2018-06-12,2018-06-12T16:00:00+00:00,official_csv_release_date_and_time;Eastern_timezone_documented_by_USDA,12:00:00,2016/17,2016,578,,oce-wasde-report-data-2016-01-to-2020-12.zip,1cffbc4aa0ec436c832afb306b19631eaac42c2aaf3fffbf8dd9923052bfefb5,174.6,86.7,15148,2293,12356,14649,2293,1737,57,16942
2018-06-12,2018-06-12T16:00:00+00:00,official_csv_release_date_and_time;Eastern_timezone_documented_by_USDA,12:00:00,2017/18,2017,578,Est.,oce-wasde-report-data-2016-01-to-2020-12.zip,1cffbc4aa0ec436c832afb306b19631eaac42c2aaf3fffbf8dd9923052bfefb5,176.6,82.7,14604,2102,12540,14840,2300,2293,45,16942
2018-06-12,2018-06-12T16:00:00+00:00,official_csv_release_date_and_time;Eastern_timezone_documented_by_USDA,12:00:00,2018/19,2018,578,Proj.,oce-wasde-report-data-2016-01-to-2020-12.zip,1cffbc4aa0ec436c832afb306b19631eaac42c2aaf3fffbf8dd9923052bfefb5,174,80.7,14040,1577,12515,14615,2100,2102,50,16192
2018-07-12,2018-07-12T16:00:00+00:00,official_csv_release_date_and_time;Eastern_timezone_documented_by_USDA,12:00:00,2016/17,2016,579,,oce-wasde-report-data-2016-01-to-2020-12.zip,1cffbc4aa0ec436c832afb306b19631eaac42c2aaf3fffbf8dd9923052bfefb5,174.6,86.7,15148,2293,12355,14649,2294,1737,57,16942
2018-07-12,2018-07-12T16:00:00+00:00,official_csv_release_date_and_time;Eastern_timezone_documented_by_USDA,12:00:00,2017/18,2017,579,Est.,oce-wasde-report-data-2016-01-to-2020-12.zip,1cffbc4aa0ec436c832afb306b19631eaac42c2aaf3fffbf8dd9923052bfefb5,176.6,82.7,14604,2027,12510,14910,2400,2293,40,16937
2018-07-12,2018-07-12T16:00:00+00:00,official_csv_release_date_and_time;Eastern_timezone_documented_by_USDA,12:00:00,2018/19,2018,579,Proj.,oce-wasde-report-data-2016-01-to-2020-12.zip,1cffbc4aa0ec436c832afb306b19631eaac42c2aaf3fffbf8dd9923052bfefb5,174,81.8,14230,1552,12530,14755,2225,2027,50,16307
2018-08-10,2018-08-10T16:00:00+00:00,official_csv_release_date_and_time;Eastern_timezone_documented_by_USDA,12:00:00,2016/17,2016,580,,oce-wasde-report-data-2016-01-to-2020-12.zip,1cffbc4aa0ec436c832afb306b19631eaac42c2aaf3fffbf8dd9923052bfefb5,174.6,86.7,15148,2293,12355,14649,2294,1737,57,16942
2018-08-10,2018-08-10T16:00:00+00:00,official_csv_release_date_and_time;Eastern_timezone_documented_by_USDA,12:00:00,2017/18,2017,580,Est.,oce-wasde-report-data-2016-01-to-2020-12.zip,1cffbc4aa0ec436c832afb306b19631eaac42c2aaf3fffbf8dd9923052bfefb5,176.6,82.7,14604,2027,12510,14910,2400,2293,40,16937
2018-08-10,2018-08-10T16:00:00+00:00,official_csv_release_date_and_time;Eastern_timezone_documented_by_USDA,12:00:00,2018/19,2018,580,Proj.,oce-wasde-report-data-2016-01-to-2020-12.zip,1cffbc4aa0ec436c832afb306b19631eaac42c2aaf3fffbf8dd9923052bfefb5,178.4,81.8,14586,1684,12630,14980,2350,2027,50,16664
2018-09-12,2018-09-12T16:00:00+00:00,official_csv_release_date_and_time;Eastern_timezone_documented_by_USDA,12:00:00,2016/17,2016,581,,oce-wasde-report-data-2016-01-to-2020-12.zip,1cffbc4aa0ec436c832afb306b19631eaac42c2aaf3fffbf8dd9923052bfefb5,174.6,86.7,15148,2293,12355,14649,2294,1737,57,16942
2018-09-12,2018-09-12T16:00:00+00:00,official_csv_release_date_and_time;Eastern_timezone_documented_by_USDA,12:00:00,2017/18,2017,581,Est.,oce-wasde-report-data-2016-01-to-2020-12.zip,1cffbc4aa0ec436c832afb306b19631eaac42c2aaf3fffbf8dd9923052bfefb5,176.6,82.7,14604,2002,12510,14935,2425,2293,40,16937
2018-09-12,2018-09-12T16:00:00+00:00,official_csv_release_date_and_time;Eastern_timezone_documented_by_USDA,12:00:00,2018/19,2018,581,Proj.,oce-wasde-report-data-2016-01-to-2020-12.zip,1cffbc4aa0ec436c832afb306b19631eaac42c2aaf3fffbf8dd9923052bfefb5,181.3,81.8,14827,1774,12705,15105,2400,2002,50,16879
2018-10-11,2018-10-11T16:00:00+00:00,official_csv_release_date_and_time;Eastern_timezone_documented_by_USDA,12:00:00,2016/17,2016,582,,oce-wasde-report-data-2016-01-to-2020-12.zip,1cffbc4aa0ec436c832afb306b19631eaac42c2aaf3fffbf8dd9923052bfefb5,174.6,86.7,15148,2293,12355,14649,2294,1737,57,16942
2018-10-11,2018-10-11T16:00:00+00:00,official_csv_release_date_and_time;Eastern_timezone_documented_by_USDA,12:00:00,2017/18,2017,582,Est.,oce-wasde-report-data-2016-01-to-2020-12.zip,1cffbc4aa0ec436c832afb306b19631eaac42c2aaf3fffbf8dd9923052bfefb5,176.6,82.7,14604,2140,12355,14793,2438,2293,36,16934
2018-10-11,2018-10-11T16:00:00+00:00,official_csv_release_date_and_time;Eastern_timezone_documented_by_USDA,12:00:00,2018/19,2018,582,Proj.,oce-wasde-report-data-2016-01-to-2020-12.zip,1cffbc4aa0ec436c832afb306b19631eaac42c2aaf3fffbf8dd9923052bfefb5,180.7,81.8,14778,1813,12680,15155,2475,2140,50,16968
2018-11-08,2018-11-08T17:00:00+00:00,official_csv_release_date_and_time;Eastern_timezone_documented_by_USDA,12:00:00,2016/17,2016,583,,oce-wasde-report-data-2016-01-to-2020-12.zip,1cffbc4aa0ec436c832afb306b19631eaac42c2aaf3fffbf8dd9923052bfefb5,174.6,86.7,15148,2293,12355,14649,2294,1737,57,16942
2018-11-08,2018-11-08T17:00:00+00:00,official_csv_release_date_and_time;Eastern_timezone_documented_by_USDA,12:00:00,2017/18,2017,583,Est.,oce-wasde-report-data-2016-01-to-2020-12.zip,1cffbc4aa0ec436c832afb306b19631eaac42c2aaf3fffbf8dd9923052bfefb5,176.6,82.7,14604,2140,12355,14793,2438,2293,36,16934
2018-11-08,2018-11-08T17:00:00+00:00,official_csv_release_date_and_time;Eastern_timezone_documented_by_USDA,12:00:00,2018/19,2018,583,Proj.,oce-wasde-report-data-2016-01-to-2020-12.zip,1cffbc4aa0ec436c832afb306b19631eaac42c2aaf3fffbf8dd9923052bfefb5,178.9,81.8,14626,1736,12630,15080,2450,2140,50,16816
2018-12-11,2018-12-11T17:00:00+00:00,official_csv_release_date_and_time;Eastern_timezone_documented_by_USDA,12:00:00,2016/17,2016,584,,oce-wasde-report-data-2016-01-to-2020-12.zip,1cffbc4aa0ec436c832afb306b19631eaac42c2aaf3fffbf8dd9923052bfefb5,174.6,86.7,15148,2293,12355,14649,2294,1737,57,16942
2018-12-11,2018-12-11T17:00:00+00:00,official_csv_release_date_and_time;Eastern_timezone_documented_by_USDA,12:00:00,2017/18,2017,584,Est.,oce-wasde-report-data-2016-01-to-2020-12.zip,1cffbc4aa0ec436c832afb306b19631eaac42c2aaf3fffbf8dd9923052bfefb5,176.6,82.7,14604,2140,12355,14793,2438,2293,36,16934
2018-12-11,2018-12-11T17:00:00+00:00,official_csv_release_date_and_time;Eastern_timezone_documented_by_USDA,12:00:00,2018/19,2018,584,Proj.,oce-wasde-report-data-2016-01-to-2020-12.zip,1cffbc4aa0ec436c832afb306b19631eaac42c2aaf3fffbf8dd9923052bfefb5,178.9,81.8,14626,1781,12580,15030,2450,2140,45,16811
2019-02-08,2019-02-08T17:00:00+00:00,official_csv_release_date_and_time;Eastern_timezone_documented_by_USDA,12:00:00,2016/17,2016,585,,oce-wasde-report-data-2016-01-to-2020-12.zip,1cffbc4aa0ec436c832afb306b19631eaac42c2aaf3fffbf8dd9923052bfefb5,174.6,86.7,15148,2293,12355,14649,2294,1737,57,16942
2019-02-08,2019-02-08T17:00:00+00:00,official_csv_release_date_and_time;Eastern_timezone_documented_by_USDA,12:00:00,2017/18,2017,585,Est.,oce-wasde-report-data-2016-01-to-2020-12.zip,1cffbc4aa0ec436c832afb306b19631eaac42c2aaf3fffbf8dd9923052bfefb5,176.6,82.7,14609,2140,12360,14799,2438,2293,36,16939
2019-02-08,2019-02-08T17:00:00+00:00,official_csv_release_date_and_time;Eastern_timezone_documented_by_USDA,12:00:00,2018/19,2018,585,Proj.,oce-wasde-report-data-2016-01-to-2020-12.zip,1cffbc4aa0ec436c832afb306b19631eaac42c2aaf3fffbf8dd9923052bfefb5,176.4,81.7,14420,1735,12415,14865,2450,2140,40,16600
2019-03-08,2019-03-08T17:00:00+00:00,official_csv_release_date_and_time;Eastern_timezone_documented_by_USDA,12:00:00,2016/17,2016,586,,oce-wasde-report-data-2016-01-to-2020-12.zip,1cffbc4aa0ec436c832afb306b19631eaac42c2aaf3fffbf8dd9923052bfefb5,174.6,86.7,15148,2293,12355,14649,2294,1737,57,16942
2019-03-08,2019-03-08T17:00:00+00:00,official_csv_release_date_and_time;Eastern_timezone_documented_by_USDA,12:00:00,2017/18,2017,586,Est.,oce-wasde-report-data-2016-01-to-2020-12.zip,1cffbc4aa0ec436c832afb306b19631eaac42c2aaf3fffbf8dd9923052bfefb5,176.6,82.7,14609,2140,12360,14799,2438,2293,36,16939
2019-03-08,2019-03-08T17:00:00+00:00,official_csv_release_date_and_time;Eastern_timezone_documented_by_USDA,12:00:00,2018/19,2018,586,Proj.,oce-wasde-report-data-2016-01-to-2020-12.zip,1cffbc4aa0ec436c832afb306b19631eaac42c2aaf3fffbf8dd9923052bfefb5,176.4,81.7,14420,1835,12390,14765,2375,2140,40,16600
2019-04-09,2019-04-09T16:00:00+00:00,official_csv_release_date_and_time;Eastern_timezone_documented_by_USDA,12:00:00,2016/17,2016,587,,oce-wasde-report-data-2016-01-to-2020-12.zip,1cffbc4aa0ec436c832afb306b19631eaac42c2aaf3fffbf8dd9923052bfefb5,174.6,86.7,15148,2293,12355,14649,2294,1737,57,16942
2019-04-09,2019-04-09T16:00:00+00:00,official_csv_release_date_and_time;Eastern_timezone_documented_by_USDA,12:00:00,2017/18,2017,587,Est.,oce-wasde-report-data-2016-01-to-2020-12.zip,1cffbc4aa0ec436c832afb306b19631eaac42c2aaf3fffbf8dd9923052bfefb5,176.6,82.7,14609,2140,12360,14799,2438,2293,36,16939
2019-04-09,2019-04-09T16:00:00+00:00,official_csv_release_date_and_time;Eastern_timezone_documented_by_USDA,12:00:00,2018/19,2018,587,Proj.,oce-wasde-report-data-2016-01-to-2020-12.zip,1cffbc4aa0ec436c832afb306b19631eaac42c2aaf3fffbf8dd9923052bfefb5,176.4,81.7,14420,2035,12265,14565,2300,2140,40,16600
2019-05-10,2019-05-10T16:00:00+00:00,official_csv_release_date_and_time;Eastern_timezone_documented_by_USDA,12:00:00,2017/18,2017,588,,oce-wasde-report-data-2016-01-to-2020-12.zip,1cffbc4aa0ec436c832afb306b19631eaac42c2aaf3fffbf8dd9923052bfefb5,176.6,82.7,14609,2140,12360,14799,2438,2293,36,16939
2019-05-10,2019-05-10T16:00:00+00:00,official_csv_release_date_and_time;Eastern_timezone_documented_by_USDA,12:00:00,2018/19,2018,588,Est.,oce-wasde-report-data-2016-01-to-2020-12.zip,1cffbc4aa0ec436c832afb306b19631eaac42c2aaf3fffbf8dd9923052bfefb5,176.4,81.7,14420,2095,12200,14500,2300,2140,35,16595
2019-05-10,2019-05-10T16:00:00+00:00,official_csv_release_date_and_time;Eastern_timezone_documented_by_USDA,12:00:00,2019/20,2019,588,Proj.,oce-wasde-report-data-2016-01-to-2020-12.zip,1cffbc4aa0ec436c832afb306b19631eaac42c2aaf3fffbf8dd9923052bfefb5,176,85.4,15030,2485,12400,14675,2275,2095,35,17160
2019-06-11,2019-06-11T16:00:00+00:00,official_csv_release_date_and_time;Eastern_timezone_documented_by_USDA,12:00:00,2017/18,2017,589,,oce-wasde-report-data-2016-01-to-2020-12.zip,1cffbc4aa0ec436c832afb306b19631eaac42c2aaf3fffbf8dd9923052bfefb5,176.6,82.7,14609,2140,12360,14799,2438,2293,36,16939
2019-06-11,2019-06-11T16:00:00+00:00,official_csv_release_date_and_time;Eastern_timezone_documented_by_USDA,12:00:00,2018/19,2018,589,Est.,oce-wasde-report-data-2016-01-to-2020-12.zip,1cffbc4aa0ec436c832afb306b19631eaac42c2aaf3fffbf8dd9923052bfefb5,176.4,81.7,14420,2195,12200,14400,2200,2140,35,16595
2019-06-11,2019-06-11T16:00:00+00:00,official_csv_release_date_and_time;Eastern_timezone_documented_by_USDA,12:00:00,2019/20,2019,589,Proj.,oce-wasde-report-data-2016-01-to-2020-12.zip,1cffbc4aa0ec436c832afb306b19631eaac42c2aaf3fffbf8dd9923052bfefb5,166,82.4,13680,1675,12100,14250,2150,2195,50,15925
2019-07-11,2019-07-11T16:00:00+00:00,official_csv_release_date_and_time;Eastern_timezone_documented_by_USDA,12:00:00,2017/18,2017,590,,oce-wasde-report-data-2016-01-to-2020-12.zip,1cffbc4aa0ec436c832afb306b19631eaac42c2aaf3fffbf8dd9923052bfefb5,176.6,82.7,14609,2140,12361,14798,2438,2293,36,16939
2019-07-11,2019-07-11T16:00:00+00:00,official_csv_release_date_and_time;Eastern_timezone_documented_by_USDA,12:00:00,2018/19,2018,590,Est.,oce-wasde-report-data-2016-01-to-2020-12.zip,1cffbc4aa0ec436c832afb306b19631eaac42c2aaf3fffbf8dd9923052bfefb5,176.4,81.7,14420,2340,12155,14255,2100,2140,35,16595
2019-07-11,2019-07-11T16:00:00+00:00,official_csv_release_date_and_time;Eastern_timezone_documented_by_USDA,12:00:00,2019/20,2019,590,Proj.,oce-wasde-report-data-2016-01-to-2020-12.zip,1cffbc4aa0ec436c832afb306b19631eaac42c2aaf3fffbf8dd9923052bfefb5,166,83.6,13875,2010,12105,14255,2150,2340,50,16265
2019-08-12,2019-08-12T16:00:00+00:00,official_csv_release_date_and_time;Eastern_timezone_documented_by_USDA,12:00:00,2017/18,2017,591,,oce-wasde-report-data-2016-01-to-2020-12.zip,1cffbc4aa0ec436c832afb306b19631eaac42c2aaf3fffbf8dd9923052bfefb5,176.6,82.7,14609,2140,12361,14798,2438,2293,36,16939
2019-08-12,2019-08-12T16:00:00+00:00,official_csv_release_date_and_time;Eastern_timezone_documented_by_USDA,12:00:00,2018/19,2018,591,Est.,oce-wasde-report-data-2016-01-to-2020-12.zip,1cffbc4aa0ec436c832afb306b19631eaac42c2aaf3fffbf8dd9923052bfefb5,176.4,81.7,14420,2360,12130,14230,2100,2140,30,16590
2019-08-12,2019-08-12T16:00:00+00:00,official_csv_release_date_and_time;Eastern_timezone_documented_by_USDA,12:00:00,2019/20,2019,591,Proj.,oce-wasde-report-data-2016-01-to-2020-12.zip,1cffbc4aa0ec436c832afb306b19631eaac42c2aaf3fffbf8dd9923052bfefb5,169.5,82,13901,2181,12080,14130,2050,2360,50,16311
2019-09-12,2019-09-12T16:00:00+00:00,official_csv_release_date_and_time;Eastern_timezone_documented_by_USDA,12:00:00,2017/18,2017,592,,oce-wasde-report-data-2016-01-to-2020-12.zip,1cffbc4aa0ec436c832afb306b19631eaac42c2aaf3fffbf8dd9923052bfefb5,176.6,82.7,14609,2140,12361,14798,2438,2293,36,16939
2019-09-12,2019-09-12T16:00:00+00:00,official_csv_release_date_and_time;Eastern_timezone_documented_by_USDA,12:00:00,2018/19,2018,592,Est.,oce-wasde-report-data-2016-01-to-2020-12.zip,1cffbc4aa0ec436c832afb306b19631eaac42c2aaf3fffbf8dd9923052bfefb5,176.4,81.7,14420,2445,12080,14140,2060,2140,25,16585
2019-09-12,2019-09-12T16:00:00+00:00,official_csv_release_date_and_time;Eastern_timezone_documented_by_USDA,12:00:00,2019/20,2019,592,Proj.,oce-wasde-report-data-2016-01-to-2020-12.zip,1cffbc4aa0ec436c832afb306b19631eaac42c2aaf3fffbf8dd9923052bfefb5,168.2,82,13799,2190,12055,14105,2050,2445,50,16295
2019-10-10,2019-10-10T16:00:00+00:00,official_csv_release_date_and_time;Eastern_timezone_documented_by_USDA,12:00:00,2017/18,2017,593,,oce-wasde-report-data-2016-01-to-2020-12.zip,1cffbc4aa0ec436c832afb306b19631eaac42c2aaf3fffbf8dd9923052bfefb5,176.6,82.7,14609,2140,12361,14798,2438,2293,36,16939
2019-10-10,2019-10-10T16:00:00+00:00,official_csv_release_date_and_time;Eastern_timezone_documented_by_USDA,12:00:00,2018/19,2018,593,Est.,oce-wasde-report-data-2016-01-to-2020-12.zip,1cffbc4aa0ec436c832afb306b19631eaac42c2aaf3fffbf8dd9923052bfefb5,176.4,81.7,14420,2114,12409,14474,2065,2140,28,16588
2019-10-10,2019-10-10T16:00:00+00:00,official_csv_release_date_and_time;Eastern_timezone_documented_by_USDA,12:00:00,2019/20,2019,593,Proj.,oce-wasde-report-data-2016-01-to-2020-12.zip,1cffbc4aa0ec436c832afb306b19631eaac42c2aaf3fffbf8dd9923052bfefb5,168.4,81.8,13779,1929,12115,14015,1900,2114,50,15944
2019-11-08,2019-11-08T17:00:00+00:00,official_csv_release_date_and_time;Eastern_timezone_documented_by_USDA,12:00:00,2017/18,2017,594,,oce-wasde-report-data-2016-01-to-2020-12.zip,1cffbc4aa0ec436c832afb306b19631eaac42c2aaf3fffbf8dd9923052bfefb5,176.6,82.7,14609,2140,12361,14798,2438,2293,36,16939
2019-11-08,2019-11-08T17:00:00+00:00,official_csv_release_date_and_time;Eastern_timezone_documented_by_USDA,12:00:00,2018/19,2018,594,Est.,oce-wasde-report-data-2016-01-to-2020-12.zip,1cffbc4aa0ec436c832afb306b19631eaac42c2aaf3fffbf8dd9923052bfefb5,176.4,81.7,14420,2114,12409,14474,2065,2140,28,16588
2019-11-08,2019-11-08T17:00:00+00:00,official_csv_release_date_and_time;Eastern_timezone_documented_by_USDA,12:00:00,2019/20,2019,594,Proj.,oce-wasde-report-data-2016-01-to-2020-12.zip,1cffbc4aa0ec436c832afb306b19631eaac42c2aaf3fffbf8dd9923052bfefb5,167,81.8,13661,1910,12065,13915,1850,2114,50,15825
2019-12-10,2019-12-10T17:00:00+00:00,official_csv_release_date_and_time;Eastern_timezone_documented_by_USDA,12:00:00,2017/18,2017,595,,oce-wasde-report-data-2016-01-to-2020-12.zip,1cffbc4aa0ec436c832afb306b19631eaac42c2aaf3fffbf8dd9923052bfefb5,176.6,82.7,14609,2140,12361,14798,2438,2293,36,16939
2019-12-10,2019-12-10T17:00:00+00:00,official_csv_release_date_and_time;Eastern_timezone_documented_by_USDA,12:00:00,2018/19,2018,595,Est.,oce-wasde-report-data-2016-01-to-2020-12.zip,1cffbc4aa0ec436c832afb306b19631eaac42c2aaf3fffbf8dd9923052bfefb5,176.4,81.7,14420,2114,12409,14474,2065,2140,28,16588
2019-12-10,2019-12-10T17:00:00+00:00,official_csv_release_date_and_time;Eastern_timezone_documented_by_USDA,12:00:00,2019/20,2019,595,Proj.,oce-wasde-report-data-2016-01-to-2020-12.zip,1cffbc4aa0ec436c832afb306b19631eaac42c2aaf3fffbf8dd9923052bfefb5,167,81.8,13661,1910,12065,13915,1850,2114,50,15825
2020-01-10,2020-01-10T17:00:00+00:00,official_csv_release_date_and_time;Eastern_timezone_documented_by_USDA,12:00:00,2017/18,2017,596,,oce-wasde-report-data-2016-01-to-2020-12.zip,1cffbc4aa0ec436c832afb306b19631eaac42c2aaf3fffbf8dd9923052bfefb5,176.6,82.7,14609,2140,12361,14798,2438,2293,36,16939
2020-01-10,2020-01-10T17:00:00+00:00,official_csv_release_date_and_time;Eastern_timezone_documented_by_USDA,12:00:00,2018/19,2018,596,Est.,oce-wasde-report-data-2016-01-to-2020-12.zip,1cffbc4aa0ec436c832afb306b19631eaac42c2aaf3fffbf8dd9923052bfefb5,176.4,81.3,14340,2221,12223,14288,2065,2140,28,16509
2020-01-10,2020-01-10T17:00:00+00:00,official_csv_release_date_and_time;Eastern_timezone_documented_by_USDA,12:00:00,2019/20,2019,596,Proj.,oce-wasde-report-data-2016-01-to-2020-12.zip,1cffbc4aa0ec436c832afb306b19631eaac42c2aaf3fffbf8dd9923052bfefb5,168,81.5,13692,1892,12295,14070,1775,2221,50,15962
2020-02-11,2020-02-11T17:00:00+00:00,official_csv_release_date_and_time;Eastern_timezone_documented_by_USDA,12:00:00,2017/18,2017,597,,oce-wasde-report-data-2016-01-to-2020-12.zip,1cffbc4aa0ec436c832afb306b19631eaac42c2aaf3fffbf8dd9923052bfefb5,176.6,82.7,14609,2140,12361,14798,2438,2293,36,16939
2020-02-11,2020-02-11T17:00:00+00:00,official_csv_release_date_and_time;Eastern_timezone_documented_by_USDA,12:00:00,2018/19,2018,597,Est.,oce-wasde-report-data-2016-01-to-2020-12.zip,1cffbc4aa0ec436c832afb306b19631eaac42c2aaf3fffbf8dd9923052bfefb5,176.4,81.3,14340,2221,12223,14288,2065,2140,28,16509
2020-02-11,2020-02-11T17:00:00+00:00,official_csv_release_date_and_time;Eastern_timezone_documented_by_USDA,12:00:00,2019/20,2019,597,Proj.,oce-wasde-report-data-2016-01-to-2020-12.zip,1cffbc4aa0ec436c832afb306b19631eaac42c2aaf3fffbf8dd9923052bfefb5,168,81.5,13692,1892,12345,14070,1725,2221,50,15962
2020-03-10,2020-03-10T16:00:00+00:00,official_csv_release_date_and_time;Eastern_timezone_documented_by_USDA,12:00:00,2017/18,2017,598,,oce-wasde-report-data-2016-01-to-2020-12.zip,1cffbc4aa0ec436c832afb306b19631eaac42c2aaf3fffbf8dd9923052bfefb5,176.6,82.7,14609,2140,12361,14798,2438,2293,36,16939
2020-03-10,2020-03-10T16:00:00+00:00,official_csv_release_date_and_time;Eastern_timezone_documented_by_USDA,12:00:00,2018/19,2018,598,Est.,oce-wasde-report-data-2016-01-to-2020-12.zip,1cffbc4aa0ec436c832afb306b19631eaac42c2aaf3fffbf8dd9923052bfefb5,176.4,81.3,14340,2221,12223,14288,2065,2140,28,16509
2020-03-10,2020-03-10T16:00:00+00:00,official_csv_release_date_and_time;Eastern_timezone_documented_by_USDA,12:00:00,2019/20,2019,598,Proj.,oce-wasde-report-data-2016-01-to-2020-12.zip,1cffbc4aa0ec436c832afb306b19631eaac42c2aaf3fffbf8dd9923052bfefb5,168,81.5,13692,1892,12345,14070,1725,2221,50,15962
2020-04-09,2020-04-09T16:00:00+00:00,official_csv_release_date_and_time;Eastern_timezone_documented_by_USDA,12:00:00,2017/18,2017,599,,oce-wasde-report-data-2016-01-to-2020-12.zip,1cffbc4aa0ec436c832afb306b19631eaac42c2aaf3fffbf8dd9923052bfefb5,176.6,82.7,14609,2140,12361,14798,2438,2293,36,16939
2020-04-09,2020-04-09T16:00:00+00:00,official_csv_release_date_and_time;Eastern_timezone_documented_by_USDA,12:00:00,2018/19,2018,599,Est.,oce-wasde-report-data-2016-01-to-2020-12.zip,1cffbc4aa0ec436c832afb306b19631eaac42c2aaf3fffbf8dd9923052bfefb5,176.4,81.3,14340,2221,12223,14288,2065,2140,28,16509
2020-04-09,2020-04-09T16:00:00+00:00,official_csv_release_date_and_time;Eastern_timezone_documented_by_USDA,12:00:00,2019/20,2019,599,Proj.,oce-wasde-report-data-2016-01-to-2020-12.zip,1cffbc4aa0ec436c832afb306b19631eaac42c2aaf3fffbf8dd9923052bfefb5,168,81.5,13692,2092,12140,13865,1725,2221,45,15957
2020-05-12,2020-05-12T16:00:00+00:00,official_csv_release_date_and_time;Eastern_timezone_documented_by_USDA,12:00:00,2018/19,2018,600,,oce-wasde-report-data-2016-01-to-2020-12.zip,1cffbc4aa0ec436c832afb306b19631eaac42c2aaf3fffbf8dd9923052bfefb5,176.4,81.3,14340,2221,12223,14288,2065,2140,28,16509
2020-05-12,2020-05-12T16:00:00+00:00,official_csv_release_date_and_time;Eastern_timezone_documented_by_USDA,12:00:00,2019/20,2019,600,Est.,oce-wasde-report-data-2016-01-to-2020-12.zip,1cffbc4aa0ec436c832afb306b19631eaac42c2aaf3fffbf8dd9923052bfefb5,167.8,81.4,13663,2098,12055,13830,1775,2221,45,15928
2020-05-12,2020-05-12T16:00:00+00:00,official_csv_release_date_and_time;Eastern_timezone_documented_by_USDA,12:00:00,2020/21,2020,600,Proj.,oce-wasde-report-data-2016-01-to-2020-12.zip,1cffbc4aa0ec436c832afb306b19631eaac42c2aaf3fffbf8dd9923052bfefb5,178.5,89.6,15995,3318,12650,14800,2150,2098,25,18118
2020-06-11,2020-06-11T16:00:00+00:00,official_csv_release_date_and_time;Eastern_timezone_documented_by_USDA,12:00:00,2018/19,2018,601,,oce-wasde-report-data-2016-01-to-2020-12.zip,1cffbc4aa0ec436c832afb306b19631eaac42c2aaf3fffbf8dd9923052bfefb5,176.4,81.3,14340,2221,12223,14288,2065,2140,28,16509
2020-06-11,2020-06-11T16:00:00+00:00,official_csv_release_date_and_time;Eastern_timezone_documented_by_USDA,12:00:00,2019/20,2019,601,Est.,oce-wasde-report-data-2016-01-to-2020-12.zip,1cffbc4aa0ec436c832afb306b19631eaac42c2aaf3fffbf8dd9923052bfefb5,167.4,81.3,13617,2103,12005,13780,1775,2221,45,15883
2020-06-11,2020-06-11T16:00:00+00:00,official_csv_release_date_and_time;Eastern_timezone_documented_by_USDA,12:00:00,2020/21,2020,601,Proj.,oce-wasde-report-data-2016-01-to-2020-12.zip,1cffbc4aa0ec436c832afb306b19631eaac42c2aaf3fffbf8dd9923052bfefb5,178.5,89.6,15995,3323,12650,14800,2150,2103,25,18123
2020-07-10,2020-07-10T16:00:00+00:00,official_csv_release_date_and_time;Eastern_timezone_documented_by_USDA,12:00:00,2018/19,2018,602,,oce-wasde-report-data-2016-01-to-2020-12.zip,1cffbc4aa0ec436c832afb306b19631eaac42c2aaf3fffbf8dd9923052bfefb5,176.4,81.3,14340,2221,12222,14288,2066,2140,28,16509
2020-07-10,2020-07-10T16:00:00+00:00,official_csv_release_date_and_time;Eastern_timezone_documented_by_USDA,12:00:00,2019/20,2019,602,Est.,oce-wasde-report-data-2016-01-to-2020-12.zip,1cffbc4aa0ec436c832afb306b19631eaac42c2aaf3fffbf8dd9923052bfefb5,167.4,81.3,13617,2248,11860,13635,1775,2221,45,15883
2020-07-10,2020-07-10T16:00:00+00:00,official_csv_release_date_and_time;Eastern_timezone_documented_by_USDA,12:00:00,2020/21,2020,602,Proj.,oce-wasde-report-data-2016-01-to-2020-12.zip,1cffbc4aa0ec436c832afb306b19631eaac42c2aaf3fffbf8dd9923052bfefb5,178.5,84,15000,2648,12475,14625,2150,2248,25,17273
2020-08-12,2020-08-12T16:00:00+00:00,official_csv_release_date_and_time;Eastern_timezone_documented_by_USDA,12:00:00,2018/19,2018,603,,oce-wasde-report-data-2016-01-to-2020-12.zip,1cffbc4aa0ec436c832afb306b19631eaac42c2aaf3fffbf8dd9923052bfefb5,176.4,81.3,14340,2221,12222,14288,2066,2140,28,16509
2020-08-12,2020-08-12T16:00:00+00:00,official_csv_release_date_and_time;Eastern_timezone_documented_by_USDA,12:00:00,2019/20,2019,603,Est.,oce-wasde-report-data-2016-01-to-2020-12.zip,1cffbc4aa0ec436c832afb306b19631eaac42c2aaf3fffbf8dd9923052bfefb5,167.4,81.3,13617,2228,11860,13655,1795,2221,45,15883
2020-08-12,2020-08-12T16:00:00+00:00,official_csv_release_date_and_time;Eastern_timezone_documented_by_USDA,12:00:00,2020/21,2020,603,Proj.,oce-wasde-report-data-2016-01-to-2020-12.zip,1cffbc4aa0ec436c832afb306b19631eaac42c2aaf3fffbf8dd9923052bfefb5,181.8,84,15278,2756,12550,14775,2225,2228,25,17531
2020-09-11,2020-09-11T16:00:00+00:00,official_csv_release_date_and_time;Eastern_timezone_documented_by_USDA,12:00:00,2018/19,2018,604,,oce-wasde-report-data-2016-01-to-2020-12.zip,1cffbc4aa0ec436c832afb306b19631eaac42c2aaf3fffbf8dd9923052bfefb5,176.4,81.3,14340,2221,12222,14288,2066,2140,28,16509
2020-09-11,2020-09-11T16:00:00+00:00,official_csv_release_date_and_time;Eastern_timezone_documented_by_USDA,12:00:00,2019/20,2019,604,Est.,oce-wasde-report-data-2016-01-to-2020-12.zip,1cffbc4aa0ec436c832afb306b19631eaac42c2aaf3fffbf8dd9923052bfefb5,167.4,81.3,13617,2253,11865,13630,1765,2221,45,15883
2020-09-11,2020-09-11T16:00:00+00:00,official_csv_release_date_and_time;Eastern_timezone_documented_by_USDA,12:00:00,2020/21,2020,604,Proj.,oce-wasde-report-data-2016-01-to-2020-12.zip,1cffbc4aa0ec436c832afb306b19631eaac42c2aaf3fffbf8dd9923052bfefb5,178.5,83.5,14900,2503,12350,14675,2325,2253,25,17178
2020-10-09,2020-10-09T16:00:00+00:00,official_csv_release_date_and_time;Eastern_timezone_documented_by_USDA,12:00:00,2018/19,2018,605,,oce-wasde-report-data-2016-01-to-2020-12.zip,1cffbc4aa0ec436c832afb306b19631eaac42c2aaf3fffbf8dd9923052bfefb5,176.4,81.3,14340,2221,12222,14288,2066,2140,28,16509
2020-10-09,2020-10-09T16:00:00+00:00,official_csv_release_date_and_time;Eastern_timezone_documented_by_USDA,12:00:00,2019/20,2019,605,Est.,oce-wasde-report-data-2016-01-to-2020-12.zip,1cffbc4aa0ec436c832afb306b19631eaac42c2aaf3fffbf8dd9923052bfefb5,167.5,81.3,13620,1995,12109,13887,1778,2221,42,15883
2020-10-09,2020-10-09T16:00:00+00:00,official_csv_release_date_and_time;Eastern_timezone_documented_by_USDA,12:00:00,2020/21,2020,605,Proj.,oce-wasde-report-data-2016-01-to-2020-12.zip,1cffbc4aa0ec436c832afb306b19631eaac42c2aaf3fffbf8dd9923052bfefb5,178.4,82.5,14722,2167,12250,14575,2325,1995,25,16742
2020-11-10,2020-11-10T17:00:00+00:00,official_csv_release_date_and_time;Eastern_timezone_documented_by_USDA,12:00:00,2018/19,2018,606,,oce-wasde-report-data-2016-01-to-2020-12.zip,1cffbc4aa0ec436c832afb306b19631eaac42c2aaf3fffbf8dd9923052bfefb5,176.4,81.3,14340,2221,12222,14288,2066,2140,28,16509
2020-11-10,2020-11-10T17:00:00+00:00,official_csv_release_date_and_time;Eastern_timezone_documented_by_USDA,12:00:00,2019/20,2019,606,Est.,oce-wasde-report-data-2016-01-to-2020-12.zip,1cffbc4aa0ec436c832afb306b19631eaac42c2aaf3fffbf8dd9923052bfefb5,167.5,81.3,13620,1995,12109,13887,1778,2221,42,15883
2020-11-10,2020-11-10T17:00:00+00:00,official_csv_release_date_and_time;Eastern_timezone_documented_by_USDA,12:00:00,2020/21,2020,606,Proj.,oce-wasde-report-data-2016-01-to-2020-12.zip,1cffbc4aa0ec436c832afb306b19631eaac42c2aaf3fffbf8dd9923052bfefb5,175.8,82.5,14507,1702,12175,14825,2650,1995,25,16527
2020-12-10,2020-12-10T17:00:00+00:00,official_csv_release_date_and_time;Eastern_timezone_documented_by_USDA,12:00:00,2018/19,2018,607,,oce-wasde-report-data-2016-01-to-2020-12.zip,1cffbc4aa0ec436c832afb306b19631eaac42c2aaf3fffbf8dd9923052bfefb5,176.4,81.3,14340,2221,12222,14288,2066,2140,28,16509
2020-12-10,2020-12-10T17:00:00+00:00,official_csv_release_date_and_time;Eastern_timezone_documented_by_USDA,12:00:00,2019/20,2019,607,Est.,oce-wasde-report-data-2016-01-to-2020-12.zip,1cffbc4aa0ec436c832afb306b19631eaac42c2aaf3fffbf8dd9923052bfefb5,167.5,81.3,13620,1995,12109,13887,1778,2221,42,15883
2020-12-10,2020-12-10T17:00:00+00:00,official_csv_release_date_and_time;Eastern_timezone_documented_by_USDA,12:00:00,2020/21,2020,607,Proj.,oce-wasde-report-data-2016-01-to-2020-12.zip,1cffbc4aa0ec436c832afb306b19631eaac42c2aaf3fffbf8dd9923052bfefb5,175.8,82.5,14507,1702,12175,14825,2650,1995,25,16527
2021-01-12,2021-01-12T17:00:00+00:00,official_csv_release_date_and_time;Eastern_timezone_documented_by_USDA,12:00:00,2018/19,2018,608,,oce-wasde-report-data-2021-01.csv,97de043d57311428fd97f0bc818d28caa49b7ab702dc63d0dda19dda8dedd611,176.4,81.3,14340,2221,12222,14288,2066,2140,28,16509
2021-01-12,2021-01-12T17:00:00+00:00,official_csv_release_date_and_time;Eastern_timezone_documented_by_USDA,12:00:00,2019/20,2019,608,Est.,oce-wasde-report-data-2021-01.csv,97de043d57311428fd97f0bc818d28caa49b7ab702dc63d0dda19dda8dedd611,167.5,81.3,13620,1919,12185,13963,1778,2221,42,15883
2021-01-12,2021-01-12T17:00:00+00:00,official_csv_release_date_and_time;Eastern_timezone_documented_by_USDA,12:00:00,2020/21,2020,608,Proj.,oce-wasde-report-data-2021-01.csv,97de043d57311428fd97f0bc818d28caa49b7ab702dc63d0dda19dda8dedd611,172,82.5,14182,1552,12025,14575,2550,1919,25,16127
2021-02-09,2021-02-09T17:00:00+00:00,official_csv_release_date_and_time;Eastern_timezone_documented_by_USDA,12:00:00,2018/19,2018,609,,oce-wasde-report-data-2021-02.csv,2a9a3652a6070c6f783763baa84a879b26c1d7cf3f9febdcfed5fe391df400bc,176.4,81.3,14340,2221,12222,14288,2066,2140,28,16509
2021-02-09,2021-02-09T17:00:00+00:00,official_csv_release_date_and_time;Eastern_timezone_documented_by_USDA,12:00:00,2019/20,2019,609,Est.,oce-wasde-report-data-2021-02.csv,2a9a3652a6070c6f783763baa84a879b26c1d7cf3f9febdcfed5fe391df400bc,167.5,81.3,13620,1919,12185,13963,1778,2221,42,15883
2021-02-09,2021-02-09T17:00:00+00:00,official_csv_release_date_and_time;Eastern_timezone_documented_by_USDA,12:00:00,2020/21,2020,609,Proj.,oce-wasde-report-data-2021-02.csv,2a9a3652a6070c6f783763baa84a879b26c1d7cf3f9febdcfed5fe391df400bc,172,82.5,14182,1502,12025,14625,2600,1919,25,16127
2021-03-09,2021-03-09T17:00:00+00:00,official_csv_release_date_and_time;Eastern_timezone_documented_by_USDA,12:00:00,2018/19,2018,610,,oce-wasde-report-data-2021-03.csv,56e243514492c6689c3210b9c3e790ea4ed338c781308ac0a32308e92d3f1868,176.4,81.3,14340,2221,12222,14288,2066,2140,28,16509
2021-03-09,2021-03-09T17:00:00+00:00,official_csv_release_date_and_time;Eastern_timezone_documented_by_USDA,12:00:00,2019/20,2019,610,Est.,oce-wasde-report-data-2021-03.csv,56e243514492c6689c3210b9c3e790ea4ed338c781308ac0a32308e92d3f1868,167.5,81.3,13620,1919,12185,13963,1778,2221,42,15883
2021-03-09,2021-03-09T17:00:00+00:00,official_csv_release_date_and_time;Eastern_timezone_documented_by_USDA,12:00:00,2020/21,2020,610,Proj.,oce-wasde-report-data-2021-03.csv,56e243514492c6689c3210b9c3e790ea4ed338c781308ac0a32308e92d3f1868,172,82.5,14182,1502,12025,14625,2600,1919,25,16127
2021-04-09,2021-04-09T16:00:00+00:00,official_csv_release_date_and_time;Eastern_timezone_documented_by_USDA,12:00:00,2018/19,2018,611,,oce-wasde-report-data-2021-04.csv,d9b53ced9d775ce4fe791ca1dd1d10a8b049b1b6d8e028abca36aabac4a17c3c,176.4,81.3,14340,2221,12222,14288,2066,2140,28,16509
2021-04-09,2021-04-09T16:00:00+00:00,official_csv_release_date_and_time;Eastern_timezone_documented_by_USDA,12:00:00,2019/20,2019,611,Est.,oce-wasde-report-data-2021-04.csv,d9b53ced9d775ce4fe791ca1dd1d10a8b049b1b6d8e028abca36aabac4a17c3c,167.5,81.3,13620,1919,12185,13963,1778,2221,42,15883
2021-04-09,2021-04-09T16:00:00+00:00,official_csv_release_date_and_time;Eastern_timezone_documented_by_USDA,12:00:00,2020/21,2020,611,Proj.,oce-wasde-report-data-2021-04.csv,d9b53ced9d775ce4fe791ca1dd1d10a8b049b1b6d8e028abca36aabac4a17c3c,172,82.5,14182,1352,12100,14775,2675,1919,25,16127
2021-05-12,2021-05-12T16:00:00+00:00,official_csv_release_date_and_time;Eastern_timezone_documented_by_USDA,12:00:00,2019/20,2019,612,,oce-wasde-report-data-2021-05.csv,18bb4d0e9791b4516783d569e0e41fb1cf78b94e8becaf405526bb5cfce78192,167.5,81.3,13620,1919,12185,13963,1778,2221,42,15883
2021-05-12,2021-05-12T16:00:00+00:00,official_csv_release_date_and_time;Eastern_timezone_documented_by_USDA,12:00:00,2020/21,2020,612,Est.,oce-wasde-report-data-2021-05.csv,18bb4d0e9791b4516783d569e0e41fb1cf78b94e8becaf405526bb5cfce78192,172,82.5,14182,1257,12095,14870,2775,1919,25,16127
2021-05-12,2021-05-12T16:00:00+00:00,official_csv_release_date_and_time;Eastern_timezone_documented_by_USDA,12:00:00,2021/22,2021,612,Proj.,oce-wasde-report-data-2021-05.csv,18bb4d0e9791b4516783d569e0e41fb1cf78b94e8becaf405526bb5cfce78192,179.5,83.5,14990,1507,12315,14765,2450,1257,25,16272
2021-06-10,2021-06-10T16:00:00+00:00,official_csv_release_date_and_time;Eastern_timezone_documented_by_USDA,12:00:00,2019/20,2019,613,,oce-wasde-report-data-2021-06.csv,42703b936e220e36608aefb3c37491e903fd5f9ee916cc5e7f7edb1eb03c00eb,167.5,81.3,13620,1919,12185,13963,1778,2221,42,15883
2021-06-10,2021-06-10T16:00:00+00:00,official_csv_release_date_and_time;Eastern_timezone_documented_by_USDA,12:00:00,2020/21,2020,613,Est.,oce-wasde-report-data-2021-06.csv,42703b936e220e36608aefb3c37491e903fd5f9ee916cc5e7f7edb1eb03c00eb,172,82.5,14182,1107,12170,15020,2850,1919,25,16127
2021-06-10,2021-06-10T16:00:00+00:00,official_csv_release_date_and_time;Eastern_timezone_documented_by_USDA,12:00:00,2021/22,2021,613,Proj.,oce-wasde-report-data-2021-06.csv,42703b936e220e36608aefb3c37491e903fd5f9ee916cc5e7f7edb1eb03c00eb,179.5,83.5,14990,1357,12315,14765,2450,1107,25,16122
2021-07-12,2021-07-12T16:00:00+00:00,official_csv_release_date_and_time;Eastern_timezone_documented_by_USDA,12:00:00,2019/20,2019,614,,oce-wasde-report-data-2021-07.csv,79177041ebfca324ebbe0a24dbb585dd464e446e12c00357c2e05437861d0f3e,167.5,81.3,13620,1919,12186,13963,1777,2221,42,15883
2021-07-12,2021-07-12T16:00:00+00:00,official_csv_release_date_and_time;Eastern_timezone_documented_by_USDA,12:00:00,2020/21,2020,614,Est.,oce-wasde-report-data-2021-07.csv,79177041ebfca324ebbe0a24dbb585dd464e446e12c00357c2e05437861d0f3e,172,82.5,14182,1082,12195,15045,2850,1919,25,16127
2021-07-12,2021-07-12T16:00:00+00:00,official_csv_release_date_and_time;Eastern_timezone_documented_by_USDA,12:00:00,2021/22,2021,614,Proj.,oce-wasde-report-data-2021-07.csv,79177041ebfca324ebbe0a24dbb585dd464e446e12c00357c2e05437861d0f3e,179.5,84.5,15165,1432,12340,14840,2500,1082,25,16272
2021-08-12,2021-08-12T16:00:00+00:00,official_csv_release_date_and_time;Eastern_timezone_documented_by_USDA,12:00:00,2019/20,2019,615,,oce-wasde-report-data-2021-08.csv,fd12efc19d48d2abb791460cb6b681a4973c4c6c499160be9bc1593c56dd9402,167.5,81.3,13620,1919,12186,13963,1777,2221,42,15883
2021-08-12,2021-08-12T16:00:00+00:00,official_csv_release_date_and_time;Eastern_timezone_documented_by_USDA,12:00:00,2020/21,2020,615,Est.,oce-wasde-report-data-2021-08.csv,fd12efc19d48d2abb791460cb6b681a4973c4c6c499160be9bc1593c56dd9402,172,82.5,14182,1117,12235,15010,2775,1919,25,16127
2021-08-12,2021-08-12T16:00:00+00:00,official_csv_release_date_and_time;Eastern_timezone_documented_by_USDA,12:00:00,2021/22,2021,615,Proj.,oce-wasde-report-data-2021-08.csv,fd12efc19d48d2abb791460cb6b681a4973c4c6c499160be9bc1593c56dd9402,174.6,84.5,14750,1242,12250,14650,2400,1117,25,15892
2021-09-10,2021-09-10T16:00:00+00:00,official_csv_release_date_and_time;Eastern_timezone_documented_by_USDA,12:00:00,2019/20,2019,616,,oce-wasde-report-data-2021-09.csv,ab03e8474ad438b73492d141c5319db68e902bf2a0b04b76497e3f3bfcf21c76,167.5,81.3,13620,1919,12186,13963,1777,2221,42,15883
2021-09-10,2021-09-10T16:00:00+00:00,official_csv_release_date_and_time;Eastern_timezone_documented_by_USDA,12:00:00,2020/21,2020,616,Est.,oce-wasde-report-data-2021-09.csv,ab03e8474ad438b73492d141c5319db68e902bf2a0b04b76497e3f3bfcf21c76,172,82.5,14182,1187,12195,14940,2745,1919,25,16127
2021-09-10,2021-09-10T16:00:00+00:00,official_csv_release_date_and_time;Eastern_timezone_documented_by_USDA,12:00:00,2021/22,2021,616,Proj.,oce-wasde-report-data-2021-09.csv,ab03e8474ad438b73492d141c5319db68e902bf2a0b04b76497e3f3bfcf21c76,176.3,85.1,14996,1408,12325,14800,2475,1187,25,16208
2021-10-12,2021-10-12T16:00:00+00:00,official_csv_release_date_and_time;Eastern_timezone_documented_by_USDA,12:00:00,2019/20,2019,617,,oce-wasde-report-data-2021-10.csv,f8f9f619a52c6698081032ddad974db6920ff3b78dbdfe6e54f532172d247acd,167.5,81.3,13620,1919,12186,13963,1777,2221,42,15883
2021-10-12,2021-10-12T16:00:00+00:00,official_csv_release_date_and_time;Eastern_timezone_documented_by_USDA,12:00:00,2020/21,2020,617,Est.,oce-wasde-report-data-2021-10.csv,f8f9f619a52c6698081032ddad974db6920ff3b78dbdfe6e54f532172d247acd,171.4,82.3,14111,1236,12066,14819,2753,1919,24,16055
2021-10-12,2021-10-12T16:00:00+00:00,official_csv_release_date_and_time;Eastern_timezone_documented_by_USDA,12:00:00,2021/22,2021,617,Proj.,oce-wasde-report-data-2021-10.csv,f8f9f619a52c6698081032ddad974db6920ff3b78dbdfe6e54f532172d247acd,176.5,85.1,15019,1500,12280,14780,2500,1236,25,16280
2021-11-09,2021-11-09T17:00:00+00:00,official_csv_release_date_and_time;Eastern_timezone_documented_by_USDA,12:00:00,2019/20,2019,618,,oce-wasde-report-data-2021-11.csv,d19da221bc1e5639994eb7ab1f7d6c00ef952fc5b71a8ab337644f2857e38831,167.5,81.3,13620,1919,12186,13963,1777,2221,42,15883
2021-11-09,2021-11-09T17:00:00+00:00,official_csv_release_date_and_time;Eastern_timezone_documented_by_USDA,12:00:00,2020/21,2020,618,Est.,oce-wasde-report-data-2021-11.csv,d19da221bc1e5639994eb7ab1f7d6c00ef952fc5b71a8ab337644f2857e38831,171.4,82.3,14111,1236,12066,14819,2753,1919,24,16055
2021-11-09,2021-11-09T17:00:00+00:00,official_csv_release_date_and_time;Eastern_timezone_documented_by_USDA,12:00:00,2021/22,2021,618,Proj.,oce-wasde-report-data-2021-11.csv,d19da221bc1e5639994eb7ab1f7d6c00ef952fc5b71a8ab337644f2857e38831,177,85.1,15062,1493,12330,14830,2500,1236,25,16323
2021-12-09,2021-12-09T17:00:00+00:00,official_csv_release_date_and_time;Eastern_timezone_documented_by_USDA,12:00:00,2019/20,2019,619,,oce-wasde-report-data-2021-12.csv,6a5e31cf3788fdd48f188f3d9261728f17f441d0b12a7727ec935ef74ff8b086,167.5,81.3,13620,1919,12186,13963,1777,2221,42,15883
2021-12-09,2021-12-09T17:00:00+00:00,official_csv_release_date_and_time;Eastern_timezone_documented_by_USDA,12:00:00,2020/21,2020,619,Est.,oce-wasde-report-data-2021-12.csv,6a5e31cf3788fdd48f188f3d9261728f17f441d0b12a7727ec935ef74ff8b086,171.4,82.3,14111,1236,12066,14819,2753,1919,24,16055
2021-12-09,2021-12-09T17:00:00+00:00,official_csv_release_date_and_time;Eastern_timezone_documented_by_USDA,12:00:00,2021/22,2021,619,Proj.,oce-wasde-report-data-2021-12.csv,6a5e31cf3788fdd48f188f3d9261728f17f441d0b12a7727ec935ef74ff8b086,177,85.1,15062,1493,12330,14830,2500,1236,25,16323
2022-01-12,2022-01-12T17:00:00+00:00,official_csv_release_date_and_time;Eastern_timezone_documented_by_USDA,12:00:00,2019/20,2019,620,,oce-wasde-report-data-2022-01.csv,6f47150a013611cf9956cf19a27c8ae7a70b7eb0381354a6601c15ddd58bbf1c,167.5,81.3,13620,1919,12186,13963,1777,2221,42,15883
2022-01-12,2022-01-12T17:00:00+00:00,official_csv_release_date_and_time;Eastern_timezone_documented_by_USDA,12:00:00,2020/21,2020,620,Est.,oce-wasde-report-data-2022-01.csv,6f47150a013611cf9956cf19a27c8ae7a70b7eb0381354a6601c15ddd58bbf1c,171.4,82.3,14111,1235,12068,14821,2753,1919,24,16055
2022-01-12,2022-01-12T17:00:00+00:00,official_csv_release_date_and_time;Eastern_timezone_documented_by_USDA,12:00:00,2021/22,2021,620,Proj.,oce-wasde-report-data-2022-01.csv,6f47150a013611cf9956cf19a27c8ae7a70b7eb0381354a6601c15ddd58bbf1c,177,85.4,15115,1540,12410,14835,2425,1235,25,16375
2022-02-09,2022-02-09T17:00:00+00:00,official_csv_release_date_and_time;Eastern_timezone_documented_by_USDA,12:00:00,2019/20,2019,621,,oce-wasde-report-data-2022-02.csv,a4bcc1284d25779b24f194b80d938b1d2020f9fa486d87612daf8641ede556b6,167.5,81.3,13620,1919,12186,13963,1777,2221,42,15883
2022-02-09,2022-02-09T17:00:00+00:00,official_csv_release_date_and_time;Eastern_timezone_documented_by_USDA,12:00:00,2020/21,2020,621,Est.,oce-wasde-report-data-2022-02.csv,a4bcc1284d25779b24f194b80d938b1d2020f9fa486d87612daf8641ede556b6,171.4,82.3,14111,1235,12068,14821,2753,1919,24,16055
2022-02-09,2022-02-09T17:00:00+00:00,official_csv_release_date_and_time;Eastern_timezone_documented_by_USDA,12:00:00,2021/22,2021,621,Proj.,oce-wasde-report-data-2022-02.csv,a4bcc1284d25779b24f194b80d938b1d2020f9fa486d87612daf8641ede556b6,177,85.4,15115,1540,12410,14835,2425,1235,25,16375
2022-03-09,2022-03-09T17:00:00+00:00,official_csv_release_date_and_time;Eastern_timezone_documented_by_USDA,12:00:00,2019/20,2019,622,,oce-wasde-report-data-2022-03.csv,44ef24029652393eac5ac0b078a3999653e7e038ce979c77db96693bd573ec48,167.5,81.3,13620,1919,12186,13963,1777,2221,42,15883
2022-03-09,2022-03-09T17:00:00+00:00,official_csv_release_date_and_time;Eastern_timezone_documented_by_USDA,12:00:00,2020/21,2020,622,Est.,oce-wasde-report-data-2022-03.csv,44ef24029652393eac5ac0b078a3999653e7e038ce979c77db96693bd573ec48,171.4,82.3,14111,1235,12068,14821,2753,1919,24,16055
2022-03-09,2022-03-09T17:00:00+00:00,official_csv_release_date_and_time;Eastern_timezone_documented_by_USDA,12:00:00,2021/22,2021,622,Proj.,oce-wasde-report-data-2022-03.csv,44ef24029652393eac5ac0b078a3999653e7e038ce979c77db96693bd573ec48,177,85.4,15115,1440,12435,14935,2500,1235,25,16375
2022-04-08,2022-04-08T16:00:00+00:00,official_csv_release_date_and_time;Eastern_timezone_documented_by_USDA,12:00:00,2019/20,2019,623,,oce-wasde-report-data-2022-04.csv,99f0ed99e4f83af9a2cfaf276005c1a98e6301bfac24c29b6dc54461c2615489,167.5,81.3,13620,1919,12186,13963,1777,2221,42,15883
2022-04-08,2022-04-08T16:00:00+00:00,official_csv_release_date_and_time;Eastern_timezone_documented_by_USDA,12:00:00,2020/21,2020,623,Est.,oce-wasde-report-data-2022-04.csv,99f0ed99e4f83af9a2cfaf276005c1a98e6301bfac24c29b6dc54461c2615489,171.4,82.3,14111,1235,12068,14821,2753,1919,24,16055
2022-04-08,2022-04-08T16:00:00+00:00,official_csv_release_date_and_time;Eastern_timezone_documented_by_USDA,12:00:00,2021/22,2021,623,Proj.,oce-wasde-report-data-2022-04.csv,99f0ed99e4f83af9a2cfaf276005c1a98e6301bfac24c29b6dc54461c2615489,177,85.4,15115,1440,12435,14935,2500,1235,25,16375
2022-05-12,2022-05-12T16:00:00+00:00,official_csv_release_date_and_time;Eastern_timezone_documented_by_USDA,12:00:00,2020/21,2020,624,,oce-wasde-report-data-2022-05.csv,bd67790fd8c4fdb5567ddd85e090f8d900e1a8931fa29ae3aad6522bd8ef8655,171.4,82.3,14111,1235,12068,14821,2753,1919,24,16055
2022-05-12,2022-05-12T16:00:00+00:00,official_csv_release_date_and_time;Eastern_timezone_documented_by_USDA,12:00:00,2021/22,2021,624,Est.,oce-wasde-report-data-2022-05.csv,bd67790fd8c4fdb5567ddd85e090f8d900e1a8931fa29ae3aad6522bd8ef8655,177,85.4,15115,1440,12435,14935,2500,1235,25,16375
2022-05-12,2022-05-12T16:00:00+00:00,official_csv_release_date_and_time;Eastern_timezone_documented_by_USDA,12:00:00,2022/23,2022,624,Proj.,oce-wasde-report-data-2022-05.csv,bd67790fd8c4fdb5567ddd85e090f8d900e1a8931fa29ae3aad6522bd8ef8655,177,81.7,14460,1360,12165,14565,2400,1440,25,15925
2022-06-10,2022-06-10T16:00:00+00:00,official_csv_release_date_and_time;Eastern_timezone_documented_by_USDA,12:00:00,2020/21,2020,625,,oce-wasde-report-data-2022-06.csv,8c6aaacd36168aa28c9f9c11fe9c3aea8570f49822e6b207fa97c22d0741dff3,171.4,82.3,14111,1235,12068,14821,2753,1919,24,16055
2022-06-10,2022-06-10T16:00:00+00:00,official_csv_release_date_and_time;Eastern_timezone_documented_by_USDA,12:00:00,2021/22,2021,625,Est.,oce-wasde-report-data-2022-06.csv,8c6aaacd36168aa28c9f9c11fe9c3aea8570f49822e6b207fa97c22d0741dff3,177,85.4,15115,1485,12440,14890,2450,1235,25,16375
2022-06-10,2022-06-10T16:00:00+00:00,official_csv_release_date_and_time;Eastern_timezone_documented_by_USDA,12:00:00,2022/23,2022,625,Proj.,oce-wasde-report-data-2022-06.csv,8c6aaacd36168aa28c9f9c11fe9c3aea8570f49822e6b207fa97c22d0741dff3,177,81.7,14460,1400,12170,14570,2400,1485,25,15970
2022-07-12,2022-07-12T16:00:00+00:00,official_csv_release_date_and_time;Eastern_timezone_documented_by_USDA,12:00:00,2020/21,2020,626,,oce-wasde-report-data-2022-07.csv,203421046b9d3712aaf5da7fc8036bc82851109315e6414766469f5ffda9e028,171.4,82.3,14111,1235,12068,14821,2753,1919,24,16055
2022-07-12,2022-07-12T16:00:00+00:00,official_csv_release_date_and_time;Eastern_timezone_documented_by_USDA,12:00:00,2021/22,2021,626,Est.,oce-wasde-report-data-2022-07.csv,203421046b9d3712aaf5da7fc8036bc82851109315e6414766469f5ffda9e028,177,85.4,15115,1510,12415,14865,2450,1235,25,16375
2022-07-12,2022-07-12T16:00:00+00:00,official_csv_release_date_and_time;Eastern_timezone_documented_by_USDA,12:00:00,2022/23,2022,626,Proj.,oce-wasde-report-data-2022-07.csv,203421046b9d3712aaf5da7fc8036bc82851109315e6414766469f5ffda9e028,177,81.9,14505,1470,12170,14570,2400,1510,25,16040
2022-08-12,2022-08-12T16:00:00+00:00,official_csv_release_date_and_time;Eastern_timezone_documented_by_USDA,12:00:00,2020/21,2020,627,,oce-wasde-report-data-2022-08.csv,3cef4a99dd5cd2bff1c4bf14e717f061fb93bdfb638f30d227c6075efa5cc252,171.4,82.3,14111,1235,12074,14821,2747,1919,24,16055
2022-08-12,2022-08-12T16:00:00+00:00,official_csv_release_date_and_time;Eastern_timezone_documented_by_USDA,12:00:00,2021/22,2021,627,Est.,oce-wasde-report-data-2022-08.csv,3cef4a99dd5cd2bff1c4bf14e717f061fb93bdfb638f30d227c6075efa5cc252,177,85.4,15115,1530,12395,14845,2450,1235,25,16375
2022-08-12,2022-08-12T16:00:00+00:00,official_csv_release_date_and_time;Eastern_timezone_documented_by_USDA,12:00:00,2022/23,2022,627,Proj.,oce-wasde-report-data-2022-08.csv,3cef4a99dd5cd2bff1c4bf14e717f061fb93bdfb638f30d227c6075efa5cc252,175.4,81.8,14359,1388,12150,14525,2375,1530,25,15913
2022-09-12,2022-09-12T16:00:00+00:00,official_csv_release_date_and_time;Eastern_timezone_documented_by_USDA,12:00:00,2020/21,2020,628,,oce-wasde-report-data-2022-09.csv,059abb11c127c4165006d012bd659a50a9b6f5f7eabba933e88886e18183e540,171.4,82.3,14111,1235,12074,14821,2747,1919,24,16055
2022-09-12,2022-09-12T16:00:00+00:00,official_csv_release_date_and_time;Eastern_timezone_documented_by_USDA,12:00:00,2021/22,2021,628,Est.,oce-wasde-report-data-2022-09.csv,059abb11c127c4165006d012bd659a50a9b6f5f7eabba933e88886e18183e540,177,85.4,15115,1525,12375,14850,2475,1235,25,16375
2022-09-12,2022-09-12T16:00:00+00:00,official_csv_release_date_and_time;Eastern_timezone_documented_by_USDA,12:00:00,2022/23,2022,628,Proj.,oce-wasde-report-data-2022-09.csv,059abb11c127c4165006d012bd659a50a9b6f5f7eabba933e88886e18183e540,172.5,80.8,13944,1219,12000,14275,2275,1525,25,15494
2022-10-12,2022-10-12T16:00:00+00:00,official_csv_release_date_and_time;Eastern_timezone_documented_by_USDA,12:00:00,2020/21,2020,629,,oce-wasde-report-data-2022-10.csv,2a10fb1353a3119352776282fccce17b7015cfce154361d1764a48d01505a4f3,171.4,82.3,14111,1235,12074,14821,2747,1919,24,16055
2022-10-12,2022-10-12T16:00:00+00:00,official_csv_release_date_and_time;Eastern_timezone_documented_by_USDA,12:00:00,2021/22,2021,629,Est.,oce-wasde-report-data-2022-10.csv,2a10fb1353a3119352776282fccce17b7015cfce154361d1764a48d01505a4f3,176.7,85.3,15074,1377,12484,14956,2471,1235,24,16333
2022-10-12,2022-10-12T16:00:00+00:00,official_csv_release_date_and_time;Eastern_timezone_documented_by_USDA,12:00:00,2022/23,2022,629,Proj.,oce-wasde-report-data-2022-10.csv,2a10fb1353a3119352776282fccce17b7015cfce154361d1764a48d01505a4f3,171.9,80.8,13895,1172,12000,14150,2150,1377,50,15322
2022-11-09,2022-11-09T17:00:00+00:00,official_csv_release_date_and_time;Eastern_timezone_documented_by_USDA,12:00:00,2020/21,2020,630,,oce-wasde-report-data-2022-11.csv,bf924ac77e945baf6ee02641f9c423eb52aef5662ad1d11cd656249d12f62cf2,171.4,82.3,14111,1235,12074,14821,2747,1919,24,16055
2022-11-09,2022-11-09T17:00:00+00:00,official_csv_release_date_and_time;Eastern_timezone_documented_by_USDA,12:00:00,2021/22,2021,630,Est.,oce-wasde-report-data-2022-11.csv,bf924ac77e945baf6ee02641f9c423eb52aef5662ad1d11cd656249d12f62cf2,176.7,85.3,15074,1377,12484,14956,2471,1235,24,16333
2022-11-09,2022-11-09T17:00:00+00:00,official_csv_release_date_and_time;Eastern_timezone_documented_by_USDA,12:00:00,2022/23,2022,630,Proj.,oce-wasde-report-data-2022-11.csv,bf924ac77e945baf6ee02641f9c423eb52aef5662ad1d11cd656249d12f62cf2,172.3,80.8,13930,1182,12025,14175,2150,1377,50,15357
2022-12-09,2022-12-09T17:00:00+00:00,official_csv_release_date_and_time;Eastern_timezone_documented_by_USDA,12:00:00,2020/21,2020,631,,oce-wasde-report-data-2022-12.csv,de3a08249ba6cce1074d0bc6b9c7e0af9fdbd7c16de8efaf9316e1ae98a8eb12,171.4,82.3,14111,1235,12074,14821,2747,1919,24,16055
2022-12-09,2022-12-09T17:00:00+00:00,official_csv_release_date_and_time;Eastern_timezone_documented_by_USDA,12:00:00,2021/22,2021,631,Est.,oce-wasde-report-data-2022-12.csv,de3a08249ba6cce1074d0bc6b9c7e0af9fdbd7c16de8efaf9316e1ae98a8eb12,176.7,85.3,15074,1377,12484,14956,2471,1235,24,16333
2022-12-09,2022-12-09T17:00:00+00:00,official_csv_release_date_and_time;Eastern_timezone_documented_by_USDA,12:00:00,2022/23,2022,631,Proj.,oce-wasde-report-data-2022-12.csv,de3a08249ba6cce1074d0bc6b9c7e0af9fdbd7c16de8efaf9316e1ae98a8eb12,172.3,80.8,13930,1257,12025,14100,2075,1377,50,15357
2023-01-12,2023-01-12T17:00:00+00:00,official_csv_release_date_and_time;Eastern_timezone_documented_by_USDA,12:00:00,2020/21,2020,632,,oce-wasde-report-data-2023-01.csv,232299f407b45aff9030a071cebc85cfb9bc342ccb77d8928c1b9df52ff3b549,171.4,82.3,14111,1235,12074,14821,2747,1919,24,16055
2023-01-12,2023-01-12T17:00:00+00:00,official_csv_release_date_and_time;Eastern_timezone_documented_by_USDA,12:00:00,2021/22,2021,632,Est.,oce-wasde-report-data-2023-01.csv,232299f407b45aff9030a071cebc85cfb9bc342ccb77d8928c1b9df52ff3b549,176.7,85.3,15074,1377,12484,14956,2471,1235,24,16333
2023-01-12,2023-01-12T17:00:00+00:00,official_csv_release_date_and_time;Eastern_timezone_documented_by_USDA,12:00:00,2022/23,2022,632,Proj.,oce-wasde-report-data-2023-01.csv,232299f407b45aff9030a071cebc85cfb9bc342ccb77d8928c1b9df52ff3b549,173.3,79.2,13730,1242,11990,13915,1925,1377,50,15157
2023-02-08,2023-02-08T17:00:00+00:00,official_csv_release_date_and_time;Eastern_timezone_documented_by_USDA,12:00:00,2020/21,2020,633,,oce-wasde-report-data-2023-02.csv,4d8426eeb40bcc8a820f7411e90cec7a33b7e2e03088f5e5626f83db6c4619e4,171.4,82.3,14111,1235,12074,14821,2747,1919,24,16055
2023-02-08,2023-02-08T17:00:00+00:00,official_csv_release_date_and_time;Eastern_timezone_documented_by_USDA,12:00:00,2021/22,2021,633,Est.,oce-wasde-report-data-2023-02.csv,4d8426eeb40bcc8a820f7411e90cec7a33b7e2e03088f5e5626f83db6c4619e4,176.7,85.3,15074,1377,12484,14956,2471,1235,24,16333
2023-02-08,2023-02-08T17:00:00+00:00,official_csv_release_date_and_time;Eastern_timezone_documented_by_USDA,12:00:00,2022/23,2022,633,Proj.,oce-wasde-report-data-2023-02.csv,4d8426eeb40bcc8a820f7411e90cec7a33b7e2e03088f5e5626f83db6c4619e4,173.3,79.2,13730,1267,11965,13890,1925,1377,50,15157
2023-03-08,2023-03-08T17:00:00+00:00,official_csv_release_date_and_time;Eastern_timezone_documented_by_USDA,12:00:00,2020/21,2020,634,,oce-wasde-report-data-2023-03.csv,9b8842bb335103beb2270ebc66aa5abba00f739cbdfbbcfffc9a2f3bdf6a15be,171.4,82.3,14111,1235,12074,14821,2747,1919,24,16055
2023-03-08,2023-03-08T17:00:00+00:00,official_csv_release_date_and_time;Eastern_timezone_documented_by_USDA,12:00:00,2021/22,2021,634,Est.,oce-wasde-report-data-2023-03.csv,9b8842bb335103beb2270ebc66aa5abba00f739cbdfbbcfffc9a2f3bdf6a15be,176.7,85.3,15074,1377,12484,14956,2471,1235,24,16333
2023-03-08,2023-03-08T17:00:00+00:00,official_csv_release_date_and_time;Eastern_timezone_documented_by_USDA,12:00:00,2022/23,2022,634,Proj.,oce-wasde-report-data-2023-03.csv,9b8842bb335103beb2270ebc66aa5abba00f739cbdfbbcfffc9a2f3bdf6a15be,173.3,79.2,13730,1342,11965,13815,1850,1377,50,15157
2023-04-11,2023-04-11T16:00:00+00:00,official_csv_release_date_and_time;Eastern_timezone_documented_by_USDA,12:00:00,2020/21,2020,635,,oce-wasde-report-data-2023-04.csv,f705b2e8f5388159812317508771ce9433c75704e6c84fe4611b93b8c4de4f71,171.4,82.3,14111,1235,12074,14821,2747,1919,24,16055
2023-04-11,2023-04-11T16:00:00+00:00,official_csv_release_date_and_time;Eastern_timezone_documented_by_USDA,12:00:00,2021/22,2021,635,Est.,oce-wasde-report-data-2023-04.csv,f705b2e8f5388159812317508771ce9433c75704e6c84fe4611b93b8c4de4f71,176.7,85.3,15074,1377,12484,14956,2471,1235,24,16333
2023-04-11,2023-04-11T16:00:00+00:00,official_csv_release_date_and_time;Eastern_timezone_documented_by_USDA,12:00:00,2022/23,2022,635,Proj.,oce-wasde-report-data-2023-04.csv,f705b2e8f5388159812317508771ce9433c75704e6c84fe4611b93b8c4de4f71,173.3,79.2,13730,1342,11955,13805,1850,1377,40,15147
2023-05-12,2023-05-12T16:00:00+00:00,official_csv_release_date_and_time;Eastern_timezone_documented_by_USDA,12:00:00,2021/22,2021,636,,oce-wasde-report-data-2023-05.csv,e7384e79f0a4ceaa59bb06c808c15e58e31c9a732922cd574c730c5a8c92be68,176.7,85.3,15074,1377,12484,14956,2471,1235,24,16333
2023-05-12,2023-05-12T16:00:00+00:00,official_csv_release_date_and_time;Eastern_timezone_documented_by_USDA,12:00:00,2022/23,2022,636,Est.,oce-wasde-report-data-2023-05.csv,e7384e79f0a4ceaa59bb06c808c15e58e31c9a732922cd574c730c5a8c92be68,173.3,79.2,13730,1417,11955,13730,1775,1377,40,15147
2023-05-12,2023-05-12T16:00:00+00:00,official_csv_release_date_and_time;Eastern_timezone_documented_by_USDA,12:00:00,2023/24,2023,636,Proj.,oce-wasde-report-data-2023-05.csv,e7384e79f0a4ceaa59bb06c808c15e58e31c9a732922cd574c730c5a8c92be68,181.5,84.1,15265,2222,12385,14485,2100,1417,25,16707
2023-06-09,2023-06-09T16:00:00+00:00,official_csv_release_date_and_time;Eastern_timezone_documented_by_USDA,12:00:00,2021/22,2021,637,,oce-wasde-report-data-2023-06.csv,486fa51ae524086cff1f91a9b9e055d7e54dd0bc0ce2ab0c916c9881a54947ee,176.7,85.3,15074,1377,12484,14956,2471,1235,24,16333
2023-06-09,2023-06-09T16:00:00+00:00,official_csv_release_date_and_time;Eastern_timezone_documented_by_USDA,12:00:00,2022/23,2022,637,Est.,oce-wasde-report-data-2023-06.csv,486fa51ae524086cff1f91a9b9e055d7e54dd0bc0ce2ab0c916c9881a54947ee,173.3,79.2,13730,1452,11955,13680,1725,1377,25,15132
2023-06-09,2023-06-09T16:00:00+00:00,official_csv_release_date_and_time;Eastern_timezone_documented_by_USDA,12:00:00,2023/24,2023,637,Proj.,oce-wasde-report-data-2023-06.csv,486fa51ae524086cff1f91a9b9e055d7e54dd0bc0ce2ab0c916c9881a54947ee,181.5,84.1,15265,2257,12385,14485,2100,1452,25,16742
2023-07-12,2023-07-12T16:00:00+00:00,official_csv_release_date_and_time;Eastern_timezone_documented_by_USDA,12:00:00,2021/22,2021,638,,oce-wasde-report-data-2023-07.csv,abdbfa20a79be73a04bb5b0484ff9bb63a3a8eae953e45889563a599e50e5307,176.7,85.3,15074,1377,12483,14956,2472,1235,24,16333
2023-07-12,2023-07-12T16:00:00+00:00,official_csv_release_date_and_time;Eastern_timezone_documented_by_USDA,12:00:00,2022/23,2022,638,Est.,oce-wasde-report-data-2023-07.csv,abdbfa20a79be73a04bb5b0484ff9bb63a3a8eae953e45889563a599e50e5307,173.3,79.2,13730,1402,12080,13730,1650,1377,25,15132
2023-07-12,2023-07-12T16:00:00+00:00,official_csv_release_date_and_time;Eastern_timezone_documented_by_USDA,12:00:00,2023/24,2023,638,Proj.,oce-wasde-report-data-2023-07.csv,abdbfa20a79be73a04bb5b0484ff9bb63a3a8eae953e45889563a599e50e5307,177.5,86.3,15320,2262,12385,14485,2100,1402,25,16747
2023-08-11,2023-08-11T16:00:00+00:00,official_csv_release_date_and_time;Eastern_timezone_documented_by_USDA,12:00:00,2021/22,2021,639,,oce-wasde-report-data-2023-08.csv,2397541413967847a06bb49e9129e56d24839eeda2d47b9287643879b91a29dd,176.7,85.3,15074,1377,12483,14956,2472,1235,24,16333
2023-08-11,2023-08-11T16:00:00+00:00,official_csv_release_date_and_time;Eastern_timezone_documented_by_USDA,12:00:00,2022/23,2022,639,Est.,oce-wasde-report-data-2023-08.csv,2397541413967847a06bb49e9129e56d24839eeda2d47b9287643879b91a29dd,173.3,79.2,13730,1457,12060,13685,1625,1377,35,15142
2023-08-11,2023-08-11T16:00:00+00:00,official_csv_release_date_and_time;Eastern_timezone_documented_by_USDA,12:00:00,2023/24,2023,639,Proj.,oce-wasde-report-data-2023-08.csv,2397541413967847a06bb49e9129e56d24839eeda2d47b9287643879b91a29dd,175.1,86.3,15111,2202,12340,14390,2050,1457,25,16592
2023-09-12,2023-09-12T16:00:00+00:00,official_csv_release_date_and_time;Eastern_timezone_documented_by_USDA,12:00:00,2021/22,2021,640,,oce-wasde-report-data-2023-09.csv,ffbdfce60e7b02c6d0bb407ae52e1872918bccd56473921223c36ce2885a8ec1,176.7,85.3,15074,1377,12483,14956,2472,1235,24,16333
2023-09-12,2023-09-12T16:00:00+00:00,official_csv_release_date_and_time;Eastern_timezone_documented_by_USDA,12:00:00,2022/23,2022,640,Est.,oce-wasde-report-data-2023-09.csv,ffbdfce60e7b02c6d0bb407ae52e1872918bccd56473921223c36ce2885a8ec1,173.3,79.2,13730,1452,12030,13695,1665,1377,40,15147
2023-09-12,2023-09-12T16:00:00+00:00,official_csv_release_date_and_time;Eastern_timezone_documented_by_USDA,12:00:00,2023/24,2023,640,Proj.,oce-wasde-report-data-2023-09.csv,ffbdfce60e7b02c6d0bb407ae52e1872918bccd56473921223c36ce2885a8ec1,173.8,87.1,15134,2221,12340,14390,2050,1452,25,16611
2023-10-12,2023-10-12T16:00:00+00:00,official_csv_release_date_and_time;Eastern_timezone_documented_by_USDA,12:00:00,2021/22,2021,641,,oce-wasde-report-data-2023-10.csv,59905f5c4ebe6f247c6d2c92a2f2c2e697e15013a9da4a3f31402c5e32c9e6d0,176.7,85.3,15074,1377,12483,14956,2472,1235,24,16333
2023-10-12,2023-10-12T16:00:00+00:00,official_csv_release_date_and_time;Eastern_timezone_documented_by_USDA,12:00:00,2022/23,2022,641,Est.,oce-wasde-report-data-2023-10.csv,59905f5c4ebe6f247c6d2c92a2f2c2e697e15013a9da4a3f31402c5e32c9e6d0,173.4,79.1,13715,1361,12108,13769,1661,1377,39,15130
2023-10-12,2023-10-12T16:00:00+00:00,official_csv_release_date_and_time;Eastern_timezone_documented_by_USDA,12:00:00,2023/24,2023,641,Proj.,oce-wasde-report-data-2023-10.csv,59905f5c4ebe6f247c6d2c92a2f2c2e697e15013a9da4a3f31402c5e32c9e6d0,173,87.1,15064,2111,12315,14340,2025,1361,25,16451
2023-11-09,2023-11-09T17:00:00+00:00,official_csv_release_date_and_time;Eastern_timezone_documented_by_USDA,12:00:00,2021/22,2021,642,,oce-wasde-report-data-2023-11.csv,6eaeec7577af66c16d8950ec4adca815f69eb502697a1f229e5065da39491da9,176.7,85.3,15074,1377,12483,14956,2472,1235,24,16333
2023-11-09,2023-11-09T17:00:00+00:00,official_csv_release_date_and_time;Eastern_timezone_documented_by_USDA,12:00:00,2022/23,2022,642,Est.,oce-wasde-report-data-2023-11.csv,6eaeec7577af66c16d8950ec4adca815f69eb502697a1f229e5065da39491da9,173.4,79.1,13715,1361,12108,13769,1661,1377,39,15130
2023-11-09,2023-11-09T17:00:00+00:00,official_csv_release_date_and_time;Eastern_timezone_documented_by_USDA,12:00:00,2023/24,2023,642,Proj.,oce-wasde-report-data-2023-11.csv,6eaeec7577af66c16d8950ec4adca815f69eb502697a1f229e5065da39491da9,174.9,87.1,15234,2156,12390,14465,2075,1361,25,16621
2023-12-08,2023-12-08T17:00:00+00:00,official_csv_release_date_and_time;Eastern_timezone_documented_by_USDA,12:00:00,2021/22,2021,643,,oce-wasde-report-data-2023-12.csv,dc54139bc20db03f780d453d176a7e449652f3d8586bd5864beb1f681136f12f,176.7,85.3,15074,1377,12483,14956,2472,1235,24,16333
2023-12-08,2023-12-08T17:00:00+00:00,official_csv_release_date_and_time;Eastern_timezone_documented_by_USDA,12:00:00,2022/23,2022,643,Est.,oce-wasde-report-data-2023-12.csv,dc54139bc20db03f780d453d176a7e449652f3d8586bd5864beb1f681136f12f,173.4,79.1,13715,1361,12108,13769,1661,1377,39,15130
2023-12-08,2023-12-08T17:00:00+00:00,official_csv_release_date_and_time;Eastern_timezone_documented_by_USDA,12:00:00,2023/24,2023,643,Proj.,oce-wasde-report-data-2023-12.csv,dc54139bc20db03f780d453d176a7e449652f3d8586bd5864beb1f681136f12f,174.9,87.1,15234,2131,12390,14490,2100,1361,25,16621
2024-01-12,2024-01-12T17:00:00+00:00,official_csv_release_date_and_time;Eastern_timezone_documented_by_USDA,12:00:00,2021/22,2021,644,,oce-wasde-report-data-2024-01.csv,72ca5de6f01c0529718b685af9d09593f1ab6f15a83bcd6b86fa43a00612cd36,176.7,85,15018,1377,12427,14900,2472,1235,24,16277
2024-01-12,2024-01-12T17:00:00+00:00,official_csv_release_date_and_time;Eastern_timezone_documented_by_USDA,12:00:00,2022/23,2022,644,Est.,oce-wasde-report-data-2024-01.csv,72ca5de6f01c0529718b685af9d09593f1ab6f15a83bcd6b86fa43a00612cd36,173.4,78.7,13651,1360,12045,13706,1661,1377,39,15066
2024-01-12,2024-01-12T17:00:00+00:00,official_csv_release_date_and_time;Eastern_timezone_documented_by_USDA,12:00:00,2023/24,2023,644,Proj.,oce-wasde-report-data-2024-01.csv,72ca5de6f01c0529718b685af9d09593f1ab6f15a83bcd6b86fa43a00612cd36,177.3,86.5,15342,2162,12465,14565,2100,1360,25,16727
2024-02-08,2024-02-08T17:00:00+00:00,official_csv_release_date_and_time;Eastern_timezone_documented_by_USDA,12:00:00,2021/22,2021,645,,oce-wasde-report-data-2024-02.csv,27a4d80ec703cc29a2604e7ae5b78fb04213bcad480c1c4ee18caee0bd112887,176.7,85,15018,1377,12427,14900,2472,1235,24,16277
2024-02-08,2024-02-08T17:00:00+00:00,official_csv_release_date_and_time;Eastern_timezone_documented_by_USDA,12:00:00,2022/23,2022,645,Est.,oce-wasde-report-data-2024-02.csv,27a4d80ec703cc29a2604e7ae5b78fb04213bcad480c1c4ee18caee0bd112887,173.4,78.7,13651,1360,12045,13706,1661,1377,39,15066
2024-02-08,2024-02-08T17:00:00+00:00,official_csv_release_date_and_time;Eastern_timezone_documented_by_USDA,12:00:00,2023/24,2023,645,Proj.,oce-wasde-report-data-2024-02.csv,27a4d80ec703cc29a2604e7ae5b78fb04213bcad480c1c4ee18caee0bd112887,177.3,86.5,15342,2172,12455,14555,2100,1360,25,16727
2024-03-08,2024-03-08T17:00:00+00:00,official_csv_release_date_and_time;Eastern_timezone_documented_by_USDA,12:00:00,2021/22,2021,646,,oce-wasde-report-data-2024-03.csv,878516fd1bd948c5d34920828cea7e715a99d90751170c6e9ea09495cc1f0041,176.7,85,15018,1377,12427,14900,2472,1235,24,16277
2024-03-08,2024-03-08T17:00:00+00:00,official_csv_release_date_and_time;Eastern_timezone_documented_by_USDA,12:00:00,2022/23,2022,646,Est.,oce-wasde-report-data-2024-03.csv,878516fd1bd948c5d34920828cea7e715a99d90751170c6e9ea09495cc1f0041,173.4,78.7,13651,1360,12045,13706,1661,1377,39,15066
2024-03-08,2024-03-08T17:00:00+00:00,official_csv_release_date_and_time;Eastern_timezone_documented_by_USDA,12:00:00,2023/24,2023,646,Proj.,oce-wasde-report-data-2024-03.csv,878516fd1bd948c5d34920828cea7e715a99d90751170c6e9ea09495cc1f0041,177.3,86.5,15342,2172,12455,14555,2100,1360,25,16727
2024-04-11,2024-04-11T16:00:00+00:00,official_csv_release_date_and_time;Eastern_timezone_documented_by_USDA,12:00:00,2021/22,2021,647,,oce-wasde-report-data-2024-04.csv,66fb4c3fadc703b9bfde8d28ddc3b2de1336c3e3f77cfc5eab2a03cb570860e4,176.7,85,15018,1377,12427,14900,2472,1235,24,16277
2024-04-11,2024-04-11T16:00:00+00:00,official_csv_release_date_and_time;Eastern_timezone_documented_by_USDA,12:00:00,2022/23,2022,647,Est.,oce-wasde-report-data-2024-04.csv,66fb4c3fadc703b9bfde8d28ddc3b2de1336c3e3f77cfc5eab2a03cb570860e4,173.4,78.7,13651,1360,12045,13706,1661,1377,39,15066
2024-04-11,2024-04-11T16:00:00+00:00,official_csv_release_date_and_time;Eastern_timezone_documented_by_USDA,12:00:00,2023/24,2023,647,Proj.,oce-wasde-report-data-2024-04.csv,66fb4c3fadc703b9bfde8d28ddc3b2de1336c3e3f77cfc5eab2a03cb570860e4,177.3,86.5,15342,2122,12505,14605,2100,1360,25,16727
2024-05-10,2024-05-10T16:00:00+00:00,official_csv_release_date_and_time;Eastern_timezone_documented_by_USDA,12:00:00,2022/23,2022,648,,oce-wasde-report-data-2024-05.csv,510ddacd5cf632b35846c5c6f2b06c425f703aee69bddcb0312f33b0fb073457,173.4,78.7,13651,1360,12045,13706,1661,1377,39,15066
2024-05-10,2024-05-10T16:00:00+00:00,official_csv_release_date_and_time;Eastern_timezone_documented_by_USDA,12:00:00,2023/24,2023,648,Est.,oce-wasde-report-data-2024-05.csv,510ddacd5cf632b35846c5c6f2b06c425f703aee69bddcb0312f33b0fb073457,177.3,86.5,15342,2022,12555,14705,2150,1360,25,16727
2024-05-10,2024-05-10T16:00:00+00:00,official_csv_release_date_and_time;Eastern_timezone_documented_by_USDA,12:00:00,2024/25,2024,648,Proj.,oce-wasde-report-data-2024-05.csv,510ddacd5cf632b35846c5c6f2b06c425f703aee69bddcb0312f33b0fb073457,181,82.1,14860,2102,12605,14805,2200,2022,25,16907
2024-06-12,2024-06-12T16:00:00+00:00,official_csv_release_date_and_time;Eastern_timezone_documented_by_USDA,12:00:00,2022/23,2022,649,,oce-wasde-report-data-2024-06.csv,d161c65be2ff79e2c8f9807a2808cd14895b719fa67bc446106233f8fbc9b089,173.4,78.7,13651,1360,12045,13706,1661,1377,39,15066
2024-06-12,2024-06-12T16:00:00+00:00,official_csv_release_date_and_time;Eastern_timezone_documented_by_USDA,12:00:00,2023/24,2023,649,Est.,oce-wasde-report-data-2024-06.csv,d161c65be2ff79e2c8f9807a2808cd14895b719fa67bc446106233f8fbc9b089,177.3,86.5,15342,2022,12555,14705,2150,1360,25,16727
2024-06-12,2024-06-12T16:00:00+00:00,official_csv_release_date_and_time;Eastern_timezone_documented_by_USDA,12:00:00,2024/25,2024,649,Proj.,oce-wasde-report-data-2024-06.csv,d161c65be2ff79e2c8f9807a2808cd14895b719fa67bc446106233f8fbc9b089,181,82.1,14860,2102,12605,14805,2200,2022,25,16907
2024-07-12,2024-07-12T16:00:00+00:00,official_csv_release_date_and_time;Eastern_timezone_documented_by_USDA,12:00:00,2022/23,2022,650,,oce-wasde-report-data-2024-07.csv,f995201cc9cec8fd0284a49193f563c7fb9a434d1d2a83a3a229f23865c2b468,173.4,78.7,13651,1360,12044,13706,1662,1377,39,15066
2024-07-12,2024-07-12T16:00:00+00:00,official_csv_release_date_and_time;Eastern_timezone_documented_by_USDA,12:00:00,2023/24,2023,650,Est.,oce-wasde-report-data-2024-07.csv,f995201cc9cec8fd0284a49193f563c7fb9a434d1d2a83a3a229f23865c2b468,177.3,86.5,15342,1877,12630,14855,2225,1360,30,16732
2024-07-12,2024-07-12T16:00:00+00:00,official_csv_release_date_and_time;Eastern_timezone_documented_by_USDA,12:00:00,2024/25,2024,650,Proj.,oce-wasde-report-data-2024-07.csv,f995201cc9cec8fd0284a49193f563c7fb9a434d1d2a83a3a229f23865c2b468,181,83.4,15100,2097,12680,14905,2225,1877,25,17002
2024-08-12,2024-08-12T16:00:00+00:00,official_csv_release_date_and_time;Eastern_timezone_documented_by_USDA,12:00:00,2022/23,2022,651,,oce-wasde-report-data-2024-08.csv,393b60eb447e1640280ecb2243516457dd3292de3ca03c758bb5019bd15dd13c,173.4,78.7,13651,1360,12044,13706,1662,1377,39,15066
2024-08-12,2024-08-12T16:00:00+00:00,official_csv_release_date_and_time;Eastern_timezone_documented_by_USDA,12:00:00,2023/24,2023,651,Est.,oce-wasde-report-data-2024-08.csv,393b60eb447e1640280ecb2243516457dd3292de3ca03c758bb5019bd15dd13c,177.3,86.5,15342,1867,12615,14865,2250,1360,30,16732
2024-08-12,2024-08-12T16:00:00+00:00,official_csv_release_date_and_time;Eastern_timezone_documented_by_USDA,12:00:00,2024/25,2024,651,Proj.,oce-wasde-report-data-2024-08.csv,393b60eb447e1640280ecb2243516457dd3292de3ca03c758bb5019bd15dd13c,183.1,82.7,15147,2073,12665,14965,2300,1867,25,17038
2024-09-12,2024-09-12T16:00:00+00:00,official_csv_release_date_and_time;Eastern_timezone_documented_by_USDA,12:00:00,2022/23,2022,652,,oce-wasde-report-data-2024-09.csv,a23fb1c975bbb71d63236533bd91fffd2f08780117332ecd69b4587fdf34c2a8,173.4,78.7,13651,1360,12044,13706,1662,1377,39,15066
2024-09-12,2024-09-12T16:00:00+00:00,official_csv_release_date_and_time;Eastern_timezone_documented_by_USDA,12:00:00,2023/24,2023,652,Est.,oce-wasde-report-data-2024-09.csv,a23fb1c975bbb71d63236533bd91fffd2f08780117332ecd69b4587fdf34c2a8,177.3,86.5,15342,1812,12630,14920,2290,1360,30,16732
2024-09-12,2024-09-12T16:00:00+00:00,official_csv_release_date_and_time;Eastern_timezone_documented_by_USDA,12:00:00,2024/25,2024,652,Proj.,oce-wasde-report-data-2024-09.csv,a23fb1c975bbb71d63236533bd91fffd2f08780117332ecd69b4587fdf34c2a8,183.6,82.7,15186,2057,12665,14965,2300,1812,25,17022
2024-10-11,2024-10-11T16:00:00+00:00,official_csv_release_date_and_time;Eastern_timezone_documented_by_USDA,12:00:00,2022/23,2022,653,,oce-wasde-report-data-2024-10.csv,2dbf75cf111749da6cce25d74fcab1d444afbf14efbcb0e02e06b832d7c4ca5d,173.4,78.7,13651,1360,12044,13706,1662,1377,39,15066
2024-10-11,2024-10-11T16:00:00+00:00,official_csv_release_date_and_time;Eastern_timezone_documented_by_USDA,12:00:00,2023/24,2023,653,Est.,oce-wasde-report-data-2024-10.csv,2dbf75cf111749da6cce25d74fcab1d444afbf14efbcb0e02e06b832d7c4ca5d,177.3,86.5,15341,1760,12676,14969,2292,1360,28,16729
2024-10-11,2024-10-11T16:00:00+00:00,official_csv_release_date_and_time;Eastern_timezone_documented_by_USDA,12:00:00,2024/25,2024,653,Proj.,oce-wasde-report-data-2024-10.csv,2dbf75cf111749da6cce25d74fcab1d444afbf14efbcb0e02e06b832d7c4ca5d,183.8,82.7,15203,1999,12665,14990,2325,1760,25,16989
2024-11-08,2024-11-08T17:00:00+00:00,official_csv_release_date_and_time;Eastern_timezone_documented_by_USDA,12:00:00,2022/23,2022,654,,oce-wasde-report-data-2024-11.csv,9167822a972211e246e763ba628748697e4a0dfe98ebb2b7aacd3c4a6c8b729d,173.4,78.7,13651,1360,12044,13706,1662,1377,39,15066
2024-11-08,2024-11-08T17:00:00+00:00,official_csv_release_date_and_time;Eastern_timezone_documented_by_USDA,12:00:00,2023/24,2023,654,Est.,oce-wasde-report-data-2024-11.csv,9167822a972211e246e763ba628748697e4a0dfe98ebb2b7aacd3c4a6c8b729d,177.3,86.5,15341,1760,12676,14969,2292,1360,28,16729
2024-11-08,2024-11-08T17:00:00+00:00,official_csv_release_date_and_time;Eastern_timezone_documented_by_USDA,12:00:00,2024/25,2024,654,Proj.,oce-wasde-report-data-2024-11.csv,9167822a972211e246e763ba628748697e4a0dfe98ebb2b7aacd3c4a6c8b729d,183.1,82.7,15143,1938,12665,14990,2325,1760,25,16928
2024-12-10,2024-12-10T17:00:00+00:00,official_csv_release_date_and_time;Eastern_timezone_documented_by_USDA,12:00:00,2022/23,2022,655,,oce-wasde-report-data-2024-12.csv,29e8bfbfe57e72f1e70e8f8367498f35f3cb8ccd6b33e0ec683e66d40e332a74,173.4,78.7,13651,1360,12044,13706,1662,1377,39,15066
2024-12-10,2024-12-10T17:00:00+00:00,official_csv_release_date_and_time;Eastern_timezone_documented_by_USDA,12:00:00,2023/24,2023,655,Est.,oce-wasde-report-data-2024-12.csv,29e8bfbfe57e72f1e70e8f8367498f35f3cb8ccd6b33e0ec683e66d40e332a74,177.3,86.5,15341,1760,12676,14969,2292,1360,28,16729
2024-12-10,2024-12-10T17:00:00+00:00,official_csv_release_date_and_time;Eastern_timezone_documented_by_USDA,12:00:00,2024/25,2024,655,Proj.,oce-wasde-report-data-2024-12.csv,29e8bfbfe57e72f1e70e8f8367498f35f3cb8ccd6b33e0ec683e66d40e332a74,183.1,82.7,15143,1738,12715,15190,2475,1760,25,16928
2025-01-10,2025-01-10T17:00:00+00:00,official_csv_release_date_and_time;Eastern_timezone_documented_by_USDA,12:00:00,2022/23,2022,656,,oce-wasde-report-data-2025-01.csv,7a7be1d6d9b74f87e16b2c777db57d4c2834f1741ba73696be939bf52dcb58eb,173.4,78.7,13651,1360,12044,13706,1662,1377,39,15066
2025-01-10,2025-01-10T17:00:00+00:00,official_csv_release_date_and_time;Eastern_timezone_documented_by_USDA,12:00:00,2023/24,2023,656,Est.,oce-wasde-report-data-2025-01.csv,7a7be1d6d9b74f87e16b2c777db57d4c2834f1741ba73696be939bf52dcb58eb,177.3,86.5,15341,1763,12673,14966,2292,1360,28,16729
2025-01-10,2025-01-10T17:00:00+00:00,official_csv_release_date_and_time;Eastern_timezone_documented_by_USDA,12:00:00,2024/25,2024,656,Proj.,oce-wasde-report-data-2025-01.csv,7a7be1d6d9b74f87e16b2c777db57d4c2834f1741ba73696be939bf52dcb58eb,179.3,82.9,14867,1540,12665,15115,2450,1763,25,16655
2025-02-11,2025-02-11T17:00:00+00:00,official_csv_release_date_and_time;Eastern_timezone_documented_by_USDA,12:00:00,2022/23,2022,657,,oce-wasde-report-data-2025-02.csv,d6ff919eca4cbc809a71a6fc962cf082cbf76d0fc2041a1a8d45a94cc89bfbe2,173.4,78.7,13651,1360,12044,13706,1662,1377,39,15066
2025-02-11,2025-02-11T17:00:00+00:00,official_csv_release_date_and_time;Eastern_timezone_documented_by_USDA,12:00:00,2023/24,2023,657,Est.,oce-wasde-report-data-2025-02.csv,d6ff919eca4cbc809a71a6fc962cf082cbf76d0fc2041a1a8d45a94cc89bfbe2,177.3,86.5,15341,1763,12673,14966,2292,1360,28,16729
2025-02-11,2025-02-11T17:00:00+00:00,official_csv_release_date_and_time;Eastern_timezone_documented_by_USDA,12:00:00,2024/25,2024,657,Proj.,oce-wasde-report-data-2025-02.csv,d6ff919eca4cbc809a71a6fc962cf082cbf76d0fc2041a1a8d45a94cc89bfbe2,179.3,82.9,14867,1540,12665,15115,2450,1763,25,16655
2025-03-11,2025-03-11T16:00:00+00:00,official_csv_release_date_and_time;Eastern_timezone_documented_by_USDA,12:00:00,2022/23,2022,658,,oce-wasde-report-data-2025-03.csv,a982e6bdfe5c1603b0f24b814c3d90e424e8ee4dece0f78e64163fb21fb34ce4,173.4,78.7,13651,1360,12044,13706,1662,1377,39,15066
2025-03-11,2025-03-11T16:00:00+00:00,official_csv_release_date_and_time;Eastern_timezone_documented_by_USDA,12:00:00,2023/24,2023,658,Est.,oce-wasde-report-data-2025-03.csv,a982e6bdfe5c1603b0f24b814c3d90e424e8ee4dece0f78e64163fb21fb34ce4,177.3,86.5,15341,1763,12673,14966,2292,1360,28,16729
2025-03-11,2025-03-11T16:00:00+00:00,official_csv_release_date_and_time;Eastern_timezone_documented_by_USDA,12:00:00,2024/25,2024,658,Proj.,oce-wasde-report-data-2025-03.csv,a982e6bdfe5c1603b0f24b814c3d90e424e8ee4dece0f78e64163fb21fb34ce4,179.3,82.9,14867,1540,12665,15115,2450,1763,25,16655
2025-04-10,2025-04-10T16:00:00+00:00,official_csv_release_date_and_time;Eastern_timezone_documented_by_USDA,12:00:00,2022/23,2022,659,,oce-wasde-report-data-2025-04.csv,1549593e0d3c5c8afa538decc118fd4e283491652ecdbfc326ac4e1e69747262,173.4,78.7,13651,1360,12044,13706,1662,1377,39,15066
2025-04-10,2025-04-10T16:00:00+00:00,official_csv_release_date_and_time;Eastern_timezone_documented_by_USDA,12:00:00,2023/24,2023,659,Est.,oce-wasde-report-data-2025-04.csv,1549593e0d3c5c8afa538decc118fd4e283491652ecdbfc326ac4e1e69747262,177.3,86.5,15341,1763,12673,14966,2292,1360,28,16729
2025-04-10,2025-04-10T16:00:00+00:00,official_csv_release_date_and_time;Eastern_timezone_documented_by_USDA,12:00:00,2024/25,2024,659,Proj.,oce-wasde-report-data-2025-04.csv,1549593e0d3c5c8afa538decc118fd4e283491652ecdbfc326ac4e1e69747262,179.3,82.9,14867,1465,12640,15190,2550,1763,25,16655
2025-05-12,2025-05-12T16:00:00+00:00,official_csv_release_date_and_time;Eastern_timezone_documented_by_USDA,12:00:00,2023/24,2023,660,,oce-wasde-report-data-2025-05.csv,4c08fdf3657a854d2100bb7dfead186fb1ea26be208e137c52619707cc060987,177.3,86.5,15341,1763,12673,14966,2292,1360,28,16729
2025-05-12,2025-05-12T16:00:00+00:00,official_csv_release_date_and_time;Eastern_timezone_documented_by_USDA,12:00:00,2024/25,2024,660,Est.,oce-wasde-report-data-2025-05.csv,4c08fdf3657a854d2100bb7dfead186fb1ea26be208e137c52619707cc060987,179.3,82.9,14867,1415,12640,15240,2600,1763,25,16655
2025-05-12,2025-05-12T16:00:00+00:00,official_csv_release_date_and_time;Eastern_timezone_documented_by_USDA,12:00:00,2025/26,2025,660,Proj.,oce-wasde-report-data-2025-05.csv,4c08fdf3657a854d2100bb7dfead186fb1ea26be208e137c52619707cc060987,181,87.4,15820,1800,12785,15460,2675,1415,25,17260
2025-06-12,2025-06-12T16:00:00+00:00,official_csv_release_date_and_time;Eastern_timezone_documented_by_USDA,12:00:00,2023/24,2023,661,,oce-wasde-report-data-2025-06.csv,e0bed22b0b08eaa361e16649918952a5b13b388a300c9fc528636ebda7e86924,177.3,86.5,15341,1763,12673,14966,2292,1360,28,16729
2025-06-12,2025-06-12T16:00:00+00:00,official_csv_release_date_and_time;Eastern_timezone_documented_by_USDA,12:00:00,2024/25,2024,661,Est.,oce-wasde-report-data-2025-06.csv,e0bed22b0b08eaa361e16649918952a5b13b388a300c9fc528636ebda7e86924,179.3,82.9,14867,1365,12640,15290,2650,1763,25,16655
2025-06-12,2025-06-12T16:00:00+00:00,official_csv_release_date_and_time;Eastern_timezone_documented_by_USDA,12:00:00,2025/26,2025,661,Proj.,oce-wasde-report-data-2025-06.csv,e0bed22b0b08eaa361e16649918952a5b13b388a300c9fc528636ebda7e86924,181,87.4,15820,1750,12785,15460,2675,1365,25,17210
2025-07-11,2025-07-11T16:00:00+00:00,official_csv_release_date_and_time;Eastern_timezone_documented_by_USDA,12:00:00,2023/24,2023,662,,oce-wasde-report-data-2025-07.csv,af215ba7ca48302779756b07a65e29473f86437d6cda9fbe16f1bcd66f83708c,177.3,86.5,15341,1763,12711,14966,2255,1360,28,16729
2025-07-11,2025-07-11T16:00:00+00:00,official_csv_release_date_and_time;Eastern_timezone_documented_by_USDA,12:00:00,2024/25,2024,662,Est.,oce-wasde-report-data-2025-07.csv,af215ba7ca48302779756b07a65e29473f86437d6cda9fbe16f1bcd66f83708c,179.3,82.9,14867,1340,12565,15315,2750,1763,25,16655
2025-07-11,2025-07-11T16:00:00+00:00,official_csv_release_date_and_time;Eastern_timezone_documented_by_USDA,12:00:00,2025/26,2025,662,Proj.,oce-wasde-report-data-2025-07.csv,af215ba7ca48302779756b07a65e29473f86437d6cda9fbe16f1bcd66f83708c,181,86.8,15705,1660,12735,15410,2675,1340,25,17070
2025-08-12,2025-08-12T16:00:00+00:00,official_csv_release_date_and_time;Eastern_timezone_documented_by_USDA,12:00:00,2023/24,2023,663,,oce-wasde-report-data-2025-08.csv,c3124dcf818a156da19ce03af365c18e0d0eaa3348a03f6188a5d8fdd3da7d8f,177.3,86.5,15341,1763,12711,14966,2255,1360,28,16729
2025-08-12,2025-08-12T16:00:00+00:00,official_csv_release_date_and_time;Eastern_timezone_documented_by_USDA,12:00:00,2024/25,2024,663,Est.,oce-wasde-report-data-2025-08.csv,c3124dcf818a156da19ce03af365c18e0d0eaa3348a03f6188a5d8fdd3da7d8f,179.3,82.9,14867,1305,12530,15350,2820,1763,25,16655
2025-08-12,2025-08-12T16:00:00+00:00,official_csv_release_date_and_time;Eastern_timezone_documented_by_USDA,12:00:00,2025/26,2025,663,Proj.,oce-wasde-report-data-2025-08.csv,c3124dcf818a156da19ce03af365c18e0d0eaa3348a03f6188a5d8fdd3da7d8f,188.8,88.7,16742,2117,13080,15955,2875,1305,25,18072
2025-09-12,2025-09-12T16:00:00+00:00,official_csv_release_date_and_time;Eastern_timezone_documented_by_USDA,12:00:00,2023/24,2023,664,,oce-wasde-report-data-2025-09.csv,2e5dfdb0d31f1619ceeba99122369514497c6bfa63522900b89e7af2ae675649,177.3,86.5,15341,1763,12711,14966,2255,1360,28,16729
2025-09-12,2025-09-12T16:00:00+00:00,official_csv_release_date_and_time;Eastern_timezone_documented_by_USDA,12:00:00,2024/25,2024,664,Est.,oce-wasde-report-data-2025-09.csv,2e5dfdb0d31f1619ceeba99122369514497c6bfa63522900b89e7af2ae675649,179.3,82.9,14867,1325,12495,15325,2830,1763,20,16650
2025-09-12,2025-09-12T16:00:00+00:00,official_csv_release_date_and_time;Eastern_timezone_documented_by_USDA,12:00:00,2025/26,2025,664,Proj.,oce-wasde-report-data-2025-09.csv,2e5dfdb0d31f1619ceeba99122369514497c6bfa63522900b89e7af2ae675649,186.7,90,16814,2110,13080,16055,2975,1325,25,18165
2025-11-14,2025-11-14T17:00:00+00:00,official_csv_release_date_and_time;Eastern_timezone_documented_by_USDA,12:00:00,2023/24,2023,665,,oce-wasde-report-data-2025-11.csv,896385bbf592ec74e9b9b581bc5969597f719b5dbf84d59905cc6cc1c5587156,177.3,86.5,15341,1763,12711,14966,2255,1360,28,16729
2025-11-14,2025-11-14T17:00:00+00:00,official_csv_release_date_and_time;Eastern_timezone_documented_by_USDA,12:00:00,2024/25,2024,665,Est.,oce-wasde-report-data-2025-11.csv,896385bbf592ec74e9b9b581bc5969597f719b5dbf84d59905cc6cc1c5587156,179.3,83,14892,1532,12314,15144,2830,1763,20,16675
2025-11-14,2025-11-14T17:00:00+00:00,official_csv_release_date_and_time;Eastern_timezone_documented_by_USDA,12:00:00,2025/26,2025,665,Proj.,oce-wasde-report-data-2025-11.csv,896385bbf592ec74e9b9b581bc5969597f719b5dbf84d59905cc6cc1c5587156,186,90,16752,2154,13080,16155,3075,1532,25,18309
2025-12-09,2025-12-09T17:00:00+00:00,official_csv_release_date_and_time;Eastern_timezone_documented_by_USDA,12:00:00,2023/24,2023,666,,oce-wasde-report-data-2025-12.csv,cfad35ab09e17453509606dfa224ebf18af26536220397180c610000160d0188,177.3,86.5,15341,1763,12711,14966,2255,1360,28,16729
2025-12-09,2025-12-09T17:00:00+00:00,official_csv_release_date_and_time;Eastern_timezone_documented_by_USDA,12:00:00,2024/25,2024,666,Est.,oce-wasde-report-data-2025-12.csv,cfad35ab09e17453509606dfa224ebf18af26536220397180c610000160d0188,179.3,83,14892,1532,12287,15145,2858,1763,22,16677
2025-12-09,2025-12-09T17:00:00+00:00,official_csv_release_date_and_time;Eastern_timezone_documented_by_USDA,12:00:00,2025/26,2025,666,Proj.,oce-wasde-report-data-2025-12.csv,cfad35ab09e17453509606dfa224ebf18af26536220397180c610000160d0188,186,90,16752,2029,13080,16280,3200,1532,25,18309
2026-01-12,2026-01-12T17:00:00+00:00,official_csv_release_date_and_time;Eastern_timezone_documented_by_USDA,12:00:00,2023/24,2023,667,,oce-wasde-report-data-2026-01.csv,8dce8b1f4cbbe6e98bd320b9ad03a279ee30194b11481de11fb7c78d2791981a,177.3,86.5,15341,1763,12711,14966,2255,1360,28,16729
2026-01-12,2026-01-12T17:00:00+00:00,official_csv_release_date_and_time;Eastern_timezone_documented_by_USDA,12:00:00,2024/25,2024,667,Est.,oce-wasde-report-data-2026-01.csv,8dce8b1f4cbbe6e98bd320b9ad03a279ee30194b11481de11fb7c78d2791981a,179.3,83,14892,1551,12267,15126,2858,1763,22,16677
2026-01-12,2026-01-12T17:00:00+00:00,official_csv_release_date_and_time;Eastern_timezone_documented_by_USDA,12:00:00,2025/26,2025,667,Proj.,oce-wasde-report-data-2026-01.csv,8dce8b1f4cbbe6e98bd320b9ad03a279ee30194b11481de11fb7c78d2791981a,186.5,91.3,17021,2227,13170,16370,3200,1551,25,18597
2026-02-10,2026-02-10T17:00:00+00:00,official_csv_release_date_and_time;Eastern_timezone_documented_by_USDA,12:00:00,2023/24,2023,668,,oce-wasde-report-data-2026-02.csv,aca52f3e755c678a7c584b84bd3bd806b7771247bb90e0c67dd675d570714d5e,177.3,86.5,15341,1763,12711,14966,2255,1360,28,16729
2026-02-10,2026-02-10T17:00:00+00:00,official_csv_release_date_and_time;Eastern_timezone_documented_by_USDA,12:00:00,2024/25,2024,668,Est.,oce-wasde-report-data-2026-02.csv,aca52f3e755c678a7c584b84bd3bd806b7771247bb90e0c67dd675d570714d5e,179.3,83,14892,1551,12267,15126,2858,1763,22,16677
2026-02-10,2026-02-10T17:00:00+00:00,official_csv_release_date_and_time;Eastern_timezone_documented_by_USDA,12:00:00,2025/26,2025,668,Proj.,oce-wasde-report-data-2026-02.csv,aca52f3e755c678a7c584b84bd3bd806b7771247bb90e0c67dd675d570714d5e,186.5,91.3,17021,2127,13170,16470,3300,1551,25,18597
2026-03-10,2026-03-10T16:00:00+00:00,official_csv_release_date_and_time;Eastern_timezone_documented_by_USDA,12:00:00,2023/24,2023,669,,oce-wasde-report-data-2026-03.csv,b2fbd43ecb19874489026a5adad3754105a090db5f73d442561e32d8bfe320eb,177.3,86.5,15341,1763,12711,14966,2255,1360,28,16729
2026-03-10,2026-03-10T16:00:00+00:00,official_csv_release_date_and_time;Eastern_timezone_documented_by_USDA,12:00:00,2024/25,2024,669,Est.,oce-wasde-report-data-2026-03.csv,b2fbd43ecb19874489026a5adad3754105a090db5f73d442561e32d8bfe320eb,179.3,83,14892,1551,12267,15126,2858,1763,22,16677
2026-03-10,2026-03-10T16:00:00+00:00,official_csv_release_date_and_time;Eastern_timezone_documented_by_USDA,12:00:00,2025/26,2025,669,Proj.,oce-wasde-report-data-2026-03.csv,b2fbd43ecb19874489026a5adad3754105a090db5f73d442561e32d8bfe320eb,186.5,91.3,17021,2127,13170,16470,3300,1551,25,18597
2026-04-09,2026-04-09T16:00:00+00:00,official_csv_release_date_and_time;Eastern_timezone_documented_by_USDA,12:00:00,2023/24,2023,670,,oce-wasde-report-data-2026-04.csv,e544c0008457894ce4895078afc62874c423c945837cb968d61536231c9b2574,177.3,86.5,15341,1763,12711,14966,2255,1360,28,16729
2026-04-09,2026-04-09T16:00:00+00:00,official_csv_release_date_and_time;Eastern_timezone_documented_by_USDA,12:00:00,2024/25,2024,670,Est.,oce-wasde-report-data-2026-04.csv,e544c0008457894ce4895078afc62874c423c945837cb968d61536231c9b2574,179.3,83,14892,1551,12267,15126,2858,1763,22,16677
2026-04-09,2026-04-09T16:00:00+00:00,official_csv_release_date_and_time;Eastern_timezone_documented_by_USDA,12:00:00,2025/26,2025,670,Proj.,oce-wasde-report-data-2026-04.csv,e544c0008457894ce4895078afc62874c423c945837cb968d61536231c9b2574,186.5,91.3,17021,2127,13170,16470,3300,1551,25,18597
2026-05-13,2026-05-13T16:00:00+00:00,official_csv_release_date_and_time;Eastern_timezone_documented_by_USDA,12:00:00,2024/25,2024,671,,oce-wasde-report-data-2026-05-V2.csv,95bb5b04c02c174442c399c3be5785b181bc6e9606f0cbd44cd59e45d9422973,179.3,83,14892,1551,12267,15126,2858,1763,22,16677
2026-05-13,2026-05-13T16:00:00+00:00,official_csv_release_date_and_time;Eastern_timezone_documented_by_USDA,12:00:00,2025/26,2025,671,Est.,oce-wasde-report-data-2026-05-V2.csv,95bb5b04c02c174442c399c3be5785b181bc6e9606f0cbd44cd59e45d9422973,186.5,91.3,17021,2142,13155,16455,3300,1551,25,18597
2026-05-13,2026-05-13T16:00:00+00:00,official_csv_release_date_and_time;Eastern_timezone_documented_by_USDA,12:00:00,2026/27,2026,671,Proj.,oce-wasde-report-data-2026-05-V2.csv,95bb5b04c02c174442c399c3be5785b181bc6e9606f0cbd44cd59e45d9422973,183,87.4,15995,1957,13055,16205,3150,2142,25,18162
2026-06-11,2026-06-11T16:00:00+00:00,official_csv_release_date_and_time;Eastern_timezone_documented_by_USDA,12:00:00,2024/25,2024,672,,oce-wasde-report-data-2026-06-V2.csv,4dc308e0aefe4582e39a28f276f4ba3bafcbf4c343342f7ada3ed18feeab51f4,179.3,83,14892,1551,12267,15126,2858,1763,22,16677
2026-06-11,2026-06-11T16:00:00+00:00,official_csv_release_date_and_time;Eastern_timezone_documented_by_USDA,12:00:00,2025/26,2025,672,Est.,oce-wasde-report-data-2026-06-V2.csv,4dc308e0aefe4582e39a28f276f4ba3bafcbf4c343342f7ada3ed18feeab51f4,186.5,91.3,17021,2145,13130,16455,3325,1551,28,18600
2026-06-11,2026-06-11T16:00:00+00:00,official_csv_release_date_and_time;Eastern_timezone_documented_by_USDA,12:00:00,2026/27,2026,672,Proj.,oce-wasde-report-data-2026-06-V2.csv,4dc308e0aefe4582e39a28f276f4ba3bafcbf4c343342f7ada3ed18feeab51f4,183,87.4,15995,1960,13055,16205,3150,2145,25,18165
2026-07-10,2026-07-10T16:00:00+00:00,official_csv_release_date_and_time;Eastern_timezone_documented_by_USDA,12:00:00,2024/25,2024,673,,oce-wasde-report-data-2026-07.csv,468a6b27a832c05054a73a4ac0fe68e6278f1e89bf25f9327c806b95bf54c4b8,179.3,83,14892,1551,12253,15126,2873,1763,22,16677
2026-07-10,2026-07-10T16:00:00+00:00,official_csv_release_date_and_time;Eastern_timezone_documented_by_USDA,12:00:00,2025/26,2025,673,Est.,oce-wasde-report-data-2026-07.csv,468a6b27a832c05054a73a4ac0fe68e6278f1e89bf25f9327c806b95bf54c4b8,186.5,91.3,17021,2020,13255,16580,3325,1551,28,18600
2026-07-10,2026-07-10T16:00:00+00:00,official_csv_release_date_and_time;Eastern_timezone_documented_by_USDA,12:00:00,2026/27,2026,673,Proj.,oce-wasde-report-data-2026-07.csv,468a6b27a832c05054a73a4ac0fe68e6278f1e89bf25f9327c806b95bf54c4b8,183,87.4,16000,1790,13055,16255,3200,2020,25,18045
2026-08-12,2026-08-12T16:00:00+00:00,official_csv_release_date_and_time;Eastern_timezone_documented_by_USDA,12:00:00,2024/25,2024,674,,oce-wasde-report-data-2026-08.csv,7611d70293fdfe403b53cb42a9fd16fbbc760584e52843917aca4b05750584d9,179.3,83,14892,1551,12253,15126,2873,1763,22,16677
2026-08-12,2026-08-12T16:00:00+00:00,official_csv_release_date_and_time;Eastern_timezone_documented_by_USDA,12:00:00,2025/26,2025,674,Est.,oce-wasde-report-data-2026-08.csv,7611d70293fdfe403b53cb42a9fd16fbbc760584e52843917aca4b05750584d9,186.5,91.3,17021,1945,13255,16655,3400,1551,28,18600
2026-08-12,2026-08-12T16:00:00+00:00,official_csv_release_date_and_time;Eastern_timezone_documented_by_USDA,12:00:00,2026/27,2026,674,Proj.,oce-wasde-report-data-2026-08.csv,7611d70293fdfe403b53cb42a9fd16fbbc760584e52843917aca4b05750584d9,180.7,88.6,16013,1653,13055,16330,3275,1945,25,17983
2026-09-11,2026-09-11T16:00:00+00:00,official_csv_release_date_and_time;Eastern_timezone_documented_by_USDA,12:00:00,2024/25,2024,675,,oce-wasde-report-data-2026-09.csv,8b492fe4a50b5b1de1601856acbecdc88e9f859bb1ec5ab15518f40ae4682344,179.3,83,14892,1551,12253,15126,2873,1763,22,16677
2026-09-11,2026-09-11T16:00:00+00:00,official_csv_release_date_and_time;Eastern_timezone_documented_by_USDA,12:00:00,2025/26,2025,675,Est.,oce-wasde-report-data-2026-09.csv,8b492fe4a50b5b1de1601856acbecdc88e9f859bb1ec5ab15518f40ae4682344,186.5,91.3,17021,1922,13255,16680,3425,1551,30,18602
2026-09-11,2026-09-11T16:00:00+00:00,official_csv_release_date_and_time;Eastern_timezone_documented_by_USDA,12:00:00,2026/27,2026,675,Proj.,oce-wasde-report-data-2026-09.csv,8b492fe4a50b5b1de1601856acbecdc88e9f859bb1ec5ab15518f40ae4682344,178.5,88.5,15800,1567,12905,16180,3275,1922,25,17747
